Id,comments,toxicity_rate,in_degree,out_degree,in_uwdeg,out_uwdeg,in_wdeg,out_wdeg,betweenness,eigenvector,replies_received,toxic_replies_received,toxic_replies_rate,opinion_leader,toxic_hub,toxic_bridge
---2-0-2-0---,1,0.0,0,1,0,1,0.0,1.0,0.0,2.5185463871361505e-18,,,,False,False,False
---thefiercedeity---,5,0.2,10,4,10,4,13.0,5.0,0.0050281131833668944,7.738780901806523e-08,13.0,0.0,0.0,True,False,True
-bigman39,1,0.0,0,1,0,1,0.0,1.0,0.0,1.4695747744686836e-19,,,,False,False,False
-rin_nohara-,2,0.0,0,2,0,2,0.0,2.0,0.0,-2.52480080375569e-18,,,,False,False,False
-shadow8769-,1,0.0,0,1,0,1,0.0,1.0,0.0,2.883290074668689e-18,,,,False,False,False
000817,2,0.0,0,2,0,2,0.0,2.0,0.0,2.91442443332303e-18,,,,False,False,False
00cubic,1,0.0,0,1,0,1,0.0,1.0,0.0,3.0312205061847305e-18,,,,False,False,False
0e0uwu,1,0.0,0,1,0,1,0.0,1.0,0.0,-2.0695885940910882e-18,,,,False,False,False
0really-now0,1,1.0,0,1,0,1,0.0,1.0,0.0,2.116467762469745e-18,,,,False,False,False
0rexus,1,0.0,0,1,0,1,0.0,1.0,0.0,-9.431557998197268e-19,,,,False,False,False
0shawdad0,1,0.0,0,1,0,1,0.0,1.0,0.0,-5.489750256290349e-19,,,,False,False,False
1of1000,1,0.0,0,1,0,1,0.0,1.0,0.0,1.122374699215348e-18,,,,False,False,False
20pesos__,2,0.0,1,2,1,2,2.0,2.0,4.4191537909710793e-07,-2.8407604016025543e-18,2.0,0.0,0.0,False,False,False
2311megaton_yt,1,0.0,0,1,0,1,0.0,1.0,0.0,2.7070289388972013e-18,,,,False,False,False
383throwawayv2,1,0.0,0,1,0,1,0.0,1.0,0.0,2.7579819671853702e-18,,,,False,False,False
3moreads,1,0.0,0,1,0,1,0.0,1.0,0.0,1.7667765768549135e-18,,,,False,False,False
4862skrrt2684,3,0.0,1,3,1,3,1.0,3.0,1.6203563900227292e-06,1.9583917484400186e-17,1.0,0.0,0.0,False,False,False
4_fortytwo_2,1,0.0,0,1,0,1,0.0,1.0,0.0,-2.3989343036497213e-18,,,,False,False,False
59kills,1,0.0,0,1,0,1,0.0,1.0,0.0,-2.276942708855531e-18,,,,False,False,False
5hjsdnujhdfu8nubi,1,0.0,0,1,0,1,0.0,1.0,0.0,-1.3752477643105086e-18,,,,False,False,False
8din,1,0.0,1,1,1,1,1.0,1.0,7.718788621562819e-05,-1.1382818213386536e-18,1.0,0.0,0.0,False,False,False
_-rainbow-_,1,0.0,0,1,0,1,0.0,1.0,0.0,1.221529430117429e-18,,,,False,False,False
____person____,1,0.0,0,1,0,1,0.0,1.0,0.0,-2.573408649487461e-18,,,,False,False,False
_archilyte_,1,0.0,1,1,1,1,1.0,1.0,2.7987974009483505e-06,7.017716080974168e-19,1.0,0.0,0.0,False,False,False
_brightbuddy,1,0.0,0,1,0,1,0.0,1.0,0.0,8.440681547062491e-19,,,,False,False,False
_demii_,1,1.0,0,1,0,1,0.0,1.0,0.0,2.0469954920629606e-18,,,,False,False,False
_ekoz_,1,0.0,0,1,0,1,0.0,1.0,0.0,-2.8846433870723373e-18,,,,False,False,False
_herus_,1,0.0,0,1,0,1,0.0,1.0,0.0,2.2659839593710154e-18,,,,False,False,False
_lordcreepy_,1,0.0,0,1,0,1,0.0,1.0,0.0,1.4194029742590413e-18,,,,False,False,False
_moosleech,2,0.0,1,2,1,2,1.0,2.0,0.001427204998161141,0.020875973174328443,1.0,0.0,0.0,False,False,False
_nightmarekinggrimm_,2,0.0,1,1,1,1,1.0,2.0,0.0,0.024412623866081687,1.0,0.0,0.0,False,False,False
_pinelapples,2,0.0,1,2,1,2,1.0,2.0,1.22508763427476e-05,0.001034240894916685,1.0,0.0,0.0,False,False,False
_rizzukuhimdoriya_,3,0.0,1,1,1,1,2.0,3.0,0.0,1.4341585250185998e-08,2.0,0.0,0.0,False,False,False
_seidverk,1,0.0,1,1,1,1,1.0,1.0,0.0,1.806352664684023e-18,1.0,0.0,0.0,False,False,False
_virtualcosmos_,3,0.3333333333333333,1,3,1,3,1.0,3.0,7.733519134199389e-05,4.234447831688954e-18,1.0,0.0,0.0,False,False,False
a-random-writer,1,0.0,1,1,1,1,1.0,1.0,2.5778397113997964e-06,-1.637791875820496e-17,1.0,0.0,0.0,False,False,False
a_nice_egg,1,0.0,1,1,1,1,1.0,1.0,6.967532477097735e-05,5.3747824108569714e-20,1.0,0.0,0.0,False,False,False
a_random_poster04,1,0.0,1,1,1,1,1.0,1.0,1.3773029315193199e-05,0.0008619098381398259,1.0,0.0,0.0,False,False,False
a_uniqueusername444,1,0.0,0,1,0,1,0.0,1.0,0.0,-6.966895077787432e-19,,,,False,False,False
a_wild_bellossom,1,0.0,0,1,0,1,0.0,1.0,0.0,-2.4834828601782342e-18,,,,False,False,False
aafinthe3rd,1,0.0,0,1,0,1,0.0,1.0,0.0,7.23844630559916e-19,,,,False,False,False
aarongavin,1,0.0,0,1,0,1,0.0,1.0,0.0,1.4603716322590622e-18,,,,False,False,False
aaslayer,1,0.0,0,1,0,1,0.0,1.0,0.0,2.4199565647198075e-18,,,,False,False,False
aawful_aardvark,2,0.0,1,2,1,2,1.0,2.0,3.928136703085404e-07,7.982267129389825e-06,1.0,0.0,0.0,False,False,False
abadassunicorn,1,0.0,4,1,4,1,4.0,1.0,1.0311358845599185e-06,7.223984586332636e-18,4.0,0.0,0.0,True,False,False
abbe44,1,0.0,1,1,1,1,1.0,1.0,0.0,0.020017106291137426,1.0,0.0,0.0,False,False,False
abject_balance9148,1,0.0,0,1,0,1,0.0,1.0,0.0,2.614659253301789e-18,,,,False,False,False
abject_extension4545,1,0.0,0,1,0,1,0.0,1.0,0.0,-1.96325270752407e-18,,,,False,False,False
ablankstory,1,0.0,1,1,1,1,1.0,1.0,2.946102527314053e-07,-7.47552080628692e-20,1.0,0.0,0.0,False,False,False
abn-daraa,1,1.0,0,1,0,1,0.0,1.0,0.0,-1.0324020394508023e-18,,,,False,False,False
abod_sniper,1,0.0,1,1,1,1,1.0,1.0,0.0,0.09671790315966924,1.0,0.0,0.0,False,False,False
abovvv12,1,0.0,0,1,0,1,0.0,1.0,0.0,1.3562588749354447e-18,,,,False,False,False
abrogno,1,0.0,0,1,0,1,0.0,1.0,0.0,-1.0895557221666282e-18,,,,False,False,False
academic_song5404,1,0.0,1,1,1,1,1.0,1.0,1.4730512636570265e-07,-2.6841564770797358e-18,1.0,0.0,0.0,False,False,False
acceptable-inside306,2,0.0,1,1,1,1,2.0,2.0,0.0,0.00039225754997779336,2.0,0.0,0.0,False,False,False
acceptable_ant_2094,1,0.0,0,1,0,1,0.0,1.0,0.0,-3.0413306845546304e-18,,,,False,False,False
acceptable_name7099,1,0.0,0,1,0,1,0.0,1.0,0.0,3.9343673163359474e-19,,,,False,False,False
acceptablehead6969,1,0.0,0,1,0,1,0.0,1.0,0.0,1.9773828995119934e-18,,,,False,False,False
accomplished_cost859,1,0.0,0,1,0,1,0.0,1.0,0.0,1.2273629465492143e-18,,,,False,False,False
accordingheron1601,1,0.0,0,1,0,1,0.0,1.0,0.0,2.7461883178617313e-18,,,,False,False,False
ace_oniii,4,0.0,12,4,12,4,14.0,4.0,0.0010904016470677197,0.005437693895079672,14.0,0.0,0.0,True,False,True
acepowderkeg,1,0.0,0,1,0,1,0.0,1.0,0.0,-2.8490267453099677e-18,,,,False,False,False
acererak09,5,0.0,5,5,5,5,5.0,5.0,0.00320484398177541,3.750502992848068e-09,5.0,0.0,0.0,True,False,True
achintya_t2010,1,0.0,1,0,1,0,1.0,0.0,0.0,4.119846804525347e-05,1.0,0.0,0.0,False,False,False
acrobatic-reality-32,1,0.0,1,1,1,1,1.0,1.0,0.0,0.032057497711872475,1.0,0.0,0.0,False,False,False
actual-article-4011,1,1.0,0,1,0,1,0.0,1.0,0.0,-1.444305168416793e-18,,,,False,False,False
actual_lengthiness_3,1,0.0,0,1,0,1,0.0,1.0,0.0,-1.5674010734776418e-18,,,,False,False,False
actually_a_dogeboi,1,0.0,0,1,0,1,0.0,1.0,0.0,1.0639368780366951e-18,,,,False,False,False
ad51603,1,0.0,0,1,0,1,0.0,1.0,0.0,-1.5070196590566235e-18,,,,False,False,False
adamex_x,1,0.0,0,1,0,1,0.0,1.0,0.0,2.6367898769381257e-19,,,,False,False,False
adamg3691,3,0.0,2,3,2,3,2.0,3.0,0.0006348359929273899,1.2276960255899905e-05,2.0,0.0,0.0,True,False,False
additional_chip_4158,2,0.5,1,1,1,1,1.0,2.0,0.0,9.39433831311567e-18,1.0,0.0,0.0,False,False,False
additional_claim_718,4,0.0,1,1,1,1,4.0,3.0,0.0,-1.675199124341154e-18,4.0,0.0,0.0,False,False,False
adeckz,1,0.0,2,1,2,1,2.0,1.0,3.5353230327768634e-06,2.0148993243786117e-18,2.0,0.0,0.0,True,False,False
adevilfox,1,1.0,0,1,0,1,0.0,1.0,0.0,-4.620469757694731e-20,,,,False,False,False
admiral_wingslow,3,0.3333333333333333,3,3,3,3,3.0,3.0,0.011644715747752738,0.0002969370016444864,3.0,0.0,0.0,True,False,False
adriolear,1,0.0,4,1,4,1,5.0,1.0,5.892205054628106e-07,-1.2100705937136202e-17,5.0,0.0,0.0,True,False,False
adshot6385,1,0.0,1,1,1,1,1.0,1.0,0.0,1.1604952224942279e-17,1.0,0.0,0.0,False,False,False
advanced-figure2072,3,0.0,6,2,6,2,8.0,3.0,0.0005450289675530998,3.2285985413802686e-09,8.0,0.0,0.0,True,False,True
aeitum,1,0.0,0,1,0,1,0.0,1.0,0.0,-7.336248161622416e-19,,,,False,False,False
affectionate-foot802,4,0.0,3,2,3,2,3.0,4.0,0.016423318597910522,8.03792686715076e-06,3.0,0.0,0.0,True,False,False
affectionatetrade335,1,0.0,0,1,0,1,0.0,1.0,0.0,-1.0919854889482879e-18,,,,False,False,False
aflyingmonkey3,1,0.0,0,1,0,1,0.0,1.0,0.0,9.029300308192375e-19,,,,False,False,False
after-pepper-4803,1,0.0,0,1,0,1,0.0,1.0,0.0,2.4394986815887133e-18,,,,False,False,False
agata_moon,2,0.0,1,2,1,2,1.0,2.0,0.0,-7.244563236036951e-17,1.0,0.0,0.0,False,False,False
aggressive_ant6395,1,0.0,0,1,0,1,0.0,1.0,0.0,-2.840381542582869e-18,,,,False,False,False
aggressive_side3031,1,0.0,1,1,1,1,1.0,1.0,0.0,-3.9555320477341506e-18,1.0,0.0,0.0,False,False,False
aharano,1,0.0,0,1,0,1,0.0,1.0,0.0,-1.3711175008650581e-18,,,,False,False,False
ahare115,1,0.0,1,1,1,1,1.0,1.0,0.0,4.296548688462688e-05,1.0,0.0,0.0,False,False,False
ahintoflime,1,0.0,0,1,0,1,0.0,1.0,0.0,-1.8785025181269343e-18,,,,False,False,False
aidankingofcats,2,0.0,2,2,2,2,2.0,2.0,1.0311358845599185e-06,-3.0631901459456164e-18,2.0,0.0,0.0,True,False,False
ajjpro0315,1,1.0,0,1,0,1,0.0,1.0,0.0,1.71384074769203e-18,,,,False,False,False
ak-50_ocelot,1,0.0,0,1,0,1,0.0,1.0,0.0,-1.0459435167109574e-18,,,,False,False,False
akagamibarto,1,0.0,0,1,0,1,0.0,1.0,0.0,2.2604247886975934e-18,,,,False,False,False
akoofixtall,3,0.3333333333333333,2,3,2,3,2.0,3.0,0.00015437577243125638,-3.2356044853761266e-18,2.0,0.0,0.0,True,False,False
alarmed-biscotti-295,1,0.0,0,1,0,1,0.0,1.0,0.0,-1.5174236143688476e-19,,,,False,False,False
alarmed_ask3211,1,0.0,0,1,0,1,0.0,1.0,0.0,-3.044855943170354e-18,,,,False,False,False
albatros_7,1,0.0,4,1,4,1,4.0,1.0,0.0012041948571852247,6.399610144411107e-05,4.0,0.0,0.0,True,False,False
alderan922,1,0.0,0,1,0,1,0.0,1.0,0.0,1.503695331056556e-18,,,,False,False,False
alertscience1625,6,0.0,16,6,16,6,20.0,6.0,0.0009814940569746768,0.12280887572525953,20.0,0.0,0.0,True,False,True
alewalls,1,0.0,0,1,0,1,0.0,1.0,0.0,1.0602175808613003e-18,,,,False,False,False
alex-46,1,0.0,0,1,0,1,0.0,1.0,0.0,2.2232327006836033e-18,,,,False,False,False
alex4744818w,2,0.5,11,2,11,2,11.0,2.0,0.0016721734233073042,0.105017584724761,11.0,0.0,0.0,True,False,True
alex_8259,2,0.0,1,1,1,1,2.0,2.0,0.0,1.1638198895771995e-05,2.0,0.0,0.0,False,False,False
alexibou,1,0.0,0,1,0,1,0.0,1.0,0.0,-2.8844941719302334e-18,,,,False,False,False
alexraeu,1,0.0,0,1,0,1,0.0,1.0,0.0,-1.8590198095108353e-18,,,,False,False,False
alexxx567,1,0.0,1,1,1,1,1.0,1.0,1.4730512636570265e-07,-1.6328759152832996e-18,1.0,0.0,0.0,False,False,False
alf_alfred,1,0.0,0,1,0,1,0.0,1.0,0.0,2.6744680647789508e-18,,,,False,False,False
alfa_centauri03,1,0.0,2,1,2,1,2.0,1.0,2.4305345850340938e-06,-1.2000387812462808e-18,2.0,0.0,0.0,True,False,False
aliayyaz90,1,0.0,2,1,2,1,2.0,1.0,1.4730512636570265e-07,1.2739011232439732e-17,2.0,0.0,0.0,True,False,False
alien_az,1,0.0,0,1,0,1,0.0,1.0,0.0,4.982773261918332e-19,,,,False,False,False
allanbik,1,0.0,0,1,0,1,0.0,1.0,0.0,6.197583768379315e-19,,,,False,False,False
allbid,1,0.0,0,1,0,1,0.0,1.0,0.0,-2.795212150379205e-18,,,,False,False,False
allenwl,1,0.0,0,1,0,1,0.0,1.0,0.0,2.094169273436664e-18,,,,False,False,False
allubros,1,0.0,0,1,0,1,0.0,1.0,0.0,1.4745424801038544e-18,,,,False,False,False
aloqqq,4,0.0,2,3,2,3,2.0,4.0,0.0007316891135128393,6.175983764060236e-05,2.0,0.0,0.0,True,False,False
alphaapostle20,1,0.0,0,1,0,1,0.0,1.0,0.0,2.6058260337515452e-18,,,,False,False,False
alphathe7,2,0.5,1,1,1,1,1.0,2.0,0.0,4.765522684793589e-08,1.0,0.0,0.0,False,False,False
alphonseharry,1,0.0,0,1,0,1,0.0,1.0,0.0,9.83938879612349e-19,,,,False,False,False
alroh11,1,0.0,0,1,0,1,0.0,1.0,0.0,2.270940257771476e-18,,,,False,False,False
alternative-ad9951,1,0.0,1,1,1,1,1.0,1.0,0.0,-7.976341207034424e-18,1.0,0.0,0.0,False,False,False
alternative_goat300,1,0.0,0,1,0,1,0.0,1.0,0.0,1.3960795695676927e-18,,,,False,False,False
althoughenjoyment,1,0.0,0,1,0,1,0.0,1.0,0.0,2.449783746892332e-18,,,,False,False,False
altoid27,1,0.0,1,1,1,1,1.0,1.0,7.718788621562819e-05,7.788538987366494e-18,1.0,0.0,0.0,False,False,False
altoid_lover,1,1.0,1,1,1,1,1.0,1.0,0.0,4.630518993355056e-18,1.0,0.0,0.0,False,False,False
altruistic_dress_832,1,0.0,0,1,0,1,0.0,1.0,0.0,-1.6616379876523874e-19,,,,False,False,False
alvintruther123,1,0.0,2,1,2,1,2.0,1.0,0.00014752608405525121,-5.6701037636914395e-18,2.0,0.0,0.0,True,False,False
amalgaint,1,0.0,1,1,1,1,1.0,1.0,0.0,0.0967179031596692,1.0,0.0,0.0,False,False,False
amalgammamama,1,0.0,0,1,0,1,0.0,1.0,0.0,-6.212692093591005e-19,,,,False,False,False
amateur-cannibal,1,0.0,1,1,1,1,1.0,1.0,0.0,-3.901151957580613e-19,1.0,0.0,0.0,False,False,False
ambitious-cat-5678,1,0.0,0,1,0,1,0.0,1.0,0.0,-1.7921399933393774e-18,,,,False,False,False
amine11_bss,1,0.0,0,1,0,1,0.0,1.0,0.0,-2.5404267481495203e-18,,,,False,False,False
amirotzar,1,0.0,0,1,0,1,0.0,1.0,0.0,-9.990275177772312e-19,,,,False,False,False
amongthesussyamongus,2,0.0,1,1,1,1,1.0,2.0,0.0,0.09671790315966926,1.0,0.0,0.0,False,False,False
amusementodyssey,1,0.0,1,1,1,1,1.0,1.0,0.0,4.498152140239741e-17,1.0,0.0,0.0,False,False,False
anarbiterofthehead,1,0.0,1,1,1,1,1.0,1.0,0.0,4.068644480544918e-05,1.0,0.0,0.0,False,False,False
anaveragehumanperson,1,0.0,0,1,0,1,0.0,1.0,0.0,1.784859345133351e-18,,,,False,False,False
ancrete,2,0.0,2,2,2,2,2.0,2.0,0.00023775047395424408,6.521192671384504e-05,2.0,0.0,0.0,True,False,False
and_i_know_it,1,1.0,0,1,0,1,0.0,1.0,0.0,1.5431394830682472e-18,,,,False,False,False
andreuus_,1,0.0,1,1,1,1,1.0,1.0,0.0008882008102763985,0.020017106291137423,1.0,0.0,0.0,False,False,False
andrew62000,1,0.0,3,1,3,1,3.0,1.0,2.946102527314053e-07,1.6358758324917586e-18,3.0,0.0,0.0,True,False,False
andromedagalaxy29,1,0.0,0,1,0,1,0.0,1.0,0.0,-1.4096187252738938e-18,,,,False,False,False
angelellipsis,1,0.0,0,1,0,1,0.0,1.0,0.0,1.2927136825172965e-18,,,,False,False,False
animalepton,8,0.375,4,7,4,7,5.0,8.0,0.002115448919737855,0.02302765441853485,5.0,0.0,0.0,True,True,True
anime_kirby,1,0.0,0,1,0,1,0.0,1.0,0.0,-5.156768418307287e-19,,,,False,False,False
anmgi,1,0.0,2,1,2,1,2.0,1.0,7.659866571016538e-05,1.9153251639562113e-06,2.0,0.0,0.0,True,False,False
anonymousiguana_,1,0.0,0,1,0,1,0.0,1.0,0.0,-2.8648822835452564e-18,,,,False,False,False
antgodd1,1,1.0,0,1,0,1,0.0,1.0,0.0,2.407896660891967e-18,,,,False,False,False
antique-anybody-1600,1,0.0,0,1,0,1,0.0,1.0,0.0,5.093464960046598e-19,,,,False,False,False
antisocialnetwork77,1,0.0,0,1,0,1,0.0,1.0,0.0,-2.1287627260888008e-18,,,,False,False,False
anxious-sir4869,1,0.0,0,1,0,1,0.0,1.0,0.0,2.2012202681490533e-20,,,,False,False,False
any-jello3381,1,0.0,1,1,1,1,1.0,1.0,9.82034175771351e-08,1.5458347948376278e-17,1.0,0.0,0.0,False,False,False
any_koala_5328,1,0.0,1,1,1,1,1.0,1.0,0.0,-1.1769050473183985e-17,1.0,0.0,0.0,False,False,False
anythingbackground89,1,0.0,0,1,0,1,0.0,1.0,0.0,2.337903812233981e-18,,,,False,False,False
apexpredator3752,1,0.0,0,1,0,1,0.0,1.0,0.0,-5.361610882732328e-19,,,,False,False,False
apostleofcats,1,0.0,0,1,0,1,0.0,1.0,0.0,1.009921256188267e-18,,,,False,False,False
apprehensive_menu_54,1,0.0,1,1,1,1,1.0,1.0,0.0,2.0223654169515482e-05,1.0,0.0,0.0,False,False,False
aqajusthefirst,2,0.0,1,1,1,1,2.0,2.0,0.0,-7.600158657231081e-18,2.0,0.0,0.0,False,False,False
arbitrageme,1,1.0,0,1,0,1,0.0,1.0,0.0,-1.8015719896540148e-18,,,,False,False,False
arcadeler,3,0.0,1,3,1,3,1.0,3.0,7.733519134199389e-05,6.073344061039987e-19,1.0,0.0,0.0,False,False,False
arcan_unknown,1,0.0,1,1,1,1,1.0,1.0,4.4191537909710793e-07,-4.523031413659821e-18,1.0,0.0,0.0,False,False,False
arcana10fortune,2,0.0,0,2,0,2,0.0,2.0,0.0,1.605123695530711e-18,,,,False,False,False
arcanaofapocrypha,2,0.5,2,2,2,2,2.0,2.0,0.0002363510752537699,-1.8567801801242624e-17,2.0,0.0,0.0,True,False,False
arceus03,1,0.0,0,1,0,1,0.0,1.0,0.0,4.0761914806697286e-20,,,,False,False,False
aredditoronhisown,1,0.0,0,1,0,1,0.0,1.0,0.0,2.9295501022951407e-18,,,,False,False,False
areyouheretokillmeee,1,0.0,0,1,0,1,0.0,1.0,0.0,-4.917736378981835e-19,,,,False,False,False
argentiumlake,1,0.0,0,1,0,1,0.0,1.0,0.0,8.678959198315112e-19,,,,False,False,False
aridross,1,0.0,0,1,0,1,0.0,1.0,0.0,2.2378441543772575e-18,,,,False,False,False
armin-lakatos,1,1.0,0,1,0,1,0.0,1.0,0.0,-2.4752153572631784e-18,,,,False,False,False
arrowsh0t,1,0.0,2,1,2,1,2.0,1.0,1.7676615163884317e-06,-7.70804675813789e-18,2.0,0.0,0.0,True,False,False
arthaerus,1,0.0,1,1,1,1,1.0,1.0,1.4730512636570265e-07,2.892596343300864e-18,1.0,0.0,0.0,False,False,False
artistic_corner6461,2,0.0,1,1,1,1,2.0,2.0,0.0,-3.92294545038883e-18,2.0,0.0,0.0,False,False,False
artistno6625,2,0.0,0,1,0,1,0.0,2.0,0.0,1.1376980043363963e-18,,,,False,False,False
artistrei,1,0.0,0,1,0,1,0.0,1.0,0.0,2.681159910169096e-18,,,,False,False,False
asamiichii,1,0.0,2,1,2,1,2.0,1.0,1.4730512636570265e-07,-1.124377375082976e-17,2.0,0.0,0.0,True,False,False
ascendedviking7,1,1.0,1,1,1,1,1.0,1.0,0.0,0.0003922575499777986,1.0,0.0,0.0,False,False,False
ascetic465,1,0.0,0,1,0,1,0.0,1.0,0.0,1.8104240843173077e-19,,,,False,False,False
ashelylil,1,0.0,0,1,0,1,0.0,1.0,0.0,3.194523088686815e-18,,,,False,False,False
asleep-essay4386,6,0.0,2,3,2,3,5.0,6.0,0.007445230726474529,1.1721982664726455e-06,5.0,0.0,0.0,True,False,True
asleep_life_3310,1,0.0,0,1,0,1,0.0,1.0,0.0,-2.2661152455205582e-18,,,,False,False,False
assistflaky3472,1,0.0,0,1,0,1,0.0,1.0,0.0,1.0058771420705e-18,,,,False,False,False
astra_mainn,1,0.0,0,1,0,1,0.0,1.0,0.0,2.6928832389110526e-18,,,,False,False,False
astridpalumbo,2,0.0,1,2,1,2,1.0,2.0,0.0,8.136452803103821e-19,1.0,0.0,0.0,False,False,False
asukurra,1,0.0,0,1,0,1,0.0,1.0,0.0,1.4362663997773688e-19,,,,False,False,False
atazaxia,1,0.0,2,1,2,1,2.0,1.0,0.00015467038268398778,-2.626286986221831e-18,2.0,0.0,0.0,True,False,False
athingweveallupvoted,1,0.0,0,1,0,1,0.0,1.0,0.0,1.4193205985286893e-18,,,,False,False,False
atlas985,1,0.0,0,1,0,1,0.0,1.0,0.0,1.6262227542237738e-18,,,,False,False,False
atomictem,1,0.0,0,1,0,1,0.0,1.0,0.0,1.5945621445199554e-18,,,,False,False,False
atsilv_uwasv,1,0.0,0,1,0,1,0.0,1.0,0.0,-8.629112393609979e-19,,,,False,False,False
attackhamster42,1,0.0,1,1,1,1,1.0,1.0,4.4191537909710793e-07,8.974969995124223e-19,1.0,0.0,0.0,False,False,False
automatic-plankton10,1,0.0,0,1,0,1,0.0,1.0,0.0,6.4597405639261e-19,,,,False,False,False
automoderator,30,0.0,2,28,2,28,2.0,28.0,0.017963224293168604,0.004335878796934945,2.0,0.0,0.0,True,False,False
avadakedabr,1,0.0,0,1,0,1,0.0,1.0,0.0,-1.602282906223887e-18,,,,False,False,False
avalonian09,3,0.0,12,3,12,3,13.0,3.0,0.004148848884090016,0.00018784673281459552,13.0,0.0,0.0,True,False,True
average_sk_player,2,0.0,1,2,1,2,1.0,2.0,7.939746311111373e-05,3.163817493052536e-18,1.0,0.0,0.0,False,False,False
aveugleman,3,0.0,1,2,1,2,2.0,3.0,0.0007856126101044442,0.004328401909938575,2.0,0.0,0.0,False,False,False
away-adeptness-6633,1,0.0,0,1,0,1,0.0,1.0,0.0,2.8550350706708246e-18,,,,False,False,False
awesomegamer919,3,0.0,2,3,2,3,2.0,3.0,0.0002972126432971994,1.0937506957276512e-17,2.0,0.0,0.0,True,False,False
awesomepanda9379,1,0.0,0,1,0,1,0.0,1.0,0.0,2.443726179721512e-18,,,,False,False,False
awokentitans,1,0.0,0,1,0,1,0.0,1.0,0.0,-9.04038363574847e-19,,,,False,False,False
axcartboi,1,0.0,1,1,1,1,1.0,1.0,0.0,3.704705679759014e-05,1.0,0.0,0.0,False,False,False
axceolotl,1,0.0,0,1,0,1,0.0,1.0,0.0,8.376225712199012e-19,,,,False,False,False
axndl,1,0.0,1,1,1,1,1.0,1.0,0.0,7.157774152555805e-19,1.0,0.0,0.0,False,False,False
azur23,1,0.0,0,1,0,1,0.0,1.0,0.0,2.800639876259603e-18,,,,False,False,False
azureflames20,1,0.0,0,1,0,1,0.0,1.0,0.0,2.461920660198797e-18,,,,False,False,False
b0bthepenguin,1,0.0,0,1,0,1,0.0,1.0,0.0,2.626807256390168e-18,,,,False,False,False
b3sut,1,0.0,0,1,0,1,0.0,1.0,0.0,1.0192999067569989e-18,,,,False,False,False
background-brick7374,1,0.0,0,1,0,1,0.0,1.0,0.0,-2.2188032880733293e-18,,,,False,False,False
background-sea4590,1,0.0,0,1,0,1,0.0,1.0,0.0,8.762655120502112e-19,,,,False,False,False
background_ad5513,1,0.0,0,1,0,1,0.0,1.0,0.0,-1.4799377963724083e-18,,,,False,False,False
background_cat_341,1,0.0,2,1,2,1,2.0,1.0,0.0,7.956568942091836e-18,2.0,0.0,0.0,True,False,False
backyardpianist,1,0.0,1,1,1,1,1.0,1.0,1.0311358845599185e-06,-5.975174999402126e-18,1.0,0.0,0.0,False,False,False
bakedsouls,11,0.0,15,8,15,8,20.0,10.0,0.0013412131755597227,5.708020501917573e-05,20.0,0.0,0.0,True,False,True
baldbrayden,2,0.0,2,2,2,2,2.0,2.0,2.946102527314053e-07,-2.8226947383591185e-18,2.0,0.0,0.0,True,False,False
banana_bot_11,1,0.0,0,1,0,1,0.0,1.0,0.0,1.1301316016221593e-18,,,,False,False,False
banana_hammocke,1,0.0,0,1,0,1,0.0,1.0,0.0,-5.471586354033733e-19,,,,False,False,False
bananabrother77,2,0.0,2,1,2,1,4.0,2.0,5.450289675530998e-06,4.010653055941166e-18,4.0,0.0,0.0,True,False,False
barabariisback,1,0.0,0,1,0,1,0.0,1.0,0.0,-2.4245394613407228e-18,,,,False,False,False
barkeaterdimir,3,0.0,1,2,1,2,1.0,3.0,1.944427668027275e-05,7.825513789118969e-08,1.0,0.0,0.0,False,False,False
baron777,2,0.0,3,2,3,2,4.0,2.0,5.892205054628106e-07,-1.111303219099623e-17,4.0,0.0,0.0,True,False,False
barry_wilkinson,2,0.0,0,2,0,2,0.0,2.0,0.0,2.6742616390537263e-18,,,,False,False,False
baru_urab_gure,1,0.0,0,1,0,1,0.0,1.0,0.0,-3.102262565637036e-18,,,,False,False,False
basta85,1,0.0,1,1,1,1,1.0,1.0,0.0,6.0248022618732375e-19,1.0,0.0,0.0,False,False,False
batatheus,1,0.0,0,1,0,1,0.0,1.0,0.0,-2.953759583465461e-18,,,,False,False,False
baxtermega,1,0.0,1,1,1,1,1.0,1.0,0.0,0.0009012683558843405,1.0,0.0,0.0,False,False,False
bayakoo,2,0.5,2,2,2,2,2.0,2.0,1.9640683515427017e-06,-3.528856628995714e-18,2.0,0.0,0.0,True,False,False
bazzajh,1,0.0,0,1,0,1,0.0,1.0,0.0,6.096029737333579e-19,,,,False,False,False
bbib666,1,0.0,0,1,0,1,0.0,1.0,0.0,2.8059823773820586e-18,,,,False,False,False
bbkkoommaacchhii,1,0.0,0,1,0,1,0.0,1.0,0.0,-4.0160039375351784e-19,,,,False,False,False
bc650736,3,0.0,1,2,1,2,1.0,2.0,2.946102527314053e-07,-6.145352663680841e-18,1.0,0.0,0.0,False,False,False
beamtrigger,3,0.3333333333333333,1,3,1,3,1.0,3.0,0.015173999270348593,4.018269483083616e-06,1.0,0.0,0.0,False,False,False
beastmode7953,1,1.0,4,1,4,1,4.0,1.0,0.0009700238978016675,7.38096803705329e-07,4.0,0.0,0.0,True,False,False
beautiful-vacation39,1,0.0,0,1,0,1,0.0,1.0,0.0,-2.4908570563443526e-19,,,,False,False,False
beefycheesyglory,1,0.0,0,1,0,1,0.0,1.0,0.0,7.587075923230135e-19,,,,False,False,False
beerchimy,1,0.0,0,1,0,1,0.0,1.0,0.0,-4.866938248206868e-19,,,,False,False,False
beginningcomb8992,3,0.0,0,2,0,2,0.0,2.0,0.0,2.4014132852045448e-18,,,,False,False,False
belle_fleures,3,0.0,7,1,7,1,9.0,3.0,4.8610691700681875e-06,-2.671437615515743e-17,9.0,0.0,0.0,True,False,False
beneficial_ball9893,1,0.0,0,1,0,1,0.0,1.0,0.0,6.817676702318094e-19,,,,False,False,False
benemeno,1,0.0,2,0,2,0,2.0,0.0,0.0,0.09671790315966929,2.0,0.0,0.0,True,False,False
benicg,1,0.0,0,1,0,1,0.0,1.0,0.0,-8.350469590290234e-20,,,,False,False,False
benj_n,1,0.0,1,1,1,1,1.0,1.0,1.4730512636570265e-07,3.87151191279072e-18,1.0,0.0,0.0,False,False,False
bepislord69,2,0.0,1,2,1,2,1.0,2.0,7.748249646835959e-05,3.3509772531995266e-19,1.0,0.0,0.0,False,False,False
bersekker,1,0.0,1,1,1,1,1.0,1.0,0.0,1.1422752582107315e-05,1.0,0.0,0.0,False,False,False
best-ad3658,1,0.0,0,1,0,1,0.0,1.0,0.0,1.7141642122820455e-18,,,,False,False,False
bestcazin,2,0.0,2,2,2,2,2.0,2.0,0.0009463765148490925,0.00019019355006775137,2.0,0.0,0.0,True,False,False
bibbloboppity,1,1.0,1,1,1,1,1.0,1.0,0.0,0.03205749771187248,1.0,0.0,0.0,False,False,False
big_egg444,5,0.2,5,3,5,3,10.0,5.0,0.03057198089550713,0.10520792445025606,10.0,0.0,0.0,True,False,True
big_sea_39,1,0.0,0,1,0,1,0.0,1.0,0.0,2.550439687318107e-19,,,,False,False,False
bigapplebreeze,2,0.0,1,2,1,2,1.0,2.0,7.365256318285133e-08,-1.23650066189718e-18,1.0,0.0,0.0,False,False,False
bigbossguyman,1,0.0,1,1,1,1,1.0,1.0,0.0,-3.6306882482435975e-19,1.0,0.0,0.0,False,False,False
bigbossofhellhimself,1,0.0,1,1,1,1,1.0,1.0,1.0311358845599185e-06,-7.824275870906396e-20,1.0,0.0,0.0,False,False,False
biggishbread,1,0.0,0,1,0,1,0.0,1.0,0.0,9.384883579938743e-19,,,,False,False,False
bilalthepro,1,0.0,0,1,0,1,0.0,1.0,0.0,-1.951362831803532e-18,,,,False,False,False
billiammaillib321,2,0.5,0,2,0,2,0.0,2.0,0.0,-1.136317096749525e-19,,,,False,False,False
bilnkblonk,1,0.0,1,1,1,1,1.0,1.0,6.420048424105207e-06,-2.2517057593469868e-18,1.0,0.0,0.0,False,False,False
bilski1ski,1,0.0,2,1,2,1,2.0,1.0,0.002230788833682201,-7.662658677294169e-18,2.0,0.0,0.0,True,False,False
bimmyschmendrix,1,0.0,1,1,1,1,1.0,1.0,8.838307581942159e-07,1.2757017890399706e-18,1.0,0.0,0.0,False,False,False
bingoviini,2,0.5,0,2,0,2,0.0,2.0,0.0,-2.982971661266271e-18,,,,False,False,False
bingusmccready,2,0.5,1,2,1,2,1.0,2.0,2.080509546669876e-05,1.6778786631802407e-18,1.0,0.0,0.0,False,False,False
biotechnix,1,0.0,1,1,1,1,1.0,1.0,1.0041299447262062e-05,-9.042897172068856e-19,1.0,0.0,0.0,False,False,False
bircka,1,0.0,0,1,0,1,0.0,1.0,0.0,-6.503876138848189e-19,,,,False,False,False
birdok2203,1,0.0,2,1,2,1,2.0,1.0,5.892205054628106e-07,6.430248847054707e-18,2.0,0.0,0.0,True,False,False
birzal,1,0.0,0,1,0,1,0.0,1.0,0.0,2.3675448954075587e-18,,,,False,False,False
bizarrestarz,1,0.0,0,1,0,1,0.0,1.0,0.0,-1.3973780067057693e-18,,,,False,False,False
blackfog,1,0.0,0,1,0,1,0.0,1.0,0.0,-2.082359430043991e-18,,,,False,False,False
blackholecole,1,0.0,0,1,0,1,0.0,1.0,0.0,2.410413386671814e-19,,,,False,False,False
blastedt,1,0.0,0,1,0,1,0.0,1.0,0.0,5.516857357610981e-19,,,,False,False,False
blauli,1,0.0,0,1,0,1,0.0,1.0,0.0,2.185495584516736e-18,,,,False,False,False
blaze32-,1,0.0,0,1,0,1,0.0,1.0,0.0,-5.979455520293109e-19,,,,False,False,False
blobbro,1,0.0,0,1,0,1,0.0,1.0,0.0,-2.0053498528576055e-18,,,,False,False,False
bloodvayne,1,0.0,0,1,0,1,0.0,1.0,0.0,-9.526511482387589e-19,,,,False,False,False
blue_bird950,2,0.0,2,2,2,2,2.0,2.0,0.001390990032844133,0.026622217449223873,2.0,0.0,0.0,True,False,False
bobcatlower9933,1,0.0,0,1,0,1,0.0,1.0,0.0,5.706411994521105e-19,,,,False,False,False
bobr_from_hell,1,0.0,0,1,0,1,0.0,1.0,0.0,1.7594141456118418e-19,,,,False,False,False
bobthetim,1,0.0,2,1,2,1,2.0,1.0,1.3257461372913239e-06,-1.165935351930808e-17,2.0,0.0,0.0,True,False,False
bogz_dev,1,0.0,0,1,0,1,0.0,1.0,0.0,-1.8830404097463917e-18,,,,False,False,False
boindill,1,0.0,1,1,1,1,1.0,1.0,0.0,0.00018956883018698145,1.0,0.0,0.0,False,False,False
boisterile,3,0.0,1,3,1,3,1.0,3.0,1.1784410109256212e-06,2.856381658055691e-17,1.0,0.0,0.0,False,False,False
bojarzin,1,0.0,1,1,1,1,1.0,1.0,0.0,1.6139301042306554e-06,1.0,0.0,0.0,False,False,False
boltgamr,1,0.0,0,1,0,1,0.0,1.0,0.0,-1.0710337565478017e-18,,,,False,False,False
boobeamtrap,2,0.0,1,1,1,1,1.0,2.0,0.0,3.7452549274352784e-18,1.0,0.0,0.0,False,False,False
boombanbam,1,0.0,1,1,1,1,1.0,1.0,7.733519134199389e-05,-9.210597387374102e-19,1.0,0.0,0.0,False,False,False
bootychomper23,1,0.0,0,1,0,1,0.0,1.0,0.0,-2.2478821441343315e-18,,,,False,False,False
borderkepaar,3,0.3333333333333333,1,2,1,2,1.0,3.0,1.4730512636570265e-07,-2.782674515732027e-18,1.0,0.0,0.0,False,False,False
bordowa,5,0.0,1,2,1,2,2.0,5.0,1.4730512636570265e-07,6.90687065411959e-19,2.0,0.0,0.0,False,False,False
boringuwuzumaki,1,0.0,1,1,1,1,1.0,1.0,0.0,-6.835129496432585e-18,1.0,0.0,0.0,False,False,False
born-eye-9053,2,0.0,1,2,1,2,1.0,2.0,0.00011509440540040234,3.101018298779129e-09,1.0,0.0,0.0,False,False,False
born_housing2165,1,0.0,0,1,0,1,0.0,1.0,0.0,-2.980213439918051e-19,,,,False,False,False
branyk2,1,0.0,0,1,0,1,0.0,1.0,0.0,-2.3739783293197896e-18,,,,False,False,False
brauliog1,1,0.0,0,1,0,1,0.0,1.0,0.0,7.867264041895016e-19,,,,False,False,False
breakerofmodpacks,1,0.0,0,1,0,1,0.0,1.0,0.0,6.765486867815337e-19,,,,False,False,False
breaksknees,1,0.0,1,1,1,1,1.0,1.0,7.718788621562819e-05,-3.647874917307246e-18,1.0,0.0,0.0,False,False,False
brettosai,1,0.0,1,1,1,1,1.0,1.0,8.838307581942159e-07,-4.753957642543129e-18,1.0,0.0,0.0,False,False,False
brickwallbill,1,0.0,0,1,0,1,0.0,1.0,0.0,-2.613717573252004e-18,,,,False,False,False
brilliant-credit-168,1,0.0,0,1,0,1,0.0,1.0,0.0,-1.6100881449038992e-18,,,,False,False,False
brilliant_ad_6072,1,0.0,0,1,0,1,0.0,1.0,0.0,2.081990320515818e-18,,,,False,False,False
brilliant_bee4116,3,0.3333333333333333,6,2,6,2,7.0,2.0,0.0018368458240715225,5.827022698442057e-06,7.0,0.0,0.0,True,False,True
brilliant_bus360,1,0.0,0,1,0,1,0.0,1.0,0.0,1.3618732143922272e-18,,,,False,False,False
brillissim0,1,0.0,0,1,0,1,0.0,1.0,0.0,-2.2789673892508055e-19,,,,False,False,False
bro0183,7,0.1428571428571428,3,7,3,7,3.0,7.0,0.008416511628021197,2.575342443194118e-07,3.0,0.0,0.0,True,False,False
broad_collection1314,1,0.0,0,1,0,1,0.0,1.0,0.0,-2.2403634752874836e-18,,,,False,False,False
broadkast,1,0.0,0,1,0,1,0.0,1.0,0.0,2.97653454666136e-18,,,,False,False,False
brokenbanette,1,0.0,0,1,0,1,0.0,1.0,0.0,-1.7630873677674306e-18,,,,False,False,False
brooksmcredstone,1,0.0,1,1,1,1,1.0,1.0,6.420048424105207e-06,-4.854624645672846e-18,1.0,0.0,0.0,False,False,False
bruhhh_bama,1,0.0,0,1,0,1,0.0,1.0,0.0,1.96376151450845e-18,,,,False,False,False
bt--72_74,1,0.0,1,1,1,1,1.0,1.0,0.0,-3.5052750490324346e-18,1.0,0.0,0.0,False,False,False
budgiegryphon,1,0.0,0,1,0,1,0.0,1.0,0.0,-4.383968572922211e-19,,,,False,False,False
budweener,1,0.0,1,1,1,1,1.0,1.0,4.8610691700681875e-06,-3.5384030507533674e-18,1.0,0.0,0.0,False,False,False
bugdebugger77,1,0.0,2,1,2,1,2.0,1.0,0.00027828393455920654,-4.193493113568458e-18,2.0,0.0,0.0,True,False,False
bumblebeeno2870,1,0.0,0,1,0,1,0.0,1.0,0.0,-2.7627234021804192e-18,,,,False,False,False
bunbunzeroone,1,0.0,0,1,0,1,0.0,1.0,0.0,3.3593125711624796e-19,,,,False,False,False
bunion_unions,1,0.0,0,1,0,1,0.0,1.0,0.0,-2.5445160257845397e-18,,,,False,False,False
buriedlaina,1,0.0,0,1,0,1,0.0,1.0,0.0,-1.4330102758574378e-18,,,,False,False,False
burrito357,1,0.0,0,1,0,1,0.0,1.0,0.0,-1.9790132485841627e-18,,,,False,False,False
bushidopirate,1,0.0,2,1,2,1,2.0,1.0,0.0028149764139941834,0.0008988914980015409,2.0,0.0,0.0,True,False,False
buttsecks42069,1,1.0,0,1,0,1,0.0,1.0,0.0,1.5702240637566378e-19,,,,False,False,False
byeguyssry,1,0.0,0,1,0,1,0.0,1.0,0.0,-2.92620244847681e-18,,,,False,False,False
c00lfrog,1,1.0,0,1,0,1,0.0,1.0,0.0,1.0596659812925907e-18,,,,False,False,False
c4mbo,1,0.0,1,1,1,1,1.0,1.0,3.989513839071114e-05,-4.073937907025966e-18,1.0,0.0,0.0,False,False,False
cainnicorel,1,0.0,0,1,0,1,0.0,1.0,0.0,2.2005361138071953e-18,,,,False,False,False
calad_bolg,1,0.0,1,1,1,1,1.0,1.0,4.4191537909710793e-07,3.937570097689158e-18,1.0,0.0,0.0,False,False,False
calaxi,1,0.0,0,1,0,1,0.0,1.0,0.0,-3.0078195221162875e-18,,,,False,False,False
call_me_koala,3,0.0,2,3,2,3,2.0,3.0,0.0012293594829393675,2.4170867492606426e-07,2.0,0.0,0.0,True,False,False
canahedo,1,0.0,0,1,0,1,0.0,1.0,0.0,-1.925784831088105e-18,,,,False,False,False
candy_warlock,1,0.0,0,1,0,1,0.0,1.0,0.0,-2.6979634214598407e-18,,,,False,False,False
cankledankl,3,0.3333333333333333,4,2,4,2,4.0,3.0,0.00024270974654188942,-1.1957004823208434e-17,4.0,0.0,0.0,True,False,False
canofbeans909,1,0.0,2,1,2,1,2.0,1.0,0.0003225982267408888,0.0967179031596693,2.0,0.0,0.0,True,False,False
canofdarkfruit27,4,0.0,2,3,2,3,3.0,4.0,0.0014520111814411256,1.0947680262790812e-07,3.0,0.0,0.0,True,False,False
capital-exercise9197,1,0.0,1,1,1,1,1.0,1.0,0.00011523189018501039,0.0008619098381398247,1.0,0.0,0.0,False,False,False
capitanonox,1,0.0,0,1,0,1,0.0,1.0,0.0,-2.637111906603825e-18,,,,False,False,False
captainbloodstone,1,1.0,0,1,0,1,0.0,1.0,0.0,6.545291887660203e-19,,,,False,False,False
carbine234,1,0.0,0,1,0,1,0.0,1.0,0.0,2.375878616197377e-18,,,,False,False,False
carbon1923,1,0.0,0,1,0,1,0.0,1.0,0.0,1.2202563880413388e-18,,,,False,False,False
caregiver-winter,1,0.0,0,1,0,1,0.0,1.0,0.0,-2.0975804148779692e-18,,,,False,False,False
cartonfl3sh,1,0.0,0,1,0,1,0.0,1.0,0.0,2.3120596901273075e-18,,,,False,False,False
cassydd,1,0.0,1,1,1,1,1.0,1.0,0.0,-8.819083923991541e-18,1.0,0.0,0.0,False,False,False
castieljt,1,0.0,0,1,0,1,0.0,1.0,0.0,2.748145314794807e-18,,,,False,False,False
castlecroquet,1,0.0,0,1,0,1,0.0,1.0,0.0,-1.2840868153071382e-18,,,,False,False,False
casual_casually,1,0.0,0,1,0,1,0.0,1.0,0.0,-2.184771796964337e-18,,,,False,False,False
casual_pikachu-,1,0.0,0,1,0,1,0.0,1.0,0.0,-9.712601421998503e-20,,,,False,False,False
casuallycompetes,1,0.0,0,1,0,1,0.0,1.0,0.0,-1.4719525717877847e-18,,,,False,False,False
catatafeesh1,1,0.0,0,1,0,1,0.0,1.0,0.0,-8.649668763431707e-19,,,,False,False,False
catcellnailstar,1,0.0,1,1,1,1,1.0,1.0,0.0,2.0995537654715726e-05,1.0,0.0,0.0,False,False,False
caterpillarpure1960,1,0.0,0,1,0,1,0.0,1.0,0.0,-8.395977116427995e-19,,,,False,False,False
catsiannyandor,1,1.0,1,1,1,1,1.0,1.0,0.0,1.1346717141590525e-05,1.0,0.0,0.0,False,False,False
catskinson,2,0.5,3,2,3,2,3.0,2.0,0.00032510241388910573,6.554390484222358e-09,3.0,0.0,0.0,True,False,False
catullus314159,1,0.0,0,1,0,1,0.0,1.0,0.0,2.004798857782827e-18,,,,False,False,False
catvan333,3,0.0,3,3,3,3,4.0,3.0,0.000492956605382824,0.00018636699681280896,4.0,0.0,0.0,True,False,False
cclinex,1,0.0,0,1,0,1,0.0,1.0,0.0,1.7477707233008964e-18,,,,False,False,False
ccsick,1,0.0,0,1,0,1,0.0,1.0,0.0,-2.3210639291774286e-18,,,,False,False,False
cedarsageandsilicone,1,0.0,0,1,0,1,0.0,1.0,0.0,-2.1487688846228813e-18,,,,False,False,False
celerysuper2958,2,0.5,1,2,1,2,1.0,2.0,7.718788621562819e-05,-3.006587003852119e-18,1.0,0.0,0.0,False,False,False
celestial-squid,2,0.0,1,2,1,2,1.0,2.0,3.8441961628230434e-05,8.163412831842523e-18,1.0,0.0,0.0,False,False,False
cephmind,1,0.0,0,1,0,1,0.0,1.0,0.0,-2.76099487709018e-18,,,,False,False,False
certain_oddities,1,0.0,0,1,0,1,0.0,1.0,0.0,-7.711399537688922e-22,,,,False,False,False
chaemyerelis,1,0.0,0,1,0,1,0.0,1.0,0.0,1.3125711027705912e-18,,,,False,False,False
chamomileriver,1,0.0,0,1,0,1,0.0,1.0,0.0,-2.6642855618930886e-18,,,,False,False,False
champion_chrome,2,0.0,1,1,1,1,1.0,2.0,0.0,3.515691862449217e-19,1.0,0.0,0.0,False,False,False
championshiplast3208,1,0.0,0,1,0,1,0.0,1.0,0.0,9.892786479408683e-19,,,,False,False,False
chanceashgisme,3,0.0,3,3,3,3,3.0,3.0,7.365256318285133e-07,3.847269360880626e-18,3.0,0.0,0.0,True,False,False
chanceupon_147,2,0.0,1,1,1,1,1.0,2.0,0.0,6.77820869332371e-18,1.0,0.0,0.0,False,False,False
changeittowhat,2,0.5,2,2,2,2,3.0,2.0,0.00015481768781035348,4.2621891551987946e-18,3.0,0.0,0.0,True,False,False
chaos9001,1,0.0,0,1,0,1,0.0,1.0,0.0,-2.6295498163602244e-18,,,,False,False,False
chaos_forge,2,0.0,1,1,1,1,1.0,2.0,0.0,2.3483598760811737e-06,1.0,0.0,0.0,False,False,False
chaosdigger656,1,0.0,0,1,0,1,0.0,1.0,0.0,-1.078748782158996e-18,,,,False,False,False
chaotic214,1,0.0,0,1,0,1,0.0,1.0,0.0,-1.2703599431258773e-18,,,,False,False,False
chaoticlight2,2,0.0,1,2,1,2,1.0,2.0,7.748249646835959e-05,4.8518611386044304e-18,1.0,0.0,0.0,False,False,False
charisma-entertainer,1,0.0,0,1,0,1,0.0,1.0,0.0,-8.301541023294063e-19,,,,False,False,False
charlesormr_pickle,2,0.0,1,1,1,1,1.0,2.0,0.0,0.03205749771187245,1.0,0.0,0.0,False,False,False
chasingvertigo,1,0.0,0,1,0,1,0.0,1.0,0.0,-2.4070036083556804e-18,,,,False,False,False
cheap-tennis4196,1,0.0,2,1,2,1,2.0,1.0,5.892205054628106e-07,-3.770600404774407e-18,2.0,0.0,0.0,True,False,False
chello-fish,1,0.0,0,1,0,1,0.0,1.0,0.0,1.4762664515520174e-18,,,,False,False,False
chemicalcomposure,1,1.0,0,1,0,1,0.0,1.0,0.0,-3.1059320928628726e-18,,,,False,False,False
chemicaltale9021,1,0.0,0,1,0,1,0.0,1.0,0.0,2.8178157855281988e-18,,,,False,False,False
cherrybluessom,1,0.0,1,1,1,1,1.0,1.0,0.0,3.587859590193901e-18,1.0,0.0,0.0,False,False,False
chickuuuwasme,4,0.0,4,4,4,4,4.0,4.0,0.00032910420315537396,7.941208516006384e-18,4.0,0.0,0.0,True,False,False
chiefhunter1,1,0.0,0,1,0,1,0.0,1.0,0.0,-7.9001094229756775e-19,,,,False,False,False
chiefy1234,1,0.0,0,1,0,1,0.0,1.0,0.0,-1.5416331836652623e-19,,,,False,False,False
chillytides42,1,0.0,0,1,0,1,0.0,1.0,0.0,-2.9475162222066735e-18,,,,False,False,False
chimney-head,1,0.0,0,1,0,1,0.0,1.0,0.0,-3.4521985613744277e-19,,,,False,False,False
chingshih,2,0.0,1,2,1,2,1.0,2.0,7.748249646835959e-05,-2.7962628181665093e-18,1.0,0.0,0.0,False,False,False
chkmcnugge6,1,0.0,0,1,0,1,0.0,1.0,0.0,-1.3665618531262104e-18,,,,False,False,False
chris_0x184b,2,0.5,1,2,1,2,1.0,2.0,0.0,2.085844440854839e-06,1.0,0.0,0.0,False,False,False
chris_cupid,1,0.0,0,1,0,1,0.0,1.0,0.0,-1.1806867629277727e-18,,,,False,False,False
chrisjd,1,1.0,1,1,1,1,1.0,1.0,0.0,9.969253437333828e-06,1.0,0.0,0.0,False,False,False
chrissymcchrischris,1,0.0,0,0,0,0,0.0,0.0,0.0,-1.2070218493485787e-18,,,,False,False,False
chron_soss,1,1.0,1,1,1,1,1.0,1.0,1.4730512636570265e-07,-5.879566585062354e-18,1.0,0.0,0.0,False,False,False
chubbowhale,1,0.0,0,1,0,1,0.0,1.0,0.0,1.180759494395702e-19,,,,False,False,False
chumfamine,1,0.0,2,1,2,1,2.0,1.0,7.365256318285133e-07,1.9054412352977417e-17,2.0,0.0,0.0,True,False,False
circumcisedcats,3,0.0,1,2,1,2,2.0,3.0,5.892205054628106e-07,5.129746833924304e-18,2.0,0.0,0.0,False,False,False
civilerkobold,1,0.0,2,1,2,1,2.0,1.0,0.00015378655192579356,1.0668316582223898e-05,2.0,0.0,0.0,True,False,False
ck1ing,3,0.0,4,3,4,3,5.0,3.0,0.0009295493592472511,3.922885166557998e-05,5.0,0.0,0.0,True,False,True
classic_yam_1613,1,0.0,0,1,0,1,0.0,1.0,0.0,1.5260836079514147e-19,,,,False,False,False
classiccarson,1,0.0,0,1,0,1,0.0,1.0,0.0,1.996512059960039e-18,,,,False,False,False
cleaner900playz,1,0.0,0,1,0,1,0.0,1.0,0.0,-1.6454845351637203e-18,,,,False,False,False
clementinetech,1,0.0,0,1,0,1,0.0,1.0,0.0,-1.7122860049775463e-18,,,,False,False,False
clingledomber,1,0.0,0,1,0,1,0.0,1.0,0.0,1.0031358379791767e-19,,,,False,False,False
clive_bobbins,4,0.0,1,1,1,1,3.0,4.0,0.0,0.020875973174328467,3.0,0.0,0.0,False,False,False
clkiscool,1,0.0,2,1,2,1,2.0,1.0,7.704058108926249e-05,9.969253437338306e-06,2.0,0.0,0.0,True,False,False
cloistered_around,2,0.0,1,1,1,1,1.0,2.0,0.0,7.759009092089863e-18,1.0,0.0,0.0,False,False,False
cloud_motion,3,0.0,1,2,1,2,1.0,3.0,0.0002814509947760692,4.991321032594342e-18,1.0,0.0,0.0,False,False,False
clover_deltarune,1,0.0,0,1,0,1,0.0,1.0,0.0,-1.6972088913651335e-18,,,,False,False,False
cmdr_bobeh,1,0.0,2,1,2,1,2.0,1.0,1.4730512636570265e-07,1.236918756996545e-17,2.0,0.0,0.0,True,False,False
cmwcaelen2,1,0.0,0,1,0,1,0.0,1.0,0.0,2.2950538692121713e-18,,,,False,False,False
cobolt-8,1,0.0,0,1,0,1,0.0,1.0,0.0,1.7642775338595803e-18,,,,False,False,False
cocoatrice,2,0.0,9,2,9,2,9.0,2.0,5.892205054628106e-06,2.06512875873625e-17,9.0,0.0,0.0,True,False,False
cocotim,2,0.0,1,2,1,2,1.0,2.0,0.0010040317413086293,8.43742804159797e-06,1.0,0.0,0.0,False,False,False
cold-raise9912,1,0.0,0,1,0,1,0.0,1.0,0.0,2.2898651232443526e-18,,,,False,False,False
comfortable_coyote70,1,0.0,0,1,0,1,0.0,1.0,0.0,-3.0790422292631473e-18,,,,False,False,False
comfortable_oven8341,1,0.0,0,1,0,1,0.0,1.0,0.0,-2.6852452500478213e-18,,,,False,False,False
comfortablejob8581,1,0.0,0,1,0,1,0.0,1.0,0.0,1.7117651458187734e-18,,,,False,False,False
comical_username25,1,0.0,0,1,0,1,0.0,1.0,0.0,-4.018824978076747e-19,,,,False,False,False
commander_appo25,1,0.0,0,1,0,1,0.0,1.0,0.0,-4.142292831654412e-19,,,,False,False,False
common-complaint2315,1,0.0,0,1,0,1,0.0,1.0,0.0,2.9715281922806446e-18,,,,False,False,False
communicationok3766,2,0.0,4,2,4,2,5.0,2.0,0.0005151260269008622,2.20795550768094e-06,5.0,0.0,0.0,True,False,True
competitive-employ65,1,0.0,0,1,0,1,0.0,1.0,0.0,1.819766328568303e-18,,,,False,False,False
competitive_storm442,1,0.0,0,1,0,1,0.0,1.0,0.0,-3.1903274591345875e-19,,,,False,False,False
competitive_two_2541,1,0.0,1,1,1,1,1.0,1.0,0.0,-5.900626825227006e-18,1.0,0.0,0.0,False,False,False
complete_raspberry_1,1,0.0,1,1,1,1,1.0,1.0,0.0,1.976070252891831e-05,1.0,0.0,0.0,False,False,False
complex-fault-1917,2,0.5,5,2,5,2,5.0,2.0,2.062271769119837e-06,5.5841657370128505e-18,5.0,0.0,0.0,True,False,False
complex-resolve6422,1,0.0,1,1,1,1,1.0,1.0,7.718788621562819e-05,-1.126837284180643e-18,1.0,0.0,0.0,False,False,False
confusedlunacy,2,0.0,2,2,2,2,2.0,2.0,0.0003320257548282938,1.305126882198024e-09,2.0,0.0,0.0,True,False,False
conget,2,0.0,0,2,0,2,0.0,2.0,0.0,1.1571837933056772e-18,,,,False,False,False
connectionforward,1,0.0,0,1,0,1,0.0,1.0,0.0,-2.2987870364341413e-18,,,,False,False,False
connorlego42069,1,0.0,0,1,0,1,0.0,1.0,0.0,-2.5280959363707402e-18,,,,False,False,False
conscious_ad_7131,1,0.0,0,1,0,1,0.0,1.0,0.0,8.013697976832711e-19,,,,False,False,False
conscious_self_4465,1,0.0,1,1,1,1,1.0,1.0,0.0,0.00020477650689420998,1.0,0.0,0.0,False,False,False
consequencehuman4626,1,1.0,0,1,0,1,0.0,1.0,0.0,8.023056925071074e-19,,,,False,False,False
considerationfew8399,1,0.0,0,1,0,1,0.0,1.0,0.0,-1.3749406897857778e-18,,,,False,False,False
consistent-plane7729,1,0.0,1,0,1,0,1.0,0.0,0.0,3.2091362243223685e-18,1.0,0.0,0.0,False,False,False
consistent_phase822,74,0.054054054054054,30,73,30,73,32.0,74.0,0.042242011029225805,0.4865440525647993,32.0,0.0,0.0,True,False,True
constructionwarm8933,1,0.0,0,1,0,1,0.0,1.0,0.0,8.610843622969209e-19,,,,False,False,False
consumer_of_lem0ns,1,1.0,0,1,0,1,0.0,1.0,0.0,-1.988668525523785e-18,,,,False,False,False
contributionitchy850,1,0.0,0,1,0,1,0.0,1.0,0.0,-1.7027326099677145e-18,,,,False,False,False
cooki75,3,0.0,2,3,2,3,2.0,3.0,3.2407127800454585e-06,-2.1885698218816014e-17,2.0,0.0,0.0,True,False,False
cooler_coooool_boi,1,0.0,0,1,0,1,0.0,1.0,0.0,-3.5704193325193876e-19,,,,False,False,False
coopsawesome,1,0.0,0,1,0,1,0.0,1.0,0.0,7.160943298838499e-19,,,,False,False,False
cordak_blaster,3,0.0,2,3,2,3,2.0,3.0,0.00410875733886415,0.0008619098381398258,2.0,0.0,0.0,True,False,False
corporalquacker,1,1.0,0,1,0,1,0.0,1.0,0.0,6.558458246842779e-19,,,,False,False,False
coseromevo,1,0.0,0,1,0,1,0.0,1.0,0.0,-2.627415941891424e-18,,,,False,False,False
cosmicentity4,1,0.0,0,1,0,1,0.0,1.0,0.0,1.3001086332212674e-18,,,,False,False,False
costomojin,1,0.0,0,1,0,1,0.0,1.0,0.0,5.941846909503985e-19,,,,False,False,False
cr1ms4ne,1,0.0,0,1,0,1,0.0,1.0,0.0,-2.021210580170923e-18,,,,False,False,False
crayfish_audio,1,0.0,0,1,0,1,0.0,1.0,0.0,1.3977489482844103e-18,,,,False,False,False
craytona,2,0.0,1,1,1,1,1.0,2.0,0.0,2.048737510109731e-10,1.0,0.0,0.0,False,False,False
crazyburitto,1,0.0,0,1,0,1,0.0,1.0,0.0,-7.785305859865294e-19,,,,False,False,False
crazyfanficfan,1,0.0,0,1,0,1,0.0,1.0,0.0,-5.472183089622837e-19,,,,False,False,False
crazymantislady,1,0.0,0,1,0,1,0.0,1.0,0.0,-7.417297811812294e-19,,,,False,False,False
creative-finger5965,1,0.0,2,1,2,1,2.0,1.0,0.0004551728404700212,2.4016302040644434e-06,2.0,0.0,0.0,True,False,False
creepermaster79,2,0.5,0,2,0,2,0.0,2.0,0.0,-2.0766291509022887e-18,,,,False,False,False
creepyclay,1,0.0,0,1,0,1,0.0,1.0,0.0,4.1444402771111164e-19,,,,False,False,False
critter_97,2,0.0,2,2,2,2,2.0,2.0,2.946102527314053e-07,-4.302712448938214e-18,2.0,0.0,0.0,True,False,False
croaker715,1,0.0,0,1,0,1,0.0,1.0,0.0,2.292776765804622e-18,,,,False,False,False
crooked_cricket,1,0.0,0,1,0,1,0.0,1.0,0.0,2.247645132097144e-18,,,,False,False,False
crownlexicon,1,0.0,0,1,0,1,0.0,1.0,0.0,1.8073817140587932e-18,,,,False,False,False
crstaltrip,1,0.0,0,1,0,1,0.0,1.0,0.0,2.2970158113479725e-18,,,,False,False,False
crtykwod,1,0.0,0,1,0,1,0.0,1.0,0.0,1.7120465996983484e-18,,,,False,False,False
crump-__-,1,0.0,1,1,1,1,1.0,1.0,0.0,4.863010612697332e-07,1.0,0.0,0.0,False,False,False
crusaderiii,1,0.0,1,1,1,1,1.0,1.0,0.0,0.00020477650689420962,1.0,0.0,0.0,False,False,False
cryon1cks,1,0.0,1,1,1,1,1.0,1.0,0.00015437577243125638,-7.298711408274171e-18,1.0,0.0,0.0,False,False,False
cryptidcandies,1,0.0,2,1,2,1,2.0,1.0,1.3920334441558901e-05,4.238345806960487e-05,2.0,0.0,0.0,True,False,False
cse_chad,2,0.0,2,2,2,2,2.0,2.0,0.00015496499293671918,-1.1902968444097607e-17,2.0,0.0,0.0,True,False,False
csharpminor_fanclub,2,0.0,2,2,2,2,3.0,2.0,1.3011952828970398e-06,-6.3454120454853505e-18,3.0,0.0,0.0,True,False,False
cspedden,4,0.25,4,1,4,1,8.0,4.0,2.3568820218512424e-06,1.3325565674387108e-17,8.0,0.0,0.0,True,False,False
cultural-unit4502,4,0.25,1,3,1,3,1.0,4.0,7.718788621562819e-05,2.3136619144060325e-18,1.0,0.0,0.0,False,False,False
cultural_fig_6342,1,0.0,0,1,0,1,0.0,1.0,0.0,-2.0314928140558364e-18,,,,False,False,False
cute-percentage-6660,1,0.0,0,1,0,1,0.0,1.0,0.0,-1.8480372324908474e-18,,,,False,False,False
cwbrowning3,1,0.0,0,1,0,1,0.0,1.0,0.0,1.1285676201615262e-18,,,,False,False,False
cyaegha114514,1,0.0,2,1,2,1,2.0,1.0,4.4191537909710793e-07,5.41142690005192e-18,2.0,0.0,0.0,True,False,False
cybersorcerer1,2,0.0,0,1,0,1,0.0,2.0,0.0,1.4515948430960466e-19,,,,False,False,False
cyclopse_zhivago,1,0.0,0,1,0,1,0.0,1.0,0.0,4.882088483801695e-20,,,,False,False,False
cydude5,1,1.0,0,1,0,1,0.0,1.0,0.0,-1.34155833501677e-18,,,,False,False,False
cyrus106,1,0.0,1,1,1,1,1.0,1.0,8.838307581942159e-07,1.5555986766921083e-08,1.0,0.0,0.0,False,False,False
czs-genesis,3,0.0,4,2,4,2,4.0,3.0,1.1784410109256212e-06,8.146677360841144e-18,4.0,0.0,0.0,True,False,False
d-alonsosariego,1,0.0,0,1,0,1,0.0,1.0,0.0,1.9868493331529262e-18,,,,False,False,False
d1gininja,1,0.0,0,1,0,1,0.0,1.0,0.0,-1.0862667882069022e-18,,,,False,False,False
dablord69420,1,0.0,1,1,1,1,1.0,1.0,6.420048424105207e-06,5.536065217175985e-19,1.0,0.0,0.0,False,False,False
dabturell,1,0.0,0,1,0,1,0.0,1.0,0.0,2.3391090527308595e-18,,,,False,False,False
damagemaximo,3,0.0,1,2,1,2,1.0,3.0,0.0,7.677585342617575e-06,1.0,0.0,0.0,False,False,False
damian1674,2,0.5,0,2,0,2,0.0,2.0,0.0,1.3292940150914052e-18,,,,False,False,False
dan_rivojr,1,0.0,0,1,0,1,0.0,1.0,0.0,7.214065838329208e-19,,,,False,False,False
dandroid126,1,0.0,0,1,0,1,0.0,1.0,0.0,-1.4525573045287507e-18,,,,False,False,False
dangerous-cobbler-11,3,0.0,2,2,2,2,3.0,3.0,0.0011122519074786323,3.5853593779432014e-07,3.0,0.0,0.0,True,False,False
danhelton,1,0.0,0,1,0,1,0.0,1.0,0.0,1.7911985757875297e-18,,,,False,False,False
danielheiger,1,0.0,0,1,0,1,0.0,1.0,0.0,-1.2017566211398351e-18,,,,False,False,False
danny_dankvito,3,0.0,2,3,2,3,2.0,3.0,0.00011532518343170861,-7.120460239317879e-18,2.0,0.0,0.0,True,False,False
dansalinas,1,0.0,0,1,0,1,0.0,1.0,0.0,1.0352854479837884e-18,,,,False,False,False
daracaex,1,0.0,0,1,0,1,0.0,1.0,0.0,-2.4091883256415963e-18,,,,False,False,False
dargonfeet,1,1.0,0,1,0,1,0.0,1.0,0.0,1.4657756176493023e-18,,,,False,False,False
darkcomet222,1,1.0,0,1,0,1,0.0,1.0,0.0,2.2061414812653126e-18,,,,False,False,False
darkecstatic8863,2,0.0,2,2,2,2,2.0,2.0,0.00028534967045388133,0.0320674669653098,2.0,0.0,0.0,True,False,False
darkiceflame,2,0.0,1,2,1,2,1.0,2.0,7.733519134199389e-05,1.5647822876620721e-18,1.0,0.0,0.0,False,False,False
darkin_shadecloak,1,1.0,0,1,0,1,0.0,1.0,0.0,2.60597785685777e-18,,,,False,False,False
darkken2,2,0.0,0,2,0,2,0.0,2.0,0.0,2.652214247110306e-18,,,,False,False,False
darmakius,1,0.0,0,1,0,1,0.0,1.0,0.0,-7.444976195184252e-19,,,,False,False,False
darn_nincompoop,1,0.0,0,1,0,1,0.0,1.0,0.0,-2.491603844126278e-18,,,,False,False,False
darth_snickers,1,0.0,0,1,0,1,0.0,1.0,0.0,2.0654679853249004e-18,,,,False,False,False
daspaintrain,1,0.0,0,1,0,1,0.0,1.0,0.0,-2.1759286927841735e-18,,,,False,False,False
dassmorthem26,1,0.0,0,1,0,1,0.0,1.0,0.0,3.3359693912624284e-18,,,,False,False,False
dastebon,3,0.3333333333333333,5,2,5,2,6.0,3.0,0.0004866593112306901,0.00040839557700744034,6.0,0.0,0.0,True,False,True
datwarlocktho,1,1.0,0,1,0,1,0.0,1.0,0.0,-9.859239350300742e-19,,,,False,False,False
davek142,1,1.0,1,1,1,1,1.0,1.0,0.0,-8.694789966182794e-18,1.0,0.0,0.0,False,False,False
david_clawmark,1,0.0,2,1,2,1,2.0,1.0,2.6514922745826478e-06,-8.581584154011708e-18,2.0,0.0,0.0,True,False,False
davidmadeitx,1,0.0,1,1,1,1,1.0,1.0,0.0,-1.9433392189081708e-17,1.0,0.0,0.0,False,False,False
daydream_machine,1,0.0,0,1,0,1,0.0,1.0,0.0,3.178076266373471e-19,,,,False,False,False
dbrody6,1,0.0,0,1,0,1,0.0,1.0,0.0,2.130455218659912e-19,,,,False,False,False
dccr,1,0.0,2,1,2,1,2.0,1.0,7.704058108926249e-05,0.0001783841489505877,2.0,0.0,0.0,True,False,False
dead-end-slime,1,0.0,1,1,1,1,1.0,1.0,2.946102527314053e-07,-2.859298255477411e-18,1.0,0.0,0.0,False,False,False
deadly-dave,1,0.0,6,1,6,1,6.0,1.0,0.0001615937236231758,0.10069701365870308,6.0,0.0,0.0,True,False,False
decayedwolf1987,1,0.0,0,1,0,1,0.0,1.0,0.0,1.1990602643359176e-18,,,,False,False,False
decenttechnician2225,2,0.0,0,2,0,2,0.0,2.0,0.0,1.0321826494129882e-18,,,,False,False,False
dedeclick07,3,0.3333333333333333,1,1,1,1,1.0,2.0,0.0,3.698165986171966e-05,1.0,0.0,0.0,False,False,False
deebyddeebys,1,0.0,0,1,0,1,0.0,1.0,0.0,-4.467667627263991e-19,,,,False,False,False
deep_resident2986,1,0.0,1,1,1,1,1.0,1.0,1.1784410109256212e-06,-1.7318273701766292e-18,1.0,0.0,0.0,False,False,False
deepneighborhood5,1,0.0,1,1,1,1,1.0,1.0,1.1784410109256212e-06,6.58028221501902e-19,1.0,0.0,0.0,False,False,False
deezkazuhanuts,2,0.0,1,2,1,2,1.0,2.0,4.566458917336782e-06,1.2524336421093216e-18,1.0,0.0,0.0,False,False,False
defiant_heretic,3,0.3333333333333333,3,3,3,3,3.0,3.0,2.2095768954855397e-06,5.967714868465329e-18,3.0,0.0,0.0,True,False,False
degeneratus_02,2,0.0,3,2,3,2,3.0,2.0,0.0011246304482642286,1.4525696811138504e-05,3.0,0.0,0.0,True,False,False
deirdrecitrine,1,1.0,0,1,0,1,0.0,1.0,0.0,1.4130661018650918e-18,,,,False,False,False
delayedchoice,2,0.5,1,1,1,1,1.0,2.0,0.0,4.2965486884633115e-05,1.0,0.0,0.0,False,False,False
delicious-ad2195,1,0.0,1,1,1,1,1.0,1.0,0.0,0.00018603801438904703,1.0,0.0,0.0,False,False,False
delightmine,1,0.0,0,1,0,1,0.0,1.0,0.0,-1.5531363310208512e-18,,,,False,False,False
delune108,1,0.0,0,1,0,1,0.0,1.0,0.0,2.6711043646336443e-18,,,,False,False,False
demonicknight84,1,0.0,1,1,1,1,1.0,1.0,0.0017449151497921274,0.00020477650689420905,1.0,0.0,0.0,False,False,False
depressive_player,1,0.0,1,1,1,1,1.0,1.0,5.892205054628106e-07,6.27018522605463e-08,1.0,0.0,0.0,False,False,False
desagono,1,0.0,0,1,0,1,0.0,1.0,0.0,-4.078141073406322e-19,,,,False,False,False
designer-yak8250,1,1.0,0,1,0,1,0.0,1.0,0.0,-1.2917720173415631e-18,,,,False,False,False
desperate-bad-1912,1,0.0,1,1,1,1,1.0,1.0,1.4730512636570265e-07,-6.1722058035097495e-18,1.0,0.0,0.0,False,False,False
devilx-nailsea,1,0.0,0,1,0,1,0.0,1.0,0.0,2.3120381971934117e-18,,,,False,False,False
devlord1o1,1,1.0,0,1,0,1,0.0,1.0,0.0,-1.1019442095352193e-18,,,,False,False,False
devramabyss,1,1.0,1,1,1,1,1.0,1.0,0.0,-8.740135281719781e-18,1.0,0.0,0.0,False,False,False
devreckas,1,0.0,1,1,1,1,1.0,1.0,7.79244118474567e-05,2.5505343344345574e-18,1.0,0.0,0.0,False,False,False
dewanshu404,1,0.0,0,1,0,1,0.0,1.0,0.0,-3.7002296933964263e-19,,,,False,False,False
dhunhd,1,1.0,0,1,0,1,0.0,1.0,0.0,4.338239229438347e-19,,,,False,False,False
diabloacosta,1,0.0,0,1,0,1,0.0,1.0,0.0,1.6717543164530797e-18,,,,False,False,False
diabolicalcountbleck,1,0.0,0,1,0,1,0.0,1.0,0.0,-1.0650614437802003e-18,,,,False,False,False
diagonal_kris,1,0.0,1,1,1,1,1.0,1.0,4.4191537909710793e-07,-3.4620422784657934e-18,1.0,0.0,0.0,False,False,False
dick_man_69,1,0.0,0,1,0,1,0.0,1.0,0.0,2.4239576082533597e-18,,,,False,False,False
difficult_price8011,2,0.0,1,2,1,2,1.0,2.0,0.0007750213715187502,1.6031427006922906e-05,1.0,0.0,0.0,False,False,False
digmother318,1,0.0,0,1,0,1,0.0,1.0,0.0,1.217901825657223e-19,,,,False,False,False
dillysdirtcircus,1,0.0,1,1,1,1,1.0,1.0,0.0,4.0697174706389296e-05,1.0,0.0,0.0,False,False,False
dimitriskas,1,0.0,0,1,0,1,0.0,1.0,0.0,-1.0679652599623468e-18,,,,False,False,False
dingushanglebort,1,0.0,0,1,0,1,0.0,1.0,0.0,6.137571530389475e-19,,,,False,False,False
dinmammapizza,1,0.0,0,1,0,1,0.0,1.0,0.0,1.4037986893470513e-18,,,,False,False,False
dinokickflip,2,0.0,2,2,2,2,2.0,2.0,0.002701875537970598,7.380968037036508e-07,2.0,0.0,0.0,True,False,False
dinopraso,5,0.0,4,5,4,5,4.0,5.0,0.003096599264751012,4.01551777996992e-05,4.0,0.0,0.0,True,False,False
dio_adorno,1,0.0,1,1,1,1,1.0,1.0,7.718788621562819e-05,-6.489599565267003e-19,1.0,0.0,0.0,False,False,False
diodon,1,0.0,1,1,1,1,1.0,1.0,8.838307581942159e-07,2.5664191298394962e-18,1.0,0.0,0.0,False,False,False
dipropyltryptamanic,1,0.0,1,1,1,1,1.0,1.0,2.946102527314053e-07,3.5879139404297774e-18,1.0,0.0,0.0,False,False,False
direct_customer_757,1,1.0,1,1,1,1,1.0,1.0,4.4191537909710793e-07,2.9884069007227644e-18,1.0,0.0,0.0,False,False,False
dirtman34,1,0.0,0,1,0,1,0.0,1.0,0.0,-2.679603517565144e-18,,,,False,False,False
disastrous-end-1290,1,0.0,0,1,0,1,0.0,1.0,0.0,-4.1831490194115604e-19,,,,False,False,False
discordiuum,1,0.0,0,1,0,1,0.0,1.0,0.0,4.877923191642586e-19,,,,False,False,False
dismal-pie7437,2,0.0,2,2,2,2,2.0,2.0,0.00015496499293671918,-6.165953690450383e-18,2.0,0.0,0.0,True,False,False
disregardable,3,0.0,2,3,2,3,2.0,3.0,0.0011416147293341955,3.1669257879019025e-08,2.0,0.0,0.0,True,False,False
distinct-office-609,1,0.0,0,1,0,1,0.0,1.0,0.0,2.104576134659325e-18,,,,False,False,False
divinity566,1,0.0,0,1,0,1,0.0,1.0,0.0,1.8942186955177846e-18,,,,False,False,False
dmknght,1,0.0,0,1,0,1,0.0,1.0,0.0,-3.3071532985298325e-19,,,,False,False,False
docmisterio,3,0.0,18,3,18,3,18.0,3.0,0.0006356338956952035,0.00010561905958040777,18.0,0.0,0.0,True,False,True
docsauce13,1,0.0,0,1,0,1,0.0,1.0,0.0,-8.796432925578394e-19,,,,False,False,False
doge6654533,8,0.125,1,1,1,1,7.0,8.0,0.0,5.605958488634849e-19,7.0,0.0,0.0,False,False,False
donat_dace,5,0.2,9,4,9,4,11.0,4.0,0.01590139198434243,2.0214097439284827e-05,11.0,0.0,0.0,True,False,True
dondodonpompadon,1,0.0,1,1,1,1,1.0,1.0,0.015291990676567519,8.481613543741662e-05,1.0,0.0,0.0,False,False,False
dontbesorrybeashamed,2,0.5,50,2,50,2,51.0,2.0,0.00035795145706865746,5.7462704951459715e-05,51.0,0.0,0.0,True,False,True
doodle_donkey,1,1.0,1,1,1,1,1.0,1.0,2.946102527314053e-07,-1.0381843844586642e-17,1.0,0.0,0.0,False,False,False
doodlemonkey,1,1.0,1,1,1,1,1.0,1.0,1.3257461372913239e-06,-1.6178105210326394e-18,1.0,0.0,0.0,False,False,False
doodletrees,1,0.0,1,1,1,1,1.0,1.0,0.0,1.796203008852009e-18,1.0,0.0,0.0,False,False,False
doombonerdude69,3,0.0,1,3,1,3,1.0,3.0,0.0015193050733358572,7.982267129386136e-06,1.0,0.0,0.0,False,False,False
doomlord01,1,0.0,0,1,0,1,0.0,1.0,0.0,2.97815500400816e-18,,,,False,False,False
doschy,1,1.0,0,1,0,1,0.0,1.0,0.0,-1.1183437869809638e-18,,,,False,False,False
double-fox586,2,0.0,1,1,1,1,1.0,2.0,0.0,4.119846804525846e-05,1.0,0.0,0.0,False,False,False
doubtersinshambles,1,0.0,0,1,0,1,0.0,1.0,0.0,5.507713627222259e-19,,,,False,False,False
doughnutsignificant9,2,0.0,1,1,1,1,1.0,2.0,0.0,1.4341585270463967e-08,1.0,0.0,0.0,False,False,False
dqvdqv,1,0.0,0,1,0,1,0.0,1.0,0.0,8.886212155372435e-20,,,,False,False,False
dr0pmic,1,0.0,2,1,2,1,2.0,1.0,3.6826281591425664e-07,5.5708297552824154e-18,2.0,0.0,0.0,True,False,False
dr_enacramore,1,0.0,0,1,0,1,0.0,1.0,0.0,9.6432599031482e-19,,,,False,False,False
dr_latency345,2,0.5,2,2,2,2,2.0,2.0,1.1784410109256212e-06,2.4774451696116624e-18,2.0,0.0,0.0,True,False,False
drabbitzgo,2,0.0,1,1,1,1,1.0,2.0,0.0,0.02441262386608169,1.0,0.0,0.0,False,False,False
draconic_legends,1,0.0,0,1,0,1,0.0,1.0,0.0,8.468785412278671e-19,,,,False,False,False
drago_uchiha,1,0.0,0,1,0,1,0.0,1.0,0.0,-1.1741374399309562e-18,,,,False,False,False
dragon6x_games,2,0.5,1,2,1,2,1.0,2.0,0.013391214427653262,0.0013211713448891419,1.0,0.0,0.0,False,False,False
dragons4laifu,1,0.0,1,1,1,1,1.0,1.0,1.4730512636570266e-06,-9.529549667572206e-18,1.0,0.0,0.0,False,False,False
drahkir9,1,0.0,0,1,0,1,0.0,1.0,0.0,9.196103918904498e-19,,,,False,False,False
drakonia127,1,0.0,1,1,1,1,1.0,1.0,7.7777106721091e-05,2.002847009656028e-18,1.0,0.0,0.0,False,False,False
drallyphd,1,0.0,0,1,0,1,0.0,1.0,0.0,2.698899925175178e-18,,,,False,False,False
dreamcoregames,1,0.0,0,1,0,1,0.0,1.0,0.0,-2.3111218728226795e-18,,,,False,False,False
dreamfinderepcot16,3,0.0,0,2,0,2,0.0,2.0,0.0,-4.503057194192738e-19,,,,False,False,False
dreamingoracle,1,1.0,1,1,1,1,1.0,1.0,0.0,7.677585342600119e-06,1.0,0.0,0.0,False,False,False
dreyeon,1,0.0,0,1,0,1,0.0,1.0,0.0,2.509354323947831e-18,,,,False,False,False
dry-cartographer-312,1,0.0,1,1,1,1,1.0,1.0,0.0,2.887497915362025e-06,1.0,0.0,0.0,False,False,False
dry-patient-2781,1,0.0,0,1,0,1,0.0,1.0,0.0,-3.0787452665247496e-18,,,,False,False,False
dry-resist-2594,1,0.0,0,1,0,1,0.0,1.0,0.0,1.5614428754675887e-19,,,,False,False,False
dshadow456,1,0.0,0,1,0,1,0.0,1.0,0.0,1.6815926088736658e-18,,,,False,False,False
dsjaha,1,0.0,0,1,0,1,0.0,1.0,0.0,-2.1813059526776724e-18,,,,False,False,False
duckymuk123,1,0.0,3,1,3,1,3.0,1.0,2.504187148216945e-06,4.827792996978305e-18,3.0,0.0,0.0,True,False,False
dudleydraws,5,0.0,1,1,1,1,3.0,5.0,0.0,0.020913809951986766,3.0,0.0,0.0,False,False,False
due_painting238,1,0.0,0,1,0,1,0.0,1.0,0.0,2.0539479788571726e-18,,,,False,False,False
dull_understanding_6,1,0.0,0,1,0,1,0.0,1.0,0.0,-1.293729402789722e-19,,,,False,False,False
dulledegde,1,1.0,0,1,0,1,0.0,1.0,0.0,-8.512001233744376e-19,,,,False,False,False
dumb_siniy,3,0.3333333333333333,3,3,3,3,3.0,3.0,0.014412425337052216,0.03341160272624325,3.0,0.0,0.0,True,False,False
dumpylump69,3,0.3333333333333333,5,2,5,2,5.0,2.0,0.0009473315430850308,4.0909801010472866e-05,5.0,0.0,0.0,True,False,True
dunkanbulk,1,0.0,0,1,0,1,0.0,1.0,0.0,-2.9400806605689797e-18,,,,False,False,False
dynmads,14,0.1428571428571428,4,7,4,7,10.0,14.0,0.006087325425012122,5.366747845424708e-05,10.0,0.0,0.0,True,False,True
eagleno2222,1,0.0,0,1,0,1,0.0,1.0,0.0,3.858309075688869e-19,,,,False,False,False
earthboundskyfree,1,0.0,0,1,0,1,0.0,1.0,0.0,7.366785700364832e-19,,,,False,False,False
earthly-echo,1,0.0,1,1,1,1,1.0,1.0,0.0,4.552172848420652e-19,1.0,0.0,0.0,False,False,False
eastern_practice_668,1,1.0,6,1,6,1,8.0,1.0,0.0001614464184968101,3.4349897229504827e-06,8.0,0.0,0.0,True,False,False
eatmydick99,1,0.0,0,1,0,1,0.0,1.0,0.0,-3.843547478353695e-19,,,,False,False,False
eazy_soulz,1,0.0,0,1,0,1,0.0,1.0,0.0,6.470474662320487e-20,,,,False,False,False
echon07,1,0.0,0,1,0,1,0.0,1.0,0.0,-2.065613978054943e-18,,,,False,False,False
ecstatic-sun-7528,1,0.0,0,1,0,1,0.0,1.0,0.0,2.6101294484938697e-18,,,,False,False,False
educational-one-4576,1,0.0,0,1,0,1,0.0,1.0,0.0,1.214041057564523e-18,,,,False,False,False
educational-sun5839,2,0.0,0,2,0,2,0.0,2.0,0.0,-2.498172036886831e-19,,,,False,False,False
educational_camel124,1,0.0,0,1,0,1,0.0,1.0,0.0,-2.4099985911011624e-18,,,,False,False,False
educational_tart_659,1,1.0,0,1,0,1,0.0,1.0,0.0,-1.4937737624918343e-18,,,,False,False,False
edweard,1,0.0,0,1,0,1,0.0,1.0,0.0,-7.037642167250112e-19,,,,False,False,False
effective_scholar_90,1,0.0,0,1,0,1,0.0,1.0,0.0,-1.709252900026785e-18,,,,False,False,False
efficient-classic943,1,0.0,1,1,1,1,1.0,1.0,1.4730512636570265e-07,-9.139979070481083e-19,1.0,0.0,0.0,False,False,False
efficient-custard-72,1,0.0,0,1,0,1,0.0,1.0,0.0,3.0366446935281846e-19,,,,False,False,False
efficient-material41,1,0.0,1,1,1,1,1.0,1.0,0.0,0.09671790315966924,1.0,0.0,0.0,False,False,False
efficient-speed-1059,1,0.0,0,1,0,1,0.0,1.0,0.0,6.202154115097156e-19,,,,False,False,False
efficient_ad_8480,1,0.0,0,1,0,1,0.0,1.0,0.0,2.298457794104602e-18,,,,False,False,False
efficient_ant_7279,1,0.0,0,1,0,1,0.0,1.0,0.0,2.215497258475467e-18,,,,False,False,False
ehwthn,2,0.0,2,2,2,2,2.0,2.0,0.001191835957083141,0.0008982312615164849,2.0,0.0,0.0,True,False,False
eightfoldabyss,3,0.0,2,2,2,2,2.0,3.0,0.0,1.2442677269980765e-05,2.0,0.0,0.0,True,False,False
einherjarx,3,0.0,1,2,1,2,2.0,3.0,4.4191537909710793e-07,-2.706807938357095e-18,2.0,0.0,0.0,False,False,False
einsink,1,0.0,2,1,2,1,2.0,1.0,2.062271769119837e-06,-5.0909740638675144e-18,2.0,0.0,0.0,True,False,False
eisenblume,1,0.0,0,1,0,1,0.0,1.0,0.0,1.4042353204679287e-18,,,,False,False,False
eivaan,1,0.0,0,1,0,1,0.0,1.0,0.0,-1.785513365919549e-18,,,,False,False,False
ejjisa707,2,0.0,0,2,0,2,0.0,2.0,0.0,-1.9447615014073072e-18,,,,False,False,False
ekmanch,1,0.0,0,1,0,1,0.0,1.0,0.0,1.4799007902382143e-18,,,,False,False,False
eksposivo23,1,0.0,0,1,0,1,0.0,1.0,0.0,8.951515312283734e-19,,,,False,False,False
el-zengy-el-mo3geza,12,0.1666666666666666,79,7,79,7,87.0,11.0,0.017997766526939567,0.0019732704264717664,87.0,0.0,0.0,True,False,True
el_mr64,1,0.0,0,1,0,1,0.0,1.0,0.0,2.9583046800612545e-18,,,,False,False,False
el_sanafiry,1,0.0,0,1,0,1,0.0,1.0,0.0,-1.7939993640137877e-19,,,,False,False,False
elcuervo32,2,0.0,0,2,0,2,0.0,2.0,0.0,-2.1767033671207096e-18,,,,False,False,False
elderbug_the_mighty,1,0.0,0,1,0,1,0.0,1.0,0.0,-5.590209627372426e-19,,,,False,False,False
electric-molasses,2,0.0,1,1,1,1,1.0,2.0,0.0,-2.9688203313455848e-18,1.0,0.0,0.0,False,False,False
electricalpizza7027,2,0.0,2,2,2,2,2.0,2.0,1.7676615163884317e-06,-6.93973498820782e-18,2.0,0.0,0.0,True,False,False
electronic_job0,1,0.0,0,1,0,1,0.0,1.0,0.0,-4.386219464734489e-19,,,,False,False,False
electroshockgamer,1,0.0,1,1,1,1,1.0,1.0,0.0,7.266563604884154e-18,1.0,0.0,0.0,False,False,False
eleganos,2,0.5,5,2,5,2,5.0,2.0,0.0036081163160559147,3.713031386128329e-06,5.0,0.0,0.0,True,False,True
elgunthee,3,0.0,1,1,1,1,2.0,2.0,0.0,-8.464426079565259e-18,2.0,0.0,0.0,False,False,False
eliot064,1,0.0,1,1,1,1,1.0,1.0,7.983937849021083e-05,4.2308593195066235e-18,1.0,0.0,0.0,False,False,False
elisabetsobeck,2,0.5,0,2,0,2,0.0,2.0,0.0,2.0283297597651396e-18,,,,False,False,False
elkbowy,1,0.0,0,1,0,1,0.0,1.0,0.0,8.339441685650982e-19,,,,False,False,False
elkkitchen9062,1,0.0,0,1,0,1,0.0,1.0,0.0,2.503711085317388e-18,,,,False,False,False
elpelopolla,1,0.0,1,1,1,1,1.0,1.0,0.00015437577243125638,-3.5070339326125905e-18,1.0,0.0,0.0,False,False,False
eltioenroca,4,0.0,1,2,1,2,3.0,4.0,0.0004747644222766596,-7.682257493002162e-18,3.0,0.0,0.0,False,False,False
embarrassed-bowl-230,1,0.0,0,1,0,1,0.0,1.0,0.0,1.5434062463140041e-18,,,,False,False,False
embarrassed_rough311,1,0.0,0,1,0,1,0.0,1.0,0.0,4.582550769779416e-19,,,,False,False,False
emmafrostie,1,0.0,0,1,0,1,0.0,1.0,0.0,-2.525598207650972e-18,,,,False,False,False
emmaj95,1,0.0,1,1,1,1,1.0,1.0,0.0,0.020875973174328454,1.0,0.0,0.0,False,False,False
emotional_you_5269,3,0.3333333333333333,2,2,2,2,3.0,3.0,0.0001667494030459754,0.020878175686412877,3.0,0.0,0.0,True,False,False
empspange,1,0.0,4,1,4,1,4.0,1.0,0.00023973909316018114,2.5942926155441328e-18,4.0,0.0,0.0,True,False,False
empty-contest-559,10,0.1,5,7,5,7,7.0,10.0,0.0021192788530233642,0.00020725087028724372,7.0,0.0,0.0,True,False,True
en--__--passant,2,0.0,1,2,1,2,1.0,2.0,4.4191537909710793e-07,7.589254069768954e-19,1.0,0.0,0.0,False,False,False
ender401,3,0.0,3,3,3,3,3.0,3.0,0.00016910628506782663,1.5503326204621066e-08,3.0,0.0,0.0,True,False,False
engineeringbrave5564,1,0.0,0,1,0,1,0.0,1.0,0.0,-2.0191386292230106e-18,,,,False,False,False
enragedjuror,1,0.0,0,1,0,1,0.0,1.0,0.0,7.710265978279079e-19,,,,False,False,False
enryu-x,1,0.0,0,1,0,1,0.0,1.0,0.0,-2.7385554228978452e-18,,,,False,False,False
entertainmentfast522,1,0.0,0,1,0,1,0.0,1.0,0.0,1.3873768694541177e-18,,,,False,False,False
entertainmenttrick58,1,1.0,0,1,0,1,0.0,1.0,0.0,3.034825357376941e-18,,,,False,False,False
ephemerallia,1,1.0,0,1,0,1,0.0,1.0,0.0,1.7273951832057483e-18,,,,False,False,False
equivalent-wooden,1,0.0,0,1,0,1,0.0,1.0,0.0,-5.191367637627666e-20,,,,False,False,False
equivalent_bank_5845,1,0.0,0,1,0,1,0.0,1.0,0.0,-2.8015386719270284e-19,,,,False,False,False
eravar1,2,0.0,1,2,1,2,1.0,2.0,0.00023112174326778747,-7.4825906528465e-18,1.0,0.0,0.0,False,False,False
erik_nimblehands,4,0.0,2,3,2,3,2.0,4.0,0.0033426187002829123,4.243525073025392e-05,2.0,0.0,0.0,True,False,False
erl-x,2,0.0,2,2,2,2,3.0,2.0,4.4191537909710793e-07,2.30559134126232e-19,3.0,0.0,0.0,True,False,False
eronamanthiuser,1,0.0,0,1,0,1,0.0,1.0,0.0,1.5525867737634537e-18,,,,False,False,False
ertai_87,1,0.0,0,1,0,1,0.0,1.0,0.0,-8.836403562857077e-19,,,,False,False,False
establishmentsad7567,1,0.0,0,1,0,1,0.0,1.0,0.0,2.518736067979068e-18,,,,False,False,False
ester1sk,2,0.0,2,2,2,2,2.0,2.0,0.0007998054590297798,0.0013202820457828641,2.0,0.0,0.0,True,False,False
esther_fpqc,1,0.0,1,1,1,1,1.0,1.0,2.946102527314053e-07,-4.675427602047295e-19,1.0,0.0,0.0,False,False,False
estrangedkayote,2,0.0,1,2,1,2,1.0,2.0,7.7777106721091e-05,5.7138298377631154e-18,1.0,0.0,0.0,False,False,False
eternal_being,1,0.0,0,1,0,1,0.0,1.0,0.0,1.926077816012408e-18,,,,False,False,False
ethereal-shroom,1,0.0,0,1,0,1,0.0,1.0,0.0,2.4793907178216087e-18,,,,False,False,False
euphoric-fill-5295,1,0.0,0,1,0,1,0.0,1.0,0.0,-2.1735301036813273e-18,,,,False,False,False
evil_jambino,1,0.0,0,1,0,1,0.0,1.0,0.0,-8.648427272618354e-20,,,,False,False,False
eviloverlord1989,1,1.0,0,1,0,1,0.0,1.0,0.0,-8.970914985116794e-19,,,,False,False,False
evilsj,1,0.0,0,1,0,1,0.0,1.0,0.0,1.9569371818156372e-18,,,,False,False,False
exciting-wave-3204,11,0.0909090909090909,10,8,10,8,14.0,10.0,0.001994585063554797,1.030627166032753e-09,14.0,0.0,0.0,True,False,True
exciting_car1863,1,0.0,1,1,1,1,1.0,1.0,0.0,0.02106538714622961,1.0,0.0,0.0,False,False,False
excitinghistory,1,0.0,0,1,0,1,0.0,1.0,0.0,-2.1393004787749982e-18,,,,False,False,False
exeledus,3,0.0,2,3,2,3,4.0,3.0,4.4191537909710793e-07,7.95701417371315e-18,4.0,0.0,0.0,True,False,False
expandingfladgelie,1,0.0,0,1,0,1,0.0,1.0,0.0,-9.77076518428652e-19,,,,False,False,False
expensive_outcome259,1,0.0,2,1,2,1,2.0,1.0,0.000306173705151113,8.488808377157143e-05,2.0,0.0,0.0,True,False,False
expert-hold-8073,1,0.0,0,1,0,1,0.0,1.0,0.0,1.280463795067934e-18,,,,False,False,False
expressfan7426,1,0.0,0,1,0,1,0.0,1.0,0.0,2.9905061911451036e-18,,,,False,False,False
extensionawkward546,1,0.0,0,1,0,1,0.0,1.0,0.0,-2.238377327817022e-18,,,,False,False,False
eyecsharp,1,0.0,1,1,1,1,1.0,1.0,0.0,9.766858623884942e-18,1.0,0.0,0.0,False,False,False
ez_ildor,1,0.0,0,1,0,1,0.0,1.0,0.0,-2.5403983746203855e-18,,,,False,False,False
f-d-l,1,0.0,2,1,2,1,2.0,1.0,1.1784410109256212e-06,-4.599881146993169e-18,2.0,0.0,0.0,True,False,False
f14min6l377uc3,1,0.0,0,1,0,1,0.0,1.0,0.0,2.7110584047821584e-18,,,,False,False,False
fabiuzz69,1,0.0,8,1,8,1,9.0,1.0,0.0004373489201797712,0.10128637092946355,9.0,0.0,0.0,True,False,True
fabulous-spot-8040,1,0.0,0,1,0,1,0.0,1.0,0.0,1.4241316905799769e-18,,,,False,False,False
fabulous_owl_1791,1,0.0,0,1,0,1,0.0,1.0,0.0,-6.723779367048775e-19,,,,False,False,False
facetimepolice,1,0.0,0,1,0,1,0.0,1.0,0.0,-9.78547793598028e-19,,,,False,False,False
factually_accurate_1,1,0.0,0,1,0,1,0.0,1.0,0.0,-6.971516454358174e-19,,,,False,False,False
fade2black244,1,0.0,0,1,0,1,0.0,1.0,0.0,-1.6652760124834011e-18,,,,False,False,False
fade_nb,1,0.0,0,1,0,1,0.0,1.0,0.0,-2.0877393763348897e-18,,,,False,False,False
failbender,1,0.0,0,1,0,1,0.0,1.0,0.0,3.94905570698314e-19,,,,False,False,False
fair_ad7252,3,0.3333333333333333,1,2,1,2,2.0,3.0,0.0,3.9550518822900355e-18,2.0,0.0,0.0,False,False,False
fakedavinci,1,0.0,0,1,0,1,0.0,1.0,0.0,1.9196942519868664e-18,,,,False,False,False
falconpunch1989,2,0.0,5,2,5,2,6.0,2.0,0.0003392437060202132,-7.24876337660111e-17,6.0,0.0,0.0,True,False,True
fallinghoglin,1,0.0,0,1,0,1,0.0,1.0,0.0,1.8001145071770866e-18,,,,False,False,False
false-temporary-5592,1,0.0,1,1,1,1,1.0,1.0,0.0,1.9760702528919936e-05,1.0,0.0,0.0,False,False,False
falzum,1,0.0,0,1,0,1,0.0,1.0,0.0,-1.0240300459491333e-18,,,,False,False,False
fancy_chips,2,0.0,0,2,0,2,0.0,2.0,0.0,-2.7190132893243098e-18,,,,False,False,False
fancy_giraffe_7897,1,1.0,0,1,0,1,0.0,1.0,0.0,-1.6458282142206403e-18,,,,False,False,False
fandal0,1,0.0,0,1,0,1,0.0,1.0,0.0,-1.2974822588036752e-18,,,,False,False,False
fantasma_s_m,1,0.0,0,1,0,1,0.0,1.0,0.0,1.852824947563122e-18,,,,False,False,False
fantastic-bear-5615,1,0.0,1,1,1,1,1.0,1.0,0.0,1.7462423027630442e-06,1.0,0.0,0.0,False,False,False
fantastic-newspaper3,1,0.0,0,1,0,1,0.0,1.0,0.0,2.5627584784718563e-18,,,,False,False,False
far-guidance7724,1,0.0,1,1,1,1,1.0,1.0,0.0,1.0691996397516123e-18,1.0,0.0,0.0,False,False,False
far_asparagus817,2,0.0,5,2,5,2,6.0,2.0,0.001034892165282244,0.0009358731578632685,6.0,0.0,0.0,True,False,True
far_young_2666,2,0.0,1,1,1,1,2.0,2.0,0.0,-1.4304557972236424e-18,2.0,0.0,0.0,False,False,False
farad4y,2,0.0,2,2,2,2,2.0,2.0,0.0007188490166646289,-4.692636756368833e-18,2.0,0.0,0.0,True,False,False
farmiddleprogressive,1,0.0,1,1,1,1,1.0,1.0,2.3568820218512424e-06,-4.757333286862964e-18,1.0,0.0,0.0,False,False,False
fast-question9376,1,0.0,0,1,0,1,0.0,1.0,0.0,-1.784295866054506e-18,,,,False,False,False
faultyvoodoo,1,0.0,0,1,0,1,0.0,1.0,0.0,-1.701170378203247e-19,,,,False,False,False
fazz100,1,0.0,0,1,0,1,0.0,1.0,0.0,-2.0696316133837246e-18,,,,False,False,False
fdy_12,1,0.0,0,1,0,1,0.0,1.0,0.0,-2.419409583134179e-18,,,,False,False,False
fearless-ad4744,2,0.0,2,2,2,2,2.0,2.0,0.00023775047395424408,1.8211677021687554e-06,2.0,0.0,0.0,True,False,False
fearless_ad4454,1,0.0,0,1,0,1,0.0,1.0,0.0,2.0895775918683916e-18,,,,False,False,False
federalwarthog5542,1,1.0,0,1,0,1,0.0,1.0,0.0,1.931895149155729e-18,,,,False,False,False
feederpiet,1,0.0,0,1,0,1,0.0,1.0,0.0,2.585560204200452e-18,,,,False,False,False
femboy_enjoyer_,2,0.0,1,1,1,1,2.0,2.0,0.0,-1.4236729326360637e-18,2.0,0.0,0.0,False,False,False
femmesme,1,0.0,0,1,0,1,0.0,1.0,0.0,-2.3754488688139676e-18,,,,False,False,False
fevergrow,1,0.0,0,1,0,1,0.0,1.0,0.0,-2.789416511942361e-19,,,,False,False,False
few_transition_1771,1,0.0,16,1,16,1,17.0,1.0,0.00016350869026592995,0.006644924320429123,17.0,0.0,0.0,True,False,False
ffxivfanboi,1,0.0,0,1,0,1,0.0,1.0,0.0,2.7018805150187046e-18,,,,False,False,False
fiddlefriend,2,0.5,0,1,0,1,0.0,1.0,0.0,5.677966261335351e-19,,,,False,False,False
figpuckers,1,0.0,0,1,0,1,0.0,1.0,0.0,-2.5214847890942352e-18,,,,False,False,False
final_ad2869,1,0.0,0,1,0,1,0.0,1.0,0.0,-9.670525664178898e-19,,,,False,False,False
finallancer,4,0.0,13,4,13,4,14.0,4.0,0.0038517052170027807,0.0002046751128114504,14.0,0.0,0.0,True,False,True
fine-investigator699,1,0.0,0,1,0,1,0.0,1.0,0.0,-6.829036576934207e-19,,,,False,False,False
finitoylargo,1,0.0,0,1,0,1,0.0,1.0,0.0,1.6330517406908584e-18,,,,False,False,False
fireball_q2,1,0.0,0,1,0,1,0.0,1.0,0.0,1.969337364028753e-18,,,,False,False,False
fireflyswarm,1,0.0,1,1,1,1,1.0,1.0,0.0,5.882366687301276e-19,1.0,0.0,0.0,False,False,False
fireresistant,1,0.0,0,1,0,1,0.0,1.0,0.0,2.523229388917545e-18,,,,False,False,False
firewolf_ufficiale,1,0.0,0,1,0,1,0.0,1.0,0.0,2.202460783400932e-18,,,,False,False,False
firewood010,1,0.0,0,1,0,1,0.0,1.0,0.0,-7.9445900702463e-19,,,,False,False,False
fishthatdreamsofsalt,2,0.0,2,2,2,2,2.0,2.0,0.015570231354859417,0.006646215842930926,2.0,0.0,0.0,True,False,False
fit_significance_372,1,0.0,0,1,0,1,0.0,1.0,0.0,-3.035172927050544e-18,,,,False,False,False
fizzys_solution,1,0.0,0,1,0,1,0.0,1.0,0.0,2.9190824983401987e-18,,,,False,False,False
flacoferrando,6,0.3333333333333333,1,1,1,1,5.0,6.0,0.0,-2.2721306815463458e-17,5.0,0.0,0.0,False,False,False
flagelant_one,1,0.0,0,1,0,1,0.0,1.0,0.0,-3.9023870501657035e-19,,,,False,False,False
flame_dragon725,1,0.0,0,1,0,1,0.0,1.0,0.0,-2.274093738840535e-18,,,,False,False,False
flamescales29,3,0.0,3,2,3,2,3.0,3.0,0.0005997159957163669,1.976070252891842e-05,3.0,0.0,0.0,True,False,False
flashjamer,7,0.1428571428571428,68,7,68,7,70.0,7.0,0.026392898569501153,9.940716223006832e-05,70.0,0.0,0.0,True,False,True
flingsmashswit2,1,0.0,0,1,0,1,0.0,1.0,0.0,3.365894502973464e-19,,,,False,False,False
flipyousucket,1,1.0,0,1,0,1,0.0,1.0,0.0,-2.668786035762951e-18,,,,False,False,False
flourishingblots,1,0.0,1,1,1,1,1.0,1.0,3.5353230327768634e-06,8.555920097105556e-18,1.0,0.0,0.0,False,False,False
fluffymuffineater,1,0.0,0,1,0,1,0.0,1.0,0.0,-1.1469532005407359e-18,,,,False,False,False
fluxchar,1,0.0,0,1,0,1,0.0,1.0,0.0,8.912011602702098e-19,,,,False,False,False
fly_guy25,1,0.0,1,1,1,1,1.0,1.0,0.0,4.157691973718769e-18,1.0,0.0,0.0,False,False,False
flying-houdini,1,1.0,0,1,0,1,0.0,1.0,0.0,1.6501801103734408e-18,,,,False,False,False
flyingfish222,1,0.0,0,1,0,1,0.0,1.0,0.0,1.7630174713421525e-19,,,,False,False,False
foolofagamgee,2,0.0,1,2,1,2,1.0,2.0,1.964068351542702e-07,-3.763169059692508e-18,1.0,0.0,0.0,False,False,False
foreveryoung1108,1,0.0,1,1,1,1,1.0,1.0,1.4730512636570265e-07,-1.179387297535128e-18,1.0,0.0,0.0,False,False,False
forhardminer,1,0.0,0,1,0,1,0.0,1.0,0.0,-2.4539407396944204e-18,,,,False,False,False
forikorder,1,0.0,0,1,0,1,0.0,1.0,0.0,2.0965171629591762e-18,,,,False,False,False
forrest_hunt,2,0.0,1,2,1,2,1.0,2.0,7.718788621562819e-05,2.346739381795963e-18,1.0,0.0,0.0,False,False,False
fortune_silver,1,0.0,0,1,0,1,0.0,1.0,0.0,-2.3913989875732987e-18,,,,False,False,False
four_foxes,1,1.0,0,1,0,1,0.0,1.0,0.0,-1.0063806183858272e-18,,,,False,False,False
foxstens,1,0.0,0,1,0,1,0.0,1.0,0.0,2.8939628260172324e-19,,,,False,False,False
foxxof9,1,0.0,0,1,0,1,0.0,1.0,0.0,-8.941746873915545e-19,,,,False,False,False
foxy_draws_,1,0.0,1,1,1,1,1.0,1.0,0.0,0.09671790315966923,1.0,0.0,0.0,False,False,False
frankiethed,1,0.0,1,1,1,1,1.0,1.0,7.718788621562819e-05,4.781887985931948e-19,1.0,0.0,0.0,False,False,False
franklesby,3,0.0,2,2,2,2,2.0,2.0,0.00023775047395424408,5.198053073400983e-06,2.0,0.0,0.0,True,False,False
franklynotthatsmart,1,0.0,0,1,0,1,0.0,1.0,0.0,-9.280480300079827e-19,,,,False,False,False
fraytrain999,1,0.0,0,1,0,1,0.0,1.0,0.0,1.5306710648403814e-18,,,,False,False,False
frazzleflib,2,0.0,1,2,1,2,2.0,2.0,7.718788621562819e-05,-3.6160717355404276e-18,2.0,0.0,0.0,False,False,False
free_pangolin_3750,2,0.0,2,2,2,2,3.0,2.0,0.00024270507018867143,1.4276848238845634e-17,3.0,0.0,0.0,True,False,False
frelin87,1,0.0,0,1,0,1,0.0,1.0,0.0,-1.1467104981166954e-18,,,,False,False,False
frenzied_anarchist,1,0.0,0,1,0,1,0.0,1.0,0.0,2.0472823875386358e-19,,,,False,False,False
freundmaximus,1,0.0,3,1,3,1,3.0,1.0,0.00015408116217852498,3.603415245390401e-07,3.0,0.0,0.0,True,False,False
friendlysympathy3478,3,0.0,2,2,2,2,2.0,3.0,7.748249646835959e-05,-4.624341234504675e-18,2.0,0.0,0.0,True,False,False
fringeytclluvu,1,0.0,0,1,0,1,0.0,1.0,0.0,-1.775423226496851e-18,,,,False,False,False
froggiesmokinweed,1,1.0,0,1,0,1,0.0,1.0,0.0,2.5223941240578957e-19,,,,False,False,False
frontindividual4188,1,0.0,2,1,2,1,2.0,1.0,6.574718806789195e-05,5.355055286386507e-06,2.0,0.0,0.0,True,False,False
frostieesnow,1,0.0,1,1,1,1,1.0,1.0,0.0,1.6447225607351322e-17,1.0,0.0,0.0,False,False,False
frosty_sweet_6678,1,1.0,0,1,0,1,0.0,1.0,0.0,-1.2966432733425278e-18,,,,False,False,False
frostythesnowpickle,1,0.0,0,1,0,1,0.0,1.0,0.0,-2.5446180978709176e-18,,,,False,False,False
fudgedhobnobs,2,0.0,1,2,1,2,1.0,2.0,7.748249646835959e-05,-6.7358367705108236e-18,1.0,0.0,0.0,False,False,False
funboyherethere_,2,0.5,3,2,3,2,3.0,2.0,0.00046798838646383735,7.817139166183413e-18,3.0,0.0,0.0,True,False,False
funkymonk04,1,0.0,0,1,0,1,0.0,1.0,0.0,-2.456877669866391e-18,,,,False,False,False
fuocomega_7,2,0.0,1,2,1,2,2.0,2.0,7.645136058379968e-05,-3.465266183150991e-18,2.0,0.0,0.0,False,False,False
furthestpoint,1,0.0,1,1,1,1,1.0,1.0,0.0,-1.8497166185022814e-18,1.0,0.0,0.0,False,False,False
future_living8007,2,0.5,0,2,0,2,0.0,2.0,0.0,2.6790238535509855e-18,,,,False,False,False
futurecautious8923,1,0.0,1,1,1,1,1.0,1.0,0.0,0.09671790315966931,1.0,0.0,0.0,False,False,False
fvinii,1,0.0,0,1,0,1,0.0,1.0,0.0,1.1933018906275143e-18,,,,False,False,False
fvucy,1,0.0,0,1,0,1,0.0,1.0,0.0,5.711432313967154e-19,,,,False,False,False
fyru_hawk,1,0.0,0,1,0,1,0.0,1.0,0.0,1.1423666808563492e-19,,,,False,False,False
g00fyg33k,1,0.0,0,1,0,1,0.0,1.0,0.0,2.2919202675820034e-18,,,,False,False,False
g_hunter,1,0.0,1,1,1,1,1.0,1.0,1.4730512636570265e-07,-5.0388456079536495e-18,1.0,0.0,0.0,False,False,False
gagamer06,1,0.0,0,1,0,1,0.0,1.0,0.0,1.2241733122858557e-18,,,,False,False,False
gakillthem,1,0.0,1,1,1,1,1.0,1.0,0.0,1.2458447478457095e-17,1.0,0.0,0.0,False,False,False
galactus1701,1,0.0,1,1,1,1,1.0,1.0,1.4730512636570265e-07,2.909829387641993e-18,1.0,0.0,0.0,False,False,False
galaxy1876,1,1.0,2,1,2,1,2.0,1.0,7.365256318285133e-07,-2.0022274240914346e-18,2.0,0.0,0.0,True,False,False
galmenz,1,0.0,0,1,0,1,0.0,1.0,0.0,-1.2143062772867453e-18,,,,False,False,False
gameknight22007,1,0.0,0,1,0,1,0.0,1.0,0.0,1.2667037616954887e-18,,,,False,False,False
gamer_48_666,2,0.0,1,1,1,1,2.0,2.0,0.0,0.020017106291137426,2.0,0.0,0.0,False,False,False
gamermanzendrelax,1,1.0,0,1,0,1,0.0,1.0,0.0,2.6115646223199046e-18,,,,False,False,False
gamern8,1,0.0,0,1,0,1,0.0,1.0,0.0,-1.6929049053485716e-18,,,,False,False,False
gammellamm,1,1.0,0,1,0,1,0.0,1.0,0.0,3.1283561916895362e-18,,,,False,False,False
garbage-at-life,1,0.0,1,1,1,1,1.0,1.0,0.0,1.2655497171772452e-17,1.0,0.0,0.0,False,False,False
gardinerexpressway,1,0.0,0,1,0,1,0.0,1.0,0.0,4.517473071880626e-19,,,,False,False,False
garmygarms,1,0.0,0,1,0,1,0.0,1.0,0.0,-1.6325207332781925e-18,,,,False,False,False
garper,2,0.0,1,1,1,1,3.0,2.0,0.0,-4.393432758127136e-19,3.0,0.0,0.0,False,False,False
gaymerguy47,3,0.0,1,2,1,2,1.0,2.0,4.4191537909710793e-07,1.87355993776688e-19,1.0,0.0,0.0,False,False,False
gearworks,2,0.0,1,1,1,1,1.0,2.0,0.0,-1.2161603538382242e-17,1.0,0.0,0.0,False,False,False
gen0s667,1,0.0,0,1,0,1,0.0,1.0,0.0,2.9938387514587977e-18,,,,False,False,False
generalpublicwc,11,0.2727272727272727,11,8,11,8,17.0,11.0,0.005832939292120306,7.2146032831527e-08,17.0,0.0,0.0,True,True,True
genericvessel,1,0.0,0,1,0,1,0.0,1.0,0.0,2.010942554518116e-18,,,,False,False,False
generoustrillionaire,3,0.0,1,1,1,1,3.0,3.0,0.0,-2.569475463134062e-17,3.0,0.0,0.0,False,False,False
gensolink,1,0.0,4,1,4,1,4.0,1.0,0.00023961633888820965,0.0005637814123436337,4.0,0.0,0.0,True,False,False
geometronics,2,0.0,0,2,0,2,0.0,2.0,0.0,-2.5322079973278653e-18,,,,False,False,False
germi5060,1,0.0,0,1,0,1,0.0,1.0,0.0,5.05788755183541e-19,,,,False,False,False
gfrohman,2,0.5,0,2,0,2,0.0,2.0,0.0,9.775275642861457e-20,,,,False,False,False
ghostb5,3,0.0,7,3,7,3,7.0,3.0,0.002859072203571756,0.0009536350961504917,7.0,0.0,0.0,True,False,True
gibmoneyforme,1,0.0,0,1,0,1,0.0,1.0,0.0,1.35134595442308e-18,,,,False,False,False
girlsdeadmonzter,1,0.0,0,1,0,1,0.0,1.0,0.0,-1.2582940357510881e-18,,,,False,False,False
girlsonsoysauce,1,1.0,0,1,0,1,0.0,1.0,0.0,2.457846715124076e-18,,,,False,False,False
girose,2,0.5,1,2,1,2,1.0,2.0,0.00010954591230729419,8.188687993807682e-18,1.0,0.0,0.0,False,False,False
gliesedragon,1,0.0,1,1,1,1,1.0,1.0,0.0,3.6202173374752335e-07,1.0,0.0,0.0,False,False,False
glitchplayz7172,1,0.0,0,1,0,1,0.0,1.0,0.0,3.05584584801888e-19,,,,False,False,False
glittering-whatever,1,0.0,0,1,0,1,0.0,1.0,0.0,-6.69220723221061e-19,,,,False,False,False
glitteringbandicoot2,2,0.0,0,2,0,2,0.0,2.0,0.0,2.187633837090473e-18,,,,False,False,False
global-photograph716,1,0.0,1,1,1,1,1.0,1.0,0.0,-5.42848034814409e-18,1.0,0.0,0.0,False,False,False
glueejoyer,1,0.0,1,1,1,1,1.0,1.0,7.718788621562819e-05,3.084141978450074e-18,1.0,0.0,0.0,False,False,False
godnoob666,1,0.0,1,1,1,1,1.0,1.0,7.718788621562819e-05,-3.624235115306755e-18,1.0,0.0,0.0,False,False,False
godspace__,1,0.0,0,1,0,1,0.0,1.0,0.0,8.34602077807235e-19,,,,False,False,False
goinglimpinthebrain,1,0.0,2,1,2,1,2.0,1.0,0.00015437577243125638,-5.4882608617550954e-18,2.0,0.0,0.0,True,False,False
golarion,2,0.0,1,2,1,2,1.0,2.0,7.733519134199389e-05,7.510722376156146e-19,1.0,0.0,0.0,False,False,False
goldenreddituser,1,0.0,3,1,3,1,3.0,1.0,2.3568820218512424e-06,-9.24079109003931e-18,3.0,0.0,0.0,True,False,False
golnor,5,0.0,3,5,3,5,3.0,5.0,0.0024516237689587834,4.0617277940963824e-05,3.0,0.0,0.0,True,False,False
gomugomunooooooo,1,0.0,1,1,1,1,1.0,1.0,0.0,7.211684922761241e-19,1.0,0.0,0.0,False,False,False
good-diver5047,1,0.0,2,1,2,1,2.0,1.0,5.892205054628106e-07,-1.3670217213237583e-18,2.0,0.0,0.0,True,False,False
goodtofufriday,1,0.0,0,1,0,1,0.0,1.0,0.0,-5.348960049457303e-19,,,,False,False,False
goodusernamefor,1,0.0,0,1,0,1,0.0,1.0,0.0,-7.18748030907006e-19,,,,False,False,False
goolguy21,1,0.0,1,1,1,1,1.0,1.0,0.0,4.018269483091062e-06,1.0,0.0,0.0,False,False,False
gorbfan19,1,0.0,1,1,1,1,1.0,1.0,1.4730512636570265e-07,-2.078645132947267e-18,1.0,0.0,0.0,False,False,False
gorillakilla40,1,0.0,0,1,0,1,0.0,1.0,0.0,-4.7132148790369734e-20,,,,False,False,False
gorudu,2,0.0,1,1,1,1,1.0,2.0,0.0,2.417086749305366e-07,1.0,0.0,0.0,False,False,False
gouletf,1,0.0,1,1,1,1,1.0,1.0,0.0,1.3029178240712886e-09,1.0,0.0,0.0,False,False,False
goutheincubus,1,0.0,0,1,0,1,0.0,1.0,0.0,-2.540246821778319e-19,,,,False,False,False
gr7me,1,0.0,0,1,0,1,0.0,1.0,0.0,-3.4946206298554026e-19,,,,False,False,False
grainnss,1,1.0,0,1,0,1,0.0,1.0,0.0,2.56933539205148e-18,,,,False,False,False
graveslayer726,1,0.0,0,1,0,1,0.0,1.0,0.0,-3.2298298836103787e-19,,,,False,False,False
gravitysuitsamus,1,0.0,0,1,0,1,0.0,1.0,0.0,-9.980462411236098e-19,,,,False,False,False
grayoneverything,1,0.0,0,1,0,1,0.0,1.0,0.0,1.1672717300052781e-18,,,,False,False,False
green-ad5244,3,0.3333333333333333,2,2,2,2,4.0,3.0,2.946102527314053e-07,-1.1994920211937274e-17,4.0,0.0,0.0,True,False,False
gregoryflame,2,0.5,9,2,9,2,9.0,2.0,0.0018005907590256723,5.092577678492702e-06,9.0,0.0,0.0,True,False,True
grey00001,1,0.0,0,1,0,1,0.0,1.0,0.0,-1.0056953989999619e-18,,,,False,False,False
grime_fandango_,1,0.0,0,1,0,1,0.0,1.0,0.0,-2.748396148785393e-18,,,,False,False,False
grimgrincorpseborn,1,0.0,0,1,0,1,0.0,1.0,0.0,-1.7404472697644478e-18,,,,False,False,False
grimthemad,1,0.0,0,1,0,1,0.0,1.0,0.0,2.2877469536134268e-18,,,,False,False,False
grimwalker-0016,1,1.0,0,1,0,1,0.0,1.0,0.0,-2.518552579378098e-18,,,,False,False,False
gripping_touch,1,0.0,0,1,0,1,0.0,1.0,0.0,-2.4652671448800174e-18,,,,False,False,False
gross_grasss,2,0.0,1,2,1,2,1.0,2.0,9.630072636157811e-05,8.118311930774971e-05,1.0,0.0,0.0,False,False,False
groundbreakingbag164,5,0.0,5,5,5,5,5.0,5.0,0.0009302564238538073,1.0492940542714213e-05,5.0,0.0,0.0,True,False,True
grunktrey,2,0.0,5,1,5,1,5.0,2.0,0.0004118405824641104,0.00023397021222537072,5.0,0.0,0.0,True,False,True
gsoddy,1,0.0,0,1,0,1,0.0,1.0,0.0,2.5336896531520553e-18,,,,False,False,False
gswindasz23,1,0.0,0,1,0,1,0.0,1.0,0.0,3.716404274682101e-19,,,,False,False,False
gu4rdi4ns,1,0.0,1,1,1,1,1.0,1.0,6.420048424105207e-06,3.488271299256978e-19,1.0,0.0,0.0,False,False,False
guix25,1,0.0,0,1,0,1,0.0,1.0,0.0,1.7850526961123656e-18,,,,False,False,False
gummybeargamer87,2,0.0,5,2,5,2,5.0,2.0,0.0035796127741041486,0.10501758539409711,5.0,0.0,0.0,True,False,True
gumpers08,3,0.0,1,3,1,3,1.0,3.0,0.01702370974212274,3.603415245507224e-07,1.0,0.0,0.0,False,False,False
gundam197,1,0.0,0,1,0,1,0.0,1.0,0.0,-3.390089792870111e-19,,,,False,False,False
gustav01v,1,0.0,0,1,0,1,0.0,1.0,0.0,-8.277103447668176e-19,,,,False,False,False
guygrimnus,2,0.0,1,2,1,2,1.0,2.0,7.718788621562819e-05,1.6423747671573058e-18,1.0,0.0,0.0,False,False,False
guywithglasses487,2,0.0,0,1,0,1,0.0,2.0,0.0,-2.6224104221926428e-19,,,,False,False,False
hageanfq,1,0.0,0,1,0,1,0.0,1.0,0.0,-5.23745488483136e-19,,,,False,False,False
hahayouthoughtwrong,2,0.0,1,1,1,1,1.0,2.0,0.0,-7.013703310574959e-18,1.0,0.0,0.0,False,False,False
halfman-halfmoth,3,0.3333333333333333,2,2,2,2,3.0,3.0,4.4191537909710793e-07,9.71547281584583e-19,3.0,0.0,0.0,True,False,False
hallowed-plague,1,0.0,0,1,0,1,0.0,1.0,0.0,2.596157406854564e-18,,,,False,False,False
hammond_yt,1,0.0,1,1,1,1,1.0,1.0,6.420048424105207e-06,-3.577942923364689e-18,1.0,0.0,0.0,False,False,False
hammpter,1,0.0,0,1,0,1,0.0,1.0,0.0,-2.0250168701770058e-18,,,,False,False,False
handsomegengar,7,0.0,2,5,2,5,4.0,7.0,0.006258300965369996,2.511575781530171e-05,4.0,0.0,0.0,True,False,False
hanleas,1,1.0,0,1,0,1,0.0,1.0,0.0,2.678509940565e-18,,,,False,False,False
happy_monke,2,0.5,1,1,1,1,1.0,2.0,0.0,1.6710519130133606e-06,1.0,0.0,0.0,False,False,False
happy_puppy32,2,0.0,1,2,1,2,1.0,2.0,1.1784410109256212e-06,-9.71088919379062e-18,1.0,0.0,0.0,False,False,False
haptiqblack,1,0.0,0,1,0,1,0.0,1.0,0.0,2.9341309106836225e-18,,,,False,False,False
hariainm,1,0.0,0,1,0,1,0.0,1.0,0.0,7.006572676728829e-20,,,,False,False,False
haribo7258,2,0.5,4,2,4,2,4.0,2.0,8.838307581942159e-07,-6.484771428149041e-18,4.0,0.0,0.0,True,False,False
harmonic_gear,2,0.0,1,2,1,2,1.0,2.0,0.000161004503117713,2.0487375141289024e-10,1.0,0.0,0.0,False,False,False
harperhunii,3,0.0,14,3,14,3,16.0,3.0,9.746689194530657e-06,1.1573421077623922e-17,16.0,0.0,0.0,True,False,False
hausmeistermito-o,1,0.0,0,1,0,1,0.0,1.0,0.0,2.421029524408668e-18,,,,False,False,False
havok7447,1,0.0,0,1,0,1,0.0,1.0,0.0,2.4595997120509037e-18,,,,False,False,False
hayn0002,1,0.0,0,1,0,1,0.0,1.0,0.0,2.2134993813042547e-18,,,,False,False,False
hbreckel,1,1.0,4,1,4,1,4.0,1.0,6.628730686456619e-07,1.8365362625626108e-17,4.0,0.0,0.0,True,False,False
hcx_winchester,1,0.0,0,1,0,1,0.0,1.0,0.0,-2.531619795580414e-18,,,,False,False,False
healther_19,1,0.0,3,1,3,1,3.0,1.0,0.0003952933066023631,7.991513522763427e-07,3.0,0.0,0.0,True,False,False
hearthstxned,1,0.0,0,1,0,1,0.0,1.0,0.0,9.516665753787256e-22,,,,False,False,False
heartofthepeople,1,0.0,0,1,0,1,0.0,1.0,0.0,1.792246638611641e-18,,,,False,False,False
hedgehogenyojer,1,0.0,0,1,0,1,0.0,1.0,0.0,2.034187693147097e-18,,,,False,False,False
hedgewizardly,1,0.0,0,1,0,1,0.0,1.0,0.0,2.879933422745645e-18,,,,False,False,False
heftysliceofdough,1,0.0,0,1,0,1,0.0,1.0,0.0,2.153023204047906e-18,,,,False,False,False
heightimpressive691,1,0.0,0,1,0,1,0.0,1.0,0.0,1.3746958185794618e-18,,,,False,False,False
helenituss,1,0.0,1,1,1,1,1.0,1.0,0.0,0.020875973307382733,1.0,0.0,0.0,False,False,False
helicophell,11,0.0,10,10,10,10,11.0,11.0,0.01392893706093865,5.854651796935441e-05,11.0,0.0,0.0,True,False,True
helloimmatree,1,0.0,0,1,0,1,0.0,1.0,0.0,6.228543099305839e-20,,,,False,False,False
helpfulechidna6551,1,0.0,0,1,0,1,0.0,1.0,0.0,-2.0348464748325967e-18,,,,False,False,False
henkotron,1,0.0,0,1,0,1,0.0,1.0,0.0,-1.637140252426751e-18,,,,False,False,False
herakiinos,4,0.0,3,3,3,3,3.0,4.0,3.093407653679756e-06,8.1179901065256e-18,3.0,0.0,0.0,True,False,False
hermesme,2,0.5,1,2,1,2,1.0,2.0,5.892205054628106e-07,1.556294234176522e-17,1.0,0.0,0.0,False,False,False
herr-trigger86,1,0.0,1,1,1,1,1.0,1.0,0.0016592203925288886,5.435484639066781e-05,1.0,0.0,0.0,False,False,False
hertzmanfried,1,0.0,0,1,0,1,0.0,1.0,0.0,-3.2558849855686704e-18,,,,False,False,False
hesstrucksback,1,0.0,0,1,0,1,0.0,1.0,0.0,-2.098767901056136e-18,,,,False,False,False
hexadecimales,1,0.0,0,1,0,1,0.0,1.0,0.0,-1.238108020573226e-18,,,,False,False,False
hey_uhh_what,2,0.0,5,2,5,2,5.0,2.0,0.001123776078531309,1.0668316582222683e-05,5.0,0.0,0.0,True,False,True
heyharryjohn,1,0.0,1,1,1,1,1.0,1.0,0.0,1.5525625413242895e-17,1.0,0.0,0.0,False,False,False
hiltypointly,1,0.0,1,1,1,1,1.0,1.0,0.0,-1.6095073341614265e-18,1.0,0.0,0.0,False,False,False
historical-donut1536,2,0.0,1,2,1,2,1.0,2.0,0.00032112517547723177,9.491815524973843e-07,1.0,0.0,0.0,False,False,False
historical_volume806,2,0.0,1,2,1,2,1.0,2.0,0.000161004503117713,0.020017106291137437,1.0,0.0,0.0,False,False,False
historicalkey6666,4,0.0,7,2,7,2,10.0,4.0,0.0003237766677518144,0.10501758472476105,10.0,0.0,0.0,True,False,True
hitoshinji,1,0.0,0,1,0,1,0.0,1.0,0.0,-1.306397868002599e-18,,,,False,False,False
hl00s,1,0.0,0,1,0,1,0.0,1.0,0.0,2.7161018781298825e-18,,,,False,False,False
hmmmmwillthiswork,3,0.0,1,3,1,3,1.0,3.0,0.00016360689368350709,7.982267129390694e-06,1.0,0.0,0.0,False,False,False
hmz459,1,0.0,1,1,1,1,1.0,1.0,8.838307581942159e-07,2.8793974638467878e-18,1.0,0.0,0.0,False,False,False
hobfannr42,1,0.0,0,1,0,1,0.0,1.0,0.0,6.893033950797453e-19,,,,False,False,False
hoboforeternity,2,0.0,4,2,4,2,4.0,2.0,7.2179511919194295e-06,-2.5635310010254627e-17,4.0,0.0,0.0,True,False,False
holiday_laugh_8476,1,0.0,0,1,0,1,0.0,1.0,0.0,-2.273632598356481e-18,,,,False,False,False
hollow_kilo,1,0.0,1,1,1,1,1.0,1.0,0.0,0.09671790315966927,1.0,0.0,0.0,False,False,False
hollow_knick,1,0.0,1,1,1,1,1.0,1.0,0.0,1.1346717141592056e-05,1.0,0.0,0.0,False,False,False
hollow_knightpro,4,0.25,2,4,2,4,2.0,4.0,0.0004481660266258925,4.399349636993116e-06,2.0,0.0,0.0,True,False,False
hollowcap456,1,1.0,0,1,0,1,0.0,1.0,0.0,-1.7934930906006496e-18,,,,False,False,False
hollowknight-modteam,21,0.0,0,18,0,18,0.0,18.0,0.0,-5.59331631168407e-19,,,,False,False,False
holyduckturtle,1,1.0,0,1,0,1,0.0,1.0,0.0,-1.0361433199318863e-18,,,,False,False,False
holyknightprime,1,0.0,1,1,1,1,1.0,1.0,8.838307581942159e-07,9.12322514175328e-18,1.0,0.0,0.0,False,False,False
homicidal_duck,1,0.0,0,1,0,1,0.0,1.0,0.0,-2.526039663913524e-18,,,,False,False,False
honeybeesorceress,1,0.0,0,1,0,1,0.0,1.0,0.0,1.987421708044532e-18,,,,False,False,False
hoodman1987,1,0.0,0,1,0,1,0.0,1.0,0.0,2.2793318556657957e-18,,,,False,False,False
hoplep,3,0.0,2,2,2,2,3.0,3.0,0.017954606943276212,0.020914476311664574,3.0,0.0,0.0,True,False,False
hornypicklegrinder,2,0.0,1,1,1,1,1.0,2.0,0.0,4.389095413802575e-07,1.0,0.0,0.0,False,False,False
hospitalfinal4209,1,0.0,0,1,0,1,0.0,1.0,0.0,-6.961854712364002e-19,,,,False,False,False
hot_soap,1,0.0,0,1,0,1,0.0,1.0,0.0,1.001792595146946e-18,,,,False,False,False
hudsonusesreddit,1,0.0,1,1,1,1,1.0,1.0,0.0,0.004149840782545897,1.0,0.0,0.0,False,False,False
hugeali,1,0.0,0,1,0,1,0.0,1.0,0.0,1.4070015337226148e-18,,,,False,False,False
huinker,1,0.0,1,1,1,1,1.0,1.0,6.186815307359512e-06,-1.65116590098814e-18,1.0,0.0,0.0,False,False,False
human_bean_4000,1,0.0,0,1,0,1,0.0,1.0,0.0,-1.2168612385604764e-18,,,,False,False,False
humble_fan_4631,1,0.0,0,1,0,1,0.0,1.0,0.0,1.5943719582059092e-18,,,,False,False,False
hummusbaby67,1,0.0,0,1,0,1,0.0,1.0,0.0,2.528365911232219e-18,,,,False,False,False
hunglikeanoose1,1,0.0,0,1,0,1,0.0,1.0,0.0,-2.4201705925729295e-18,,,,False,False,False
hungpongla,1,0.0,0,1,0,1,0.0,1.0,0.0,4.715554261684217e-19,,,,False,False,False
hungry_hero_o,1,0.0,1,1,1,1,1.0,1.0,0.0,2.910146785222853e-17,1.0,0.0,0.0,False,False,False
hunty-bee,1,0.0,1,1,1,1,1.0,1.0,0.0,-1.1932891391174012e-18,1.0,0.0,0.0,False,False,False
hurricanex31,1,0.0,0,1,0,1,0.0,1.0,0.0,3.0982193542612025e-18,,,,False,False,False
hylias_blade,1,0.0,0,1,0,1,0.0,1.0,0.0,-2.5911276152137477e-18,,,,False,False,False
hyperlethalrabbit,1,1.0,0,1,0,1,0.0,1.0,0.0,2.3083882500375906e-18,,,,False,False,False
hypodon,1,0.0,0,1,0,1,0.0,1.0,0.0,1.3592133234753567e-18,,,,False,False,False
hypothetical-pebble,1,1.0,1,1,1,1,1.0,1.0,7.365256318285133e-07,6.4901169525977966e-18,1.0,0.0,0.0,False,False,False
hypotheticaltapeworm,2,0.0,1,2,1,2,1.0,2.0,2.7987974009483505e-06,-2.6237123045933897e-18,1.0,0.0,0.0,False,False,False
i-am-the-swarm,1,0.0,0,1,0,1,0.0,1.0,0.0,2.2582310083420183e-18,,,,False,False,False
i_ama_borat,1,0.0,0,1,0,1,0.0,1.0,0.0,-2.168353300955635e-18,,,,False,False,False
i_love_solar_flare,1,0.0,0,1,0,1,0.0,1.0,0.0,2.085158831436722e-18,,,,False,False,False
i_walk_the_backrooms,1,0.0,4,1,4,1,4.0,1.0,0.00047442071031513963,3.51127853021e-18,4.0,0.0,0.0,True,False,False
iamananonymouscoward,1,0.0,0,1,0,1,0.0,1.0,0.0,7.972060283209326e-19,,,,False,False,False
iamdino0,1,0.0,0,1,0,1,0.0,1.0,0.0,8.170844537617881e-19,,,,False,False,False
iameclipse,1,0.0,0,1,0,1,0.0,1.0,0.0,-2.696205118744276e-19,,,,False,False,False
iamheretoarrestyou,5,0.2,19,3,19,3,20.0,5.0,0.0006765724453976723,3.9366622607203097e-07,20.0,0.0,0.0,True,False,True
iaminfamy,3,0.0,1,1,1,1,2.0,3.0,0.0,0.00039225754997779174,2.0,0.0,0.0,False,False,False
iamnotcreative18,1,0.0,0,1,0,1,0.0,1.0,0.0,2.7529508587601976e-18,,,,False,False,False
icef34r,1,0.0,1,1,1,1,1.0,1.0,7.038729954841159e-05,-8.323221931820577e-19,1.0,0.0,0.0,False,False,False
icy-effective-5140,1,0.0,0,1,0,1,0.0,1.0,0.0,-1.1565110051755563e-18,,,,False,False,False
icy-fisherman-5234,1,0.0,0,1,0,1,0.0,1.0,0.0,2.7357919017164956e-18,,,,False,False,False
icy-organization-901,1,0.0,0,1,0,1,0.0,1.0,0.0,-2.0139473596941167e-19,,,,False,False,False
icy-theme-6325,1,0.0,0,1,0,1,0.0,1.0,0.0,-1.8338718276463334e-18,,,,False,False,False
icy_assistance2150,1,0.0,0,1,0,1,0.0,1.0,0.0,6.047887524747549e-19,,,,False,False,False
icy_office_1785,1,0.0,1,1,1,1,1.0,1.0,0.0,0.02001710629113741,1.0,0.0,0.0,False,False,False
icy_percentag,1,0.0,0,1,0,1,0.0,1.0,0.0,-2.630951025087614e-18,,,,False,False,False
icycompetition7477,2,0.0,4,2,4,2,4.0,2.0,9.059265271490713e-06,1.4849088927288804e-17,4.0,0.0,0.0,True,False,False
icyrow,1,0.0,0,1,0,1,0.0,1.0,0.0,1.2112685248935147e-18,,,,False,False,False
idainaru_yokubo,1,0.0,0,1,0,1,0.0,1.0,0.0,-2.152890439585393e-18,,,,False,False,False
idemahedo,2,0.0,4,2,4,2,4.0,2.0,0.0002868276318884173,1.603142700692082e-05,4.0,0.0,0.0,True,False,False
idkwhy1madeaccount,1,0.0,0,1,0,1,0.0,1.0,0.0,-2.4562245343758543e-18,,,,False,False,False
idrawanthroad,1,0.0,1,1,1,1,1.0,1.0,0.0,0.03205749771187246,1.0,0.0,0.0,False,False,False
idrinkwaterymilk,5,0.2,10,5,10,5,10.0,5.0,0.002369243377038765,0.11171668507376956,10.0,0.0,0.0,True,False,True
idshadow,1,0.0,0,1,0,1,0.0,1.0,0.0,-1.9214544769503456e-18,,,,False,False,False
ienjoyfancyhats,1,0.0,2,1,2,1,2.0,1.0,7.7777106721091e-05,1.95389032505997e-17,2.0,0.0,0.0,True,False,False
iguanacatgirl,1,0.0,1,1,1,1,1.0,1.0,0.0008860599757732171,1.4672294277718736e-07,1.0,0.0,0.0,False,False,False
iisaishaii,3,0.0,11,3,11,3,12.0,3.0,0.002260348062372919,0.0002984088663567141,12.0,0.0,0.0,True,False,True
ikarienator,1,0.0,0,1,0,1,0.0,1.0,0.0,1.3398089397409396e-18,,,,False,False,False
ikeeel,1,0.0,0,1,0,1,0.0,1.0,0.0,5.4261799445399495e-19,,,,False,False,False
ikill_eu,1,0.0,0,1,0,1,0.0,1.0,0.0,-1.1810130020970643e-18,,,,False,False,False
ikineba,1,0.0,0,1,0,1,0.0,1.0,0.0,2.2871550296691007e-18,,,,False,False,False
ill-individual2105,2,0.0,20,2,20,2,20.0,2.0,0.012815794191263162,0.00036704945078392217,20.0,0.0,0.0,True,False,True
illbelate2that,2,0.0,1,2,1,2,1.0,2.0,7.939746311111373e-05,-4.873313185833764e-18,1.0,0.0,0.0,False,False,False
illiteratejedi,1,0.0,0,1,0,1,0.0,1.0,0.0,-7.780209394961963e-19,,,,False,False,False
illustrious-pair8826,2,0.0,1,2,1,2,1.0,2.0,0.0010564969171492102,2.0223654169520632e-05,1.0,0.0,0.0,False,False,False
illustrious_grade608,1,0.0,1,1,1,1,1.0,1.0,7.821902210018811e-05,8.585473313893077e-20,1.0,0.0,0.0,False,False,False
illustrious_grade686,1,0.0,0,1,0,1,0.0,1.0,0.0,1.3947778948236073e-21,,,,False,False,False
illvy,1,0.0,0,1,0,1,0.0,1.0,0.0,-1.856924738726927e-18,,,,False,False,False
im_hero7,1,0.0,1,1,1,1,1.0,1.0,0.0,5.355055286382441e-06,1.0,0.0,0.0,False,False,False
imaginary-week-5223,2,0.0,2,1,2,1,2.0,2.0,7.733519134199389e-05,2.2830502032195954e-19,2.0,0.0,0.0,True,False,False
imanatid,1,0.0,1,1,1,1,1.0,1.0,0.0,0.09671790315966926,1.0,0.0,0.0,False,False,False
imhole,1,0.0,0,1,0,1,0.0,1.0,0.0,-2.3447244985984256e-18,,,,False,False,False
imightbeahamster,1,0.0,0,1,0,1,0.0,1.0,0.0,1.536073655898319e-18,,,,False,False,False
imnotskankhunt42,2,0.0,0,2,0,2,0.0,2.0,0.0,1.2943378026895684e-19,,,,False,False,False
implodepumpkin,1,0.0,0,1,0,1,0.0,1.0,0.0,-2.7727984981188386e-18,,,,False,False,False
important-task-5999,4,0.0,0,4,0,4,0.0,4.0,0.0,1.3286639236794313e-18,,,,False,False,False
impossible-scene5084,1,0.0,0,1,0,1,0.0,1.0,0.0,-4.817009598197914e-19,,,,False,False,False
impossible_ad6595,1,0.0,1,1,1,1,1.0,1.0,0.0,-3.473796384466808e-18,1.0,0.0,0.0,False,False,False
imwhateverimis,1,0.0,0,1,0,1,0.0,1.0,0.0,7.599949010521788e-19,,,,False,False,False
incine_akechi,3,0.0,1,3,1,3,1.0,3.0,1.4730512636570265e-07,-3.8132986106718116e-19,1.0,0.0,0.0,False,False,False
individual_bug7651,1,1.0,0,1,0,1,0.0,1.0,0.0,5.846921808639553e-19,,,,False,False,False
indostastica,1,0.0,0,1,0,1,0.0,1.0,0.0,2.4290970761081438e-18,,,,False,False,False
inevitable-muffin-77,1,1.0,0,1,0,1,0.0,1.0,0.0,2.345344045804125e-18,,,,False,False,False
inevitablecold9872,5,0.0,1,3,1,3,1.0,5.0,7.733519134199389e-05,-3.712269255017798e-19,1.0,0.0,0.0,False,False,False
infamous-ad7926,1,0.0,0,1,0,1,0.0,1.0,0.0,2.8780351434912016e-18,,,,False,False,False
ingolika,1,1.0,1,1,1,1,1.0,1.0,4.4191537909710793e-07,4.6757432157605424e-20,1.0,0.0,0.0,False,False,False
ingramcb,1,0.0,0,1,0,1,0.0,1.0,0.0,-2.5177704269618825e-18,,,,False,False,False
innuendo_81,1,0.0,0,1,0,1,0.0,1.0,0.0,1.0515850531922702e-18,,,,False,False,False
insanity_pills,1,1.0,0,1,0,1,0.0,1.0,0.0,-2.0799288870827363e-18,,,,False,False,False
instructionguilty434,1,1.0,0,1,0,1,0.0,1.0,0.0,-2.0118141371545337e-18,,,,False,False,False
intangiblematter,1,0.0,0,1,0,1,0.0,1.0,0.0,1.825095739748838e-18,,,,False,False,False
intelligent_hall_366,1,0.0,0,1,0,1,0.0,1.0,0.0,-3.2940173817093188e-21,,,,False,False,False
interesting-note-722,1,0.0,0,1,0,1,0.0,1.0,0.0,2.753727114962274e-18,,,,False,False,False
interesting_bar_8850,1,1.0,0,1,0,1,0.0,1.0,0.0,1.7198325937958638e-18,,,,False,False,False
internalexcitement78,1,0.0,0,1,0,1,0.0,1.0,0.0,1.2189770637324331e-18,,,,False,False,False
internationallie9409,1,0.0,0,1,0,1,0.0,1.0,0.0,-2.631915006912361e-18,,,,False,False,False
inuk9,1,0.0,0,1,0,1,0.0,1.0,0.0,7.805825662344327e-19,,,,False,False,False
invalidgas,1,0.0,0,1,0,1,0.0,1.0,0.0,-2.1949469546224076e-18,,,,False,False,False
ionianbladedancer,1,0.0,0,1,0,1,0.0,1.0,0.0,-4.0178400786913777e-19,,,,False,False,False
iotah,2,0.5,1,1,1,1,2.0,2.0,0.0,-5.9400082925786635e-18,2.0,0.0,0.0,False,False,False
ipanicknife,1,0.0,0,1,0,1,0.0,1.0,0.0,2.4574822432585307e-18,,,,False,False,False
ipuppygameri,3,0.0,1,2,1,2,2.0,3.0,5.892205054628106e-07,7.507171455987919e-18,2.0,0.0,0.0,False,False,False
iron_onion,1,0.0,2,1,2,1,2.0,1.0,0.00041835123523181343,-5.117315488302598e-17,2.0,0.0,0.0,True,False,False
isaac_from_tboi,1,0.0,0,1,0,1,0.0,1.0,0.0,-1.2446580254881582e-18,,,,False,False,False
ishthewall,2,0.0,0,2,0,2,0.0,2.0,0.0,-5.073462553253507e-19,,,,False,False,False
islenski,2,0.5,20,2,20,2,20.0,2.0,0.0003279012112900541,0.1059704407988742,20.0,0.0,0.0,True,False,True
isogash,2,0.0,4,2,4,2,4.0,2.0,0.0003862340413308724,2.298315204311595e-18,4.0,0.0,0.0,True,False,False
itmecrumbum,2,0.0,1,1,1,1,1.0,2.0,0.0,7.677585342604022e-06,1.0,0.0,0.0,False,False,False
its_kylo,1,0.0,0,1,0,1,0.0,1.0,0.0,1.0217184349180694e-19,,,,False,False,False
itsalwayssegsfault,5,0.0,5,4,5,4,5.0,5.0,0.013341263259302696,9.472730430788507e-05,5.0,0.0,0.0,True,False,True
itscolornotcolour,7,0.0,4,7,4,7,5.0,7.0,0.0003119922576425582,1.975873582588332e-17,5.0,0.0,0.0,True,False,True
itsizumi,1,0.0,1,1,1,1,1.0,1.0,7.733519134199389e-05,3.119695826093643e-18,1.0,0.0,0.0,False,False,False
itsjustdutchnow,1,0.0,0,1,0,1,0.0,1.0,0.0,-2.0409955007430793e-18,,,,False,False,False
itub2000,1,0.0,1,1,1,1,1.0,1.0,0.0,-3.081863180871314e-17,1.0,0.0,0.0,False,False,False
itwinktherefore1am,1,0.0,0,1,0,1,0.0,1.0,0.0,1.3070593360956677e-18,,,,False,False,False
itx_jammmn,1,0.0,0,1,0,1,0.0,1.0,0.0,7.997031199350855e-19,,,,False,False,False
ivorycrus,1,0.0,0,1,0,1,0.0,1.0,0.0,1.5748289362159882e-18,,,,False,False,False
ivorydecaf,1,0.0,0,1,0,1,0.0,1.0,0.0,-1.9574310041359326e-18,,,,False,False,False
iwantausername4,1,0.0,1,1,1,1,1.0,1.0,4.370052082182511e-06,-1.3400463672015583e-18,1.0,0.0,0.0,False,False,False
iwantpuncake,1,0.0,0,1,0,1,0.0,1.0,0.0,-6.792204746337503e-19,,,,False,False,False
iwanttolink,1,0.0,1,1,1,1,1.0,1.0,0.0,1.0332975834880728e-06,1.0,0.0,0.0,False,False,False
iwaseatingchicken,1,0.0,0,1,0,1,0.0,1.0,0.0,8.820875090298728e-19,,,,False,False,False
iwilldevouryourtoes,1,0.0,0,1,0,1,0.0,1.0,0.0,8.653735146214243e-19,,,,False,False,False
izan_tm,3,0.0,0,2,0,2,0.0,3.0,0.0,4.613531602705424e-19,,,,False,False,False
j0kerclash,1,0.0,0,1,0,1,0.0,1.0,0.0,1.4685590209347404e-18,,,,False,False,False
jabroniisan,1,0.0,0,1,0,1,0.0,1.0,0.0,-2.17731024774927e-18,,,,False,False,False
jacek3k,1,0.0,0,1,0,1,0.0,1.0,0.0,9.299623200654423e-19,,,,False,False,False
jack-ass-4757,1,0.0,0,1,0,1,0.0,1.0,0.0,2.771194355954365e-18,,,,False,False,False
jadedspacepirate,1,0.0,0,1,0,1,0.0,1.0,0.0,1.7096742895935083e-19,,,,False,False,False
jahikoi,3,1.0,1,2,1,2,1.0,3.0,0.00046353240639127486,4.2965486884635175e-05,1.0,0.0,0.0,False,False,False
jaibamon,1,0.0,1,1,1,1,1.0,1.0,0.0,3.603415245439732e-07,1.0,0.0,0.0,False,False,False
jair_r,4,0.0,6,4,6,4,6.0,4.0,0.0006913275088886368,0.005202798446842608,6.0,0.0,0.0,True,False,True
jak5-sly_15,1,0.0,0,1,0,1,0.0,1.0,0.0,2.0676290501918415e-18,,,,False,False,False
jakovyerpenicz,1,0.0,0,1,0,1,0.0,1.0,0.0,2.8523795579837286e-18,,,,False,False,False
jalepino_joe,2,0.5,1,2,1,2,1.0,2.0,0.000166454792793244,0.022207657192243827,1.0,0.0,0.0,False,False,False
jammy2560,1,0.0,0,1,0,1,0.0,1.0,0.0,2.8954584567587336e-19,,,,False,False,False
jamothebest,1,1.0,1,1,1,1,1.0,1.0,0.0,-5.1635738769134895e-18,1.0,0.0,0.0,False,False,False
jamstiffer,1,0.0,0,1,0,1,0.0,1.0,0.0,-4.075640088432984e-19,,,,False,False,False
janawham_blamiston,1,0.0,0,1,0,1,0.0,1.0,0.0,-1.5171523343983327e-18,,,,False,False,False
janettheman_,1,0.0,1,1,1,1,1.0,1.0,0.0,-6.468924179787084e-18,1.0,0.0,0.0,False,False,False
jared989898,1,0.0,1,1,1,1,1.0,1.0,0.0,-2.3877361031658484e-17,1.0,0.0,0.0,False,False,False
jarjarpapi,1,0.0,0,1,0,1,0.0,1.0,0.0,-2.018060658922737e-18,,,,False,False,False
jaume2000,1,0.0,0,1,0,1,0.0,1.0,0.0,1.3010576012168743e-18,,,,False,False,False
jaykwellingfunk,1,0.0,0,1,0,1,0.0,1.0,0.0,1.873349216270817e-18,,,,False,False,False
jbcronic,1,0.0,0,1,0,1,0.0,1.0,0.0,-6.154603515225314e-19,,,,False,False,False
jbctech7,1,1.0,0,1,0,1,0.0,1.0,0.0,-2.0643712016971802e-18,,,,False,False,False
jblitz200,3,0.0,2,3,2,3,2.0,3.0,0.00017968770331176293,5.931935594759089e-05,2.0,0.0,0.0,True,False,False
jbyrdab,2,0.5,0,2,0,2,0.0,2.0,0.0,-1.5357402372537625e-18,,,,False,False,False
jeggu2,1,0.0,0,1,0,1,0.0,1.0,0.0,-1.6528204831930544e-18,,,,False,False,False
jem_holograms,1,0.0,1,1,1,1,1.0,1.0,0.0,0.03205749771187248,1.0,0.0,0.0,False,False,False
jeritoburrito,2,0.0,1,2,1,2,2.0,2.0,7.733519134199389e-05,-4.900600773126171e-18,2.0,0.0,0.0,False,False,False
jetbaxter,1,0.0,0,1,0,1,0.0,1.0,0.0,-9.550933895521572e-19,,,,False,False,False
jgiblett,2,0.0,2,2,2,2,2.0,2.0,0.0007080957424399326,-2.6390805937580006e-18,2.0,0.0,0.0,True,False,False
jhaand,1,0.0,0,1,0,1,0.0,1.0,0.0,-2.639410454061282e-18,,,,False,False,False
jijonbreaker,4,0.0,2,4,2,4,2.0,4.0,4.124543538239674e-06,3.645809442046409e-18,2.0,0.0,0.0,True,False,False
jimkbeesley,9,0.2222222222222222,4,4,4,4,8.0,9.0,0.0004232567297574522,-8.622757361022065e-18,8.0,0.0,0.0,True,False,True
jimmerseiber89,1,0.0,1,1,1,1,1.0,1.0,0.0,0.09671790315966926,1.0,0.0,0.0,False,False,False
jimmylovescheese123,1,0.0,1,1,1,1,1.0,1.0,7.733519134199389e-05,-1.8863880545549747e-18,1.0,0.0,0.0,False,False,False
jimneverdiesathome,8,0.0,1,6,1,6,2.0,8.0,0.003864191197003546,2.0223654169515333e-05,2.0,0.0,0.0,False,False,False
jinastator,1,0.0,1,1,1,1,1.0,1.0,7.350525805648563e-05,1.0471446587062192e-18,1.0,0.0,0.0,False,False,False
jintheblue,1,0.0,1,1,1,1,1.0,1.0,0.0,0.020875973174328474,1.0,0.0,0.0,False,False,False
jivehawk,1,0.0,0,1,0,1,0.0,1.0,0.0,-1.8213272573257228e-18,,,,False,False,False
jmscstl,3,0.0,1,1,1,1,2.0,3.0,0.0,2.048737485710947e-10,2.0,0.0,0.0,False,False,False
jmstheking,1,0.0,0,1,0,1,0.0,1.0,0.0,2.478178916647752e-18,,,,False,False,False
joan_of_spark,1,0.0,0,1,0,1,0.0,1.0,0.0,2.8568480921380487e-18,,,,False,False,False
joe_says_no,2,0.5,1,2,1,2,1.0,2.0,0.0006212348195929566,3.186815246437523e-06,1.0,0.0,0.0,False,False,False
joeltheconner,1,0.0,2,1,2,1,2.0,1.0,2.455085439428377e-07,7.39601177193149e-18,2.0,0.0,0.0,True,False,False
joeydiazchin,1,0.0,1,1,1,1,1.0,1.0,4.1736452470282413e-07,7.103778786439234e-19,1.0,0.0,0.0,False,False,False
joeysantander,1,0.0,1,1,1,1,1.0,1.0,1.1784410109256212e-06,-1.785451868788841e-18,1.0,0.0,0.0,False,False,False
joeythearm,1,0.0,1,1,1,1,1.0,1.0,0.0,3.188250065673345e-19,1.0,0.0,0.0,False,False,False
jokerfaces2,1,0.0,0,1,0,1,0.0,1.0,0.0,1.747650567776482e-18,,,,False,False,False
jonathangm__,1,0.0,0,1,0,1,0.0,1.0,0.0,1.9122650318237224e-18,,,,False,False,False
jondev1,1,0.0,0,1,0,1,0.0,1.0,0.0,1.1236305209697816e-18,,,,False,False,False
jorgemtzb,1,0.0,1,1,1,1,1.0,1.0,0.0007501268051629465,4.8048179985575974e-08,1.0,0.0,0.0,False,False,False
jorlmn,1,0.0,1,1,1,1,1.0,1.0,1.4730512636570265e-07,6.621270235697143e-19,1.0,0.0,0.0,False,False,False
jormungandr470,1,0.0,0,1,0,1,0.0,1.0,0.0,3.0814569118659917e-18,,,,False,False,False
joshieeemayyne,1,0.0,0,1,0,1,0.0,1.0,0.0,-3.913712106648168e-19,,,,False,False,False
joshy1227,1,0.0,0,1,0,1,0.0,1.0,0.0,1.117902343232121e-19,,,,False,False,False
josseppy64825,1,0.0,0,1,0,1,0.0,1.0,0.0,-1.6116661115707673e-18,,,,False,False,False
joungsteryoey,1,0.0,2,1,2,1,2.0,1.0,0.0008065814948426022,0.0066417421811064935,2.0,0.0,0.0,True,False,False
joyce672,1,0.0,0,1,0,1,0.0,1.0,0.0,-3.0195043943663052e-18,,,,False,False,False
jstar338,4,0.25,2,4,2,4,3.0,4.0,0.0002412366952782324,-7.947841054383655e-18,3.0,0.0,0.0,True,False,False
jtsg12,2,0.5,2,2,2,2,2.0,2.0,0.00015717456983220472,1.8889230372855844e-17,2.0,0.0,0.0,True,False,False
juan123rw,1,0.0,2,1,2,1,2.0,1.0,0.0003223036164881574,0.10086774394221516,2.0,0.0,0.0,True,False,False
juanetepete12,1,0.0,0,1,0,1,0.0,1.0,0.0,3.5988628495847995e-19,,,,False,False,False
jubmille2000,1,0.0,0,1,0,1,0.0,1.0,0.0,2.264126227911748e-18,,,,False,False,False
judgearcadia,1,0.0,0,1,0,1,0.0,1.0,0.0,4.288090570855504e-21,,,,False,False,False
juggett,1,0.0,8,1,8,1,8.0,1.0,6.334120433725214e-06,2.465907911112856e-18,8.0,0.0,0.0,True,False,False
juni128981,3,0.6666666666666666,3,3,3,3,3.0,3.0,0.0003177371575708206,4.8774320112646545e-05,3.0,0.0,0.0,True,False,False
junior-buy-1875,1,0.0,0,1,0,1,0.0,1.0,0.0,1.118817879513099e-18,,,,False,False,False
junkham,2,0.5,1,2,1,2,2.0,2.0,4.910170878856755e-08,-1.901727663248529e-18,2.0,0.0,0.0,False,False,False
just-bair,1,0.0,0,1,0,1,0.0,1.0,0.0,1.1112437226352914e-18,,,,False,False,False
just4browse,2,0.0,1,2,1,2,1.0,2.0,0.00014642129560750843,-1.83977896431407e-18,1.0,0.0,0.0,False,False,False
just_ben2,1,0.0,0,1,0,1,0.0,1.0,0.0,2.735984371243916e-18,,,,False,False,False
just_sprinkles_461,1,0.0,1,1,1,1,1.0,1.0,0.0,-2.5655605731078147e-18,1.0,0.0,0.0,False,False,False
just_tangerine_5822,1,1.0,3,1,3,1,3.0,1.0,2.2095768954855397e-06,7.358709367161803e-18,3.0,0.0,0.0,True,False,False
just_think_more,1,0.0,1,1,1,1,1.0,1.0,0.0,-9.769216177139025e-19,1.0,0.0,0.0,False,False,False
justarando5,1,0.0,1,1,1,1,1.0,1.0,0.0,3.1091071341072793e-19,1.0,0.0,0.0,False,False,False
justicedrago,1,0.0,0,1,0,1,0.0,1.0,0.0,2.501065418211809e-18,,,,False,False,False
justjellenl,1,0.0,0,1,0,1,0.0,1.0,0.0,2.3643837042536986e-18,,,,False,False,False
justos,1,0.0,0,1,0,1,0.0,1.0,0.0,-3.468461834070909e-19,,,,False,False,False
justsomebo2,1,0.0,0,1,0,1,0.0,1.0,0.0,-2.6228772467294163e-18,,,,False,False,False
justsumfur,3,0.0,1,2,1,2,2.0,3.0,2.555743942444941e-05,2.0487374924067425e-10,2.0,0.0,0.0,False,False,False
jwwendell,1,0.0,0,1,0,1,0.0,1.0,0.0,1.0707625772163905e-18,,,,False,False,False
jxckolantern,1,0.0,0,1,0,1,0.0,1.0,0.0,6.144884839010942e-19,,,,False,False,False
kabukiaxolot,2,0.0,2,2,2,2,2.0,2.0,7.856273406170809e-05,1.2963185511188507e-05,2.0,0.0,0.0,True,False,False
kalb98,2,0.0,0,2,0,2,0.0,2.0,0.0,-1.6516232851980957e-18,,,,False,False,False
kalnaur,1,0.0,0,1,0,1,0.0,1.0,0.0,-1.3341837663454925e-18,,,,False,False,False
kamikazy64,1,0.0,1,1,1,1,1.0,1.0,0.0,0.09671790315966929,1.0,0.0,0.0,False,False,False
kamken,1,0.0,0,1,0,1,0.0,1.0,0.0,2.0774004871695683e-19,,,,False,False,False
kankunation,1,0.0,4,1,4,1,4.0,1.0,0.0020527949055059915,6.421799426559114e-06,4.0,0.0,0.0,True,False,False
kaskills,2,0.5,0,2,0,2,0.0,2.0,0.0,3.175162259018547e-18,,,,False,False,False
katra182,1,0.0,0,1,0,1,0.0,1.0,0.0,6.010396452727954e-19,,,,False,False,False
katsurap_yo,1,0.0,0,1,0,1,0.0,1.0,0.0,1.0658630718499349e-18,,,,False,False,False
kawhi21,2,0.0,3,2,3,2,3.0,2.0,5.00837429643389e-06,-1.3895635776155602e-17,3.0,0.0,0.0,True,False,False
kaydeejay1995,1,1.0,0,1,0,1,0.0,1.0,0.0,2.4389460485588396e-18,,,,False,False,False
kaysh99,1,0.0,0,1,0,1,0.0,1.0,0.0,1.6004512966054023e-18,,,,False,False,False
kbx7001,1,0.0,2,1,2,1,2.0,1.0,4.4191537909710793e-07,3.0818364712245528e-09,2.0,0.0,0.0,True,False,False
kelarflame,3,0.0,1,1,1,1,1.0,3.0,0.0,6.828261523740014e-07,1.0,0.0,0.0,False,False,False
kenicolo,1,0.0,0,1,0,1,0.0,1.0,0.0,2.116930604388938e-18,,,,False,False,False
kenjinuro,1,1.0,0,1,0,1,0.0,1.0,0.0,-9.608218234950499e-19,,,,False,False,False
kenway22,1,1.0,0,1,0,1,0.0,1.0,0.0,2.6749119488467185e-18,,,,False,False,False
kenziethecuddler,2,0.0,2,2,2,2,2.0,2.0,0.0014965587067395536,0.0008536245067549338,2.0,0.0,0.0,True,False,False
kernel-enchilada,1,0.0,27,1,27,1,27.0,1.0,1.2962851120181834e-05,9.181574040247763e-18,27.0,0.0,0.0,True,False,False
kesimux,1,0.0,0,1,0,1,0.0,1.0,0.0,-1.2597280824418452e-18,,,,False,False,False
ketela92,1,0.0,0,1,0,1,0.0,1.0,0.0,-2.6629864957973424e-19,,,,False,False,False
kevindomino,1,1.0,0,1,0,1,0.0,1.0,0.0,-1.7588160509272085e-18,,,,False,False,False
kevinthedot,1,0.0,0,1,0,1,0.0,1.0,0.0,-1.597973992783248e-18,,,,False,False,False
kexxel,1,0.0,0,1,0,1,0.0,1.0,0.0,-1.670264292097447e-18,,,,False,False,False
key_conference9989,1,0.0,0,1,0,1,0.0,1.0,0.0,1.9105677619076855e-18,,,,False,False,False
key_light_391,2,0.0,1,2,1,2,1.0,2.0,0.0,7.530728340349676e-20,1.0,0.0,0.0,False,False,False
khoinguyenhoan7,1,0.0,0,1,0,1,0.0,1.0,0.0,6.470793835642613e-19,,,,False,False,False
kiblerandbits714,1,0.0,0,1,0,1,0.0,1.0,0.0,-2.233435266403363e-18,,,,False,False,False
kidiacr,3,0.3333333333333333,1,3,1,3,1.0,3.0,0.00015820570571676464,-4.024910938153935e-18,1.0,0.0,0.0,False,False,False
kihot12,4,0.0,1,1,1,1,3.0,4.0,0.0,-2.0369357662150064e-17,3.0,0.0,0.0,False,False,False
kill_the_worms,1,0.0,0,1,0,1,0.0,1.0,0.0,-2.9058161102990054e-18,,,,False,False,False
killcode2,2,0.0,3,2,3,2,3.0,2.0,0.00038991666949001494,-5.796876547238944e-18,3.0,0.0,0.0,True,False,False
kind-explanation8988,2,0.5,1,1,1,1,1.0,2.0,0.0,5.5926721349113e-18,1.0,0.0,0.0,False,False,False
king_joffreys_tits,1,0.0,0,1,0,1,0.0,1.0,0.0,2.296014341967367e-18,,,,False,False,False
kingchris195,2,0.0,1,2,1,2,1.0,2.0,7.365256318285133e-08,-5.533245155825344e-18,1.0,0.0,0.0,False,False,False
kingcool138,2,0.0,1,1,1,1,1.0,2.0,0.0,0.006634742050466941,1.0,0.0,0.0,False,False,False
kingptd,1,0.0,2,1,2,1,2.0,1.0,2.946102527314053e-07,-3.951935824703139e-18,2.0,0.0,0.0,True,False,False
kingsmorely,1,0.0,0,1,0,1,0.0,1.0,0.0,-1.1686539988163813e-18,,,,False,False,False
kinoftheabyss,1,0.0,1,1,1,1,2.0,1.0,0.0,0.004353593623260184,2.0,0.0,0.0,False,False,False
kip_hackman_,1,0.0,2,1,2,1,2.0,1.0,1.3257461372913239e-06,-1.8388742281813624e-17,2.0,0.0,0.0,True,False,False
kira_kua,4,0.0,4,4,4,4,4.0,4.0,3.1916110712568904e-06,4.036526746206209e-17,4.0,0.0,0.0,True,False,False
kirbyatemasterchief,1,0.0,0,1,0,1,0.0,1.0,0.0,8.206082560966134e-19,,,,False,False,False
kirosh2,2,0.0,8,2,8,2,8.0,2.0,0.014626960523091212,0.006811890247482361,8.0,0.0,0.0,True,False,True
kitchen-rope1546,1,0.0,0,1,0,1,0.0,1.0,0.0,-9.271829215538017e-19,,,,False,False,False
kitchen_mycologist87,1,0.0,0,1,0,1,0.0,1.0,0.0,-1.0407795871712785e-18,,,,False,False,False
kittentarentino,2,0.5,1,2,1,2,1.0,2.0,5.892205054628106e-07,2.505458537081507e-18,1.0,0.0,0.0,False,False,False
kiwikubb,3,0.0,1,2,1,2,1.0,3.0,2.946102527314053e-07,1.1362892099039483e-17,1.0,0.0,0.0,False,False,False
kiy_hole,1,0.0,0,1,0,1,0.0,1.0,0.0,1.4324367888435242e-18,,,,False,False,False
kjplayer,1,0.0,0,1,0,1,0.0,1.0,0.0,3.248329658563192e-18,,,,False,False,False
kkadzy,1,0.0,2,1,2,1,2.0,1.0,0.00015437577243125638,-1.9436696033278873e-18,2.0,0.0,0.0,True,False,False
klepto__1258,1,1.0,0,1,0,1,0.0,1.0,0.0,-2.9970543411409346e-19,,,,False,False,False
kneef,1,0.0,0,1,0,1,0.0,1.0,0.0,2.37860209246576e-18,,,,False,False,False
knickersinaknit,1,1.0,0,1,0,1,0.0,1.0,0.0,-7.092963927638515e-19,,,,False,False,False
koanuzu,3,0.0,3,2,3,2,3.0,2.0,0.00030992998587343835,-1.0251924796124591e-17,3.0,0.0,0.0,True,False,False
kodak_v,1,0.0,0,1,0,1,0.0,1.0,0.0,-2.4817344929648654e-18,,,,False,False,False
kodama274,1,0.0,0,1,0,1,0.0,1.0,0.0,4.000586743513409e-19,,,,False,False,False
kohana55,3,0.0,10,3,10,3,10.0,3.0,7.365256318285132e-06,7.679416410416669e-17,10.0,0.0,0.0,True,False,False
kojuke,1,0.0,1,1,1,1,1.0,1.0,0.0,0.09671790315966924,1.0,0.0,0.0,False,False,False
komanyan_yt,1,0.0,0,1,0,1,0.0,1.0,0.0,-3.1034491058143128e-18,,,,False,False,False
kooky-ad-9293,1,0.0,0,1,0,1,0.0,1.0,0.0,-1.915491866846351e-18,,,,False,False,False
korobooshi,1,0.0,1,1,1,1,1.0,1.0,0.00013200994407806387,0.09671790315966924,1.0,0.0,0.0,False,False,False
korrigan_goblin,1,0.0,1,1,1,1,1.0,1.0,7.365256318285133e-07,-5.562650165706848e-19,1.0,0.0,0.0,False,False,False
kostavichevinsten,1,0.0,0,1,0,1,0.0,1.0,0.0,2.1400803749259758e-18,,,,False,False,False
krakatoa137,1,0.0,0,1,0,1,0.0,1.0,0.0,-4.008310440765497e-19,,,,False,False,False
krios104,1,0.0,3,1,3,1,4.0,1.0,0.002253179212889788,0.0009031083061850815,4.0,0.0,0.0,True,False,False
krishthecrusher2010,2,0.0,1,1,1,1,2.0,2.0,0.0,6.417985819000365e-10,2.0,0.0,0.0,False,False,False
kristinkhaos,1,0.0,0,1,0,1,0.0,1.0,0.0,-1.6375537915460717e-18,,,,False,False,False
kronosgames,1,0.0,1,1,1,1,1.0,1.0,0.0,-5.55657893496487e-18,1.0,0.0,0.0,False,False,False
krrgyup,1,0.0,0,1,0,1,0.0,1.0,0.0,-6.9546780200053425e-19,,,,False,False,False
krumpins4winnuhs,1,0.0,0,1,0,1,0.0,1.0,0.0,1.4573913738352434e-18,,,,False,False,False
ksawerxx,2,0.0,0,2,0,2,0.0,2.0,0.0,-3.3643602237087596e-19,,,,False,False,False
ktten,1,0.0,1,1,1,1,1.0,1.0,0.0,7.906603205952401e-18,1.0,0.0,0.0,False,False,False
kuntrehpandah,2,0.0,5,2,5,2,5.0,2.0,0.0003228928369936202,0.10501758472476104,5.0,0.0,0.0,True,False,True
kurokuma11,1,0.0,1,1,1,1,1.0,1.0,2.946102527314053e-07,-3.1758757569900322e-18,1.0,0.0,0.0,False,False,False
kurwasaki12,1,0.0,0,1,0,1,0.0,1.0,0.0,4.283128561005093e-19,,,,False,False,False
kuva194,1,0.0,2,1,2,1,2.0,1.0,0.00020956609310960632,-3.736699613606395e-18,2.0,0.0,0.0,True,False,False
l3athx,1,0.0,1,1,1,1,2.0,1.0,0.0,-3.148184178654192e-18,2.0,0.0,0.0,False,False,False
l4kesk4walker_f4nboy,1,0.0,0,1,0,1,0.0,1.0,0.0,2.8741139513752406e-18,,,,False,False,False
labyrinthine777,2,0.0,1,1,1,1,2.0,2.0,0.0,-5.2882302491827536e-18,2.0,0.0,0.0,False,False,False
lagomorphicalbrog,1,0.0,0,1,0,1,0.0,1.0,0.0,-6.946445029726319e-19,,,,False,False,False
larrazabalr,1,0.0,0,1,0,1,0.0,1.0,0.0,-2.7793189007140457e-18,,,,False,False,False
latdingo,4,0.25,2,2,2,2,2.0,3.0,0.00023387143895994725,6.521192671384634e-05,2.0,0.0,0.0,True,False,False
late-philosophy-203,9,0.1111111111111111,11,3,11,3,18.0,9.0,0.004041269495219703,0.00023792068161763543,18.0,0.0,0.0,True,False,True
latter-diet1127,1,0.0,0,1,0,1,0.0,1.0,0.0,-9.081290220146102e-19,,,,False,False,False
latter_dark,2,0.0,1,2,1,2,1.0,2.0,7.748249646835959e-05,8.409289226005664e-19,1.0,0.0,0.0,False,False,False
lawleewer,1,0.0,0,1,0,1,0.0,1.0,0.0,-2.8312866706716104e-18,,,,False,False,False
laxen99,1,0.0,0,1,0,1,0.0,1.0,0.0,-8.629475877004488e-19,,,,False,False,False
leading-apricot-8915,1,0.0,0,1,0,1,0.0,1.0,0.0,-3.674485403328829e-19,,,,False,False,False
least-thought8070,1,0.0,1,1,1,1,1.0,1.0,1.6203563900227292e-06,-5.7171927560142925e-18,1.0,0.0,0.0,False,False,False
leather-revolution35,1,1.0,2,1,2,1,2.0,1.0,7.365256318285133e-07,5.338735424643523e-07,2.0,0.0,0.0,True,False,False
lee-bungalow,2,0.0,0,2,0,2,0.0,2.0,0.0,-1.2615887055191263e-18,,,,False,False,False
legitimate_expert712,1,0.0,0,1,0,1,0.0,1.0,0.0,8.819369270364718e-19,,,,False,False,False
lentor,1,0.0,1,1,1,1,1.0,1.0,7.718788621562819e-05,2.2635703023717436e-18,1.0,0.0,0.0,False,False,False
leonartu,1,0.0,0,1,0,1,0.0,1.0,0.0,1.6443320702146202e-18,,,,False,False,False
lermisv4,1,0.0,1,1,1,1,1.0,1.0,0.0,-2.5168688165994463e-18,1.0,0.0,0.0,False,False,False
let-me-have-a-naame,1,0.0,0,1,0,1,0.0,1.0,0.0,1.3499733756463086e-18,,,,False,False,False
leterren,1,0.0,0,1,0,1,0.0,1.0,0.0,2.762528861108606e-18,,,,False,False,False
letouriste1,1,0.0,0,1,0,1,0.0,1.0,0.0,-2.7216944380518346e-18,,,,False,False,False
level_number_7343,1,0.0,0,1,0,1,0.0,1.0,0.0,-3.5220150916096334e-19,,,,False,False,False
levoweal,2,0.0,0,2,0,2,0.0,2.0,0.0,-1.5515119483292665e-18,,,,False,False,False
lez0fire,1,0.0,2,1,2,1,2.0,1.0,1.4730512636570266e-06,3.764174342889984e-18,2.0,0.0,0.0,True,False,False
lgut5l,1,1.0,0,1,0,1,0.0,1.0,0.0,-1.6087192860439207e-18,,,,False,False,False
lifelongmc,1,0.0,1,1,1,1,1.0,1.0,7.365256318285133e-07,2.7116002154001966e-19,1.0,0.0,0.0,False,False,False
ligerdrag20,1,0.0,0,1,0,1,0.0,1.0,0.0,-1.3601121064350322e-18,,,,False,False,False
lightbuster31,1,0.0,0,1,0,1,0.0,1.0,0.0,6.603767581215582e-19,,,,False,False,False
lightningmcquinn5,1,0.0,8,1,8,1,8.0,1.0,1.0311358845599185e-06,-1.2713131512150704e-17,8.0,0.0,0.0,True,False,False
lilelton,1,0.0,0,1,0,1,0.0,1.0,0.0,2.3631862794391246e-18,,,,False,False,False
lilstoneey,1,1.0,1,1,1,1,1.0,1.0,5.892205054628106e-07,-3.8886825813524965e-18,1.0,0.0,0.0,False,False,False
lisavip,2,0.0,1,2,1,2,1.0,2.0,7.718788621562819e-05,-5.549163376960999e-20,1.0,0.0,0.0,False,False,False
lithiumbrigadebait,1,0.0,0,1,0,1,0.0,1.0,0.0,-7.850141075642626e-19,,,,False,False,False
littlemrdoom,1,1.0,1,1,1,1,1.0,1.0,0.0,7.677585342608576e-06,1.0,0.0,0.0,False,False,False
littletimmytom,1,0.0,1,1,1,1,1.0,1.0,0.0,0.02220765719224383,1.0,0.0,0.0,False,False,False
lkgv,1,0.0,0,1,0,1,0.0,1.0,0.0,-6.850063214590065e-19,,,,False,False,False
llkyonll,1,1.0,1,1,1,1,1.0,1.0,0.0,0.0002047765068942069,1.0,0.0,0.0,False,False,False
lmisterioxol,1,0.0,4,1,4,1,5.0,1.0,4.4191537909710793e-07,-2.364223877730201e-17,5.0,0.0,0.0,True,False,False
local-refrigerator49,1,0.0,0,1,0,1,0.0,1.0,0.0,1.9187960749087322e-18,,,,False,False,False
local_shooty,1,0.0,1,1,1,1,1.0,1.0,7.733519134199389e-05,-3.8230784212115015e-18,1.0,0.0,0.0,False,False,False
localjens,1,0.0,0,1,0,1,0.0,1.0,0.0,-9.599039028583244e-19,,,,False,False,False
logalevaard,1,0.0,0,1,0,1,0.0,1.0,0.0,-2.316790457644e-18,,,,False,False,False
lologugus,1,0.0,0,1,0,1,0.0,1.0,0.0,-3.316665078951824e-19,,,,False,False,False
lone-frequency,7,0.0,3,7,3,7,3.0,7.0,0.004154411172425119,1.2081515976931883e-05,3.0,0.0,0.0,True,False,False
long_werewolf_2856,1,0.0,0,1,0,1,0.0,1.0,0.0,2.5213162896208244e-18,,,,False,False,False
lop333,1,0.0,1,1,1,1,1.0,1.0,4.4191537909710793e-07,9.007630462707872e-19,1.0,0.0,0.0,False,False,False
lord-heir,1,0.0,0,1,0,1,0.0,1.0,0.0,-2.1257260541549776e-19,,,,False,False,False
lord_norjam,1,0.0,0,1,0,1,0.0,1.0,0.0,-2.2343673475305222e-18,,,,False,False,False
lord_phoenix_ultama,1,0.0,0,1,0,1,0.0,1.0,0.0,-2.063806997627122e-18,,,,False,False,False
lord_zarcnas_21,1,0.0,1,1,1,1,1.0,1.0,0.0,1.9760702528920858e-05,1.0,0.0,0.0,False,False,False
lorddoom01,1,0.0,0,1,0,1,0.0,1.0,0.0,-2.952138895492964e-19,,,,False,False,False
lordmemorys,1,0.0,2,1,2,1,2.0,1.0,0.0001602679774858845,1.8868353028795927e-07,2.0,0.0,0.0,True,False,False
lordombro,1,0.0,0,1,0,1,0.0,1.0,0.0,2.2082595031076784e-18,,,,False,False,False
lordstickvonscribble,1,0.0,4,1,4,1,4.0,1.0,2.504187148216945e-06,0.029265499527610105,4.0,0.0,0.0,True,False,False
lordthomasblackwood,1,0.0,0,1,0,1,0.0,1.0,0.0,2.7990003030120292e-18,,,,False,False,False
lostpretzels,2,0.0,1,2,1,2,2.0,2.0,1.4730512636570265e-07,-8.123192901607952e-19,2.0,0.0,0.0,False,False,False
lotsoboss,1,0.0,0,1,0,1,0.0,1.0,0.0,3.4197185583595426e-19,,,,False,False,False
loun_raccoon,1,0.0,1,1,1,1,1.0,1.0,2.946102527314053e-07,1.643558298470554e-18,1.0,0.0,0.0,False,False,False
lovressia,1,0.0,1,1,1,1,1.0,1.0,0.0,2.048737487307604e-10,1.0,0.0,0.0,False,False,False
low-contribution1929,1,0.0,0,1,0,1,0.0,1.0,0.0,1.8293738381893792e-19,,,,False,False,False
low-possession-8414,1,1.0,0,1,0,1,0.0,1.0,0.0,2.079213910921653e-18,,,,False,False,False
lower_cockroach2432,1,0.0,0,1,0,1,0.0,1.0,0.0,7.77897034670764e-19,,,,False,False,False
lowman246,1,0.0,1,1,1,1,1.0,1.0,0.0,4.185564635712321e-06,1.0,0.0,0.0,False,False,False
luca52_,1,0.0,1,1,1,1,1.0,1.0,0.0,1.2963185511190286e-05,1.0,0.0,0.0,False,False,False
lucasrg111,2,0.0,1,1,1,1,1.0,2.0,0.0,2.9053858309764397e-19,1.0,0.0,0.0,False,False,False
lucky_duck789,1,0.0,0,1,0,1,0.0,1.0,0.0,-2.7324595169435356e-19,,,,False,False,False
lucpoch_10,1,0.0,1,1,1,1,1.0,1.0,0.0,2.687088311642674e-18,1.0,0.0,0.0,False,False,False
ludvikskp,1,0.0,1,1,1,1,1.0,1.0,0.00023126904839415317,-5.605840501697795e-18,1.0,0.0,0.0,False,False,False
lughrevenge23,2,0.0,3,2,3,2,4.0,2.0,5.892205054628106e-07,2.2426628801150213e-18,4.0,0.0,0.0,True,False,False
luihgi,1,0.0,0,1,0,1,0.0,1.0,0.0,2.184820828786419e-18,,,,False,False,False
luke-hw,1,0.0,3,1,3,1,5.0,1.0,2.6514922745826478e-06,8.13474425161519e-08,5.0,0.0,0.0,True,False,False
lulleximarissol,1,0.0,0,1,0,1,0.0,1.0,0.0,1.0292977918803804e-18,,,,False,False,False
luvatris,1,0.0,0,1,0,1,0.0,1.0,0.0,1.7057674906661742e-18,,,,False,False,False
lycanthropy_06,1,0.0,0,1,0,1,0.0,1.0,0.0,1.1737007363958992e-18,,,,False,False,False
lychee225,1,0.0,0,1,0,1,0.0,1.0,0.0,1.0331030023974685e-18,,,,False,False,False
lzharu,2,0.0,0,2,0,2,0.0,2.0,0.0,1.0542072982544722e-18,,,,False,False,False
m1dj37,1,1.0,1,1,1,1,1.0,1.0,0.0,0.03205749771187247,1.0,0.0,0.0,False,False,False
m4cksfx,3,0.0,3,3,3,3,3.0,3.0,0.001180712666410075,1.2721497076043647e-05,3.0,0.0,0.0,True,False,False
m8bear,1,0.0,1,1,1,1,1.0,1.0,7.718788621562819e-05,3.645166098615364e-18,1.0,0.0,0.0,False,False,False
machinetraining9598,1,0.0,2,1,2,1,2.0,1.0,7.512561444650835e-06,0.00441456025698004,2.0,0.0,0.0,True,False,False
macievelli,1,0.0,0,1,0,1,0.0,1.0,0.0,-1.4560139579808664e-18,,,,False,False,False
macklin67,1,0.0,0,1,0,1,0.0,1.0,0.0,3.008911285659736e-19,,,,False,False,False
mad_for_sum_reason,3,0.0,2,2,2,2,3.0,3.0,0.0005239152327740157,3.85031373361061e-05,3.0,0.0,0.0,True,False,False
maddhattpatt,1,0.0,1,1,1,1,1.0,1.0,0.0,7.677585342613021e-06,1.0,0.0,0.0,False,False,False
maelkann,1,0.0,1,1,1,1,1.0,1.0,7.748249646835959e-05,1.9036176925593388e-18,1.0,0.0,0.0,False,False,False
magecap0,2,0.0,1,2,1,2,2.0,2.0,0.00015437577243125638,-2.0828098515960614e-18,2.0,0.0,0.0,False,False,False
magical_churl,1,0.0,1,1,1,1,1.0,1.0,0.0,0.020875973174328457,1.0,0.0,0.0,False,False,False
magicmarshmallo,1,0.0,0,1,0,1,0.0,1.0,0.0,-8.931623695648208e-20,,,,False,False,False
magicxdash,1,0.0,1,1,1,1,1.0,1.0,2.946102527314053e-07,7.384139276684358e-18,1.0,0.0,0.0,False,False,False
magnuskraken,1,0.0,0,1,0,1,0.0,1.0,0.0,8.095411632637319e-19,,,,False,False,False
maidenless_eldenlord,3,0.3333333333333333,1,3,1,3,1.0,3.0,7.365256318285133e-07,2.9570996129388273e-19,1.0,0.0,0.0,False,False,False
mailcs1206,4,0.0,2,3,2,3,2.0,4.0,0.00016380330051866135,3.857122479384627e-05,2.0,0.0,0.0,True,False,False
mainpeixefedido,1,0.0,1,1,1,1,1.0,1.0,6.420048424105207e-06,-3.0583623578595242e-18,1.0,0.0,0.0,False,False,False
majestic_fruit6786,2,0.0,2,1,2,1,3.0,2.0,0.0005938851677977246,2.0223654169501157e-05,3.0,0.0,0.0,True,False,False
makeiks,1,0.0,0,1,0,1,0.0,1.0,0.0,-7.237240103025935e-19,,,,False,False,False
makenaize,3,0.0,1,1,1,1,2.0,3.0,0.0,4.472302438232868e-19,2.0,0.0,0.0,False,False,False
malna1r,1,1.0,0,1,0,1,0.0,1.0,0.0,-1.595377535093134e-18,,,,False,False,False
mammoth-store740,2,0.0,3,2,3,2,3.0,2.0,0.0005220002661312616,0.004533873708949829,3.0,0.0,0.0,True,False,False
managertasty5588,2,0.0,1,1,1,1,1.0,1.0,0.0,-4.95840270304479e-18,1.0,0.0,0.0,False,False,False
manjorno316,1,0.0,2,1,2,1,2.0,1.0,0.0001431314811186744,-1.3377145767948163e-18,2.0,0.0,0.0,True,False,False
mannzis,1,0.0,0,1,0,1,0.0,1.0,0.0,-2.3670686034552527e-18,,,,False,False,False
many-assignment6216,4,0.25,2,3,2,3,2.0,4.0,0.004820339302628071,1.5383574363009936e-08,2.0,0.0,0.0,True,False,False
maplesyrup2070,1,0.0,0,1,0,1,0.0,1.0,0.0,-1.85382333990841e-18,,,,False,False,False
marketingown3547,1,0.0,1,1,1,1,1.0,1.0,0.0,9.573485259699167e-18,1.0,0.0,0.0,False,False,False
marmoolack,2,0.0,1,1,1,1,1.0,2.0,0.0,-3.770717631096387e-18,1.0,0.0,0.0,False,False,False
maronmario,2,0.5,0,2,0,2,0.0,2.0,0.0,9.801766372423397e-19,,,,False,False,False
marshilyy,1,0.0,0,1,0,1,0.0,1.0,0.0,-1.9776152849011517e-18,,,,False,False,False
mart1n192,1,0.0,1,1,1,1,1.0,1.0,7.733519134199389e-05,8.35514764918384e-19,1.0,0.0,0.0,False,False,False
martibarimaff,10,0.0,79,10,79,10,81.0,10.0,0.01586415172858236,0.16126678042297773,81.0,0.0,0.0,True,False,True
masbin420m,1,1.0,0,1,0,1,0.0,1.0,0.0,1.1037915576757884e-19,,,,False,False,False
mashedpotato____,1,0.0,1,1,1,1,1.0,1.0,1.1784410109256212e-06,1.7395009052285895e-18,1.0,0.0,0.0,False,False,False
maskofice42,1,0.0,0,1,0,1,0.0,1.0,0.0,-1.7303270766794215e-18,,,,False,False,False
masterfullyfoolish,1,0.0,0,1,0,1,0.0,1.0,0.0,2.3689308762227532e-18,,,,False,False,False
masterhearts-xiii,1,0.0,0,1,0,1,0.0,1.0,0.0,-7.209200818761165e-19,,,,False,False,False
masterofpikmin,1,0.0,1,1,1,1,1.0,1.0,0.0,0.0045775638162786104,1.0,0.0,0.0,False,False,False
masteroogwayy2,1,0.0,0,1,0,1,0.0,1.0,0.0,-2.1355632796288147e-18,,,,False,False,False
masterpeem,14,0.0,59,14,59,14,64.0,14.0,0.02874161895208108,3.8622461451777726e-05,64.0,0.0,0.0,True,False,True
mastervidsgamin,1,0.0,0,1,0,1,0.0,1.0,0.0,-1.1624013353487715e-18,,,,False,False,False
material_gwori,1,0.0,0,1,0,1,0.0,1.0,0.0,2.1752812916381434e-18,,,,False,False,False
mathematicianodd9347,2,0.5,0,2,0,2,0.0,2.0,0.0,1.798782327566232e-18,,,,False,False,False
mathewrios12,1,0.0,0,1,0,1,0.0,1.0,0.0,-1.7660109921549013e-18,,,,False,False,False
mathfair1487,1,0.0,0,1,0,1,0.0,1.0,0.0,1.6944023353824433e-18,,,,False,False,False
mathiparcero1539,1,0.0,0,1,0,1,0.0,1.0,0.0,-9.20059956505695e-19,,,,False,False,False
mathnerd271828,1,0.0,0,1,0,1,0.0,1.0,0.0,-1.4486963232302182e-18,,,,False,False,False
matt111199,3,0.0,1,2,1,2,3.0,3.0,1.4730512636570266e-06,-6.29080760728568e-18,3.0,0.0,0.0,False,False,False
mattybro1,2,0.0,1,2,1,2,2.0,2.0,0.0,-4.8158732624091205e-18,2.0,0.0,0.0,False,False,False
maus_enjoyer1945,8,0.0,3,5,3,5,6.0,8.0,0.01695072005200847,5.639265379589933e-06,6.0,0.0,0.0,True,False,True
maxhaydenchiz,1,0.0,0,1,0,1,0.0,1.0,0.0,-9.79376285255609e-19,,,,False,False,False
maximumstrategy5929,1,0.0,2,0,2,0,2.0,0.0,0.0,-8.946913547339262e-19,2.0,0.0,0.0,True,False,False
maximusjacksamuss,1,0.0,1,1,1,1,1.0,1.0,0.0,5.355055286383823e-06,1.0,0.0,0.0,False,False,False
mcdonaldsandwaffles,1,0.0,0,1,0,1,0.0,1.0,0.0,2.0486439441694377e-19,,,,False,False,False
mcgladi8tor,1,0.0,0,1,0,1,0.0,1.0,0.0,-2.2247295781427717e-18,,,,False,False,False
mcnutty145,1,0.0,0,1,0,1,0.0,1.0,0.0,-2.312918464383589e-18,,,,False,False,False
mdgt_pope,6,0.0,8,6,8,6,10.0,6.0,0.013719486590662345,0.00031508854082264295,10.0,0.0,0.0,True,False,True
mdizzle40,3,0.0,1,2,1,2,2.0,3.0,2.946102527314053e-07,2.0811802399693294e-18,2.0,0.0,0.0,False,False,False
me4tacytehepa,4,0.5,2,4,2,4,2.0,4.0,0.0004747644222766596,2.685676471677767e-06,2.0,0.0,0.0,True,False,False
meacvstodia,2,0.0,0,2,0,2,0.0,2.0,0.0,-1.4342265057614695e-18,,,,False,False,False
meathirboy,1,0.0,1,1,1,1,1.0,1.0,4.4191537909710793e-07,8.714650886908526e-19,1.0,0.0,0.0,False,False,False
mechanictypical9725,1,0.0,2,1,2,1,2.0,1.0,0.0001932643257918019,4.389095413701759e-07,2.0,0.0,0.0,True,False,False
medical_efficiency20,5,0.0,1,3,1,3,2.0,5.0,0.000574269035136692,1.4341585260314818e-08,2.0,0.0,0.0,False,False,False
mediocre_bedroom8701,1,1.0,2,1,2,1,2.0,1.0,0.00023613011756422136,4.020169222470625e-06,2.0,0.0,0.0,True,False,False
meditativemindz,1,0.0,0,1,0,1,0.0,1.0,0.0,8.84142332078337e-19,,,,False,False,False
medium-elevator-9302,1,0.0,0,1,0,1,0.0,1.0,0.0,3.2562836672353107e-18,,,,False,False,False
medium_entry_2111,1,0.0,0,1,0,1,0.0,1.0,0.0,-1.8329523047580602e-18,,,,False,False,False
mega-humanoid-robot,1,0.0,0,1,0,1,0.0,1.0,0.0,-2.451455518539513e-19,,,,False,False,False
megalo-maniac538,1,1.0,0,1,0,1,0.0,1.0,0.0,-3.737967166352219e-19,,,,False,False,False
megamate9000,2,0.0,3,2,3,2,3.0,2.0,0.0004894949349132299,7.490838977650873e-08,3.0,0.0,0.0,True,False,False
meganbiggs,3,0.0,4,2,4,2,6.0,3.0,8.838307581942159e-07,-2.1534027439781365e-18,6.0,0.0,0.0,True,False,False
meianmari,4,0.0,7,4,7,4,9.0,4.0,0.0010183203385661025,0.10972553955047405,9.0,0.0,0.0,True,False,True
mejis,2,0.0,1,1,1,1,1.0,2.0,0.0,-2.820536466382986e-17,1.0,0.0,0.0,False,False,False
mekelaxo,6,0.0,3,5,3,5,4.0,6.0,0.0003296934236608368,3.673829896085188e-17,4.0,0.0,0.0,True,False,False
melephs_hat,1,0.0,0,1,0,1,0.0,1.0,0.0,-1.2388109238862557e-18,,,,False,False,False
meliofeuh,1,0.0,0,1,0,1,0.0,1.0,0.0,-2.35714286568724e-18,,,,False,False,False
melissa_unibi,1,0.0,0,1,0,1,0.0,1.0,0.0,1.5139845310163212e-18,,,,False,False,False
memerwhoiseverywhere,1,0.0,0,1,0,1,0.0,1.0,0.0,6.435600662333008e-19,,,,False,False,False
mental_blueberry4563,1,0.0,1,1,1,1,1.0,1.0,0.0,4.014279757418577e-05,1.0,0.0,0.0,False,False,False
merrygifmas,1,0.0,1,1,1,1,1.0,1.0,0.0,5.50323522269938e-18,1.0,0.0,0.0,False,False,False
metroidjunkie,3,0.6666666666666666,0,3,0,3,0.0,3.0,0.0,3.189432959060645e-19,,,,False,False,False
mhs2fann,1,0.0,4,1,4,1,4.0,1.0,0.0013017354016937144,1.530183320794358e-07,4.0,0.0,0.0,True,False,False
michael02895,1,0.0,0,1,0,1,0.0,1.0,0.0,7.933695339368468e-19,,,,False,False,False
mierimau,1,0.0,0,1,0,1,0.0,1.0,0.0,-7.945174130110717e-19,,,,False,False,False
mightyjor,1,0.0,0,1,0,1,0.0,1.0,0.0,2.767954729625078e-18,,,,False,False,False
mikesneer,1,0.0,2,1,2,1,2.0,1.0,8.838307581942159e-07,1.847365333374519e-18,2.0,0.0,0.0,True,False,False
mikey_robertoapwp,1,1.0,0,1,0,1,0.0,1.0,0.0,2.7836501357049306e-18,,,,False,False,False
milanm4,1,0.0,1,1,1,1,1.0,1.0,1.4730512636570265e-07,-2.6879610613381316e-18,1.0,0.0,0.0,False,False,False
mingu_heaven,1,0.0,0,1,0,1,0.0,1.0,0.0,-1.4409801630976506e-18,,,,False,False,False
minidon69,1,0.0,0,1,0,1,0.0,1.0,0.0,-2.980296491387412e-19,,,,False,False,False
minniepitou018,1,0.0,0,1,0,1,0.0,1.0,0.0,-1.5288655078921854e-18,,,,False,False,False
mintykanesh,1,0.0,0,1,0,1,0.0,1.0,0.0,-2.66086994422185e-18,,,,False,False,False
mirzanary,1,0.0,0,1,0,1,0.0,1.0,0.0,2.555181942465899e-18,,,,False,False,False
mishar5k,3,0.0,1,2,1,2,3.0,3.0,7.821902210018811e-05,4.928114285039446e-18,3.0,0.0,0.0,False,False,False
miss_review,1,0.0,0,1,0,1,0.0,1.0,0.0,-2.739725585085158e-18,,,,False,False,False
mistagiz,1,0.0,0,1,0,1,0.0,1.0,0.0,-2.4743697784194404e-18,,,,False,False,False
misterrai,1,0.0,0,1,0,1,0.0,1.0,0.0,4.2354625321913263e-19,,,,False,False,False
mitzulik,1,0.0,1,1,1,1,1.0,1.0,0.0,0.03205749771187249,1.0,0.0,0.0,False,False,False
mjc6387,1,0.0,0,1,0,1,0.0,1.0,0.0,8.307816947294347e-19,,,,False,False,False
mk_dagger,14,0.1428571428571428,47,11,47,11,53.0,13.0,0.023565863944916884,0.0001017360626715299,53.0,0.0,0.0,True,False,True
mlg_blazer,1,0.0,0,1,0,1,0.0,1.0,0.0,-2.903036502542505e-18,,,,False,False,False
mlgwolf69,1,0.0,0,1,0,1,0.0,1.0,0.0,2.573247158339297e-19,,,,False,False,False
mmohon,1,0.0,2,1,2,1,2.0,1.0,1.1784410109256212e-06,-2.4443839885791572e-18,2.0,0.0,0.0,True,False,False
moconnors,2,0.5,2,2,2,2,2.0,2.0,0.0009568499093336939,2.8874979153652995e-06,2.0,0.0,0.0,True,False,False
moist-border2227,2,0.5,29,1,29,1,30.0,2.0,0.000332909585586488,0.10087838595746917,30.0,0.0,0.0,True,False,True
mokujin42,1,0.0,0,1,0,1,0.0,1.0,0.0,1.6237804530883271e-18,,,,False,False,False
mongy_grail,1,0.0,1,1,1,1,1.0,1.0,2.946102527314053e-07,-3.865910159456724e-18,1.0,0.0,0.0,False,False,False
monikar2014,2,0.0,0,2,0,2,0.0,2.0,0.0,-1.936770003981658e-18,,,,False,False,False
monkylog,1,1.0,0,1,0,1,0.0,1.0,0.0,4.185274170186679e-19,,,,False,False,False
moonestlight,1,0.0,0,1,0,1,0.0,1.0,0.0,1.8712805962528053e-18,,,,False,False,False
moonhold3r,2,0.5,5,1,5,1,6.0,2.0,0.0022362391233577317,0.1012954669759479,6.0,0.0,0.0,True,False,True
moonlyuwu,1,0.0,0,1,0,1,0.0,1.0,0.0,7.178680690296446e-19,,,,False,False,False
mossbruegg_minis,2,0.0,0,2,0,2,0.0,2.0,0.0,-2.981196576514218e-18,,,,False,False,False
mossylungs,1,0.0,1,1,1,1,1.0,1.0,1.4730512636570265e-07,-1.3067365022659446e-18,1.0,0.0,0.0,False,False,False
most-okay-novelist,3,0.3333333333333333,2,2,2,2,2.0,3.0,4.4191537909710793e-07,-5.166704016003155e-18,2.0,0.0,0.0,True,False,False
moth_007,1,0.0,0,1,0,1,0.0,1.0,0.0,-2.4519259439516656e-19,,,,False,False,False
motheromelet,1,0.0,1,1,1,1,1.0,1.0,6.420048424105207e-06,-2.0928145953708113e-18,1.0,0.0,0.0,False,False,False
motleyroo,1,0.0,0,1,0,1,0.0,1.0,0.0,-2.43810812597314e-18,,,,False,False,False
mountain-toilet,1,0.0,0,1,0,1,0.0,1.0,0.0,8.365309476791799e-19,,,,False,False,False
movie2_1,1,0.0,1,1,1,1,1.0,1.0,0.00013204431527421583,2.3135051961414886e-06,1.0,0.0,0.0,False,False,False
mozoto,1,0.0,0,1,0,1,0.0,1.0,0.0,7.015517740577332e-19,,,,False,False,False
mpm0,1,0.0,0,1,0,1,0.0,1.0,0.0,1.3336412944731757e-18,,,,False,False,False
mr1120,1,0.0,0,1,0,1,0.0,1.0,0.0,-6.122011229365196e-19,,,,False,False,False
mr_kerbibble,1,0.0,0,1,0,1,0.0,1.0,0.0,2.052413579309428e-18,,,,False,False,False
mr_massacre9000,3,0.0,1,2,1,2,1.0,3.0,0.0,6.209610377268617e-18,1.0,0.0,0.0,False,False,False
mr_mister2004,1,1.0,0,1,0,1,0.0,1.0,0.0,-1.9699835696400782e-18,,,,False,False,False
mrbigmclargehuge,1,0.0,1,1,1,1,1.0,1.0,0.0,0.0009473900743448152,1.0,0.0,0.0,False,False,False
mrepman81,1,0.0,0,1,0,1,0.0,1.0,0.0,2.0498564060408697e-18,,,,False,False,False
mrfa123rod_real,1,0.0,0,1,0,1,0.0,1.0,0.0,-2.884789023007012e-19,,,,False,False,False
mrfalcon530,1,0.0,0,1,0,1,0.0,1.0,0.0,-6.850116886175121e-19,,,,False,False,False
mrfulla93,1,0.0,0,1,0,1,0.0,1.0,0.0,1.6197334860699033e-18,,,,False,False,False
mrgreenyeti,1,0.0,0,1,0,1,0.0,1.0,0.0,-2.661239405844015e-18,,,,False,False,False
mrgunslingerman,2,0.0,1,2,1,2,1.0,2.0,0.0008042368882479479,0.0039791104990337745,1.0,0.0,0.0,False,False,False
mrmistermrister,1,0.0,0,1,0,1,0.0,1.0,0.0,1.0592097230354755e-20,,,,False,False,False
mrmonkeyman79,1,0.0,0,1,0,1,0.0,1.0,0.0,-2.9925517852488508e-18,,,,False,False,False
mrrandomguys,2,0.0,1,2,1,2,1.0,2.0,7.718788621562819e-05,-4.837149098514329e-18,1.0,0.0,0.0,False,False,False
mrsmuckers,1,0.0,0,1,0,1,0.0,1.0,0.0,2.407419596843194e-18,,,,False,False,False
mrsneakyfox,1,0.0,0,1,0,1,0.0,1.0,0.0,1.7073523728525224e-18,,,,False,False,False
mrstealth1993,1,0.0,0,1,0,1,0.0,1.0,0.0,8.984465891297685e-19,,,,False,False,False
muddy-man,1,1.0,0,1,0,1,0.0,1.0,0.0,-2.247090573636459e-18,,,,False,False,False
mulberrydeep,8,0.125,3,7,3,7,3.0,8.0,0.0036577458682139586,1.5599821314036195e-08,3.0,0.0,0.0,True,False,False
multi-tunes,1,0.0,0,1,0,1,0.0,1.0,0.0,3.8695667391030185e-19,,,,False,False,False
munnz06,1,0.0,0,1,0,1,0.0,1.0,0.0,1.5865295603435392e-18,,,,False,False,False
muntaacas,1,0.0,3,1,3,1,3.0,1.0,0.00015408116217852498,3.431523634280103e-07,3.0,0.0,0.0,True,False,False
murky-contact-6377,1,1.0,0,1,0,1,0.0,1.0,0.0,-2.1009904324887405e-18,,,,False,False,False
murky-departure6122,2,0.0,4,2,4,2,5.0,2.0,1.6498174152958697e-05,-2.6503413863068544e-17,5.0,0.0,0.0,True,False,False
museickman,1,0.0,1,1,1,1,1.0,1.0,0.0,-4.242826184596658e-18,1.0,0.0,0.0,False,False,False
muttonchopmac,3,0.0,3,3,3,3,4.0,3.0,0.0014298417599230878,1.215927086913994e-06,4.0,0.0,0.0,True,False,False
mvdeeks,1,0.0,0,1,0,1,0.0,1.0,0.0,-3.638289116987527e-19,,,,False,False,False
mw9676,1,0.0,0,1,0,1,0.0,1.0,0.0,1.9270195046115163e-18,,,,False,False,False
my_cat_vids,1,0.0,0,1,0,1,0.0,1.0,0.0,-2.1705222617957516e-18,,,,False,False,False
myhf,1,0.0,1,1,1,1,1.0,1.0,0.0,5.435484639066735e-05,1.0,0.0,0.0,False,False,False
mymain123,1,0.0,0,1,0,1,0.0,1.0,0.0,-1.2563622961339237e-18,,,,False,False,False
mymindcrashed,1,0.0,1,1,1,1,1.0,1.0,0.0,7.455456083960155e-10,1.0,0.0,0.0,False,False,False
mynoodles_mostmoist,1,0.0,0,1,0,1,0.0,1.0,0.0,-2.501955630301038e-19,,,,False,False,False
mystdream,1,0.0,0,1,0,1,0.0,1.0,0.0,5.174108319018907e-19,,,,False,False,False
mysterioso7,1,0.0,0,1,0,1,0.0,1.0,0.0,-2.2561788787165726e-18,,,,False,False,False
mysteryman9274,2,0.5,1,2,1,2,1.0,2.0,1.4730512636570265e-07,-3.219413917730529e-19,1.0,0.0,0.0,False,False,False
mythical_mew,1,0.0,0,1,0,1,0.0,1.0,0.0,2.0598052874436316e-18,,,,False,False,False
n9s8mping,4,0.25,1,1,1,1,3.0,4.0,0.0,-1.9247631250585245e-17,3.0,0.0,0.0,False,False,False
nahte123456,1,0.0,0,1,0,1,0.0,1.0,0.0,-1.3756765279688947e-18,,,,False,False,False
naive-ad-4173,1,0.0,0,1,0,1,0.0,1.0,0.0,3.508169469949302e-19,,,,False,False,False
nalagma,3,0.3333333333333333,2,3,2,3,2.0,3.0,0.00015894223134859317,9.484764207113383e-18,2.0,0.0,0.0,True,False,False
naluver,1,0.0,0,1,0,1,0.0,1.0,0.0,2.2374357835533393e-18,,,,False,False,False
naphrym,2,0.0,1,2,1,2,1.0,2.0,1.4730512636570265e-07,2.8237545001185955e-18,1.0,0.0,0.0,False,False,False
napstablooky2,1,0.0,2,1,2,1,2.0,1.0,1.4730512636570265e-07,-4.2507510444982676e-18,2.0,0.0,0.0,True,False,False
narcissistichedonism,1,0.0,4,1,4,1,4.0,1.0,8.17911714145564e-05,0.0009030933139074877,4.0,0.0,0.0,True,False,False
narrow-read4589,1,0.0,0,1,0,1,0.0,1.0,0.0,2.0176501180491035e-18,,,,False,False,False
naspolop69,1,0.0,0,1,0,1,0.0,1.0,0.0,2.523902172382124e-18,,,,False,False,False
natakablue,1,0.0,0,1,0,1,0.0,1.0,0.0,-5.782245935225243e-19,,,,False,False,False
national-equal4971,2,0.0,1,2,1,2,1.0,2.0,1.4730512636570265e-07,-1.6120827280418753e-18,1.0,0.0,0.0,False,False,False
national_read_3465,1,1.0,0,1,0,1,0.0,1.0,0.0,1.102662713464152e-19,,,,False,False,False
natsuki_lover_447,1,0.0,2,1,2,1,2.0,1.0,0.00015437577243125638,-6.4043939631031075e-18,2.0,0.0,0.0,True,False,False
natural_freedom5719,1,0.0,0,1,0,1,0.0,1.0,0.0,-5.96337055416973e-19,,,,False,False,False
naturemations_2025,1,0.0,1,1,1,1,1.0,1.0,7.718788621562819e-05,-5.6103505242884866e-18,1.0,0.0,0.0,False,False,False
navydragons,4,0.0,0,4,0,4,0.0,4.0,0.0,-1.3628261171308472e-18,,,,False,False,False
nayr_knl,1,0.0,3,1,3,1,3.0,1.0,0.00015408116217852498,7.455456122927906e-10,3.0,0.0,0.0,True,False,False
nebulavortexhm,1,0.0,1,1,1,1,1.0,1.0,0.0,-2.5673754850606515e-18,1.0,0.0,0.0,False,False,False
necessary-wave-6076,2,0.0,2,2,2,2,2.0,2.0,7.939746311111373e-05,1.1899710975175764e-17,2.0,0.0,0.0,True,False,False
needlehater,9,0.0,4,6,4,6,6.0,9.0,0.002106414205320759,4.244488660807526e-05,6.0,0.0,0.0,True,False,True
neeson52,1,0.0,0,1,0,1,0.0,1.0,0.0,1.4108299041478837e-19,,,,False,False,False
neither-ad7512,2,0.0,1,1,1,1,2.0,2.0,0.0,-4.312061455299956e-18,2.0,0.0,0.0,False,False,False
neko_3ric,1,0.0,1,1,1,1,1.0,1.0,4.910170878856755e-08,6.201415164118294e-20,1.0,0.0,0.0,False,False,False
neojoker951,1,0.0,0,1,0,1,0.0,1.0,0.0,-2.4350332854617533e-18,,,,False,False,False
neoslayer,1,0.0,1,1,1,1,1.0,1.0,1.4730512636570265e-07,-8.109262526468711e-19,1.0,0.0,0.0,False,False,False
neptune_knight,1,0.0,0,1,0,1,0.0,1.0,0.0,1.011647161958685e-18,,,,False,False,False
neptwo,1,0.0,0,1,0,1,0.0,1.0,0.0,-2.3286409553757615e-18,,,,False,False,False
nerdwrapper,2,0.0,2,2,2,2,2.0,2.0,0.001904188817675056,0.000273434662823396,2.0,0.0,0.0,True,False,False
nether892,2,0.5,1,2,1,2,1.0,2.0,0.0001458075242476513,8.481613543741707e-05,1.0,0.0,0.0,False,False,False
netheraptr,1,0.0,0,1,0,1,0.0,1.0,0.0,-2.3401284168526977e-18,,,,False,False,False
netheri,1,0.0,2,1,2,1,2.0,1.0,7.365256318285133e-07,1.4890701776377515e-08,2.0,0.0,0.0,True,False,False
nevermore-guy,1,0.0,0,1,0,1,0.0,1.0,0.0,-2.7129920658914273e-18,,,,False,False,False
neverquiteenough,1,0.0,1,1,1,1,1.0,1.0,0.00015290272116759936,4.354456732417755e-18,1.0,0.0,0.0,False,False,False
neversettle13,1,0.0,0,1,0,1,0.0,1.0,0.0,-1.5515476218132484e-20,,,,False,False,False
new-fan1290,1,0.0,0,1,0,1,0.0,1.0,0.0,-4.94542276031567e-19,,,,False,False,False
new_general3939,1,0.0,0,1,0,1,0.0,1.0,0.0,2.4251385928523625e-18,,,,False,False,False
new_temporary2958,1,1.0,1,1,1,1,1.0,1.0,0.00019955121505802568,4.020169222472258e-06,1.0,0.0,0.0,False,False,False
new_user_wapis,1,0.0,0,1,0,1,0.0,1.0,0.0,2.4111651144104905e-18,,,,False,False,False
newaccountkonakona,2,0.0,0,2,0,2,0.0,2.0,0.0,-7.702464838092978e-19,,,,False,False,False
newbeeperson,5,0.2,16,5,16,5,17.0,5.0,0.01880331770425942,9.6351351382949e-06,17.0,0.0,0.0,True,False,True
newgameplusminus,1,0.0,0,1,0,1,0.0,1.0,0.0,-8.17845602194741e-19,,,,False,False,False
newredspyder,2,0.0,1,2,1,2,1.0,2.0,0.0004934721733251038,6.2953892943995574e-09,1.0,0.0,0.0,False,False,False
newtpsychological222,1,1.0,0,1,0,1,0.0,1.0,0.0,-1.4936929020444495e-18,,,,False,False,False
nhojj_whyte,1,0.0,0,1,0,1,0.0,1.0,0.0,-1.0273651518549721e-18,,,,False,False,False
nickewe,1,0.0,0,1,0,1,0.0,1.0,0.0,2.788679208782049e-18,,,,False,False,False
nickidemic,1,0.0,0,1,0,1,0.0,1.0,0.0,-2.61063820097263e-19,,,,False,False,False
nickkom97,1,0.0,1,1,1,1,1.0,1.0,0.0,-2.391540102925981e-17,1.0,0.0,0.0,False,False,False
nicky17_,2,0.0,1,2,1,2,1.0,2.0,5.155679422799593e-07,0.021811846332191694,1.0,0.0,0.0,False,False,False
night25th,10,0.0,4,8,4,8,5.0,10.0,0.019412372844987334,2.6938862564431467e-05,5.0,0.0,0.0,True,False,True
nightcatcher716,1,0.0,0,1,0,1,0.0,1.0,0.0,-2.4687830772577358e-18,,,,False,False,False
nightracoonschlatt,2,0.5,0,2,0,2,0.0,2.0,0.0,2.59256750998578e-18,,,,False,False,False
nikage0,1,0.0,1,1,1,1,1.0,1.0,4.4191537909710793e-07,3.966873539034902e-18,1.0,0.0,0.0,False,False,False
nikita859,1,0.0,1,1,1,1,1.0,1.0,2.946102527314053e-07,-2.8136605656517273e-18,1.0,0.0,0.0,False,False,False
nippius,1,1.0,0,1,0,1,0.0,1.0,0.0,-1.6268872417093408e-19,,,,False,False,False
nito4ka_bs,1,1.0,0,1,0,1,0.0,1.0,0.0,3.0419383507880936e-21,,,,False,False,False
nitrochaji240,1,0.0,1,1,1,1,1.0,1.0,8.175434513296498e-05,3.024719818770192e-18,1.0,0.0,0.0,False,False,False
nnexios,3,0.0,2,2,2,2,2.0,3.0,0.00016210929156545577,0.0008619098381398272,2.0,0.0,0.0,True,False,False
nnnn0nnn13,1,0.0,0,1,0,1,0.0,1.0,0.0,-1.7948392626144424e-18,,,,False,False,False
no-height8596,1,0.0,2,1,2,1,2.0,1.0,2.946102527314053e-07,1.7737831676108592e-18,2.0,0.0,0.0,True,False,False
no-joke5510,1,0.0,0,1,0,1,0.0,1.0,0.0,2.1674914743947172e-18,,,,False,False,False
no-price-1293,1,0.0,0,1,0,1,0.0,1.0,0.0,1.814681161691454e-18,,,,False,False,False
no-relationship4084,1,0.0,0,1,0,1,0.0,1.0,0.0,-2.68331437011141e-18,,,,False,False,False
no-start-6254,7,0.1428571428571428,43,7,43,7,45.0,7.0,0.00636764462540061,0.00021613994334373707,45.0,0.0,0.0,True,False,True
no-test9822,1,0.0,0,1,0,1,0.0,1.0,0.0,-2.153649615931978e-18,,,,False,False,False
no-worker2343,1,0.0,0,1,0,1,0.0,1.0,0.0,-1.5892802177402922e-18,,,,False,False,False
no_county3304,1,0.0,1,1,1,1,1.0,1.0,7.910285285838232e-05,-6.804534955735444e-18,1.0,0.0,0.0,False,False,False
no_department1851,1,0.0,0,1,0,1,0.0,1.0,0.0,-2.7341621645909354e-18,,,,False,False,False
no_help3669,1,0.0,0,1,0,1,0.0,1.0,0.0,2.202837858697495e-18,,,,False,False,False
no_improvement_6663,1,0.0,0,1,0,1,0.0,1.0,0.0,-2.3819343513390524e-18,,,,False,False,False
no_income3191,1,0.0,0,1,0,1,0.0,1.0,0.0,-2.7640674046955985e-18,,,,False,False,False
no_investment_1374,1,0.0,0,1,0,1,0.0,1.0,0.0,2.209005026639198e-18,,,,False,False,False
no_marionberry_4420,1,1.0,0,1,0,1,0.0,1.0,0.0,-2.025922757673949e-18,,,,False,False,False
no_midnight_6278,1,0.0,6,1,6,1,6.0,1.0,0.009738746993134104,0.09671926313179899,6.0,0.0,0.0,True,False,True
no_somewhere_2610,1,0.0,1,1,1,1,1.0,1.0,0.0,4.035692519527266e-18,1.0,0.0,0.0,False,False,False
no_tax4450,1,0.0,0,1,0,1,0.0,1.0,0.0,-1.2469639764602096e-18,,,,False,False,False
no_tonight_4517,3,0.0,2,2,2,2,3.0,3.0,2.946102527314053e-07,-2.4935322320794895e-18,3.0,0.0,0.0,True,False,False
no_turnover_9934,1,0.0,0,1,0,1,0.0,1.0,0.0,1.8364210250990536e-19,,,,False,False,False
noah_the_helldiver,1,0.0,1,1,1,1,1.0,1.0,8.838307581942159e-07,-7.322002993276512e-18,1.0,0.0,0.0,False,False,False
nocturnemoney70,1,0.0,0,1,0,1,0.0,1.0,0.0,-1.1139984395983978e-18,,,,False,False,False
nodlbohsek,1,0.0,0,1,0,1,0.0,1.0,0.0,-7.181839614475026e-19,,,,False,False,False
noelletheroyal,1,0.0,0,1,0,1,0.0,1.0,0.0,1.1819494676669028e-18,,,,False,False,False
noireresteem,1,0.0,0,1,0,1,0.0,1.0,0.0,6.31225777874648e-19,,,,False,False,False
noktu707,3,0.0,2,2,2,2,2.0,3.0,0.00023775047395424408,8.118952828948228e-06,2.0,0.0,0.0,True,False,False
nomindtothink_,1,1.0,0,1,0,1,0.0,1.0,0.0,2.8846876158488547e-18,,,,False,False,False
nonacrina,1,0.0,0,1,0,1,0.0,1.0,0.0,2.498757021298401e-18,,,,False,False,False
nonba,1,0.0,3,1,3,1,3.0,1.0,0.00048212967859494475,1.2976550812451328e-05,3.0,0.0,0.0,True,False,False
nondescript_redditor,6,0.0,3,5,3,5,3.0,6.0,0.00013036503683364685,5.1472821213766964e-17,3.0,0.0,0.0,True,False,False
nooneishere57,1,0.0,0,1,0,1,0.0,1.0,0.0,4.778231825916541e-19,,,,False,False,False
nopileosx2,1,0.0,1,1,1,1,1.0,1.0,1.7676615163884317e-06,-8.173557296602319e-18,1.0,0.0,0.0,False,False,False
noriaki_kakyoin_owo,1,0.0,0,1,0,1,0.0,1.0,0.0,6.428222915305249e-19,,,,False,False,False
norogw2,1,0.0,0,1,0,1,0.0,1.0,0.0,-1.421591509821992e-19,,,,False,False,False
north-research2574,2,0.5,0,2,0,2,0.0,2.0,0.0,7.143597594093325e-19,,,,False,False,False
nosecurity7265,2,0.0,2,2,2,2,3.0,2.0,4.4191537909710793e-07,1.5209350620602228e-17,3.0,0.0,0.0,True,False,False
nosrebna,2,0.0,3,1,3,1,4.0,2.0,0.0001612991133704444,0.10069701365870307,4.0,0.0,0.0,True,False,False
nostalg1cmusician,1,0.0,1,1,1,1,1.0,1.0,0.0,-4.3858189503531415e-18,1.0,0.0,0.0,False,False,False
not-famous_memeguy,1,0.0,0,1,0,1,0.0,1.0,0.0,-2.7104386019467064e-18,,,,False,False,False
not-kunt-tulgar,3,0.0,2,3,2,3,2.0,3.0,0.0013905112911834444,4.0201692224697946e-06,2.0,0.0,0.0,True,False,False
not-one-of-yall,1,0.0,1,1,1,1,1.0,1.0,8.838307581942159e-07,5.182696734018504e-18,1.0,0.0,0.0,False,False,False
not_a_marshmallow,1,0.0,0,1,0,1,0.0,1.0,0.0,-1.4682050361027683e-18,,,,False,False,False
not_pukicho,3,0.0,4,3,4,3,4.0,3.0,7.659866571016538e-06,-2.3592097713631502e-17,4.0,0.0,0.0,True,False,False
not_toji7,1,0.0,0,1,0,1,0.0,1.0,0.0,-1.1358735313412237e-18,,,,False,False,False
notanurag,1,0.0,0,1,0,1,0.0,1.0,0.0,1.2925874383120353e-18,,,,False,False,False
notcolorado73,1,0.0,0,1,0,1,0.0,1.0,0.0,-1.4304614994502922e-18,,,,False,False,False
notgarcher,3,0.0,2,3,2,3,2.0,3.0,0.0006210384127578024,1.3864892792373255e-17,2.0,0.0,0.0,True,False,False
notsoseriouselwood,1,0.0,0,1,0,1,0.0,1.0,0.0,-1.3887441759751057e-18,,,,False,False,False
notthatevilsalad,2,0.0,2,2,2,2,2.0,2.0,7.79244118474567e-05,-1.9701134061597487e-18,2.0,0.0,0.0,True,False,False
notveryai,2,0.5,10,2,10,2,10.0,2.0,0.0005453972303690141,1.1410143013316062e-07,10.0,0.0,0.0,True,False,True
novel-snow6108,1,0.0,0,1,0,1,0.0,1.0,0.0,9.309367819701867e-19,,,,False,False,False
novelconcert755,1,0.0,0,1,0,1,0.0,1.0,0.0,-2.4776710855613547e-18,,,,False,False,False
noxmiasma,9,0.0,11,9,11,9,11.0,9.0,0.005344564109985115,0.001030138043521241,11.0,0.0,0.0,True,False,True
nroolz2,1,0.0,0,1,0,1,0.0,1.0,0.0,2.311695481339979e-18,,,,False,False,False
nukesnipe,4,0.0,1,3,1,3,2.0,4.0,7.659866571016538e-05,1.9074281845331e-19,2.0,0.0,0.0,False,False,False
nulliai,1,0.0,0,1,0,1,0.0,1.0,0.0,1.1204858387576888e-18,,,,False,False,False
number1spideyfan,2,0.0,1,1,1,1,1.0,2.0,0.0,1.53835743634813e-08,1.0,0.0,0.0,False,False,False
numpostrophe,2,0.0,1,2,1,2,1.0,2.0,0.0,9.49181552497923e-07,1.0,0.0,0.0,False,False,False
nurahx,1,0.0,0,1,0,1,0.0,1.0,0.0,-2.7929187990821306e-18,,,,False,False,False
nuryadiy,9,0.2222222222222222,3,8,3,8,3.0,9.0,0.016933779962476456,0.0004266716389672111,3.0,0.0,0.0,True,False,False
nyan-binary-uwu,2,0.0,1,2,1,2,1.0,2.0,5.892205054628106e-07,2.894662338784129e-18,1.0,0.0,0.0,False,False,False
nyrfan112,1,0.0,0,1,0,1,0.0,1.0,0.0,-1.7509648590627442e-18,,,,False,False,False
nyukorin,1,0.0,0,1,0,1,0.0,1.0,0.0,-4.1728170579790976e-19,,,,False,False,False
oathkindle,1,0.0,0,1,0,1,0.0,1.0,0.0,2.9732746667643802e-18,,,,False,False,False
oben98,1,0.0,0,1,0,1,0.0,1.0,0.0,-6.08244455522146e-19,,,,False,False,False
obfuscatedchaos,1,0.0,1,1,1,1,1.0,1.0,0.0,3.2888451052695806e-18,1.0,0.0,0.0,False,False,False
octavianpl4ys-ttv,1,1.0,0,1,0,1,0.0,1.0,0.0,-2.9752998083693735e-19,,,,False,False,False
octaviathesoundqueen,1,1.0,0,1,0,1,0.0,1.0,0.0,-9.674131303902411e-20,,,,False,False,False
octaviona,1,0.0,0,1,0,1,0.0,1.0,0.0,-8.470079671780324e-19,,,,False,False,False
odd-barracuda4931,1,0.0,0,1,0,1,0.0,1.0,0.0,-1.7480930284179782e-19,,,,False,False,False
odd_mood_6950,1,0.0,1,1,1,1,1.0,1.0,1.7676615163884317e-06,1.7447594889796007e-18,1.0,0.0,0.0,False,False,False
odravad,5,0.4,1,1,1,1,5.0,5.0,0.0,-5.068155075093485e-18,5.0,0.0,0.0,False,False,False
ofmegan,1,0.0,0,1,0,1,0.0,1.0,0.0,-1.0332812689335346e-18,,,,False,False,False
ograyquaza,1,0.0,0,1,0,1,0.0,1.0,0.0,6.484489720115111e-19,,,,False,False,False
ohbyerly,1,0.0,1,1,1,1,1.0,1.0,0.0003185964374746206,5.268058901053062e-19,1.0,0.0,0.0,False,False,False
oholandesvoador,1,0.0,0,1,0,1,0.0,1.0,0.0,-2.6757589473045896e-18,,,,False,False,False
ohthatsnotgood,2,0.0,1,1,1,1,1.0,2.0,0.0,-8.495887710310731e-19,1.0,0.0,0.0,False,False,False
ojiji_bored,1,0.0,2,1,2,1,2.0,1.0,0.0007597998417942942,2.528849167436273e-06,2.0,0.0,0.0,True,False,False
ok-celebration9123,1,0.0,1,1,1,1,1.0,1.0,0.0,9.709736248249781e-18,1.0,0.0,0.0,False,False,False
ok-intention-4828,1,0.0,1,1,1,1,1.0,1.0,0.00016453982615048987,7.825513789220159e-08,1.0,0.0,0.0,False,False,False
ok-procedure5603,2,0.0,3,2,3,2,3.0,2.0,0.0014566068675660746,-6.749189516701558e-17,3.0,0.0,0.0,True,False,False
ok-resolve-8783,1,0.0,0,1,0,1,0.0,1.0,0.0,7.358849505568674e-20,,,,False,False,False
ok_chair4701,1,1.0,1,1,1,1,1.0,1.0,2.946102527314053e-07,-3.058823376510638e-18,1.0,0.0,0.0,False,False,False
ok_doctor4812,1,0.0,2,1,2,1,2.0,1.0,7.925015798474801e-05,1.2028912290844723e-18,2.0,0.0,0.0,True,False,False
ok_seat5436,1,0.0,2,1,2,1,2.0,1.0,7.704058108926249e-05,8.074125937409096e-06,2.0,0.0,0.0,True,False,False
ok_weather2441,1,1.0,1,1,1,1,1.0,1.0,0.0006516042264786857,0.0008619098381398187,1.0,0.0,0.0,False,False,False
okbrilliant563,3,0.3333333333333333,0,3,0,3,0.0,3.0,0.0,-2.282751080713809e-18,,,,False,False,False
okthanxby,3,0.0,1,3,1,3,1.0,3.0,0.0018642936792843327,-3.053318206737996e-17,1.0,0.0,0.0,False,False,False
oktwentyfive,1,0.0,0,1,0,1,0.0,1.0,0.0,-2.7883715254722796e-19,,,,False,False,False
old-style-3650,1,0.0,0,1,0,1,0.0,1.0,0.0,-8.22591003800585e-19,,,,False,False,False
old_atmosphere_651,1,0.0,0,1,0,1,0.0,1.0,0.0,-1.0141538066950648e-18,,,,False,False,False
old_cardiologist7060,2,0.5,1,2,1,2,1.0,2.0,9.722138340136375e-06,2.0487374830809097e-10,1.0,0.0,0.0,False,False,False
old_manufacturer589,1,0.0,1,1,1,1,1.0,1.0,0.0,9.78331769280661e-18,1.0,0.0,0.0,False,False,False
olddansbiggestshoppr,1,0.0,2,1,2,1,2.0,1.0,0.0020834837073164985,-1.887643827199376e-17,2.0,0.0,0.0,True,False,False
olorin_1990,3,0.0,0,3,0,3,0.0,3.0,0.0,-2.3073213626552833e-19,,,,False,False,False
oluscao,1,0.0,0,1,0,1,0.0,1.0,0.0,9.957774878506692e-19,,,,False,False,False
omalleythealleycat1,1,0.0,1,1,1,1,1.0,1.0,0.0,0.09671790315966924,1.0,0.0,0.0,False,False,False
omega-toad-7017,1,0.0,0,1,0,1,0.0,1.0,0.0,2.275285723864525e-18,,,,False,False,False
omega_shadow_mage,1,0.0,0,1,0,1,0.0,1.0,0.0,-1.393044480333345e-18,,,,False,False,False
omega_xyz,1,0.0,1,1,1,1,1.0,1.0,1.4730512636570266e-06,5.176738562382464e-19,1.0,0.0,0.0,False,False,False
onagda,1,0.0,0,1,0,1,0.0,1.0,0.0,2.2543940728695474e-18,,,,False,False,False
onanimasterdark,1,0.0,0,1,0,1,0.0,1.0,0.0,-2.0140945532493332e-18,,,,False,False,False
one-clock-6016,1,0.0,0,1,0,1,0.0,1.0,0.0,-9.306615416274176e-19,,,,False,False,False
one-suggestion-885,1,0.0,0,1,0,1,0.0,1.0,0.0,-2.9933316896829083e-19,,,,False,False,False
one-tourist2752,1,0.0,0,1,0,1,0.0,1.0,0.0,1.4841229448493865e-18,,,,False,False,False
oneofthecoolestdudes,1,0.0,0,1,0,1,0.0,1.0,0.0,2.38978666465099e-18,,,,False,False,False
opalescentshrooms,3,0.0,16,3,16,3,16.0,3.0,0.00041378009996125877,0.00020472909009297625,16.0,0.0,0.0,True,False,True
opening-ad-3199,1,0.0,0,1,0,1,0.0,1.0,0.0,2.709063239127375e-18,,,,False,False,False
optimal-fruit5937,1,1.0,1,1,1,1,1.0,1.0,0.0,7.677585342613997e-06,1.0,0.0,0.0,False,False,False
ordinary_witness3225,2,0.0,5,2,5,2,5.0,2.0,0.0008558427841847324,-1.4466217200905669e-18,5.0,0.0,0.0,True,False,True
organic-serve-6246,1,0.0,0,1,0,1,0.0,1.0,0.0,-9.238464367560025e-19,,,,False,False,False
original-topic-6702,2,0.0,0,2,0,2,0.0,2.0,0.0,-2.6377177718517183e-18,,,,False,False,False
ornery_lecture1274,1,0.0,0,1,0,1,0.0,1.0,0.0,-6.143310913715071e-19,,,,False,False,False
osoba_talentu,5,0.2,1,4,1,4,1.0,5.0,0.0004287070194329833,0.0010809347042346014,1.0,0.0,0.0,False,False,False
otakuloid01,2,0.0,0,2,0,2,0.0,2.0,0.0,3.17969818171467e-18,,,,False,False,False
otherversian-elite,1,0.0,0,1,0,1,0.0,1.0,0.0,1.95163377129996e-18,,,,False,False,False
outrageouslog2550,1,0.0,0,1,0,1,0.0,1.0,0.0,-2.503870586033754e-18,,,,False,False,False
outside-cobbler353,1,0.0,2,1,2,1,2.0,1.0,0.003256351674294615,0.004354617315889353,2.0,0.0,0.0,True,False,False
outside_ad1020,1,0.0,0,1,0,1,0.0,1.0,0.0,8.82696432334651e-19,,,,False,False,False
outuvcontrol,1,0.0,0,1,0,1,0.0,1.0,0.0,4.226219500859352e-19,,,,False,False,False
over-gap5767,1,0.0,0,1,0,1,0.0,1.0,0.0,2.1190723301032958e-19,,,,False,False,False
over-implement5014,2,0.5,0,2,0,2,0.0,2.0,0.0,7.248475417545961e-19,,,,False,False,False
over_celebration6233,1,0.0,1,1,1,1,1.0,1.0,0.0,2.743029462167226e-18,1.0,0.0,0.0,False,False,False
overlordkopi_2037,1,0.0,0,1,0,1,0.0,1.0,0.0,2.8681475084510227e-18,,,,False,False,False
own-leadership-5893,1,0.0,0,1,0,1,0.0,1.0,0.0,1.8647154661505917e-18,,,,False,False,False
ownneighborhood113,3,0.0,2,2,2,2,2.0,3.0,7.939746311111373e-05,-4.930659349944442e-18,2.0,0.0,0.0,True,False,False
oxey405,1,0.0,1,1,1,1,1.0,1.0,1.4730512636570265e-07,6.4705352961362154e-18,1.0,0.0,0.0,False,False,False
oxo-fe,4,0.0,2,4,2,4,2.0,4.0,0.00012292612795217884,-8.513805819976658e-18,2.0,0.0,0.0,True,False,False
oxob3333,1,0.0,0,1,0,1,0.0,1.0,0.0,1.0540826352125003e-18,,,,False,False,False
oylesineyiyom,1,0.0,0,1,0,1,0.0,1.0,0.0,-1.155107350520308e-18,,,,False,False,False
pain_monster,1,0.0,0,1,0,1,0.0,1.0,0.0,-5.978772809718878e-19,,,,False,False,False
pale_entrepreneur_12,1,0.0,1,1,1,1,1.0,1.0,0.00021600823730266635,1.1638198895770518e-05,1.0,0.0,0.0,False,False,False
pale_initiative2844,1,0.0,0,1,0,1,0.0,1.0,0.0,8.354252828716901e-19,,,,False,False,False
palibaner,1,0.0,1,1,1,1,1.0,1.0,0.00015437577243125638,2.408117942070458e-18,1.0,0.0,0.0,False,False,False
pallouis,1,0.0,0,1,0,1,0.0,1.0,0.0,2.3499858979688054e-18,,,,False,False,False
pandaofages,1,0.0,0,1,0,1,0.0,1.0,0.0,1.3389719374195392e-18,,,,False,False,False
papyrus_semi,1,0.0,0,1,0,1,0.0,1.0,0.0,8.038150937661343e-19,,,,False,False,False
paracosm-aster,1,0.0,0,1,0,1,0.0,1.0,0.0,-1.326743559527471e-18,,,,False,False,False
paradocoftheheap,2,0.0,0,1,0,1,0.0,1.0,0.0,2.0957327182055676e-18,,,,False,False,False
parantani,1,0.0,0,1,0,1,0.0,1.0,0.0,4.84256874227425e-19,,,,False,False,False
paras_nimi,1,0.0,0,1,0,1,0.0,1.0,0.0,-2.5000157168736073e-18,,,,False,False,False
parkerlowes,1,0.0,0,1,0,1,0.0,1.0,0.0,9.432165869651777e-19,,,,False,False,False
parking-check5389,1,0.0,1,1,1,1,1.0,1.0,0.00015437577243125638,-4.927397675632242e-18,1.0,0.0,0.0,False,False,False
parking-onion-3552,1,0.0,0,1,0,1,0.0,1.0,0.0,-1.0312634987569657e-18,,,,False,False,False
parking-stable-2970,1,0.0,0,1,0,1,0.0,1.0,0.0,-3.039093775968945e-18,,,,False,False,False
parking_magazine8185,1,0.0,0,1,0,1,0.0,1.0,0.0,5.204246880319574e-19,,,,False,False,False
parmaaseann,1,0.0,0,1,0,1,0.0,1.0,0.0,6.942621629285072e-19,,,,False,False,False
parry_9000,1,0.0,0,1,0,1,0.0,1.0,0.0,-1.2793992981988178e-18,,,,False,False,False
particular-back-8294,2,0.5,1,1,1,1,2.0,2.0,0.0,1.3308472068260172e-18,2.0,0.0,0.0,False,False,False
particular_dingo_659,1,0.0,0,1,0,1,0.0,1.0,0.0,-2.705746366505851e-18,,,,False,False,False
passtheboofplz,1,0.0,2,1,2,1,2.0,1.0,5.744899928262404e-06,-1.8438663676504998e-17,2.0,0.0,0.0,True,False,False
paxtian,2,0.0,2,1,2,1,3.0,1.0,1.4730512636570266e-06,3.9827756182034825e-18,3.0,0.0,0.0,True,False,False
peejayx,1,0.0,1,1,1,1,1.0,1.0,7.718788621562819e-05,-1.4684131536419428e-18,1.0,0.0,0.0,False,False,False
pejman123,1,0.0,0,1,0,1,0.0,1.0,0.0,1.0289981456975932e-18,,,,False,False,False
pencomfortable2150,1,0.0,1,1,1,1,1.0,1.0,0.0,4.345316587165986e-06,1.0,0.0,0.0,False,False,False
penn57,1,0.0,0,1,0,1,0.0,1.0,0.0,-1.1479390961370567e-18,,,,False,False,False
penningthrowaway,1,0.0,0,1,0,1,0.0,1.0,0.0,-1.4996454121922135e-18,,,,False,False,False
penz_12,4,0.0,1,2,1,2,2.0,4.0,8.249087076479349e-05,7.101093966399101e-18,2.0,0.0,0.0,False,False,False
perf3ctlyimp3rf3ct,1,0.0,0,1,0,1,0.0,1.0,0.0,5.0960418602157754e-20,,,,False,False,False
perfect_bluebird_703,1,0.0,0,1,0,1,0.0,1.0,0.0,-9.53736513604443e-19,,,,False,False,False
personalsycophant,1,0.0,0,1,0,1,0.0,1.0,0.0,-1.1681162615567201e-18,,,,False,False,False
personxl-spxce,1,0.0,0,1,0,1,0.0,1.0,0.0,9.08171868832759e-19,,,,False,False,False
petalpotions,1,0.0,0,1,0,1,0.0,1.0,0.0,5.054843038051955e-19,,,,False,False,False
petr_lan,1,0.0,0,1,0,1,0.0,1.0,0.0,-1.3586431539097561e-18,,,,False,False,False
phasephyre,1,0.0,0,1,0,1,0.0,1.0,0.0,-2.2972734669669152e-18,,,,False,False,False
phdmom09,1,0.0,1,1,1,1,1.0,1.0,0.0,0.09671790315966931,1.0,0.0,0.0,False,False,False
phenns,1,0.0,0,1,0,1,0.0,1.0,0.0,-2.7662431911809004e-18,,,,False,False,False
phihofo,1,1.0,0,1,0,1,0.0,1.0,0.0,3.4515667674798896e-20,,,,False,False,False
philkid3,1,0.0,0,1,0,1,0.0,1.0,0.0,2.386902122096441e-19,,,,False,False,False
philledzone,1,0.0,0,1,0,1,0.0,1.0,0.0,-2.043251032869834e-18,,,,False,False,False
phoenix2222,1,0.0,0,1,0,1,0.0,1.0,0.0,-2.496969319311954e-18,,,,False,False,False
phoenix_paravai10101,2,0.5,1,2,1,2,1.0,2.0,7.704058108926249e-05,1.965436006259362e-18,1.0,0.0,0.0,False,False,False
phoenixmatrix,1,0.0,3,1,3,1,3.0,1.0,3.446939956957442e-05,8.724885298963216e-08,3.0,0.0,0.0,True,False,False
phoenyxs_angel,1,0.0,0,1,0,1,0.0,1.0,0.0,-5.895198871217544e-19,,,,False,False,False
phyphillosophy,1,0.0,0,1,0,1,0.0,1.0,0.0,2.446216710614071e-19,,,,False,False,False
physical-top-879,1,0.0,1,1,1,1,1.0,1.0,0.0,-1.5966302132379402e-17,1.0,0.0,0.0,False,False,False
pi621,1,0.0,0,1,0,1,0.0,1.0,0.0,-2.3027155958993688e-18,,,,False,False,False
piern1k,1,1.0,0,1,0,1,0.0,1.0,0.0,-2.676285100263119e-18,,,,False,False,False
pitiful_caterpillar8,1,0.0,4,1,4,1,4.0,1.0,4.4191537909710793e-07,9.053263507597961e-18,4.0,0.0,0.0,True,False,False
pixel_muffet,1,0.0,0,1,0,1,0.0,1.0,0.0,-3.2169735348666326e-18,,,,False,False,False
pixeltzofspook,1,0.0,0,1,0,1,0.0,1.0,0.0,-2.014950275974671e-18,,,,False,False,False
pixelum_maximum,1,0.0,0,1,0,1,0.0,1.0,0.0,-1.3464069462700484e-18,,,,False,False,False
pizzadash,1,0.0,0,1,0,1,0.0,1.0,0.0,1.0984209148510178e-18,,,,False,False,False
pizzatogo1208,1,1.0,0,1,0,1,0.0,1.0,0.0,-1.7197274613175921e-18,,,,False,False,False
plagit,2,0.0,3,2,3,2,3.0,2.0,0.00023185826889961597,1.2495257886609664e-17,3.0,0.0,0.0,True,False,False
plane-spite2604,3,0.0,3,3,3,3,3.0,3.0,0.0002518303889493658,3.8719884851749376e-17,3.0,0.0,0.0,True,False,False
planet_xplorer,4,0.25,2,2,2,2,3.0,4.0,0.0009675589920204808,0.021774233493400425,3.0,0.0,0.0,True,False,False
planetbet,1,0.0,0,1,0,1,0.0,1.0,0.0,-3.253113200868924e-18,,,,False,False,False
plasticmac,1,0.0,2,1,2,1,2.0,1.0,1.4730512636570266e-06,2.863487499993205e-18,2.0,0.0,0.0,True,False,False
player_kk,1,1.0,0,1,0,1,0.0,1.0,0.0,-2.729713791744478e-18,,,,False,False,False
pohatu_toa_of_stone,1,1.0,1,1,1,1,1.0,1.0,0.0,4.296548688462772e-05,1.0,0.0,0.0,False,False,False
poisson18,1,0.0,0,1,0,1,0.0,1.0,0.0,1.7356897743295804e-18,,,,False,False,False
poked_salad,1,0.0,1,1,1,1,1.0,1.0,2.946102527314053e-07,3.0580315315857487e-09,1.0,0.0,0.0,False,False,False
pokefan_dominic,1,0.0,0,1,0,1,0.0,1.0,0.0,-2.8494517576731635e-18,,,,False,False,False
pokemonrng,1,0.0,0,1,0,1,0.0,1.0,0.0,-1.564672632719146e-18,,,,False,False,False
polipododo,1,0.0,0,1,0,1,0.0,1.0,0.0,-6.617178296381292e-19,,,,False,False,False
pollito999,1,0.0,0,1,0,1,0.0,1.0,0.0,1.4298891309709147e-18,,,,False,False,False
pollix533228,1,0.0,0,1,0,1,0.0,1.0,0.0,-2.5263250737668693e-18,,,,False,False,False
poloizo,1,0.0,0,1,0,1,0.0,1.0,0.0,1.0918123082980834e-18,,,,False,False,False
pomaranc386,1,0.0,0,1,0,1,0.0,1.0,0.0,-6.281175690269393e-19,,,,False,False,False
pomfypluffy,1,0.0,0,1,0,1,0.0,1.0,0.0,-1.4240986814880725e-18,,,,False,False,False
pontiff_sullyy,5,0.2,1,4,1,4,1.0,5.0,7.836632722655381e-05,-2.558951949646164e-18,1.0,0.0,0.0,False,False,False
ponto-au,1,0.0,0,1,0,1,0.0,1.0,0.0,-2.248515100135424e-18,,,,False,False,False
pontuzz,2,0.0,1,2,1,2,1.0,2.0,2.3973909316018105e-05,1.7375276884506238e-17,1.0,0.0,0.0,False,False,False
poopoobuttholes,1,0.0,0,1,0,1,0.0,1.0,0.0,1.3074933939002556e-18,,,,False,False,False
poppyoghouls,1,1.0,0,1,0,1,0.0,1.0,0.0,2.3312329386053154e-18,,,,False,False,False
popular_research6084,2,0.0,0,2,0,2,0.0,2.0,0.0,-2.182483296328805e-18,,,,False,False,False
porkyboydelux,1,0.0,0,1,0,1,0.0,1.0,0.0,-1.8446140473297233e-18,,,,False,False,False
posivius,1,0.0,2,1,2,1,2.0,1.0,9.82034175771351e-07,7.982267129407664e-06,2.0,0.0,0.0,True,False,False
possible_barber_5835,1,0.0,0,1,0,1,0.0,1.0,0.0,-6.462861557799879e-19,,,,False,False,False
posthardcoreshoegaze,1,0.0,0,1,0,1,0.0,1.0,0.0,2.69384990853854e-18,,,,False,False,False
power0fthetribe,1,0.0,1,1,1,1,1.0,1.0,0.0003859394310781409,-3.4192553211583912e-18,1.0,0.0,0.0,False,False,False
powerful-set9659,1,0.0,0,1,0,1,0.0,1.0,0.0,2.4302727766685356e-18,,,,False,False,False
powerful_wishbone_22,1,0.0,0,1,0,1,0.0,1.0,0.0,-1.1672411265421223e-18,,,,False,False,False
ppigga,1,0.0,0,1,0,1,0.0,1.0,0.0,3.5510663404145255e-19,,,,False,False,False
pratzc07,1,0.0,0,1,0,1,0.0,1.0,0.0,2.8252015231114373e-18,,,,False,False,False
predawnzulu2573,1,0.0,0,1,0,1,0.0,1.0,0.0,-1.6375601998412791e-18,,,,False,False,False
preparationcrazy2637,1,0.0,0,1,0,1,0.0,1.0,0.0,2.722314830730913e-18,,,,False,False,False
prestigious-ad-2679,2,0.0,1,1,1,1,1.0,2.0,0.0,5.226568045278966e-19,1.0,0.0,0.0,False,False,False
prestigious-initial7,1,0.0,0,1,0,1,0.0,1.0,0.0,4.692211330201047e-19,,,,False,False,False
pretend-serve5073,1,0.0,0,1,0,1,0.0,1.0,0.0,3.269618369279047e-19,,,,False,False,False
pretty_aardvark_7227,2,0.0,0,2,0,2,0.0,2.0,0.0,1.5025818461257495e-18,,,,False,False,False
prettylittlenoob,2,0.5,1,1,1,1,1.0,1.0,1.4730512636570265e-07,1.460125567264791e-18,1.0,0.0,0.0,False,False,False
previouslingonberry4,1,0.0,0,1,0,1,0.0,1.0,0.0,2.5521962773668186e-18,,,,False,False,False
pricey6381,1,0.0,0,1,0,1,0.0,1.0,0.0,1.2764690751782205e-18,,,,False,False,False
priler96,1,0.0,0,1,0,1,0.0,1.0,0.0,4.4261482006048737e-20,,,,False,False,False
primary_crab687,1,0.0,0,1,0,1,0.0,1.0,0.0,-3.0113106542633844e-19,,,,False,False,False
privadevs,1,0.0,0,1,0,1,0.0,1.0,0.0,2.1231554045118993e-18,,,,False,False,False
privatizitaet,3,0.3333333333333333,1,3,1,3,1.0,3.0,0.0001551122980630849,-1.3903780658076252e-17,1.0,0.0,0.0,False,False,False
prodivir,1,0.0,0,1,0,1,0.0,1.0,0.0,8.137695837161872e-19,,,,False,False,False
professional_rush_95,1,0.0,0,1,0,1,0.0,1.0,0.0,-7.355903160535607e-20,,,,False,False,False
projectdystopia,2,0.0,0,2,0,2,0.0,2.0,0.0,5.353198199641023e-19,,,,False,False,False
promethesussy,1,0.0,0,1,0,1,0.0,1.0,0.0,1.4899410336017982e-18,,,,False,False,False
promethium-146,2,0.0,1,1,1,1,1.0,2.0,0.0,9.491815524936937e-07,1.0,0.0,0.0,False,False,False
proza-x,5,0.0,2,5,2,5,2.0,5.0,0.0006639042045302219,3.6193954722965924e-07,2.0,0.0,0.0,True,False,False
prsy______,1,0.0,0,1,0,1,0.0,1.0,0.0,1.4298018028480415e-18,,,,False,False,False
psh454,1,0.0,1,1,1,1,1.0,1.0,0.0002515119292952229,2.528849167434425e-06,1.0,0.0,0.0,False,False,False
pstock59,1,0.0,0,1,0,1,0.0,1.0,0.0,-1.5921171932432022e-18,,,,False,False,False
psubraty,1,0.0,2,1,2,1,2.0,1.0,1.4730512636570265e-07,-6.4617274993801014e-18,2.0,0.0,0.0,True,False,False
psychological_fuel57,1,0.0,0,1,0,1,0.0,1.0,0.0,1.81854541188379e-18,,,,False,False,False
psychologicalquit666,1,0.0,0,1,0,1,0.0,1.0,0.0,1.94456282541669e-18,,,,False,False,False
pttgeorge,3,0.0,1,1,1,1,2.0,3.0,0.0,-7.903940218838174e-18,2.0,0.0,0.0,False,False,False
punkhooligan,2,0.0,2,2,2,2,2.0,2.0,0.0019258672221051962,8.797452116018513e-06,2.0,0.0,0.0,True,False,False
puppy_pikachu_lover1,1,0.0,1,1,1,1,1.0,1.0,0.0,0.02220765719224384,1.0,0.0,0.0,False,False,False
pure-end2362,2,0.0,1,1,1,1,1.0,2.0,0.0,1.0515075282836218e-07,1.0,0.0,0.0,False,False,False
purekin21,1,0.0,0,1,0,1,0.0,1.0,0.0,-1.4977739655828689e-18,,,,False,False,False
purple_tailor_8270,1,1.0,0,1,0,1,0.0,1.0,0.0,1.2352256600301184e-18,,,,False,False,False
purplegrape99,1,0.0,0,1,0,1,0.0,1.0,0.0,4.105401856050567e-19,,,,False,False,False
puzzleheaded-meet513,1,0.0,0,1,0,1,0.0,1.0,0.0,1.051282777945614e-18,,,,False,False,False
puzzleheaded_aide949,1,0.0,0,1,0,1,0.0,1.0,0.0,-9.392825544897868e-19,,,,False,False,False
puzzleheaded_bath255,1,0.0,0,1,0,1,0.0,1.0,0.0,-5.297020833438161e-19,,,,False,False,False
pwnyo,1,0.0,0,1,0,1,0.0,1.0,0.0,1.51377216827711e-18,,,,False,False,False
pxlcrow,2,0.0,0,2,0,2,0.0,2.0,0.0,1.839961191909968e-18,,,,False,False,False
pyroheartdave,1,0.0,0,1,0,1,0.0,1.0,0.0,1.3369152640412968e-18,,,,False,False,False
qroztq,1,0.0,0,1,0,1,0.0,1.0,0.0,9.804336681086486e-19,,,,False,False,False
quailaggravating8028,2,0.0,1,2,1,2,2.0,2.0,8.838307581942159e-07,2.110324645276235e-18,2.0,0.0,0.0,False,False,False
quantam-law,1,0.0,0,1,0,1,0.0,1.0,0.0,-1.2314038103081914e-18,,,,False,False,False
quasarius,1,1.0,0,1,0,1,0.0,1.0,0.0,-1.2143346348662073e-18,,,,False,False,False
queasy_employment141,1,0.0,0,1,0,1,0.0,1.0,0.0,1.736620029539364e-19,,,,False,False,False
queenoftheremote40,4,0.25,1,1,1,1,3.0,4.0,0.0,1.1144976532336478e-18,3.0,0.0,0.0,False,False,False
quibbloboy,2,0.0,1,2,1,2,1.0,2.0,0.00034705555407081335,-8.648576904489411e-18,1.0,0.0,0.0,False,False,False
quillbolt_h,1,0.0,1,1,1,1,1.0,1.0,7.718788621562819e-05,3.143905070789917e-18,1.0,0.0,0.0,False,False,False
quinc4623,2,0.0,2,2,2,2,2.0,2.0,0.0001811116528666314,4.2965486884636015e-05,2.0,0.0,0.0,True,False,False
quintoriusbestboy,1,0.0,0,1,0,1,0.0,1.0,0.0,-2.6856169067214954e-18,,,,False,False,False
quo-fide,1,0.0,0,1,0,1,0.0,1.0,0.0,1.2643691683059997e-18,,,,False,False,False
qwerty1418,2,0.0,1,2,1,2,1.0,2.0,0.0033346443489579857,0.02087597330738274,1.0,0.0,0.0,False,False,False
qybz,1,0.0,1,1,1,1,1.0,1.0,6.420048424105207e-06,4.6539756306311444e-20,1.0,0.0,0.0,False,False,False
r2radd2,1,0.0,0,1,0,1,0.0,1.0,0.0,-2.5006407343597985e-18,,,,False,False,False
raakone2,1,0.0,1,1,1,1,1.0,1.0,5.597594801896701e-06,4.8048179986902004e-08,1.0,0.0,0.0,False,False,False
radiance-reddit,1,1.0,3,1,3,1,3.0,1.0,2.946102527314053e-07,-2.846007645953888e-17,3.0,0.0,0.0,True,False,False
radiantdrone,1,0.0,1,1,1,1,1.0,1.0,4.910170878856755e-08,3.671759616608346e-19,1.0,0.0,0.0,False,False,False
radiating_phoenix,1,1.0,0,1,0,1,0.0,1.0,0.0,2.6193503323811223e-18,,,,False,False,False
radilee21,1,0.0,0,1,0,1,0.0,1.0,0.0,-2.3889040316327742e-18,,,,False,False,False
radsnakesnake,1,0.0,0,1,0,1,0.0,1.0,0.0,-1.7229891563205344e-18,,,,False,False,False
rafflesiaarnoldii,1,0.0,0,1,0,1,0.0,1.0,0.0,-2.8512209982747327e-18,,,,False,False,False
rafiki95,1,0.0,0,1,0,1,0.0,1.0,0.0,2.7877857153491907e-18,,,,False,False,False
rage_against_the_atm,3,0.0,3,3,3,3,4.0,3.0,1.0311358845599185e-06,-6.408388539220051e-18,4.0,0.0,0.0,True,False,False
ragedayz,1,0.0,0,1,0,1,0.0,1.0,0.0,1.9536659259116824e-18,,,,False,False,False
railgunrp,1,0.0,0,1,0,1,0.0,1.0,0.0,1.0677770226185818e-18,,,,False,False,False
rainydeerx3,1,0.0,0,1,0,1,0.0,1.0,0.0,1.2369396239714054e-18,,,,False,False,False
ramdog,1,0.0,1,1,1,1,1.0,1.0,0.0,5.577362570462109e-18,1.0,0.0,0.0,False,False,False
ramons9,1,0.0,1,1,1,1,1.0,1.0,6.420048424105207e-06,-4.8640681069907174e-18,1.0,0.0,0.0,False,False,False
random6474849,2,0.0,1,1,1,1,2.0,1.0,0.0,-3.554655636304357e-18,2.0,0.0,0.0,False,False,False
random_bread106,2,0.0,3,2,3,2,3.0,2.0,0.0006304659408452074,-8.032370732167666e-18,3.0,0.0,0.0,True,False,False
randomcaveofmonsters,4,0.0,7,4,7,4,7.0,4.0,0.012803167686848183,8.064686277841246e-05,7.0,0.0,0.0,True,False,True
randomguy9058,1,0.0,0,1,0,1,0.0,1.0,0.0,1.8092761736364614e-18,,,,False,False,False
rankzero4x4,1,0.0,0,1,0,1,0.0,1.0,0.0,4.437590412963926e-19,,,,False,False,False
rastaba,1,1.0,0,1,0,1,0.0,1.0,0.0,-2.0314832377429886e-18,,,,False,False,False
ravensxlaws,1,0.0,1,1,1,1,1.0,1.0,0.0,1.0112906962238702e-17,1.0,0.0,0.0,False,False,False
raweon_,1,0.0,10,1,10,1,10.0,1.0,4.124543538239674e-06,2.5049632669730092e-17,10.0,0.0,0.0,True,False,False
razhork,1,0.0,0,1,0,1,0.0,1.0,0.0,2.6572675480845517e-18,,,,False,False,False
razielashura,1,0.0,0,1,0,1,0.0,1.0,0.0,8.931192666217096e-19,,,,False,False,False
rchasess,1,1.0,0,1,0,1,0.0,1.0,0.0,6.293390209015943e-19,,,,False,False,False
real_eigong,1,0.0,0,1,0,1,0.0,1.0,0.0,9.465882352069028e-19,,,,False,False,False
real_leader,1,0.0,0,1,0,1,0.0,1.0,0.0,-1.9694964835916997e-18,,,,False,False,False
realistic-cicada981,1,0.0,0,1,0,1,0.0,1.0,0.0,1.7255756067587418e-18,,,,False,False,False
realistic_ratio_8670,1,0.0,1,1,1,1,1.0,1.0,0.0,-2.983399582441508e-18,1.0,0.0,0.0,False,False,False
realnyxoy,1,0.0,2,1,2,1,2.0,1.0,7.365256318285133e-07,-7.178672444951014e-18,2.0,0.0,0.0,True,False,False
reborn_wraith,1,0.0,0,1,0,1,0.0,1.0,0.0,-2.693067255800869e-18,,,,False,False,False
recent_log3779,2,0.0,1,1,1,1,3.0,2.0,0.0,4.119846804525575e-05,3.0,0.0,0.0,False,False,False
recent_outside_2547,1,0.0,0,1,0,1,0.0,1.0,0.0,2.3004110451688197e-18,,,,False,False,False
red_cat231,1,0.0,0,1,0,1,0.0,1.0,0.0,-1.6299493550016161e-18,,,,False,False,False
redactedblocked,1,0.0,1,1,1,1,1.0,1.0,0.0,7.677585342596107e-06,1.0,0.0,0.0,False,False,False
reddit_account_10001,1,0.0,1,1,1,1,1.0,1.0,5.536217665910991e-05,-7.141207767856671e-18,1.0,0.0,0.0,False,False,False
redditpaslan,1,0.0,1,1,1,1,1.0,1.0,1.4730512636570265e-07,-6.205311843300418e-18,1.0,0.0,0.0,False,False,False
redox_nephew,2,0.0,0,2,0,2,0.0,2.0,0.0,-1.794020740870079e-18,,,,False,False,False
redtyro,7,0.1428571428571428,2,6,2,6,2.0,7.0,2.5925702240363668e-05,-2.531839217004245e-17,2.0,0.0,0.0,True,False,False
redundead40,2,0.0,2,2,2,2,2.0,2.0,0.00023775047395424408,8.830559048122971e-05,2.0,0.0,0.0,True,False,False
redwizard_,1,0.0,0,1,0,1,0.0,1.0,0.0,8.210662918579198e-19,,,,False,False,False
reflectionofmirage,1,0.0,0,1,0,1,0.0,1.0,0.0,1.5425714823313036e-18,,,,False,False,False
regular_reference419,3,0.0,1,2,1,2,2.0,3.0,2.946102527314053e-07,-7.853013899513815e-18,2.0,0.0,0.0,False,False,False
regulararmadillo21,1,0.0,0,1,0,1,0.0,1.0,0.0,3.0657173746223417e-18,,,,False,False,False
rekiwylls,3,0.0,1,1,1,1,2.0,3.0,0.0,5.5240427885114825e-18,2.0,0.0,0.0,False,False,False
rekvizuals,1,0.0,0,1,0,1,0.0,1.0,0.0,2.4252220648744237e-18,,,,False,False,False
rel_ortal,1,0.0,1,1,1,1,1.0,1.0,4.271848664605377e-06,-3.3799827044020964e-18,1.0,0.0,0.0,False,False,False
relationoriginal318,1,0.0,0,1,0,1,0.0,1.0,0.0,-9.734115887070158e-19,,,,False,False,False
relevant_cabinet_265,1,0.0,0,1,0,1,0.0,1.0,0.0,2.6677529652327814e-18,,,,False,False,False
relevant_potato3516,6,0.6666666666666666,2,4,2,4,2.0,6.0,0.013862951729583156,2.1055683731834473e-05,2.0,0.0,0.0,True,True,False
relysti,1,0.0,2,1,2,1,2.0,1.0,0.00014531650715976567,1.6874520246116157e-05,2.0,0.0,0.0,True,False,False
remarkable-spot-1591,1,0.0,0,1,0,1,0.0,1.0,0.0,5.730023501153412e-19,,,,False,False,False
remindmebot,1,0.0,0,1,0,1,0.0,1.0,0.0,-6.496964026384623e-19,,,,False,False,False
renkbruh,1,0.0,0,1,0,1,0.0,1.0,0.0,5.055324168361133e-19,,,,False,False,False
renuxity,1,0.0,1,1,1,1,1.0,1.0,6.420048424105207e-06,-7.781606551627501e-20,1.0,0.0,0.0,False,False,False
repair_jolly,1,0.0,0,1,0,1,0.0,1.0,0.0,-3.1442761157466306e-18,,,,False,False,False
repocin,1,0.0,1,1,1,1,1.0,1.0,1.4730512636570266e-06,-7.105217947868588e-18,1.0,0.0,0.0,False,False,False
representativeyam390,1,0.0,1,1,1,1,1.0,1.0,1.4730512636570265e-07,-3.253153570536856e-18,1.0,0.0,0.0,False,False,False
republiccute8573,1,0.0,1,1,1,1,1.0,1.0,0.0,2.8150548822111734e-17,1.0,0.0,0.0,False,False,False
repugnant-conclusion,1,0.0,0,1,0,1,0.0,1.0,0.0,-2.0377109527149867e-18,,,,False,False,False
repulsive-phrase-527,1,0.0,0,1,0,1,0.0,1.0,0.0,1.7237455416455762e-18,,,,False,False,False
repulsive_editor_335,1,0.0,0,1,0,1,0.0,1.0,0.0,1.9874776695716064e-18,,,,False,False,False
reronin,1,0.0,0,1,0,1,0.0,1.0,0.0,-8.316274243583287e-19,,,,False,False,False
responsible_prune896,1,0.0,1,1,1,1,1.0,1.0,7.689327596289678e-05,0.004414560256980047,1.0,0.0,0.0,False,False,False
revaninquisitor,1,0.0,0,1,0,1,0.0,1.0,0.0,2.5784276880757806e-18,,,,False,False,False
revergopls,1,0.0,0,1,0,1,0.0,1.0,0.0,5.306765776408373e-19,,,,False,False,False
reversedsemicircle,2,0.5,0,2,0,2,0.0,2.0,0.0,4.1277924374763305e-19,,,,False,False,False
revolutionary-two357,1,0.0,0,1,0,1,0.0,1.0,0.0,-1.1530018510306272e-18,,,,False,False,False
revolutionary_tie793,1,0.0,0,1,0,1,0.0,1.0,0.0,6.912575166032207e-19,,,,False,False,False
revolutionarygreen41,1,0.0,0,1,0,1,0.0,1.0,0.0,5.825094710633853e-19,,,,False,False,False
revoran,1,0.0,1,1,1,1,1.0,1.0,1.3257461372913239e-06,6.7842053193099946e-18,1.0,0.0,0.0,False,False,False
reyznightmarez,1,0.0,0,1,0,1,0.0,1.0,0.0,-9.50693627662445e-19,,,,False,False,False
rgmac1994,1,0.0,0,1,0,1,0.0,1.0,0.0,3.0538608034868624e-18,,,,False,False,False
rgpisgood,1,0.0,1,1,1,1,1.0,1.0,5.892205054628106e-07,-2.4913298331610026e-18,1.0,0.0,0.0,False,False,False
rhodehouse93,1,0.0,0,1,0,1,0.0,1.0,0.0,1.491684126096324e-18,,,,False,False,False
rhubarbrepulsive2574,1,0.0,0,1,0,1,0.0,1.0,0.0,-1.904353324074649e-18,,,,False,False,False
ribcabin,2,0.0,1,1,1,1,1.0,2.0,0.0,0.024412623866081687,1.0,0.0,0.0,False,False,False
ricerocketrider,1,0.0,0,1,0,1,0.0,1.0,0.0,5.80975298160737e-19,,,,False,False,False
richinaru,3,0.0,1,1,1,1,2.0,3.0,0.0,0.00039225754997778214,2.0,0.0,0.0,False,False,False
rickymac666,1,0.0,1,1,1,1,1.0,1.0,0.0,0.001080934704234599,1.0,0.0,0.0,False,False,False
rickyrich5,1,0.0,1,1,1,1,1.0,1.0,8.838307581942159e-07,2.3780497962237273e-18,1.0,0.0,0.0,False,False,False
riftcode,1,1.0,1,1,1,1,1.0,1.0,0.0,-6.545531447078652e-18,1.0,0.0,0.0,False,False,False
righteouswraith,10,0.6,7,10,7,10,8.0,10.0,0.002350928439660628,5.0150807761393986e-05,8.0,0.0,0.0,True,True,True
rightousstrike,1,0.0,0,1,0,1,0.0,1.0,0.0,-1.3007055646925447e-18,,,,False,False,False
riku8745,1,0.0,0,1,0,1,0.0,1.0,0.0,-9.833897365449115e-19,,,,False,False,False
rimaarts,1,0.0,0,1,0,1,0.0,1.0,0.0,1.6231953570843669e-18,,,,False,False,False
rio_walker,2,0.0,1,2,1,2,1.0,2.0,0.0,1.1638198895766911e-05,1.0,0.0,0.0,False,False,False
rip_vin1,2,0.0,0,1,0,1,0.0,2.0,0.0,2.768811860855023e-18,,,,False,False,False
risingdeadman0,1,0.0,1,1,1,1,1.0,1.0,0.0,1.9153251639412493e-06,1.0,0.0,0.0,False,False,False
rit0_yuuki,1,1.0,4,1,4,1,5.0,1.0,0.0001614464184968101,2.397319052508197e-07,5.0,0.0,0.0,True,False,False
rivilen,1,1.0,0,1,0,1,0.0,1.0,0.0,2.0109332694319276e-18,,,,False,False,False
rkadts,1,0.0,1,1,1,1,1.0,1.0,2.946102527314053e-07,1.54157663287087e-18,1.0,0.0,0.0,False,False,False
rmonsuave,3,0.0,3,2,3,2,4.0,3.0,0.00011676386349921364,1.8660874217293828e-17,4.0,0.0,0.0,True,False,False
rnn1407,1,0.0,0,1,0,1,0.0,1.0,0.0,1.0074758318283084e-18,,,,False,False,False
roadtops5,1,0.0,0,1,0,1,0.0,1.0,0.0,-2.514146693222375e-18,,,,False,False,False
robiox_official,1,0.0,0,1,0,1,0.0,1.0,0.0,-1.6309243278127185e-19,,,,False,False,False
robodex001,1,0.0,1,1,1,1,1.0,1.0,0.0,2.406436372048024e-18,1.0,0.0,0.0,False,False,False
roleaccomplished4700,1,0.0,0,1,0,1,0.0,1.0,0.0,-1.365154535455638e-18,,,,False,False,False
rollingkaiserroll,1,0.0,1,1,1,1,1.0,1.0,0.0,0.02106538714622961,1.0,0.0,0.0,False,False,False
ronathan64,1,0.0,2,1,2,1,2.0,1.0,1.4730512636570265e-07,1.6409794133743766e-18,2.0,0.0,0.0,True,False,False
rorodar,1,1.0,0,1,0,1,0.0,1.0,0.0,-1.4922932093573544e-18,,,,False,False,False
roscoe_p_trolltrain,1,0.0,0,1,0,1,0.0,1.0,0.0,-1.6441630096163512e-18,,,,False,False,False
rosegrimdark,2,0.0,0,2,0,2,0.0,2.0,0.0,3.176579447139952e-18,,,,False,False,False
rp_361,1,0.0,0,1,0,1,0.0,1.0,0.0,-7.929147631248936e-19,,,,False,False,False
rthegfasdwe,1,0.0,0,1,0,1,0.0,1.0,0.0,3.5534578675546097e-19,,,,False,False,False
rubix20033,1,0.0,1,1,1,1,1.0,1.0,0.0,0.021811846332191697,1.0,0.0,0.0,False,False,False
rubixkubezz,1,0.0,244,1,244,1,246.0,1.0,0.0002118247717138804,0.10070346497929628,246.0,0.0,0.0,True,False,False
rukaven,1,0.0,0,1,0,1,0.0,1.0,0.0,2.747794191223923e-18,,,,False,False,False
rustywolf,1,0.0,0,1,0,1,0.0,1.0,0.0,2.1034189723963124e-18,,,,False,False,False
rx1542,1,0.0,2,1,2,1,2.0,1.0,0.00023126904839415317,5.926878576900796e-18,2.0,0.0,0.0,True,False,False
ryancreamer202,1,0.0,0,1,0,1,0.0,1.0,0.0,4.638467160876571e-19,,,,False,False,False
ryhonn,1,0.0,0,1,0,1,0.0,1.0,0.0,3.087329705855871e-19,,,,False,False,False
s0ulbrother,3,0.3333333333333333,1,3,1,3,1.0,3.0,0.00015820570571676462,3.1492769582352365e-18,1.0,0.0,0.0,False,False,False
s1lks0ng1,11,0.0,5,6,5,6,9.0,11.0,0.0009934994247734815,-4.941849909008151e-17,9.0,0.0,0.0,True,False,True
s1llygirllexy,1,0.0,0,1,0,1,0.0,1.0,0.0,1.3440924591940134e-18,,,,False,False,False
s4ilor_venus,1,0.0,0,1,0,1,0.0,1.0,0.0,2.5452553269177448e-18,,,,False,False,False
s_blueyes42,3,0.0,1,3,1,3,1.0,3.0,5.892205054628106e-07,1.3954266426421727e-18,1.0,0.0,0.0,False,False,False
saberleaf,1,0.0,0,1,0,1,0.0,1.0,0.0,1.0255878301014863e-18,,,,False,False,False
sabyte,2,0.0,1,1,1,1,1.0,2.0,0.0,7.677585342617575e-06,1.0,0.0,0.0,False,False,False
saddairyproduct,2,0.0,2,2,2,2,2.0,2.0,0.0,7.785718521175518e-05,2.0,0.0,0.0,True,False,False
sadman95,1,0.0,0,1,0,1,0.0,1.0,0.0,2.585000208403217e-18,,,,False,False,False
safe_tea_27,1,0.0,1,1,1,1,1.0,1.0,0.0,1.0777006575570687e-17,1.0,0.0,0.0,False,False,False
sagethegod1,1,0.0,1,1,1,1,1.0,1.0,0.0,0.09671790315966929,1.0,0.0,0.0,False,False,False
saibaeterna,1,0.0,0,1,0,1,0.0,1.0,0.0,2.39160071368439e-18,,,,False,False,False
sakurapanko,1,0.0,0,1,0,1,0.0,1.0,0.0,-3.0056403486080815e-18,,,,False,False,False
saladpast,1,0.0,1,1,1,1,1.0,1.0,0.0,0.02087597317432846,1.0,0.0,0.0,False,False,False
salebsmind,1,0.0,0,1,0,1,0.0,1.0,0.0,2.662110174161636e-18,,,,False,False,False
saltyvon,1,0.0,0,1,0,1,0.0,1.0,0.0,-1.7805065888162375e-18,,,,False,False,False
samurai_mac1,1,0.0,0,1,0,1,0.0,1.0,0.0,2.8687063020379584e-18,,,,False,False,False
sand-sky-stars,2,0.0,1,1,1,1,2.0,2.0,0.0,1.43415852739656e-08,2.0,0.0,0.0,False,False,False
sandwichcute,2,0.0,2,2,2,2,4.0,2.0,2.946102527314053e-07,1.1957779668847937e-17,4.0,0.0,0.0,True,False,False
sanio_99,1,0.0,1,1,1,1,1.0,1.0,0.0,0.09671790315966926,1.0,0.0,0.0,False,False,False
sanslicker42,1,0.0,1,1,1,1,1.0,1.0,0.0006544570357593017,0.00017855535117198648,1.0,0.0,0.0,False,False,False
sansyboy144,1,0.0,0,1,0,1,0.0,1.0,0.0,2.4359258022070497e-18,,,,False,False,False
sapphic_sharhea,1,0.0,0,1,0,1,0.0,1.0,0.0,1.6214559374620758e-18,,,,False,False,False
sapszera,1,0.0,0,1,0,1,0.0,1.0,0.0,1.5587156006775924e-18,,,,False,False,False
sara_snowshoe,7,0.4285714285714285,4,6,4,6,6.0,7.0,0.001514173944767452,2.4463608223847257e-06,6.0,0.0,0.0,True,True,True
sarcasticallyevil,2,0.0,2,1,2,1,3.0,2.0,1.4730512636570265e-07,2.7316158897729076e-18,3.0,0.0,0.0,True,False,False
saturnspopulation,1,0.0,0,1,0,1,0.0,1.0,0.0,-1.3305987154614025e-18,,,,False,False,False
savevideo,13,0.0,0,13,0,13,0.0,13.0,0.0,1.8662945640611772e-18,,,,False,False,False
saxtontheblade,1,1.0,0,1,0,1,0.0,1.0,0.0,2.6774120072364522e-18,,,,False,False,False
sayresth,1,0.0,0,1,0,1,0.0,1.0,0.0,-2.48393693418752e-18,,,,False,False,False
sbfms,1,0.0,0,1,0,1,0.0,1.0,0.0,-2.373812973676229e-18,,,,False,False,False
scaleoutrageous9426,1,0.0,0,1,0,1,0.0,1.0,0.0,3.1507098671821412e-18,,,,False,False,False
scar-legitimate,2,0.0,0,2,0,2,0.0,2.0,0.0,2.0526739011887916e-18,,,,False,False,False
scaredbun-official,3,0.3333333333333333,3,3,3,3,3.0,3.0,0.0003606029493432401,2.395828301832384e-17,3.0,0.0,0.0,True,False,False
scarface2010,1,0.0,2,1,2,1,2.0,1.0,0.00013051234196001255,-7.694382885717815e-18,2.0,0.0,0.0,True,False,False
scarletsilver,2,0.0,0,2,0,2,0.0,2.0,0.0,-1.3782378217652573e-18,,,,False,False,False
scarlettevera,1,1.0,1,1,1,1,1.0,1.0,3.3831077355323036e-05,1.5263395915288055e-17,1.0,0.0,0.0,False,False,False
scattershotsoothsay,1,0.0,1,1,1,1,1.0,1.0,0.0003223036164881574,1.586758968981452e-06,1.0,0.0,0.0,False,False,False
schmoolecka,3,0.0,0,3,0,3,0.0,3.0,0.0,-8.025229149850311e-20,,,,False,False,False
scp-666-j,1,0.0,0,1,0,1,0.0,1.0,0.0,-4.193347666028879e-19,,,,False,False,False
scrafycross,1,0.0,0,1,0,1,0.0,1.0,0.0,-3.5280294489684154e-19,,,,False,False,False
sdrawkcabnoitacirbul,1,0.0,0,1,0,1,0.0,1.0,0.0,-1.6865499547495068e-18,,,,False,False,False
sdsalta145,1,0.0,0,1,0,1,0.0,1.0,0.0,-1.6674879685656323e-19,,,,False,False,False
seagull_33,1,1.0,0,1,0,1,0.0,1.0,0.0,4.909588961685302e-19,,,,False,False,False
seasofblood,1,0.0,1,1,1,1,1.0,1.0,0.0,0.02001710629113741,1.0,0.0,0.0,False,False,False
seawardweb77858,2,0.0,2,2,2,2,3.0,2.0,0.00015452307755762208,8.69574638832982e-19,3.0,0.0,0.0,True,False,False
secret_penguin-,1,0.0,1,1,1,1,1.0,1.0,1.4730512636570265e-07,2.7831289172995293e-18,1.0,0.0,0.0,False,False,False
secretyguy,4,0.0,1,3,1,3,1.0,4.0,8.838307581942159e-07,-1.2206934595772802e-19,1.0,0.0,0.0,False,False,False
secure-inevitable-58,1,0.0,2,1,2,1,2.0,1.0,4.4191537909710793e-07,1.6043757161475276e-18,2.0,0.0,0.0,True,False,False
seeinganabsolutewin,1,0.0,0,1,0,1,0.0,1.0,0.0,9.160272286317042e-19,,,,False,False,False
seijiina,1,0.0,1,1,1,1,1.0,1.0,0.0,4.068644480545387e-05,1.0,0.0,0.0,False,False,False
sejcurdiesej,1,0.0,0,1,0,1,0.0,1.0,0.0,1.04344595606491e-18,,,,False,False,False
sellyme,1,1.0,0,1,0,1,0.0,1.0,0.0,-1.870087809120092e-18,,,,False,False,False
semicolon2112,3,0.0,2,2,2,2,3.0,3.0,0.0001666020979196097,1.1813537035655514e-05,3.0,0.0,0.0,True,False,False
sensitive_theme_5599,2,0.0,1,1,1,1,2.0,2.0,0.0,-5.378072357154896e-18,2.0,0.0,0.0,False,False,False
separate_ad3112,1,0.0,0,1,0,1,0.0,1.0,0.0,-2.1987819137145214e-18,,,,False,False,False
sephjnr,1,0.0,3,1,3,1,3.0,1.0,0.00015496499293671918,4.949240867048955e-18,3.0,0.0,0.0,True,False,False
serial_designation,1,0.0,0,1,0,1,0.0,1.0,0.0,2.2190254773988567e-18,,,,False,False,False
serious_software2716,1,0.0,0,1,0,1,0.0,1.0,0.0,1.968635825625715e-18,,,,False,False,False
sertorius777,1,0.0,1,1,1,1,1.0,1.0,0.0,-3.4698121283081385e-18,1.0,0.0,0.0,False,False,False
sertroll,1,0.0,0,1,0,1,0.0,1.0,0.0,2.468350517119628e-18,,,,False,False,False
sesemebun,1,0.0,0,1,0,1,0.0,1.0,0.0,6.532478924520233e-19,,,,False,False,False
setting-general,1,0.0,0,1,0,1,0.0,1.0,0.0,5.872518941924545e-19,,,,False,False,False
several_chocolate576,2,0.0,2,2,2,2,2.0,2.0,0.0002252049873587651,-1.368699242109398e-18,2.0,0.0,0.0,True,False,False
severe_skin6932,1,1.0,0,1,0,1,0.0,1.0,0.0,-2.7305464212232116e-18,,,,False,False,False
sevii_21,1,0.0,0,1,0,1,0.0,1.0,0.0,3.864869635032685e-19,,,,False,False,False
sewer-dissent,1,0.0,0,1,0,1,0.0,1.0,0.0,-3.009123860625297e-18,,,,False,False,False
sexyfoodandfilms,1,0.0,0,1,0,1,0.0,1.0,0.0,-1.0850602362796305e-18,,,,False,False,False
sgt_pepper_50,1,0.0,0,1,0,1,0.0,1.0,0.0,-2.5406663936036377e-18,,,,False,False,False
shabba182,1,0.0,1,1,1,1,1.0,1.0,0.0,-2.9474640804792916e-18,1.0,0.0,0.0,False,False,False
shade788,4,0.0,4,2,4,2,8.0,4.0,0.0002496330874810774,-8.000841304203206e-18,8.0,0.0,0.0,True,False,True
shadovan,3,0.0,0,3,0,3,0.0,3.0,0.0,1.0193307370237054e-18,,,,False,False,False
shadowking78,3,0.0,0,3,0,3,0.0,3.0,0.0,1.1655583731059755e-18,,,,False,False,False
shadowtwister8,1,0.0,0,1,0,1,0.0,1.0,0.0,-8.349746090143385e-19,,,,False,False,False
shadyman_,2,0.5,11,2,11,2,12.0,2.0,0.002119379511526381,0.004520157575237416,12.0,0.0,0.0,True,False,True
shamrockwizard,1,0.0,0,1,0,1,0.0,1.0,0.0,-1.2967783473177392e-18,,,,False,False,False
sharpbladeloser,1,0.0,0,1,0,1,0.0,1.0,0.0,-2.5881225688738167e-20,,,,False,False,False
shaunsnj,1,0.0,2,1,2,1,2.0,1.0,1.4730512636570265e-07,-8.0220386797194815e-19,2.0,0.0,0.0,True,False,False
shawnymcknight,1,0.0,0,1,0,1,0.0,1.0,0.0,-1.0602826102727957e-18,,,,False,False,False
sheekgeek21,1,0.0,0,1,0,1,0.0,1.0,0.0,-2.2328627645404355e-18,,,,False,False,False
shenxvi,1,0.0,1,1,1,1,1.0,1.0,0.0,2.022365416952505e-05,1.0,0.0,0.0,False,False,False
sherbertbest,1,0.0,0,1,0,1,0.0,1.0,0.0,1.743345598201503e-18,,,,False,False,False
shilques,1,0.0,1,1,1,1,1.0,1.0,0.0,-2.5263582254398904e-17,1.0,0.0,0.0,False,False,False
shindi67,1,0.0,0,1,0,1,0.0,1.0,0.0,2.934107443750664e-18,,,,False,False,False
shinianx,1,0.0,0,1,0,1,0.0,1.0,0.0,-1.0177223145111797e-18,,,,False,False,False
shiny_xnaut,2,0.5,4,2,4,2,4.0,2.0,0.0015463159233404511,1.0719510655960024e-05,4.0,0.0,0.0,True,False,False
shlog,2,0.0,3,2,3,2,3.0,2.0,0.0002353444902236043,1.0158052453912342e-17,3.0,0.0,0.0,True,False,False
shortmeisterthe3rd,1,0.0,1,1,1,1,1.0,1.0,0.0,-6.966311045849769e-18,1.0,0.0,0.0,False,False,False
shot_psychology_2728,2,0.0,2,2,2,2,2.0,2.0,0.000167927844056901,0.0010767910192375101,2.0,0.0,0.0,True,False,False
shreyas16062002,1,0.0,0,1,0,1,0.0,1.0,0.0,-1.6522024535719292e-20,,,,False,False,False
shurane,1,0.0,1,1,1,1,1.0,1.0,5.334900659877864e-05,0.0008619098381398206,1.0,0.0,0.0,False,False,False
shutthefucupcake,3,0.0,2,2,2,2,2.0,3.0,1.3257461372913239e-06,5.479759115407164e-17,2.0,0.0,0.0,True,False,False
significant_laugh811,1,0.0,0,1,0,1,0.0,1.0,0.0,-2.7536037584827867e-19,,,,False,False,False
siks0ng,5,0.0,5,3,5,3,6.0,5.0,0.0004279213920923662,-7.824253666863944e-18,6.0,0.0,0.0,True,False,True
silam39,2,0.0,1,2,1,2,1.0,2.0,1.2275427197141885e-06,-6.028143390620573e-18,1.0,0.0,0.0,False,False,False
silent_mud1449,1,0.0,0,1,0,1,0.0,1.0,0.0,2.178199514405185e-18,,,,False,False,False
silent_trigger_11,1,0.0,0,1,0,1,0.0,1.0,0.0,-2.447899343552757e-18,,,,False,False,False
silica_123,1,0.0,0,1,0,1,0.0,1.0,0.0,-2.255142809326331e-18,,,,False,False,False
silkingthesong1337,12,0.1666666666666666,1,6,1,6,8.0,12.0,7.733519134199389e-05,9.720949736582574e-19,8.0,0.0,0.0,False,False,False
silly-barracuda-2729,1,1.0,0,1,0,1,0.0,1.0,0.0,1.6351938472340374e-19,,,,False,False,False
silly_ad_5067,1,0.0,0,1,0,1,0.0,1.0,0.0,2.6193067938693833e-18,,,,False,False,False
sillysanyle,1,0.0,3,1,3,1,3.0,1.0,0.0001614464184968101,8.784555692300949e-06,3.0,0.0,0.0,True,False,False
silomat120,1,0.0,0,1,0,1,0.0,1.0,0.0,-2.686522700405328e-18,,,,False,False,False
silverfire12,1,0.0,1,1,1,1,1.0,1.0,4.271848664605377e-06,-3.410813822495628e-18,1.0,0.0,0.0,False,False,False
silvershako,1,0.0,1,1,1,1,1.0,1.0,0.0,7.667400237847415e-06,1.0,0.0,0.0,False,False,False
silviecat44,3,0.0,0,3,0,3,0.0,3.0,0.0,-5.075933309683258e-19,,,,False,False,False
simpleraven,1,0.0,0,1,0,1,0.0,1.0,0.0,-1.2310234083287935e-18,,,,False,False,False
single_reading4103,2,0.5,7,2,7,2,7.0,2.0,0.0012941737385402748,0.10069701365870304,7.0,0.0,0.0,True,False,True
singlepayernow69,1,0.0,0,1,0,1,0.0,1.0,0.0,2.8255125248108285e-18,,,,False,False,False
sirblack_,4,0.0,1,4,1,4,2.0,4.0,6.186815307359512e-06,-1.2955505473703227e-18,2.0,0.0,0.0,False,False,False
sirhc9er,2,0.0,2,2,2,2,2.0,2.0,3.093407653679756e-06,4.030453050763463e-17,2.0,0.0,0.0,True,False,False
sirkthulhu,3,0.3333333333333333,2,3,2,3,2.0,3.0,0.0031424357099051406,0.0008973700205271714,2.0,0.0,0.0,True,False,False
sirsupercaide,2,0.5,1,1,1,1,1.0,2.0,0.0,1.1422752582096236e-05,1.0,0.0,0.0,False,False,False
siruthian_,2,0.5,1,1,1,1,1.0,2.0,0.0,-3.860825362072836e-18,1.0,0.0,0.0,False,False,False
skaasi,1,0.0,0,1,0,1,0.0,1.0,0.0,1.5418349629509839e-18,,,,False,False,False
skantaq,1,1.0,0,1,0,1,0.0,1.0,0.0,-4.574504353407175e-19,,,,False,False,False
skeptic1101,1,0.0,0,1,0,1,0.0,1.0,0.0,1.5691558511139854e-18,,,,False,False,False
skrillfury21,1,1.0,0,1,0,1,0.0,1.0,0.0,2.8284881512391594e-18,,,,False,False,False
skur11,1,0.0,2,1,2,1,2.0,1.0,4.320950373393945e-05,0.0967179031596693,2.0,0.0,0.0,True,False,False
skuwarsgod,1,0.0,0,1,0,1,0.0,1.0,0.0,-1.4060961039987521e-18,,,,False,False,False
slawfield-,1,0.0,1,1,1,1,1.0,1.0,1.4730512636570265e-07,-3.569349449619731e-18,1.0,0.0,0.0,False,False,False
slayer-o-furries,1,0.0,0,1,0,1,0.0,1.0,0.0,2.497695513108724e-18,,,,False,False,False
sleepyfellow03,1,0.0,5,1,5,1,5.0,1.0,0.0005586185669133186,5.026985482388324e-07,5.0,0.0,0.0,True,False,True
sleyvin,1,0.0,2,1,2,1,2.0,1.0,2.6514922745826478e-06,6.126460304414177e-18,2.0,0.0,0.0,True,False,False
slickvic706,1,0.0,0,1,0,1,0.0,1.0,0.0,-2.0200508633316268e-18,,,,False,False,False
slow_king1,1,0.0,0,1,0,1,0.0,1.0,0.0,-8.266700965049383e-19,,,,False,False,False
slurmsmackenzie-,1,0.0,0,1,0,1,0.0,1.0,0.0,-3.4300584326392438e-18,,,,False,False,False
slyrebornyt,1,0.0,0,1,0,1,0.0,1.0,0.0,-2.6144235242197086e-18,,,,False,False,False
small-wafer1729,2,0.5,1,2,1,2,2.0,2.0,7.954476823747943e-06,-3.0525502364471095e-18,2.0,0.0,0.0,False,False,False
smartalec13,1,0.0,0,1,0,1,0.0,1.0,0.0,2.3159931780535436e-18,,,,False,False,False
smeeizme,1,0.0,3,1,3,1,3.0,1.0,0.000517875722593022,-1.028531971946068e-17,3.0,0.0,0.0,True,False,False
smexypokemon,1,1.0,0,1,0,1,0.0,1.0,0.0,1.4529260640410002e-18,,,,False,False,False
smileforworlds,1,0.0,2,1,2,1,2.0,1.0,0.00015408116217852498,7.455456017201253e-10,2.0,0.0,0.0,True,False,False
smileythesmile,4,0.0,0,4,0,4,0.0,4.0,0.0,-2.259287671018846e-18,,,,False,False,False
smobey,5,0.0,3,4,3,4,3.0,5.0,0.0018913487208268335,1.998628363259284e-06,3.0,0.0,0.0,True,False,False
smokeysabo,2,0.0,1,2,1,2,1.0,2.0,8.838307581942159e-07,-5.3961524856583135e-20,1.0,0.0,0.0,False,False,False
smythosinfo,1,0.0,0,1,0,1,0.0,1.0,0.0,8.378000945474073e-20,,,,False,False,False
sn4k3byt3s,1,0.0,0,1,0,1,0.0,1.0,0.0,-2.1691733448785243e-18,,,,False,False,False
snacker6,1,0.0,0,1,0,1,0.0,1.0,0.0,-2.4234197854045868e-18,,,,False,False,False
sneezy837,1,0.0,0,1,0,1,0.0,1.0,0.0,2.8837925666323807e-18,,,,False,False,False
snoburn,1,0.0,0,1,0,1,0.0,1.0,0.0,-5.266361162997109e-19,,,,False,False,False
snookdogg,1,0.0,2,1,2,1,3.0,1.0,2.946102527314053e-07,-2.3860524646755456e-18,3.0,0.0,0.0,True,False,False
snoolentils6995,1,0.0,1,1,1,1,1.0,1.0,0.0,0.004150278610013652,1.0,0.0,0.0,False,False,False
snoopets5219,1,0.0,1,1,1,1,1.0,1.0,0.0,-1.0837873069795797e-17,1.0,0.0,0.0,False,False,False
softorganization3209,3,0.0,1,2,1,2,2.0,3.0,0.0,7.65386543846914e-06,2.0,0.0,0.0,False,False,False
softspinach2269,1,0.0,0,1,0,1,0.0,1.0,0.0,2.702943264589143e-18,,,,False,False,False
solairxi,1,0.0,3,1,3,1,3.0,1.0,0.00015687995957947332,-1.2416202407406477e-17,3.0,0.0,0.0,True,False,False
solar9090,1,0.0,0,1,0,1,0.0,1.0,0.0,-2.5428342666413647e-19,,,,False,False,False
solugad,2,0.0,1,1,1,1,1.0,2.0,0.0,1.1346717141594977e-05,1.0,0.0,0.0,False,False,False
somacreuz,1,1.0,0,1,0,1,0.0,1.0,0.0,2.7764306887924946e-19,,,,False,False,False
some_other__time___,2,0.5,1,2,1,2,1.0,2.0,1.0605969098330591e-05,1.1346717141590474e-05,1.0,0.0,0.0,False,False,False
some_pvz_fan,2,0.5,0,2,0,2,0.0,2.0,0.0,2.510336934762893e-18,,,,False,False,False
someguy77755,1,0.0,0,1,0,1,0.0,1.0,0.0,-2.1837344157452972e-18,,,,False,False,False
somerandom_mirror,1,0.0,0,1,0,1,0.0,1.0,0.0,9.472242728186229e-19,,,,False,False,False
somethingofagirl,1,0.0,0,1,0,1,0.0,1.0,0.0,-3.079939820539957e-18,,,,False,False,False
sono_qui,1,0.0,0,1,0,1,0.0,1.0,0.0,2.680772859279858e-18,,,,False,False,False
sooga_official,1,0.0,0,1,0,1,0.0,1.0,0.0,3.9526562587253895e-19,,,,False,False,False
sopaipancho,1,0.0,1,1,1,1,1.0,1.0,0.0,-5.894031445979524e-18,1.0,0.0,0.0,False,False,False
sophrates_regina,1,0.0,0,1,0,1,0.0,1.0,0.0,-3.548234414374117e-19,,,,False,False,False
sorry-stranger7188,1,0.0,0,1,0,1,0.0,1.0,0.0,1.2054562364586358e-18,,,,False,False,False
sortofspaceduck,2,0.5,1,1,1,1,1.0,2.0,0.0,0.0008985417873750064,1.0,0.0,0.0,False,False,False
soulsyrius,1,0.0,0,1,0,1,0.0,1.0,0.0,1.743691470282983e-18,,,,False,False,False
sour-pea,1,0.0,0,1,0,1,0.0,1.0,0.0,-2.503600817816259e-18,,,,False,False,False
southern-wafer-6375,1,1.0,0,1,0,1,0.0,1.0,0.0,-2.727320313383525e-18,,,,False,False,False
soydanson,1,0.0,0,1,0,1,0.0,1.0,0.0,6.512506774436348e-19,,,,False,False,False
spamton_g_spamton87,3,0.0,3,3,3,3,3.0,3.0,0.0017006376838920368,1.8207542589620967e-06,3.0,0.0,0.0,True,False,False
spare_bad_6558,1,0.0,0,1,0,1,0.0,1.0,0.0,2.648144030363094e-18,,,,False,False,False
sparrowinwhite,1,0.0,0,1,0,1,0.0,1.0,0.0,4.2111729136240766e-19,,,,False,False,False
sparsespartan,4,0.0,1,3,1,3,4.0,4.0,4.4191537909710793e-07,2.0240995433695252e-19,4.0,0.0,0.0,False,False,False
spaz_jcj,1,0.0,0,1,0,1,0.0,1.0,0.0,2.70096395806032e-18,,,,False,False,False
specialist-bison-389,1,1.0,0,1,0,1,0.0,1.0,0.0,1.871155876937445e-20,,,,False,False,False
specialist_coffee229,1,0.0,0,1,0,1,0.0,1.0,0.0,-1.5608630929447093e-19,,,,False,False,False
speedy_gjiza,1,0.0,0,1,0,1,0.0,1.0,0.0,1.3133362946679514e-18,,,,False,False,False
spencer204,1,0.0,0,1,0,1,0.0,1.0,0.0,5.309186832890418e-19,,,,False,False,False
sphearikall,1,1.0,0,1,0,1,0.0,1.0,0.0,1.9010946658373716e-19,,,,False,False,False
spherical_squirrel,1,0.0,1,1,1,1,1.0,1.0,0.0,0.024412623866081687,1.0,0.0,0.0,False,False,False
spiderlucas16,1,0.0,0,1,0,1,0.0,1.0,0.0,-1.0252084079514489e-18,,,,False,False,False
spiritual_elk8406,1,0.0,0,1,0,1,0.0,1.0,0.0,-5.712856772058864e-19,,,,False,False,False
spookyboooooo,1,0.0,0,1,0,1,0.0,1.0,0.0,2.933915312254734e-19,,,,False,False,False
spoon_elemental,2,0.0,0,2,0,2,0.0,2.0,0.0,1.0727283911126037e-18,,,,False,False,False
spoopyplankton,1,0.0,1,1,1,1,1.0,1.0,5.892205054628106e-07,-1.886972092078054e-18,1.0,0.0,0.0,False,False,False
spring_ornery,1,0.0,0,1,0,1,0.0,1.0,0.0,7.223973351174396e-19,,,,False,False,False
squashclear5687,1,1.0,0,1,0,1,0.0,1.0,0.0,-1.498811032456425e-18,,,,False,False,False
squid3011,1,0.0,0,1,0,1,0.0,1.0,0.0,-9.97895482090662e-19,,,,False,False,False
squidmilkvii,1,0.0,1,1,1,1,1.0,1.0,0.0,9.969253437338433e-06,1.0,0.0,0.0,False,False,False
sqw1rex,2,0.0,2,2,2,2,2.0,2.0,0.000167927844056901,0.004765891226678328,2.0,0.0,0.0,True,False,False
sqwirlfucker57,2,0.5,3,2,3,2,3.0,2.0,0.00023789777908060977,4.817043194710308e-06,3.0,0.0,0.0,True,False,False
sr_mittens91,1,0.0,0,1,0,1,0.0,1.0,0.0,1.5025544921688866e-18,,,,False,False,False
sssarou,1,0.0,0,1,0,1,0.0,1.0,0.0,-2.4585824743681734e-18,,,,False,False,False
stabbyblowfish,1,0.0,0,1,0,1,0.0,1.0,0.0,1.5913028989953026e-18,,,,False,False,False
stalethebread,1,0.0,0,1,0,1,0.0,1.0,0.0,2.0434702253454792e-18,,,,False,False,False
starkagent28,1,0.0,1,1,1,1,1.0,1.0,0.0,0.00021405044203668574,1.0,0.0,0.0,False,False,False
startbackground5769,1,0.0,3,1,3,1,3.0,1.0,4.134363879997388e-05,0.000225772044548924,3.0,0.0,0.0,True,False,False
stavtastic,1,0.0,0,1,0,1,0.0,1.0,0.0,-2.3895124977029787e-18,,,,False,False,False
steralite,1,0.0,0,1,0,1,0.0,1.0,0.0,1.697732708524663e-18,,,,False,False,False
stickopolis5959,1,0.0,0,1,0,1,0.0,1.0,0.0,1.5948865099741496e-18,,,,False,False,False
stickyhoovy,1,0.0,0,1,0,1,0.0,1.0,0.0,-2.9719020094905996e-18,,,,False,False,False
stoneskipping101,1,0.0,0,1,0,1,0.0,1.0,0.0,2.833936289671339e-18,,,,False,False,False
storm_vessel,1,0.0,0,1,0,1,0.0,1.0,0.0,1.2075335821668748e-18,,,,False,False,False
stormlight13,1,0.0,0,1,0,1,0.0,1.0,0.0,-1.8886266705459887e-18,,,,False,False,False
stormpax,1,0.0,0,1,0,1,0.0,1.0,0.0,2.441278438348738e-18,,,,False,False,False
straight_somewhere52,1,0.0,0,1,0,1,0.0,1.0,0.0,-5.444692886089824e-19,,,,False,False,False
straightupminosingit,2,0.0,0,2,0,2,0.0,2.0,0.0,2.529892294776624e-18,,,,False,False,False
strange_farmer7533,1,0.0,0,1,0,1,0.0,1.0,0.0,1.3397612090249266e-18,,,,False,False,False
strangerunited2421,1,0.0,1,1,1,1,1.0,1.0,2.946102527314053e-07,-2.1525810734286688e-18,1.0,0.0,0.0,False,False,False
straw28,1,0.0,1,1,1,1,1.0,1.0,2.946102527314053e-07,-8.038022206481171e-19,1.0,0.0,0.0,False,False,False
strugglehistorical62,3,0.0,1,2,1,2,1.0,3.0,0.0,4.018269483085822e-06,1.0,0.0,0.0,False,False,False
stubby_nyan,1,0.0,0,1,0,1,0.0,1.0,0.0,-1.960986960924328e-18,,,,False,False,False
subject-many1162,1,0.0,0,1,0,1,0.0,1.0,0.0,-2.398384059370318e-20,,,,False,False,False
subnautic_radiowaves,1,0.0,1,1,1,1,1.0,1.0,4.4191537909710793e-07,-2.783859200516147e-18,1.0,0.0,0.0,False,False,False
substantial-pen7719,1,0.0,0,1,0,1,0.0,1.0,0.0,-1.5445186275306258e-18,,,,False,False,False
substantial_balls,4,0.0,1,1,1,1,3.0,4.0,0.0,1.1346717141590601e-05,3.0,0.0,0.0,False,False,False
successful_mud8596,1,0.0,0,1,0,1,0.0,1.0,0.0,-2.4106337594519686e-18,,,,False,False,False
suckzor,1,0.0,0,1,0,1,0.0,1.0,0.0,-7.000642557363408e-19,,,,False,False,False
sudden-building4491,2,0.0,3,2,3,2,4.0,2.0,1.4730512636570266e-06,-7.949427677773127e-18,4.0,0.0,0.0,True,False,False
sudden_hovercraft_56,1,0.0,0,1,0,1,0.0,1.0,0.0,-7.735465158208618e-19,,,,False,False,False
suddenathlete7111,1,0.0,0,1,0,1,0.0,1.0,0.0,7.530517859102209e-19,,,,False,False,False
sudogiri,1,0.0,0,1,0,1,0.0,1.0,0.0,-2.643957109017534e-18,,,,False,False,False
sufficient_fuel7964,1,0.0,0,1,0,1,0.0,1.0,0.0,-2.8259487543707414e-18,,,,False,False,False
sufficientad2242,3,0.3333333333333333,2,2,2,2,3.0,3.0,0.01810016895897992,0.10087539780765366,3.0,0.0,0.0,True,False,False
suicidalboy4444,1,0.0,1,1,1,1,1.0,1.0,0.0,0.0010342408949166786,1.0,0.0,0.0,False,False,False
suitable_pomelo6918,1,0.0,1,1,1,1,1.0,1.0,1.4730512636570265e-07,-5.1556052432187874e-18,1.0,0.0,0.0,False,False,False
sultanpeppah,1,0.0,1,1,1,1,1.0,1.0,0.0,2.8834685517257746e-17,1.0,0.0,0.0,False,False,False
summer_tea,1,0.0,0,1,0,1,0.0,1.0,0.0,3.097387836106608e-18,,,,False,False,False
supercalifragicahfuq,2,0.0,2,2,2,2,2.0,2.0,0.0,2.278006806833606e-06,2.0,0.0,0.0,True,False,False
supergiraffeman,1,0.0,0,1,0,1,0.0,1.0,0.0,1.5555886113715681e-18,,,,False,False,False
superluigi231,2,0.0,1,2,1,2,1.0,2.0,8.838307581942159e-07,-6.648768454733909e-19,1.0,0.0,0.0,False,False,False
superrayman001,1,1.0,0,1,0,1,0.0,1.0,0.0,-2.0350276588089107e-18,,,,False,False,False
supershadow30,1,0.0,0,1,0,1,0.0,1.0,0.0,1.9633420934041225e-19,,,,False,False,False
supersocialman,5,0.0,5,5,5,5,5.0,5.0,0.0006226342182934308,2.983445896242302e-17,5.0,0.0,0.0,True,False,True
superspicycurry37,1,0.0,0,1,0,1,0.0,1.0,0.0,-1.7623159638568995e-18,,,,False,False,False
superultrameganice,1,0.0,0,1,0,1,0.0,1.0,0.0,4.347582815598078e-19,,,,False,False,False
suspected_magic_user,1,0.0,0,1,0,1,0.0,1.0,0.0,-2.080765286353933e-18,,,,False,False,False
susufrus,2,0.0,0,2,0,2,0.0,2.0,0.0,2.0405909474275694e-18,,,,False,False,False
swaggy-g,1,0.0,6,1,6,1,6.0,1.0,0.0006713676642660841,1.0864400589011806e-05,6.0,0.0,0.0,True,False,True
sweaty-assumption184,2,0.0,1,1,1,1,1.0,2.0,0.0,-1.0549722532642965e-17,1.0,0.0,0.0,False,False,False
swordfishaltruistic4,1,0.0,3,1,3,1,3.0,1.0,1.1784410109256212e-06,2.2723164951059793e-17,3.0,0.0,0.0,True,False,False
swr24,1,0.0,0,1,0,1,0.0,1.0,0.0,9.35122044324358e-19,,,,False,False,False
sydfxs,1,1.0,1,1,1,1,1.0,1.0,0.0,2.0223654169515604e-05,1.0,0.0,0.0,False,False,False
syfy410,1,0.0,0,1,0,1,0.0,1.0,0.0,-6.059459088260887e-20,,,,False,False,False
szundercover1,2,0.0,1,2,1,2,1.0,2.0,1.4730512636570265e-07,-2.909577357500842e-19,1.0,0.0,0.0,False,False,False
t-tsukiknight,2,0.0,8,1,8,1,9.0,1.0,2.062271769119837e-06,3.555088177110496e-17,9.0,0.0,0.0,True,False,False
tabak23,2,0.0,2,2,2,2,2.0,2.0,6.776035812822322e-06,-1.0649755110704337e-17,2.0,0.0,0.0,True,False,False
tabarrok,1,0.0,0,1,0,1,0.0,1.0,0.0,1.898450576418565e-18,,,,False,False,False
tacotuesday555,1,1.0,0,1,0,1,0.0,1.0,0.0,1.9886725906653473e-18,,,,False,False,False
taffy553404,1,0.0,0,1,0,1,0.0,1.0,0.0,-8.476791071068849e-19,,,,False,False,False
takedatfordata00,1,0.0,0,1,0,1,0.0,1.0,0.0,-3.850439564059022e-19,,,,False,False,False
talann,3,0.0,7,3,7,3,8.0,3.0,0.0010038645616810872,4.878945505863591e-17,8.0,0.0,0.0,True,False,True
talesfromtheepic6,1,0.0,0,1,0,1,0.0,1.0,0.0,3.750064655170837e-19,,,,False,False,False
talkingmice,1,0.0,0,1,0,1,0.0,1.0,0.0,1.9141337431530222e-18,,,,False,False,False
tall-basis-4483,1,0.0,0,1,0,1,0.0,1.0,0.0,7.420995709078932e-19,,,,False,False,False
tamalemichael,1,0.0,0,1,0,1,0.0,1.0,0.0,9.039543109978658e-20,,,,False,False,False
tambitoast,1,0.0,0,1,0,1,0.0,1.0,0.0,2.1256101061249162e-18,,,,False,False,False
tan11,1,0.0,1,1,1,1,1.0,1.0,0.0,2.0223654169517366e-05,1.0,0.0,0.0,False,False,False
tangerinelopsided895,1,0.0,0,1,0,1,0.0,1.0,0.0,2.2845121638225204e-18,,,,False,False,False
tanglee11,1,0.0,0,1,0,1,0.0,1.0,0.0,7.943309654998739e-19,,,,False,False,False
tanuki_carre3858,1,0.0,0,1,0,1,0.0,1.0,0.0,1.7649474757319003e-18,,,,False,False,False
taptrick,1,0.0,0,1,0,1,0.0,1.0,0.0,-2.6251512401359034e-18,,,,False,False,False
tarponpet,5,0.0,6,3,6,3,8.0,5.0,0.0015523259724961691,5.289659073816649e-07,8.0,0.0,0.0,True,False,True
tcollins1876,3,0.0,4,2,4,2,5.0,3.0,0.000331436534322831,0.03337638823318035,5.0,0.0,0.0,True,False,True
teartheroof0ff,2,0.0,0,2,0,2,0.0,2.0,0.0,-5.771636105929933e-19,,,,False,False,False
technical_car3729,1,0.0,1,1,1,1,1.0,1.0,0.0,-5.343869823324519e-18,1.0,0.0,0.0,False,False,False
technocolt,1,0.0,0,1,0,1,0.0,1.0,0.0,-2.574513087352293e-19,,,,False,False,False
telfaradiddle,1,0.0,0,1,0,1,0.0,1.0,0.0,2.8945473364813e-18,,,,False,False,False
temporalvagrant,1,0.0,0,1,0,1,0.0,1.0,0.0,1.1906345053527879e-18,,,,False,False,False
tempt66,2,0.5,1,2,1,2,1.0,2.0,1.4730512636570265e-07,-3.9002003529328086e-18,1.0,0.0,0.0,False,False,False
tenebris_sol,1,0.0,0,1,0,1,0.0,1.0,0.0,-5.221066959296401e-19,,,,False,False,False
teo_many,1,0.0,0,1,0,1,0.0,1.0,0.0,2.2099368667664422e-18,,,,False,False,False
tepid_inferno,1,0.0,2,1,2,1,2.0,1.0,0.00019532659756092176,5.355055286387306e-06,2.0,0.0,0.0,True,False,False
terminaljammer,1,0.0,1,1,1,1,1.0,1.0,0.0,1.1797862800448188e-18,1.0,0.0,0.0,False,False,False
testing_100,1,0.0,0,1,0,1,0.0,1.0,0.0,2.2267009325131897e-18,,,,False,False,False
tfwyournamestaken,1,1.0,0,1,0,1,0.0,1.0,0.0,-1.222560102818617e-18,,,,False,False,False
tgiyb1,1,0.0,1,1,1,1,1.0,1.0,5.892205054628106e-07,5.566131768244147e-18,1.0,0.0,0.0,False,False,False
thamanwthnoname,1,0.0,0,1,0,1,0.0,1.0,0.0,-3.03350152310145e-19,,,,False,False,False
that_ad7706,1,0.0,0,1,0,1,0.0,1.0,0.0,3.7681325142592783e-19,,,,False,False,False
that_dude404,1,0.0,0,1,0,1,0.0,1.0,0.0,-2.0476458357917667e-18,,,,False,False,False
thatfuckinggeniuskid,2,0.0,0,2,0,2,0.0,2.0,0.0,1.947093057502367e-18,,,,False,False,False
thatoneguyigeug,1,0.0,0,1,0,1,0.0,1.0,0.0,1.974077390373175e-18,,,,False,False,False
thatonekidcreed,1,0.0,0,1,0,1,0.0,1.0,0.0,-1.8028527424326324e-18,,,,False,False,False
thatpancakescat,1,0.0,0,1,0,1,0.0,1.0,0.0,1.858253393474334e-18,,,,False,False,False
the-best_pyro,1,0.0,1,1,1,1,1.0,1.0,0.0,0.09671790315966927,1.0,0.0,0.0,False,False,False
the-purple-chicken72,3,0.0,2,3,2,3,2.0,3.0,2.946102527314053e-07,1.2442677269987297e-05,2.0,0.0,0.0,True,False,False
the1sthook,1,0.0,1,1,1,1,1.0,1.0,0.0,-5.749902158769923e-19,1.0,0.0,0.0,False,False,False
the2ndunchosenone,1,0.0,1,1,1,1,1.0,1.0,0.0,7.851708487453001e-19,1.0,0.0,0.0,False,False,False
the_actual_seer,2,0.0,1,1,1,1,1.0,2.0,0.0,1.595501233399397e-18,1.0,0.0,0.0,False,False,False
the_chaotique_1,1,0.0,0,1,0,1,0.0,1.0,0.0,2.508247116764985e-18,,,,False,False,False
the_evil_jake,7,0.4285714285714285,2,2,2,2,6.0,6.0,2.946102527314053e-07,-6.9361719158614886e-18,6.0,0.0,0.0,True,False,False
the_fancy_tophat,1,0.0,1,1,1,1,1.0,1.0,0.0,3.979967575894459e-18,1.0,0.0,0.0,False,False,False
the_gifted_atheist,4,0.0,2,2,2,2,4.0,4.0,0.00047491172740302535,8.799449775349133e-06,4.0,0.0,0.0,True,False,False
the_holy_buno,1,0.0,1,1,1,1,1.0,1.0,0.0,1.1346717141585485e-05,1.0,0.0,0.0,False,False,False
the_keke_,1,0.0,0,1,0,1,0.0,1.0,0.0,2.289243812867851e-18,,,,False,False,False
the_mind_goblin1,1,1.0,0,1,0,1,0.0,1.0,0.0,-5.54605416472917e-19,,,,False,False,False
the_morriganna,1,0.0,0,1,0,1,0.0,1.0,0.0,2.6593809702676094e-18,,,,False,False,False
the_phantom_cat,1,1.0,0,1,0,1,0.0,1.0,0.0,1.7512846009160242e-18,,,,False,False,False
the_punnier_guy,2,0.5,2,2,2,2,2.0,2.0,8.262426374033605e-05,9.491815524927967e-07,2.0,0.0,0.0,True,False,False
the_r0aring_knight,1,0.0,0,1,0,1,0.0,1.0,0.0,-1.0335950541965023e-18,,,,False,False,False
the_real_cloakvessel,1,0.0,0,1,0,1,0.0,1.0,0.0,-1.1930373290074694e-18,,,,False,False,False
the_real_mantis-lord,2,0.0,10,2,10,2,10.0,2.0,0.007200976731191225,1.163819889576468e-05,10.0,0.0,0.0,True,False,True
the_real_mantislords,1,0.0,1,1,1,1,1.0,1.0,4.910170878856755e-08,-4.440402651857809e-18,1.0,0.0,0.0,False,False,False
the_recital,1,0.0,1,1,1,1,1.0,1.0,0.0,0.09671790315966927,1.0,0.0,0.0,False,False,False
the_toast_enjoyer,1,0.0,0,1,0,1,0.0,1.0,0.0,1.8294524594190855e-18,,,,False,False,False
the_viatorem,1,0.0,0,1,0,1,0.0,1.0,0.0,-1.228566819733135e-18,,,,False,False,False
theangerball,1,0.0,1,1,1,1,1.0,1.0,0.0,2.0487375098979728e-10,1.0,0.0,0.0,False,False,False
theanimelovers,1,0.0,0,1,0,1,0.0,1.0,0.0,-1.5100549722866893e-18,,,,False,False,False
theastrothere,1,0.0,1,1,1,1,1.0,1.0,6.420048424105207e-06,-3.999409828680922e-18,1.0,0.0,0.0,False,False,False
thebagelsteindk,1,0.0,2,1,2,1,2.0,1.0,7.365256318285133e-07,4.7348960786369366e-17,2.0,0.0,0.0,True,False,False
thebariobro,1,0.0,0,1,0,1,0.0,1.0,0.0,8.776503971594793e-19,,,,False,False,False
thebensta,5,0.0,6,5,6,5,7.0,5.0,0.0014515326735980976,4.774903343579269e-06,7.0,0.0,0.0,True,False,True
thebishop8,1,0.0,0,1,0,1,0.0,1.0,0.0,2.864756774072058e-18,,,,False,False,False
theblackding,1,0.0,1,1,1,1,1.0,1.0,7.718788621562819e-05,-6.616062533035588e-18,1.0,0.0,0.0,False,False,False
thecherrypi,1,0.0,0,1,0,1,0.0,1.0,0.0,1.6773212204286433e-18,,,,False,False,False
theclosetedcreature,1,0.0,0,1,0,1,0.0,1.0,0.0,-2.0992870393063946e-18,,,,False,False,False
thecoopx,1,0.0,0,1,0,1,0.0,1.0,0.0,2.804723470060896e-18,,,,False,False,False
thedarkestnips,6,0.0,9,5,9,5,10.0,6.0,0.0018180398696055022,-6.779311867838634e-17,10.0,0.0,0.0,True,False,True
thedude11117,1,0.0,0,1,0,1,0.0,1.0,0.0,-4.143505056859351e-19,,,,False,False,False
theeggoeffect,1,0.0,1,1,1,1,1.0,1.0,0.0,-1.1952559577454608e-17,1.0,0.0,0.0,False,False,False
theface86,1,0.0,0,1,0,1,0.0,1.0,0.0,-8.170709608863409e-19,,,,False,False,False
thegraciekiller,1,0.0,0,1,0,1,0.0,1.0,0.0,-1.3869566559281847e-18,,,,False,False,False
theheatisheated,1,0.0,0,1,0,1,0.0,1.0,0.0,9.98960132758537e-20,,,,False,False,False
thehelpfulwalnut,1,0.0,0,1,0,1,0.0,1.0,0.0,2.0993611973294882e-18,,,,False,False,False
thehollowprincess,1,0.0,4,1,4,1,4.0,1.0,4.4191537909710793e-07,-5.969727119470981e-18,4.0,0.0,0.0,True,False,False
theinkingskeleton,1,0.0,0,1,0,1,0.0,1.0,0.0,-4.927613548070222e-19,,,,False,False,False
thelimontree92,3,0.3333333333333333,1,2,1,2,1.0,3.0,0.00032171439598269457,1.1583276253800981e-06,1.0,0.0,0.0,False,False,False
theman2y0u,2,0.0,2,2,2,2,2.0,2.0,0.00016277216463410143,2.7011403345137954e-10,2.0,0.0,0.0,True,False,False
themaskedman2,2,0.0,1,2,1,2,1.0,2.0,0.0001561434339476448,5.503367229432274e-18,1.0,0.0,0.0,False,False,False
themysticone97,1,1.0,4,0,4,0,4.0,0.0,0.0,0.09675910472873278,4.0,0.0,0.0,True,False,False
thenikola2020,1,0.0,0,1,0,1,0.0,1.0,0.0,-1.65311771264153e-18,,,,False,False,False
theoiler,2,0.0,0,2,0,2,0.0,2.0,0.0,1.6760904327227264e-18,,,,False,False,False
theoriginalmachtkoma,1,0.0,1,1,1,1,1.0,1.0,2.946102527314053e-07,6.49050152306822e-18,1.0,0.0,0.0,False,False,False
thepeacefuloneagain,1,0.0,0,1,0,1,0.0,1.0,0.0,-5.798137687962449e-19,,,,False,False,False
theperturbedpotato,1,0.0,0,1,0,1,0.0,1.0,0.0,1.0549706506510184e-18,,,,False,False,False
thepurpleplatypus123,1,0.0,0,1,0,1,0.0,1.0,0.0,-1.414299807138323e-18,,,,False,False,False
thepython11010,1,0.0,1,1,1,1,1.0,1.0,0.00016085719799134728,0.022207657192243827,1.0,0.0,0.0,False,False,False
therealbobhale,2,0.0,1,2,1,2,1.0,2.0,2.946102527314053e-06,-2.0055968607986673e-18,1.0,0.0,0.0,False,False,False
therealebonyandivory,1,0.0,0,1,0,1,0.0,1.0,0.0,-2.733898255971179e-19,,,,False,False,False
therobbu,2,0.0,1,2,1,2,1.0,2.0,0.00015437577243125638,-1.1765626346781825e-18,1.0,0.0,0.0,False,False,False
therosecat6_11,1,0.0,0,1,0,1,0.0,1.0,0.0,5.958953360851557e-19,,,,False,False,False
thescoulisis,1,0.0,0,1,0,1,0.0,1.0,0.0,-2.315610547540053e-18,,,,False,False,False
theseekerofchaos,1,0.0,0,1,0,1,0.0,1.0,0.0,-1.2143234614578651e-18,,,,False,False,False
thesilvaghost,1,0.0,1,1,1,1,1.0,1.0,0.0,-2.892113762220391e-18,1.0,0.0,0.0,False,False,False
theslayerofsnails,1,0.0,1,1,1,1,1.0,1.0,0.0,1.163819889577252e-05,1.0,0.0,0.0,False,False,False
thesmartdog_275,1,0.0,2,1,2,1,2.0,1.0,1.4730512636570265e-07,0.020018388720132462,2.0,0.0,0.0,True,False,False
thesquarefish01,1,0.0,0,1,0,1,0.0,1.0,0.0,-2.8623472045098375e-20,,,,False,False,False
thesteelscizor88,1,0.0,0,1,0,1,0.0,1.0,0.0,2.86127079858533e-18,,,,False,False,False
thetabo,1,0.0,0,1,0,1,0.0,1.0,0.0,1.408007498186266e-19,,,,False,False,False
thetantalus,1,0.0,0,1,0,1,0.0,1.0,0.0,8.296247630952621e-19,,,,False,False,False
thethief9812,1,0.0,0,1,0,1,0.0,1.0,0.0,-1.8329609330845948e-18,,,,False,False,False
theultimatefinalman,1,0.0,0,1,0,1,0.0,1.0,0.0,-8.392121784799185e-19,,,,False,False,False
theurbanenigma,1,1.0,0,1,0,1,0.0,1.0,0.0,-1.2108606171344961e-18,,,,False,False,False
thevoidwatches,2,0.0,2,2,2,2,2.0,2.0,0.0016404343125640355,0.00021321201946299182,2.0,0.0,0.0,True,False,False
thewhatinwhere,1,0.0,0,1,0,1,0.0,1.0,0.0,2.2224333294049374e-18,,,,False,False,False
thexenomof,2,0.0,2,1,2,1,2.0,2.0,1.4730512636570265e-07,0.001320914608941833,2.0,0.0,0.0,True,False,False
thinkerofthings2,1,0.0,2,1,2,1,2.0,1.0,1.4730512636570266e-06,-2.666901432885958e-18,2.0,0.0,0.0,True,False,False
this_technology2852,1,1.0,0,1,0,1,0.0,1.0,0.0,1.434933755803888e-18,,,,False,False,False
thisoneloadingboy,1,0.0,0,1,0,1,0.0,1.0,0.0,2.32686567666053e-18,,,,False,False,False
thissuxxors,4,0.0,12,4,12,4,13.0,4.0,0.01759741410760836,1.8127153290951282e-06,13.0,0.0,0.0,True,False,True
thommie02081,2,0.0,2,2,2,2,2.0,2.0,0.0001614464184968101,0.020875973174328478,2.0,0.0,0.0,True,False,False
throw_away782670407,1,0.0,0,1,0,1,0.0,1.0,0.0,3.116330047565481e-18,,,,False,False,False
throwaway-3d-2b,1,0.0,0,1,0,1,0.0,1.0,0.0,-1.199443200010704e-18,,,,False,False,False
throwaway02062004,1,0.0,0,1,0,1,0.0,1.0,0.0,1.2905177238703532e-18,,,,False,False,False
thultimatewierd,1,0.0,1,1,1,1,1.0,1.0,6.039510180993809e-06,-1.838818193730284e-18,1.0,0.0,0.0,False,False,False
tiamatruneaid,1,0.0,3,1,3,1,3.0,1.0,5.892205054628106e-07,6.032191752537478e-18,3.0,0.0,0.0,True,False,False
tiemdujardin,3,0.0,5,3,5,3,5.0,3.0,1.7676615163884317e-06,-2.3591263407320433e-17,5.0,0.0,0.0,True,False,False
tieordinary1735,2,0.0,6,2,6,2,6.0,2.0,0.0005363379650975235,0.0008050681539539126,6.0,0.0,0.0,True,False,True
tight-beginning-2698,1,0.0,0,1,0,1,0.0,1.0,0.0,-1.4149626819315857e-18,,,,False,False,False
timbosqueezie,1,0.0,0,1,0,1,0.0,1.0,0.0,6.854127221462282e-19,,,,False,False,False
timothy_timbo,1,0.0,0,1,0,1,0.0,1.0,0.0,1.861879879297582e-18,,,,False,False,False
tinmaddog1990,1,0.0,0,1,0,1,0.0,1.0,0.0,1.819903917923398e-18,,,,False,False,False
tinytiger1234,1,0.0,0,1,0,1,0.0,1.0,0.0,-1.4221660243073285e-18,,,,False,False,False
titaniumgoldalloyman,1,0.0,2,1,2,1,2.0,1.0,3.093407653679756e-06,-5.845535116832572e-18,2.0,0.0,0.0,True,False,False
titaniumkneecap,2,0.0,1,2,1,2,1.0,2.0,4.4191537909710793e-07,1.7854977395996322e-18,1.0,0.0,0.0,False,False,False
tklxd,1,0.0,0,1,0,1,0.0,1.0,0.0,-9.79458897397752e-19,,,,False,False,False
tkmisere,1,0.0,2,1,2,1,2.0,1.0,7.939746311111373e-05,-1.8047783084386957e-17,2.0,0.0,0.0,True,False,False
tms-meister,1,0.0,3,1,3,1,3.0,1.0,8.089506522916505e-05,1.017663958660673e-08,3.0,0.0,0.0,True,False,False
tnecniw,1,0.0,0,1,0,1,0.0,1.0,0.0,6.40429180387135e-19,,,,False,False,False
toast6_,1,0.0,2,1,2,1,2.0,1.0,1.4730512636570265e-07,-6.938756045083027e-18,2.0,0.0,0.0,True,False,False
tocobellking,1,0.0,0,1,0,1,0.0,1.0,0.0,-2.1427161211344685e-18,,,,False,False,False
token_thai_person,1,0.0,0,1,0,1,0.0,1.0,0.0,5.94455738240062e-19,,,,False,False,False
tom_nook64,1,0.0,0,1,0,1,0.0,1.0,0.0,1.314923004395741e-18,,,,False,False,False
tomkid88,1,0.0,0,1,0,1,0.0,1.0,0.0,-1.6826127958696595e-18,,,,False,False,False
tomlja,1,1.0,0,1,0,1,0.0,1.0,0.0,-2.398674018909701e-18,,,,False,False,False
tommy200401,1,0.0,1,1,1,1,1.0,1.0,0.00023023791250959325,5.739927192194176e-07,1.0,0.0,0.0,False,False,False
tomnook5085,1,0.0,0,1,0,1,0.0,1.0,0.0,2.24895303473724e-18,,,,False,False,False
tonierbean576,1,0.0,1,1,1,1,1.0,1.0,0.0,-2.2871649114030342e-18,1.0,0.0,0.0,False,False,False
tonyseraph2,1,0.0,0,1,0,1,0.0,1.0,0.0,1.3798267836766311e-18,,,,False,False,False
toofarapart,1,0.0,0,1,0,1,0.0,1.0,0.0,2.8916184784919107e-18,,,,False,False,False
top_accident9161,1,0.0,0,1,0,1,0.0,1.0,0.0,2.641652302438044e-18,,,,False,False,False
top_cup_8396,1,0.0,1,1,1,1,1.0,1.0,0.0,1.6235283680493476e-20,1.0,0.0,0.0,False,False,False
top_toaster,2,0.5,0,2,0,2,0.0,2.0,0.0,2.592688045913965e-18,,,,False,False,False
topdungdefenderfan,1,0.0,0,1,0,1,0.0,1.0,0.0,2.569250901477384e-18,,,,False,False,False
toranjanuclear,1,0.0,0,1,0,1,0.0,1.0,0.0,-1.7701652833823113e-18,,,,False,False,False
tori65216,1,0.0,2,1,2,1,2.0,1.0,8.838307581942159e-07,6.64570371351417e-18,2.0,0.0,0.0,True,False,False
torstiss,1,0.0,0,1,0,1,0.0,1.0,0.0,8.466303944092541e-19,,,,False,False,False
torturedneurons,1,0.0,1,1,1,1,1.0,1.0,0.00023156365864688457,5.905292036438356e-18,1.0,0.0,0.0,False,False,False
tostitokingofdragons,12,0.0,3,3,3,3,13.0,11.0,8.838307581942159e-07,-3.722692327215066e-17,13.0,0.0,0.0,True,False,False
totallynotgab,1,0.0,0,1,0,1,0.0,1.0,0.0,1.1660002448203403e-18,,,,False,False,False
totallynotparakeet,1,0.0,0,1,0,1,0.0,1.0,0.0,-1.4819006203338834e-18,,,,False,False,False
tough_ad_7685,1,0.0,1,1,1,1,1.0,1.0,0.0,0.09671790315966919,1.0,0.0,0.0,False,False,False
towboat421,1,0.0,2,1,2,1,3.0,1.0,1.4730512636570265e-07,-2.2748023153382597e-18,3.0,0.0,0.0,True,False,False
tpasmall,1,0.0,2,1,2,1,2.0,1.0,2.946102527314053e-07,-9.003756131841204e-18,2.0,0.0,0.0,True,False,False
tr0ll-craft,2,0.0,1,2,1,2,1.0,2.0,2.946102527314053e-07,5.338735424664807e-07,1.0,0.0,0.0,False,False,False
tracelupo,1,0.0,0,1,0,1,0.0,1.0,0.0,-6.781381649866437e-19,,,,False,False,False
traditional-citron21,1,0.0,1,1,1,1,1.0,1.0,0.0,1.4341585262567925e-08,1.0,0.0,0.0,False,False,False
training_assistant27,3,0.3333333333333333,5,3,5,3,5.0,3.0,0.003945122971605492,0.00020194026932923495,5.0,0.0,0.0,True,False,True
trashleythebiggay,1,0.0,0,1,0,1,0.0,1.0,0.0,2.492025084917695e-19,,,,False,False,False
treestheyareus,1,0.0,1,1,1,1,1.0,1.0,0.0,-1.4543026522829506e-17,1.0,0.0,0.0,False,False,False
trindachi,1,0.0,0,1,0,1,0.0,1.0,0.0,-3.002880834548219e-18,,,,False,False,False
tripolarknight,1,0.0,0,1,0,1,0.0,1.0,0.0,-1.931430964384782e-18,,,,False,False,False
tristenspec,1,0.0,1,1,1,1,1.0,1.0,0.0,4.069717470639153e-05,1.0,0.0,0.0,False,False,False
truchasgl,1,0.0,2,1,2,1,2.0,1.0,0.00011342494730159107,0.0008619098381398211,2.0,0.0,0.0,True,False,False
trueender,1,0.0,0,1,0,1,0.0,1.0,0.0,1.1124450371430767e-18,,,,False,False,False
tryimpossible7332,1,0.0,0,1,0,1,0.0,1.0,0.0,-1.1248119624186512e-18,,,,False,False,False
ts826848,6,0.1666666666666666,1,2,1,2,4.0,6.0,1.3257461372913239e-06,2.0205952293636685e-17,4.0,0.0,0.0,False,False,False
tsunamilover,2,0.0,6,1,6,1,6.0,1.0,0.0001620356390022729,0.02001710629113743,6.0,0.0,0.0,True,False,False
ttv-battyprincess,1,0.0,0,1,0,1,0.0,1.0,0.0,-1.3087697192322217e-18,,,,False,False,False
turbulent-advisor627,9,0.0,3,7,3,7,3.0,9.0,0.0006276180417354704,0.021900961616014066,3.0,0.0,0.0,True,False,False
turbulent-grab-8352,2,0.0,1,1,1,1,1.0,2.0,0.0,4.471501195328739e-18,1.0,0.0,0.0,False,False,False
turbulent_study_8650,1,0.0,0,1,0,1,0.0,1.0,0.0,-2.476446437927457e-18,,,,False,False,False
turdbait122603,1,0.0,0,1,0,1,0.0,1.0,0.0,-5.281466573868627e-19,,,,False,False,False
twoscentedcandles,1,0.0,0,1,0,1,0.0,1.0,0.0,-8.019592859107078e-19,,,,False,False,False
typoking7,1,0.0,0,1,0,1,0.0,1.0,0.0,2.1288522443523346e-18,,,,False,False,False
tyrantrex6604,1,0.0,0,1,0,1,0.0,1.0,0.0,3.084101989240546e-18,,,,False,False,False
tyrelius_dragmire,1,0.0,0,1,0,1,0.0,1.0,0.0,-2.3681066443538635e-18,,,,False,False,False
tysiliogogogoch,1,1.0,1,1,1,1,1.0,1.0,0.0,1.755387102894315e-05,1.0,0.0,0.0,False,False,False
u_n_d_e_r_s_c_o_rr,1,0.0,1,1,1,1,1.0,1.0,0.0,-4.077584723890796e-18,1.0,0.0,0.0,False,False,False
udugal,1,0.0,1,1,1,1,1.0,1.0,6.420048424105207e-06,-3.707549448323145e-18,1.0,0.0,0.0,False,False,False
ugly_dog_,1,0.0,0,1,0,1,0.0,1.0,0.0,-1.3724204411748795e-18,,,,False,False,False
ukindom,1,1.0,1,1,1,1,1.0,1.0,0.0,1.4341585250889035e-08,1.0,0.0,0.0,False,False,False
ultimatestredditor,1,0.0,0,1,0,1,0.0,1.0,0.0,9.96927520267389e-19,,,,False,False,False
ultimatetoa,3,0.3333333333333333,6,3,6,3,6.0,3.0,0.001328520383837878,1.7262444293626955e-06,6.0,0.0,0.0,True,False,True
ultimo293,1,0.0,1,1,1,1,1.0,1.0,0.0,0.00397911049903379,1.0,0.0,0.0,False,False,False
un_change_able,1,0.0,0,1,0,1,0.0,1.0,0.0,2.0287776575638946e-18,,,,False,False,False
unambiguous_script,1,0.0,0,1,0,1,0.0,1.0,0.0,1.8215400668758393e-18,,,,False,False,False
uncletacitus1,6,0.1666666666666666,1,4,1,4,1.0,6.0,2.946102527314053e-07,-4.466705184335894e-18,1.0,0.0,0.0,False,False,False
undeadbluemage,1,0.0,0,1,0,1,0.0,1.0,0.0,-4.040290421629825e-19,,,,False,False,False
underachievingentity,1,1.0,1,1,1,1,1.0,1.0,1.4730512636570265e-07,2.140417085455701e-18,1.0,0.0,0.0,False,False,False
underhive_art,1,0.0,0,1,0,1,0.0,1.0,0.0,-5.057774378047173e-19,,,,False,False,False
undertaleyellowfan,1,0.0,1,1,1,1,1.0,1.0,0.0,0.0010809347042345996,1.0,0.0,0.0,False,False,False
unfair_investment782,1,0.0,0,1,0,1,0.0,1.0,0.0,2.7965071028425775e-19,,,,False,False,False
unga_bunga_1987,1,0.0,0,1,0,1,0.0,1.0,0.0,1.8624969351626715e-18,,,,False,False,False
unhappy-cup-1274,1,0.0,0,1,0,1,0.0,1.0,0.0,-8.860347348291691e-19,,,,False,False,False
uniquebutterflylady,2,0.0,1,2,1,2,1.0,2.0,2.946102527314053e-07,1.5088768827476836e-17,1.0,0.0,0.0,False,False,False
universalistic,1,1.0,0,1,0,1,0.0,1.0,0.0,-2.653257904941116e-18,,,,False,False,False
unkown3383,2,0.0,3,2,3,2,3.0,2.0,0.0015943079335103943,9.013261722651914e-06,3.0,0.0,0.0,True,False,False
unlashedlel,1,0.0,0,1,0,1,0.0,1.0,0.0,-8.417951148369935e-19,,,,False,False,False
unlikely_log_5503,1,0.0,0,1,0,1,0.0,1.0,0.0,1.6399807597366963e-18,,,,False,False,False
unofficialmipha,2,0.0,0,2,0,2,0.0,2.0,0.0,-1.557349642850746e-18,,,,False,False,False
urtoryu,2,0.0,0,2,0,2,0.0,2.0,0.0,9.071431075686819e-19,,,,False,False,False
uselessscientist,2,0.0,2,1,2,1,3.0,2.0,7.836632722655381e-05,-2.4127291865639834e-17,3.0,0.0,0.0,True,False,False
usual-vermicelli-867,4,0.0,1,3,1,3,1.0,4.0,7.733519134199389e-05,-2.505344940086153e-18,1.0,0.0,0.0,False,False,False
v0ct0r,2,0.0,2,2,2,2,2.0,2.0,0.0010985756786750555,2.4016302040637954e-06,2.0,0.0,0.0,True,False,False
vaggos13579,1,0.0,0,1,0,1,0.0,1.0,0.0,-7.699569049729669e-19,,,,False,False,False
vanekcsi,1,0.0,2,1,2,1,2.0,1.0,7.718788621562819e-05,-8.54025254049698e-18,2.0,0.0,0.0,True,False,False
varifor,1,1.0,0,1,0,1,0.0,1.0,0.0,1.4938535010967373e-18,,,,False,False,False
various_ad3080,2,0.0,1,1,1,1,2.0,2.0,0.0,0.09671790315966922,2.0,0.0,0.0,False,False,False
venan220,1,0.0,0,1,0,1,0.0,1.0,0.0,1.1222211767204363e-18,,,,False,False,False
venomousfrog_554,2,0.0,1,2,1,2,1.0,2.0,0.0023215437558537725,0.00020477650689421044,1.0,0.0,0.0,False,False,False
venomthecapybara,1,0.0,0,1,0,1,0.0,1.0,0.0,-2.6213258591435822e-18,,,,False,False,False
verylargestarfish,2,0.5,3,1,3,1,3.0,1.0,0.00015408116217852498,2.022365416952162e-05,3.0,0.0,0.0,True,False,False
veterinariancold8214,1,1.0,0,1,0,1,0.0,1.0,0.0,7.48994245664886e-19,,,,False,False,False
vibincockroach,1,0.0,0,1,0,1,0.0,1.0,0.0,-2.070894886508102e-18,,,,False,False,False
victinitotodilepro,1,0.0,0,1,0,1,0.0,1.0,0.0,-2.5467961013959925e-18,,,,False,False,False
victorgwx,1,0.0,0,1,0,1,0.0,1.0,0.0,2.6886168727540045e-18,,,,False,False,False
viinavasara,3,0.0,2,3,2,3,2.0,3.0,0.0091257170690797,7.67758534262549e-06,2.0,0.0,0.0,True,False,False
viktor-arcane,1,1.0,0,1,0,1,0.0,1.0,0.0,1.6402768487971684e-18,,,,False,False,False
vinnzclortho,1,0.0,0,1,0,1,0.0,1.0,0.0,-9.704076081997396e-19,,,,False,False,False
violentdiplomat,1,0.0,1,1,1,1,1.0,1.0,7.733519134199389e-05,1.5141844528253876e-18,1.0,0.0,0.0,False,False,False
vismal1,1,0.0,0,1,0,1,0.0,1.0,0.0,-4.588533740899085e-19,,,,False,False,False
vispen-fillian,2,0.0,1,1,1,1,1.0,2.0,0.0,0.024412623866081676,1.0,0.0,0.0,False,False,False
visual-woodpecker708,1,0.0,0,1,0,1,0.0,1.0,0.0,-4.1544826295506153e-19,,,,False,False,False
vividcourage1844,1,0.0,1,1,1,1,1.0,1.0,7.733519134199389e-05,1.56419497173402e-18,1.0,0.0,0.0,False,False,False
vizdrom97,1,0.0,0,1,0,1,0.0,1.0,0.0,2.6410382999505738e-18,,,,False,False,False
vk4502b,1,0.0,2,1,2,1,2.0,1.0,8.838307581942159e-07,2.2725936472568454e-17,2.0,0.0,0.0,True,False,False
vlaadii_,1,0.0,1,1,1,1,1.0,1.0,7.365256318285133e-07,6.8354959371535925e-18,1.0,0.0,0.0,False,False,False
voidlord4450,2,0.0,2,1,2,1,3.0,2.0,7.704058108926249e-05,2.1762401052778744e-08,3.0,0.0,0.0,True,False,False
voivode71,1,0.0,0,1,0,1,0.0,1.0,0.0,-7.076394464640391e-19,,,,False,False,False
vokn,1,0.0,0,1,0,1,0.0,1.0,0.0,-1.0599072694583639e-19,,,,False,False,False
volt-phoenix,1,0.0,0,1,0,1,0.0,1.0,0.0,6.633043279520755e-19,,,,False,False,False
vopik_pepega,1,0.0,1,1,1,1,1.0,1.0,0.0,5.3694744169421326e-11,1.0,0.0,0.0,False,False,False
vordeo,2,0.0,1,2,1,2,1.0,2.0,1.4730512636570265e-07,8.583905290753741e-18,1.0,0.0,0.0,False,False,False
vounrtsch,3,0.0,1,3,1,3,1.0,3.0,0.00016041528261225019,5.119407373349458e-08,1.0,0.0,0.0,False,False,False
vrazel106,1,0.0,0,1,0,1,0.0,1.0,0.0,3.078543854555501e-18,,,,False,False,False
vuk8342,1,0.0,0,1,0,1,0.0,1.0,0.0,-2.9444634865125574e-19,,,,False,False,False
vulpinefox7,1,0.0,0,1,0,1,0.0,1.0,0.0,-1.5924022245252699e-18,,,,False,False,False
vylmyl,1,1.0,2,1,2,1,2.0,1.0,7.748249646835959e-05,4.17888933407059e-18,2.0,0.0,0.0,True,False,False
wacky_does_art,1,1.0,0,1,0,1,0.0,1.0,0.0,-1.1908977327030642e-18,,,,False,False,False
waddup_dude,1,0.0,0,1,0,1,0.0,1.0,0.0,8.688813958550142e-19,,,,False,False,False
wagustin,1,0.0,0,1,0,1,0.0,1.0,0.0,-7.017936249403017e-19,,,,False,False,False
wakkiau,1,0.0,0,1,0,1,0.0,1.0,0.0,-6.980785963000578e-19,,,,False,False,False
wallabypractical5258,1,0.0,0,1,0,1,0.0,1.0,0.0,1.2033461164170522e-18,,,,False,False,False
wallmakerrelict,1,0.0,0,1,0,1,0.0,1.0,0.0,-1.5857383993046707e-18,,,,False,False,False
waltbailey,2,0.0,0,2,0,2,0.0,2.0,0.0,2.0390537998514737e-19,,,,False,False,False
wanderingstatistics,2,0.5,1,2,1,2,1.0,2.0,5.892205054628106e-07,-5.774128673310636e-18,1.0,0.0,0.0,False,False,False
wastezookeepergame87,1,1.0,0,1,0,1,0.0,1.0,0.0,-7.302560162892037e-19,,,,False,False,False
waytothedawn63,6,0.0,2,5,2,5,3.0,6.0,0.0002327420996578102,4.4753312465244816e-18,3.0,0.0,0.0,True,False,False
wcrow1,1,0.0,0,1,0,1,0.0,1.0,0.0,-5.534543516230196e-19,,,,False,False,False
weakinspector5102,1,0.0,0,1,0,1,0.0,1.0,0.0,-1.4382301184425183e-18,,,,False,False,False
weemewon,1,0.0,0,1,0,1,0.0,1.0,0.0,4.34147548005089e-19,,,,False,False,False
weird_effort2764,2,0.0,2,2,2,2,2.0,2.0,0.0003938202553387061,5.957306821168904e-18,2.0,0.0,0.0,True,False,False
welfedad,1,0.0,0,1,0,1,0.0,1.0,0.0,-5.372879366242057e-19,,,,False,False,False
werewolfad13,1,0.0,0,1,0,1,0.0,1.0,0.0,-1.9687813913837985e-18,,,,False,False,False
westernentertainer20,1,0.0,0,1,0,1,0.0,1.0,0.0,-2.883891149226607e-18,,,,False,False,False
whenpigfly666,1,0.0,3,1,3,1,3.0,1.0,0.0005055757445414857,1.9967976728744287e-17,3.0,0.0,0.0,True,False,False
whimsical-wallaby,1,1.0,0,1,0,1,0.0,1.0,0.0,-2.953555166810696e-18,,,,False,False,False
wiatraqu,1,1.0,0,1,0,1,0.0,1.0,0.0,3.146381737643426e-19,,,,False,False,False
wide_sherbert_7593,1,0.0,0,1,0,1,0.0,1.0,0.0,-8.392817704668499e-20,,,,False,False,False
wigglytuffalpha,1,0.0,2,1,2,1,2.0,1.0,0.0,0.021811846332191707,2.0,0.0,0.0,True,False,False
wiggywamwamm,4,0.0,2,2,2,2,4.0,4.0,5.155679422799593e-06,2.3775749551882585e-18,4.0,0.0,0.0,True,False,False
wikicek,1,0.0,0,1,0,1,0.0,1.0,0.0,4.668147260543888e-19,,,,False,False,False
wild-atmosphere2134,3,0.0,2,3,2,3,3.0,3.0,0.0028080530730549952,0.00018603801438903719,3.0,0.0,0.0,True,False,False
wild-chef-522,2,0.0,2,1,2,1,2.0,2.0,0.0008376751519329625,1.5659852471971174e-05,2.0,0.0,0.0,True,False,False
willfken,1,0.0,0,1,0,1,0.0,1.0,0.0,-4.152426557295191e-19,,,,False,False,False
winrevair,2,0.0,0,1,0,1,0.0,2.0,0.0,6.282496093320865e-19,,,,False,False,False
winterkills45,5,0.6,4,3,4,3,6.0,4.0,0.0003253479224330486,-3.845462739575049e-17,6.0,0.0,0.0,True,True,True
wipefusens,1,0.0,0,1,0,1,0.0,1.0,0.0,8.676410641575485e-19,,,,False,False,False
wiskunde_wizard,1,0.0,0,1,0,1,0.0,1.0,0.0,-9.144701787378429e-19,,,,False,False,False
wisley185,1,0.0,0,1,0,1,0.0,1.0,0.0,-1.3013442892806126e-18,,,,False,False,False
witty-refrigerator84,2,0.0,2,2,2,2,2.0,2.0,0.00023775047395424408,0.100697013658703,2.0,0.0,0.0,True,False,False
wolfgang784,2,0.0,0,2,0,2,0.0,2.0,0.0,1.6982553198704923e-18,,,,False,False,False
wolviesaurus,1,0.0,0,1,0,1,0.0,1.0,0.0,-3.1834639769578882e-18,,,,False,False,False
womblue,1,1.0,1,1,1,1,1.0,1.0,0.0001252830099740301,1.0668316582225984e-05,1.0,0.0,0.0,False,False,False
wooperfrompokemon194,1,0.0,2,1,2,1,2.0,1.0,5.892205054628106e-07,1.0047152577014684e-18,2.0,0.0,0.0,True,False,False
workingcautious1270,2,0.0,1,2,1,2,1.0,2.0,1.0311358845599185e-06,1.0080221139319696e-18,1.0,0.0,0.0,False,False,False
worldeater10,1,0.0,1,1,1,1,1.0,1.0,0.00015437577243125638,-4.2909288796784956e-18,1.0,0.0,0.0,False,False,False
worried4lot,2,0.0,2,2,2,2,2.0,2.0,7.79244118474567e-05,-1.2719806219604183e-17,2.0,0.0,0.0,True,False,False
worthlessprole,3,0.0,1,1,1,1,3.0,3.0,0.0,-5.504963131815351e-18,3.0,0.0,0.0,False,False,False
writebrick0nmybrick,1,0.0,0,1,0,1,0.0,1.0,0.0,-4.531666365688133e-19,,,,False,False,False
wrong-fig-5696,1,0.0,2,1,2,1,2.0,1.0,0.0004888443372717812,0.00026245292769352626,2.0,0.0,0.0,True,False,False
wrong-inspector5777,4,0.0,3,2,3,2,4.0,3.0,4.713764043702485e-06,-5.6111592873867384e-18,4.0,0.0,0.0,True,False,False
wsads420,1,0.0,0,1,0,1,0.0,1.0,0.0,-3.129352341606066e-18,,,,False,False,False
wtfquesstumveux,2,0.0,3,2,3,2,4.0,2.0,0.0002812054862321263,8.406306828839871e-06,4.0,0.0,0.0,True,False,False
wushumaninjapan,2,0.0,5,2,5,2,5.0,2.0,4.271848664605377e-06,6.817012304544061e-18,5.0,0.0,0.0,True,False,False
xaerkwtf,1,0.0,0,1,0,1,0.0,1.0,0.0,-2.413457306904865e-19,,,,False,False,False
xarkkal,1,0.0,0,1,0,1,0.0,1.0,0.0,2.88185731185984e-18,,,,False,False,False
xdakiop,2,0.0,1,1,1,1,1.0,2.0,0.0,-1.0364948494481381e-17,1.0,0.0,0.0,False,False,False
xdaveedx,1,0.0,1,1,1,1,1.0,1.0,0.0,7.773274754646441e-18,1.0,0.0,0.0,False,False,False
xenomorph-null,1,0.0,0,1,0,1,0.0,1.0,0.0,-7.250545548730643e-20,,,,False,False,False
xerozel,1,0.0,1,1,1,1,1.0,1.0,2.946102527314053e-07,1.6365905933153324e-18,1.0,0.0,0.0,False,False,False
xiadmabsax,1,0.0,3,1,3,1,3.0,1.0,8.786750787714163e-05,5.73723049296149e-18,3.0,0.0,0.0,True,False,False
xiaorct,1,0.0,0,1,0,1,0.0,1.0,0.0,8.145087463122788e-19,,,,False,False,False
xluky,1,0.0,0,1,0,1,0.0,1.0,0.0,1.0096654957700292e-18,,,,False,False,False
xokoknight2,1,0.0,2,1,2,1,2.0,1.0,0.0013568520698088815,4.190607411912625e-07,2.0,0.0,0.0,True,False,False
xrrnak,1,0.0,0,1,0,1,0.0,1.0,0.0,-1.768859025690625e-18,,,,False,False,False
xsinam,1,0.0,0,1,0,1,0.0,1.0,0.0,-8.040281524095717e-20,,,,False,False,False
xtagtv,1,0.0,0,1,0,1,0.0,1.0,0.0,-1.8751341553816726e-18,,,,False,False,False
xuan_2501,1,0.0,0,1,0,1,0.0,1.0,0.0,-1.455257073927788e-18,,,,False,False,False
xxnelsonsxx,4,0.5,1,4,1,4,1.0,4.0,7.718788621562819e-05,-8.136445089342464e-18,1.0,0.0,0.0,False,False,False
xxx_zeratul_xxx,1,0.0,0,1,0,1,0.0,1.0,0.0,1.2012419727203274e-18,,,,False,False,False
yahya-13,2,0.0,1,1,1,1,1.0,2.0,0.0,-3.2122329359484987e-18,1.0,0.0,0.0,False,False,False
yarasin,1,1.0,2,1,2,1,2.0,1.0,1.964068351542702e-07,-2.832419385106342e-20,2.0,0.0,0.0,True,False,False
yatterer,1,0.0,1,1,1,1,1.0,1.0,0.0,-6.3992259545631205e-18,1.0,0.0,0.0,False,False,False
yeeeeeteth,1,0.0,0,1,0,1,0.0,1.0,0.0,1.9816807322603215e-18,,,,False,False,False
yeetorbeyeeted420,1,0.0,1,1,1,1,1.0,1.0,0.0,8.437428041602616e-06,1.0,0.0,0.0,False,False,False
yeetusbonkus,1,0.0,1,1,1,1,1.0,1.0,0.0,1.9760702528922755e-05,1.0,0.0,0.0,False,False,False
yesnt33111,2,0.0,1,1,1,1,1.0,2.0,0.0,3.0094647442348495e-19,1.0,0.0,0.0,False,False,False
yolk852,1,0.0,0,1,0,1,0.0,1.0,0.0,-2.8702589619414692e-18,,,,False,False,False
yorokobi_to_itami,1,0.0,0,1,0,1,0.0,1.0,0.0,-2.9038790183736215e-18,,,,False,False,False
yourfakerealdad,1,0.0,0,1,0,1,0.0,1.0,0.0,-2.009695801399285e-18,,,,False,False,False
ypertatos,1,0.0,0,1,0,1,0.0,1.0,0.0,-1.87095183865182e-18,,,,False,False,False
ysvirusss,2,0.5,2,1,2,1,2.0,2.0,2.2095768954855397e-06,0.0010809347042346083,2.0,0.0,0.0,True,False,False
yydbgeorge,1,0.0,0,1,0,1,0.0,1.0,0.0,-2.495456354426268e-19,,,,False,False,False
yylow30,2,0.0,2,2,2,2,2.0,2.0,0.00016439252102412415,2.1859323588742056e-05,2.0,0.0,0.0,True,False,False
z3r0diro,1,0.0,0,1,0,1,0.0,1.0,0.0,-2.5321806373148324e-18,,,,False,False,False
z3r0th0ughtz,1,0.0,3,1,3,1,3.0,1.0,0.0001612991133704444,0.10069701365870307,3.0,0.0,0.0,True,False,False
za_boss,1,0.0,0,1,0,1,0.0,1.0,0.0,1.344906145259846e-18,,,,False,False,False
zachywacky0,1,0.0,0,1,0,1,0.0,1.0,0.0,-4.845500973698818e-19,,,,False,False,False
zagaaaa2,1,0.0,0,1,0,1,0.0,1.0,0.0,-3.43817249315885e-19,,,,False,False,False
zapirate_2020,1,1.0,0,1,0,1,0.0,1.0,0.0,-2.1146263539191417e-18,,,,False,False,False
ze_awesome_hobo,4,0.25,4,3,4,3,4.0,4.0,0.0010300310961121758,0.0001860380143890316,4.0,0.0,0.0,True,False,False
zeldamaster736,1,0.0,0,1,0,1,0.0,1.0,0.0,6.631673558201732e-19,,,,False,False,False
zelman,1,0.0,0,1,0,1,0.0,1.0,0.0,8.529645194498352e-19,,,,False,False,False
zephyr_______,3,0.0,2,2,2,2,4.0,3.0,0.00010087946070611201,-7.787005793769025e-18,4.0,0.0,0.0,True,False,False
zeroescapealways,1,0.0,0,1,0,1,0.0,1.0,0.0,3.0813427767942032e-18,,,,False,False,False
zeruul_,1,0.0,0,1,0,1,0.0,1.0,0.0,2.235583879412124e-18,,,,False,False,False
zestyclose_edge1027,2,0.0,2,2,2,2,2.0,2.0,0.00015452307755762208,2.1610725256017407e-18,2.0,0.0,0.0,True,False,False
zestyclose_league413,1,0.0,4,1,4,1,4.0,1.0,4.4191537909710793e-07,4.244593207073097e-18,4.0,0.0,0.0,True,False,False
zestyclose_tap_9282,1,0.0,0,1,0,1,0.0,1.0,0.0,-2.1705185405912977e-18,,,,False,False,False
zeto12,1,0.0,2,1,2,1,2.0,1.0,4.4191537909710793e-07,-5.800704457753258e-18,2.0,0.0,0.0,True,False,False
zifzitheinferno,1,0.0,0,1,0,1,0.0,1.0,0.0,-2.69220243110151e-19,,,,False,False,False
zima2k,4,0.0,3,3,3,3,4.0,4.0,8.838307581942159e-07,-6.747411330961423e-18,4.0,0.0,0.0,True,False,False
zirkhanobie,1,0.0,0,1,0,1,0.0,1.0,0.0,-2.2773936279900283e-18,,,,False,False,False
zojbo,2,0.0,1,1,1,1,3.0,2.0,0.0,-7.722524803042827e-18,3.0,0.0,0.0,False,False,False
zombifeynman,2,0.0,5,2,5,2,5.0,2.0,0.00039846036681922566,-1.8999051478506672e-17,5.0,0.0,0.0,True,False,True
zpd710,1,0.0,0,1,0,1,0.0,1.0,0.0,6.03199104138165e-19,,,,False,False,False
zviyeri,1,0.0,2,1,2,1,2.0,1.0,8.838307581942159e-07,4.505962416700886e-20,2.0,0.0,0.0,True,False,False
zxchew,1,0.0,0,1,0,1,0.0,1.0,0.0,1.2883779468910891e-18,,,,False,False,False
zxcymn,1,0.0,1,1,1,1,1.0,1.0,0.0001615937236231758,3.1542467632439866e-07,1.0,0.0,0.0,False,False,False
zyrosushi,1,0.0,2,1,2,1,2.0,1.0,9.329324669827836e-07,9.40798335258983e-19,2.0,0.0,0.0,True,False,False
