Id,comments,toxicity_rate,in_degree,out_degree,in_uwdeg,out_uwdeg,in_wdeg,out_wdeg,betweenness,eigenvector,replies_received,toxic_replies_received,toxic_replies_rate,opinion_leader,toxic_hub,toxic_bridge
-alkosh,1,0.0,2,1,2,1,2.0,1.0,0.00014760386659069962,0.03994431502840328,2.0,0.0,0.0,False,False,False
-anby,1,0.0,1,1,1,1,1.0,1.0,6.855607201129804e-07,0.0029271350511976685,1.0,0.0,0.0,False,False,False
-aylish-,1,0.0,1,1,1,1,1.0,1.0,0.0,0.006663399583511698,1.0,0.0,0.0,False,False,False
-keystroke-,1,0.0,0,1,0,1,0.0,1.0,0.0,7.931850076015318e-19,,,,False,False,False
-limit_break-,1,1.0,0,1,0,1,0.0,1.0,0.0,-4.448722471528054e-18,,,,False,False,False
-nevrose-,1,0.0,7,0,7,0,7.0,0.0,0.0,0.01333831383102655,7.0,0.0,0.0,True,False,False
-plotzsiva-,1,0.0,0,1,0,1,0.0,1.0,0.0,-1.7719464650996933e-18,,,,False,False,False
-sasith-,1,0.0,0,1,0,1,0.0,1.0,0.0,-2.313149956525409e-18,,,,False,False,False
-tasear-,1,0.0,0,1,0,1,0.0,1.0,0.0,2.3190371486915386e-18,,,,False,False,False
-wormwood,1,0.0,0,1,0,1,0.0,1.0,0.0,3.9627335160067004e-19,,,,False,False,False
-z-3-r-0-,1,1.0,2,1,2,1,2.0,1.0,1.5425116202542059e-06,-5.5183156635858705e-18,2.0,0.0,0.0,False,False,False
0n1mu5ha,3,0.0,8,3,8,3,8.0,3.0,0.0010846645681252063,0.015666792444159135,8.0,0.0,0.0,True,False,False
0sc24,3,0.0,1,3,1,3,2.0,3.0,2.2239818382541247e-05,0.009453248043151612,2.0,0.0,0.0,False,False,False
0utcast9851,1,0.0,0,1,0,1,0.0,1.0,0.0,1.6868942408461992e-18,,,,False,False,False
1002003004005006007,1,0.0,0,1,0,1,0.0,1.0,0.0,-6.3364474242563904e-18,,,,False,False,False
123ajbb,3,0.0,3,3,3,3,3.0,3.0,0.0007117043715678494,0.0014151821483055552,3.0,0.0,0.0,False,False,False
1611-,1,0.0,0,1,0,1,0.0,1.0,0.0,-5.8619553367498874e-18,,,,False,False,False
1cav11m,2,0.5,1,2,1,2,1.0,2.0,0.0002885929678249784,0.0019804733719265798,1.0,0.0,0.0,False,False,False
37158,1,0.0,1,1,1,1,1.0,1.0,0.0,0.03193298607113858,1.0,0.0,0.0,False,False,False
4rolyat,4,0.0,1,2,1,2,2.0,4.0,4.447470980057465e-05,0.003362158028529708,2.0,0.0,0.0,False,False,False
500_range_abuser,1,0.0,0,1,0,1,0.0,1.0,0.0,9.098044256887331e-19,,,,False,False,False
5rdfe,1,0.0,0,1,0,1,0.0,1.0,0.0,1.590555085716921e-19,,,,False,False,False
7daykatie,2,0.0,0,2,0,2,0.0,2.0,0.0,5.9231020381329355e-18,,,,False,False,False
7thfleettraveller,2,0.0,2,1,2,1,3.0,2.0,4.231812408923594e-06,0.034872411683250344,3.0,0.0,0.0,False,False,False
957,2,0.0,1,1,1,1,1.0,2.0,0.0,6.984145103272978e-05,1.0,0.0,0.0,False,False,False
99baskervilles,1,0.0,0,1,0,1,0.0,1.0,0.0,-3.7263066504999863e-19,,,,False,False,False
___gay__,3,0.0,3,3,3,3,3.0,3.0,0.0002095586752621554,0.0026867532089609823,3.0,0.0,0.0,False,False,False
__astyanax,1,0.0,0,1,0,1,0.0,1.0,0.0,-6.176101991023746e-18,,,,False,False,False
_brownbear13,1,0.0,0,1,0,1,0.0,1.0,0.0,-3.80882881627279e-18,,,,False,False,False
_didds_,8,0.0,7,6,7,6,8.0,8.0,0.0031669079262373902,0.022978337820854882,8.0,0.0,0.0,True,False,True
_its_lunar_,1,0.0,1,1,1,1,1.0,1.0,0.0001851013944305047,-1.4894672982722356e-18,1.0,0.0,0.0,False,False,False
_niner_,1,0.0,0,1,0,1,0.0,1.0,0.0,5.8844865451287265e-18,,,,False,False,False
_ressa,2,0.0,1,2,1,2,1.0,2.0,1.713901800282451e-07,-2.298762466953297e-18,1.0,0.0,0.0,False,False,False
_taugrim_,1,0.0,1,1,1,1,1.0,1.0,4.2847545007061274e-07,0.0009265889577284474,1.0,0.0,0.0,False,False,False
_ulith,2,0.0,1,2,1,2,1.0,2.0,8.649367088520325e-05,0.001252820223148787,1.0,0.0,0.0,False,False,False
_unit_wjp,1,0.0,2,1,2,1,2.0,1.0,0.00018493000425047647,0.03193298607113856,2.0,0.0,0.0,False,False,False
_waffle_man,5,0.0,1,4,1,4,1.0,5.0,6.355893310722505e-05,0.001123287163314932,1.0,0.0,0.0,False,False,False
_whiskeychris_,3,0.0,2,3,2,3,2.0,3.0,0.0007829981775657374,0.023032367146925588,2.0,0.0,0.0,False,False,False
a_professional_derp,1,0.0,0,1,0,1,0.0,1.0,0.0,3.0709045111592553e-18,,,,False,False,False
a_strange_old_man,1,0.0,2,1,2,1,2.0,1.0,6.104536623582016e-05,0.017188344543989216,2.0,0.0,0.0,False,False,False
a_tranced_monky,1,0.0,0,1,0,1,0.0,1.0,0.0,-5.6939382677967425e-18,,,,False,False,False
a_weber,3,0.0,0,3,0,3,0.0,3.0,0.0,-1.353985537815587e-18,,,,False,False,False
aaera,1,0.0,0,1,0,1,0.0,1.0,0.0,-4.830913217858257e-18,,,,False,False,False
abelthorne,21,0.0,9,9,9,9,20.0,21.0,0.0036444176931762313,0.031332353311491784,20.0,0.0,0.0,True,False,True
absalom98,3,0.6666666666666666,3,3,3,3,3.0,3.0,0.0006178943120153104,0.018049230627796668,3.0,0.0,0.0,False,False,False
absolem1312,1,0.0,0,1,0,1,0.0,1.0,0.0,5.9734726887081035e-18,,,,False,False,False
acbongo,1,0.0,1,1,1,1,1.0,1.0,0.0,0.010206335629452336,1.0,0.0,0.0,False,False,False
accomplished_sky3283,4,0.0,3,4,3,4,4.0,4.0,0.0018702013793507866,0.04240360158338581,4.0,0.0,0.0,False,False,False
accurate-entry445,1,0.0,0,1,0,1,0.0,1.0,0.0,-1.3675285997872905e-18,,,,False,False,False
accurate_body4277,1,0.0,0,1,0,1,0.0,1.0,0.0,9.081385705258706e-19,,,,False,False,False
achmedclaus,1,0.0,0,1,0,1,0.0,1.0,0.0,-7.623209050984874e-18,,,,False,False,False
acmegamer,1,0.0,0,1,0,1,0.0,1.0,0.0,-6.594768610813753e-18,,,,False,False,False
actualwillingness556,14,0.0,128,11,128,11,145.0,13.0,0.03305421191285159,0.2144722401259819,145.0,0.0,0.0,True,False,True
adamnonceson,1,0.0,0,1,0,1,0.0,1.0,0.0,1.366344128567266e-18,,,,False,False,False
adarie-glitterwings,1,0.0,0,1,0,1,0.0,1.0,0.0,9.880441330663989e-19,,,,False,False,False
additional-design-44,1,0.0,1,1,1,1,1.0,1.0,0.0,4.4606718351108556e-18,1.0,0.0,0.0,False,False,False
adirtylyingkhajiit,1,0.0,0,1,0,1,0.0,1.0,0.0,-2.9422210677464152e-18,,,,False,False,False
administrationicy717,1,0.0,0,1,0,1,0.0,1.0,0.0,-6.126438423450416e-18,,,,False,False,False
administrativecup438,1,0.0,0,1,0,1,0.0,1.0,0.0,6.904585844253815e-18,,,,False,False,False
admiralbumhat,2,0.0,4,2,4,2,4.0,2.0,0.00048576300103097327,0.05550992098427536,4.0,0.0,0.0,True,False,False
adorable_coach6592,1,0.0,0,1,0,1,0.0,1.0,0.0,-2.3539733732235057e-18,,,,False,False,False
adorablelengthiness4,1,0.0,0,1,0,1,0.0,1.0,0.0,4.643338636356011e-18,,,,False,False,False
adrenalineanxiety,1,0.0,1,1,1,1,1.0,1.0,9.545086879108595e-06,0.00035001799587738234,1.0,0.0,0.0,False,False,False
adrkhrse,3,0.0,1,3,1,3,1.0,3.0,0.00025484861154892013,0.008239503469672364,1.0,0.0,0.0,False,False,False
adrunkendonut,1,0.0,0,1,0,1,0.0,1.0,0.0,-4.2906125850153835e-18,,,,False,False,False
adrunkopossem,1,0.0,0,1,0,1,0.0,1.0,0.0,-6.5836896154621144e-18,,,,False,False,False
adventuretime888,1,0.0,6,1,6,1,6.0,1.0,0.0013093296398354463,0.00718759497060189,6.0,0.0,0.0,True,False,False
adventurous-end-1369,22,0.2272727272727272,6,18,6,18,11.0,22.0,0.008896904985106617,0.06360521698754411,11.0,0.0,0.0,True,True,True
adventurous-map7959,1,0.0,0,1,0,1,0.0,1.0,0.0,7.14015176186933e-19,,,,False,False,False
adventurous_county12,1,0.0,0,1,0,1,0.0,1.0,0.0,-3.805189781373111e-18,,,,False,False,False
adventurous_top6862,1,1.0,0,1,0,1,0.0,1.0,0.0,-6.176134069893821e-18,,,,False,False,False
adventw0lf,3,0.0,5,3,5,3,7.0,3.0,0.0007548382449932798,0.047949117180129834,7.0,0.0,0.0,True,False,False
adwhole9713,2,0.0,1,2,1,2,1.0,2.0,0.0,0.0099201753670457,1.0,0.0,0.0,False,False,False
aeoneir,1,0.0,0,1,0,1,0.0,1.0,0.0,8.5349552708762025e-19,,,,False,False,False
aesc8795,1,0.0,0,1,0,1,0.0,1.0,0.0,6.74835044495421e-18,,,,False,False,False
aesirreddit,2,0.0,2,2,2,2,2.0,2.0,0.00022592009890712127,0.002666513619131017,2.0,0.0,0.0,False,False,False
aff2rm,1,0.0,1,1,1,1,1.0,1.0,0.0,0.0019999506103066515,1.0,0.0,0.0,False,False,False
affectionate-rush570,1,0.0,0,1,0,1,0.0,1.0,0.0,-6.364567575453487e-18,,,,False,False,False
aflarge,1,0.0,2,1,2,1,2.0,1.0,0.0002356574225275637,0.0032059503528129884,2.0,0.0,0.0,False,False,False
afxmac,3,0.3333333333333333,1,1,1,1,3.0,3.0,0.0,0.009920175367045692,3.0,0.0,0.0,False,False,False
agent835,1,0.0,0,1,0,1,0.0,1.0,0.0,-7.001666809709319e-18,,,,False,False,False
aggie_vague,2,0.5,0,2,0,2,0.0,2.0,0.0,-6.0076022019525295e-18,,,,False,False,False
aggravating_round108,1,0.0,0,1,0,1,0.0,1.0,0.0,-5.318695613728449e-18,,,,False,False,False
aggravatingfuture437,1,0.0,0,1,0,1,0.0,1.0,0.0,2.223638336566089e-18,,,,False,False,False
aggressive-law-1086,1,0.0,1,1,1,1,1.0,1.0,0.0003702027888610094,3.306413340192224e-19,1.0,0.0,0.0,False,False,False
aggressive_rope_4201,1,0.0,1,1,1,1,1.0,1.0,7.474516184565133e-07,0.0005659797301494452,1.0,0.0,0.0,False,False,False
agitated-ad6744,6,0.3333333333333333,17,6,17,6,19.0,6.0,0.003700818275800991,0.03700092941417394,19.0,0.0,0.0,True,True,True
agram87,5,0.2,1,5,1,5,1.0,5.0,0.00027358421451051607,0.0051676702969757704,1.0,0.0,0.0,False,False,False
ahmungdihtung,2,0.0,3,1,3,1,3.0,2.0,0.0,0.020156758555799476,3.0,0.0,0.0,False,False,False
ahumblechad,11,0.0,2,10,2,10,2.0,11.0,0.0019650282005152777,0.004494826856508774,2.0,0.0,0.0,False,False,False
airbornerunaway,3,0.0,2,3,2,3,2.0,3.0,0.0005222210963618342,0.01159360572328437,2.0,0.0,0.0,False,False,False
ajblades123,1,0.0,0,1,0,1,0.0,1.0,0.0,-4.010788513135219e-18,,,,False,False,False
ajones97,1,0.0,0,1,0,1,0.0,1.0,0.0,-7.646282646306468e-18,,,,False,False,False
ajwest927,1,0.0,0,1,0,1,0.0,1.0,0.0,-5.383612281590063e-19,,,,False,False,False
aka_iamgroot,1,0.0,0,1,0,1,0.0,1.0,0.0,-6.900247704894411e-18,,,,False,False,False
ala5656,5,0.0,3,4,3,4,5.0,5.0,0.0007136172132160256,0.016442457209057213,5.0,0.0,0.0,False,False,False
alarm-particular,1,0.0,2,1,2,1,2.0,1.0,0.00029658774112159406,0.0007852184128296365,2.0,0.0,0.0,False,False,False
alarming-command3044,1,0.0,0,1,0,1,0.0,1.0,0.0,2.3345771553898422e-18,,,,False,False,False
alarming_band_6090,1,0.0,0,1,0,1,0.0,1.0,0.0,6.780427319541543e-18,,,,False,False,False
alaskandruid,1,0.0,0,1,0,1,0.0,1.0,0.0,-5.357857980408741e-19,,,,False,False,False
alaskanjedi,1,0.0,0,1,0,1,0.0,1.0,0.0,3.21929351804193e-18,,,,False,False,False
alay_nb,2,0.0,0,2,0,2,0.0,2.0,0.0,-6.65316213811123e-18,,,,False,False,False
aleinzzs,1,0.0,0,1,0,1,0.0,1.0,0.0,-7.685012922110692e-18,,,,False,False,False
alex-kzg,1,0.0,0,1,0,1,0.0,1.0,0.0,3.716130797233859e-19,,,,False,False,False
alexandur,1,0.0,1,1,1,1,1.0,1.0,0.00018493000425047647,3.320734034416189e-18,1.0,0.0,0.0,False,False,False
alexius6th,3,0.0,2,1,2,1,2.0,3.0,0.00018493000425047647,0.0024621690658516845,2.0,0.0,0.0,False,False,False
alexrescuedotcom,10,0.0,13,10,13,10,14.0,10.0,0.005790620711001763,0.08114180980838115,14.0,0.0,0.0,True,False,True
alienliegh,19,0.0,2,17,2,17,2.0,19.0,0.00244457002475858,0.0012474082925089064,2.0,0.0,0.0,False,False,False
alik62,1,0.0,0,1,0,1,0.0,1.0,0.0,4.950686069582337e-18,,,,False,False,False
alistair1893,1,0.0,0,1,0,1,0.0,1.0,0.0,-5.103468277339784e-18,,,,False,False,False
allck1,2,0.0,3,2,3,2,3.0,2.0,0.0010781959349168146,0.013101040297839223,3.0,0.0,0.0,False,False,False
alliaxandromeda,3,0.0,1,2,1,2,1.0,3.0,3.4216564346769056e-05,0.011079245725935478,1.0,0.0,0.0,False,False,False
alradas,1,0.0,0,1,0,1,0.0,1.0,0.0,-6.671569743472068e-18,,,,False,False,False
alteredexperience,1,0.0,0,1,0,1,0.0,1.0,0.0,4.566087647633408e-19,,,,False,False,False
altruistic-ad-159,2,0.0,1,1,1,1,1.0,2.0,0.0,0.0011704252102552072,1.0,0.0,0.0,False,False,False
altruistic-good3704,8,0.0,24,7,24,7,25.0,7.0,0.007745742446639426,0.05533916442169499,25.0,0.0,0.0,True,False,True
alttabpink,1,0.0,0,1,0,1,0.0,1.0,0.0,-7.110286903429907e-18,,,,False,False,False
alvehyanna,4,0.0,3,3,3,3,4.0,4.0,0.0016733319145293146,-3.834683983176424e-18,4.0,0.0,0.0,False,False,False
alwaysplaysahealer,1,0.0,0,1,0,1,0.0,1.0,0.0,2.6636483760992163e-18,,,,False,False,False
alzandur,2,0.0,1,2,1,2,1.0,2.0,0.0009149703489445763,0.006253538373978169,1.0,0.0,0.0,False,False,False
amaterasugoddess,4,0.0,3,4,3,4,3.0,4.0,0.0008203105820783072,0.008777401984094232,3.0,0.0,0.0,False,False,False
amberxluff,1,0.0,2,1,2,1,2.0,1.0,0.00012717441353162466,0.011397200186822078,2.0,0.0,0.0,False,False,False
ambitious-day7527,2,0.0,2,2,2,2,2.0,2.0,0.0003886616406154887,0.00927512973652741,2.0,0.0,0.0,False,False,False
amethystlure,1,0.0,0,1,0,1,0.0,1.0,0.0,6.712633486511747e-18,,,,False,False,False
amig186,1,0.0,0,1,0,1,0.0,1.0,0.0,1.152784589571897e-18,,,,False,False,False
amoraivory,1,0.0,11,1,11,1,11.0,1.0,0.0003468937243771681,0.06144689915820924,11.0,0.0,0.0,True,False,False
amouchou,2,0.5,0,2,0,2,0.0,2.0,0.0,6.606792802280278e-18,,,,False,False,False
amurderingcat,1,0.0,2,1,2,1,2.0,1.0,9.885190709841845e-05,0.011160755988238518,2.0,0.0,0.0,False,False,False
amurica1138,1,0.0,1,1,1,1,1.0,1.0,4.741873568046416e-06,0.0034567969421922403,1.0,0.0,0.0,False,False,False
amusedt,30,0.0,15,17,15,17,27.0,30.0,0.0226984912217529,0.07786639762003142,27.0,0.0,0.0,True,False,True
analysissharp9065,3,0.0,0,3,0,3,0.0,3.0,0.0,1.595125451511041e-19,,,,False,False,False
anbuj,1,0.0,0,1,0,1,0.0,1.0,0.0,3.9490823327441622e-19,,,,False,False,False
ancient_influence389,1,0.0,0,1,0,1,0.0,1.0,0.0,-7.659513524466686e-18,,,,False,False,False
andizzzzi,8,0.0,8,8,8,8,8.0,8.0,0.005778354226101814,0.005995649212953233,8.0,0.0,0.0,True,False,True
andovars_ghost,19,0.0526315789473684,13,15,13,15,20.0,19.0,0.01892530844460276,0.07644600491176784,20.0,0.0,0.0,True,False,True
andymac3183,1,0.0,0,1,0,1,0.0,1.0,0.0,5.236076382008997e-18,,,,False,False,False
andyworchol,1,0.0,0,1,0,1,0.0,1.0,0.0,5.520720902724249e-18,,,,False,False,False
anengineerandacat,1,0.0,1,1,1,1,1.0,1.0,5.855831150965041e-07,0.0002580453957146996,1.0,0.0,0.0,False,False,False
anglosaxonbrat,2,0.0,1,2,1,2,1.0,2.0,1.3497567144835869e-05,0.00037446701486807164,1.0,0.0,0.0,False,False,False
angnos,5,0.0,5,5,5,5,6.0,5.0,0.0008901917227602877,0.022601072687651356,6.0,0.0,0.0,True,False,False
ank-rs,2,0.0,0,2,0,2,0.0,2.0,0.0,3.8835289829103717e-19,,,,False,False,False
annual_hair2803,1,0.0,0,1,0,1,0.0,1.0,0.0,-4.608956235377488e-18,,,,False,False,False
anomalous_metaphor,1,0.0,0,1,0,1,0.0,1.0,0.0,1.5488072962196868e-18,,,,False,False,False
anon-eso,1,0.0,0,1,0,1,0.0,1.0,0.0,-1.2760475345276689e-18,,,,False,False,False
anon-sage,4,0.0,2,3,2,3,3.0,4.0,0.0006112348174877291,0.002590851372766307,3.0,0.0,0.0,False,False,False
anonymousmagcat21,19,0.0,11,17,11,17,12.0,19.0,0.01001708521491295,0.0375026686187226,12.0,0.0,0.0,True,False,True
anotherbaldgame_40,1,0.0,0,1,0,1,0.0,1.0,0.0,-4.809539557947151e-19,,,,False,False,False
anotherreddituser21,1,0.0,0,1,0,1,0.0,1.0,0.0,-4.6048889281948675e-18,,,,False,False,False
ant_bizzy,1,0.0,0,1,0,1,0.0,1.0,0.0,-6.228910897385512e-18,,,,False,False,False
antihomework,1,0.0,0,1,0,1,0.0,1.0,0.0,4.8975437732810134e-18,,,,False,False,False
anxious-dot171,1,0.0,0,1,0,1,0.0,1.0,0.0,-1.3936541785384678e-18,,,,False,False,False
anxious_specific_165,1,0.0,0,1,0,1,0.0,1.0,0.0,-1.0520010277257681e-18,,,,False,False,False
any_stick3591,1,0.0,0,1,0,1,0.0,1.0,0.0,-1.6229352245326268e-18,,,,False,False,False
aphexlog,2,0.0,0,2,0,2,0.0,2.0,0.0,6.5502689160059814e-18,,,,False,False,False
applicable_elixir,1,0.0,2,1,2,1,2.0,1.0,0.0003468937243771681,0.04084989718146512,2.0,0.0,0.0,False,False,False
appointmentpretend68,1,0.0,0,1,0,1,0.0,1.0,0.0,-1.8798825297552236e-18,,,,False,False,False
appropriate-cat4514,1,0.0,0,1,0,1,0.0,1.0,0.0,6.727854779877935e-18,,,,False,False,False
apricottraditional56,7,0.0,3,7,3,7,4.0,7.0,0.0025642066863685153,0.013388949570269431,4.0,0.0,0.0,False,False,False
aramatheis,1,0.0,3,1,3,1,3.0,1.0,6.307024018119757e-05,5.630000436065032e-18,3.0,0.0,0.0,False,False,False
archaicscrivener,2,0.0,1,2,1,2,1.0,2.0,0.00018226404406724428,0.009920175367045687,1.0,0.0,0.0,False,False,False
archben,1,0.0,1,1,1,1,1.0,1.0,0.0001851013944305047,5.1785760393882646e-18,1.0,0.0,0.0,False,False,False
archmikem,11,0.0,10,10,10,10,11.0,11.0,0.005251696786073061,0.03230723956165322,11.0,0.0,0.0,True,False,True
arcticdragon94,2,0.0,1,1,1,1,1.0,2.0,0.0,0.009470244293256375,1.0,0.0,0.0,False,False,False
arcticfox_nari,3,0.0,0,3,0,3,0.0,3.0,0.0,-7.007445236621329e-18,,,,False,False,False
arcwraith2000,1,0.0,0,1,0,1,0.0,1.0,0.0,1.8856468207676457e-18,,,,False,False,False
arcxain,1,0.0,1,1,1,1,1.0,1.0,0.0,0.002499217154123358,1.0,0.0,0.0,False,False,False
ardalev,16,0.0,6,13,6,13,9.0,16.0,0.003357359343394714,0.015318328785386684,9.0,0.0,0.0,True,False,True
arenta,3,0.0,3,3,3,3,3.0,3.0,0.0005593112626410851,0.015536750430248134,3.0,0.0,0.0,False,False,False
arigemleo,1,0.0,1,1,1,1,1.0,1.0,0.0001851013944305047,-6.20913612108298e-18,1.0,0.0,0.0,False,False,False
arizona_steve,2,0.5,0,2,0,2,0.0,2.0,0.0,3.3554707935013175e-18,,,,False,False,False
arkham1010,2,0.5,4,2,4,2,4.0,2.0,0.000577041464596306,0.006067480487948875,4.0,0.0,0.0,True,False,False
aromatic-werewolf495,4,0.25,6,3,6,3,6.0,3.0,0.0016093495415190142,0.011508083822858258,6.0,0.0,0.0,True,False,True
arrco6513,1,0.0,0,1,0,1,0.0,1.0,0.0,-6.4729293671253475e-18,,,,False,False,False
art_faith,1,0.0,0,1,0,1,0.0,1.0,0.0,-1.0861896519295815e-19,,,,False,False,False
artentics,2,0.0,2,2,2,2,2.0,2.0,0.00026133889741156,0.00044033313385243765,2.0,0.0,0.0,False,False,False
artistic_north_4208,2,0.0,4,2,4,2,4.0,2.0,0.0010627905063551478,0.00019434453171309293,4.0,0.0,0.0,True,False,False
artlessknave,1,0.0,0,1,0,1,0.0,1.0,0.0,1.9348397876281935e-18,,,,False,False,False
artycatnip,1,0.0,0,0,0,0,0.0,0.0,0.0,7.870189964280747e-18,,,,False,False,False
aru0123,2,0.0,0,2,0,2,0.0,2.0,0.0,4.372288277743018e-18,,,,False,False,False
arya_ren,2,0.0,1,1,1,1,1.0,2.0,0.0,0.00752084916020182,1.0,0.0,0.0,False,False,False
arzyelg,2,0.0,0,2,0,2,0.0,2.0,0.0,-7.54553437284602e-18,,,,False,False,False
ascendevise,24,0.0833333333333333,8,21,8,21,9.0,24.0,0.010586693801628695,0.013757980201193282,9.0,0.0,0.0,True,False,True
asher030,1,0.0,1,1,1,1,1.0,1.0,0.00025968674549178275,0.008775417258571023,1.0,0.0,0.0,False,False,False
ask-me-about-my-cats,1,0.0,1,1,1,1,1.0,1.0,6.389039952580543e-06,0.0014856235732207262,1.0,0.0,0.0,False,False,False
askianna,2,0.5,0,2,0,2,0.0,2.0,0.0,4.149991587844461e-18,,,,False,False,False
asphodelmercenary,4,0.0,5,3,5,3,7.0,4.0,0.0009206315426502913,0.009936024518809287,7.0,0.0,0.0,True,False,False
asscrackninja,1,0.0,0,1,0,1,0.0,1.0,0.0,2.9153023846293967e-18,,,,False,False,False
astacov,1,0.0,0,1,0,1,0.0,1.0,0.0,6.268263048031019e-18,,,,False,False,False
athousandfuriousjews,1,0.0,0,1,0,1,0.0,1.0,0.0,3.2601231408182125e-19,,,,False,False,False
ats_throwaway,4,0.0,2,3,2,3,2.0,4.0,0.00033552866653105396,0.02502742662651041,2.0,0.0,0.0,False,False,False
attractivepigeons,3,0.0,4,3,4,3,4.0,3.0,0.00040395086127984815,1.8586532662748866e-18,4.0,0.0,0.0,True,False,False
aurishalcion,3,0.0,1,3,1,3,1.0,3.0,0.00021281994032938505,0.011252966526488434,1.0,0.0,0.0,False,False,False
auspartan_2k,1,0.0,0,1,0,1,0.0,1.0,0.0,-4.981343760217233e-18,,,,False,False,False
aussieblokeeeeee,2,0.0,0,1,0,1,0.0,2.0,0.0,-2.868572011029851e-18,,,,False,False,False
austinthefiend,2,0.0,0,2,0,2,0.0,2.0,0.0,3.266731288311967e-18,,,,False,False,False
autisticsuperpower,1,0.0,29,1,29,1,29.0,1.0,0.0021975078555799455,0.03266830235436185,29.0,0.0,0.0,True,False,True
automoderator,15,0.0,0,14,0,14,0.0,15.0,0.0,-5.336276506721634e-18,,,,False,False,False
autumnwood,1,0.0,0,1,0,1,0.0,1.0,0.0,4.027006718852587e-18,,,,False,False,False
aveidti,3,0.0,3,3,3,3,4.0,3.0,0.0007465257087840789,0.0004690777249352377,4.0,0.0,0.0,False,False,False
averifiedpig,1,0.0,0,1,0,1,0.0,1.0,0.0,7.348763398085837e-18,,,,False,False,False
axent_gray,1,0.0,2,1,2,1,2.0,1.0,0.0006457551001719097,0.014176261407713513,2.0,0.0,0.0,False,False,False
ayahawkeye,1,0.0,0,1,0,1,0.0,1.0,0.0,4.228456884280753e-18,,,,False,False,False
ayakaba,9,0.2222222222222222,4,7,4,7,6.0,9.0,0.0006759060186723911,0.015338422256057267,6.0,0.0,0.0,True,False,False
azeuru-jp,1,0.0,2,1,2,1,2.0,1.0,6.855607201129804e-07,0.005401853112880257,2.0,0.0,0.0,False,False,False
aznrecluse,4,0.0,2,3,2,3,2.0,4.0,0.00013751932487986247,0.00574184414162252,2.0,0.0,0.0,False,False,False
azrael4355,3,0.0,0,3,0,3,0.0,3.0,0.0,-3.922405154608166e-18,,,,False,False,False
azreon_nightwalker,1,1.0,0,1,0,1,0.0,1.0,0.0,-3.3910915810271364e-18,,,,False,False,False
b0dzilla,4,0.25,3,4,3,4,3.0,4.0,0.0030868901750089146,0.0020228395166374605,3.0,0.0,0.0,False,False,False
b0nesawisrrready,1,0.0,0,1,0,1,0.0,1.0,0.0,7.904594610532547e-18,,,,False,False,False
b0ss_zombie,1,0.0,0,1,0,1,0.0,1.0,0.0,4.652151250792193e-19,,,,False,False,False
b_riann,2,0.0,1,2,1,2,1.0,2.0,0.0,0.000374467014868068,1.0,0.0,0.0,False,False,False
background-page4974,1,0.0,0,1,0,1,0.0,1.0,0.0,-5.255768691370175e-19,,,,False,False,False
badesign,1,0.0,1,1,1,1,1.0,1.0,9.002186514635862e-06,0.0014856235732207193,1.0,0.0,0.0,False,False,False
badno3598,4,0.0,19,4,19,4,21.0,4.0,0.004027967286253312,0.007389963048981811,21.0,0.0,0.0,True,False,True
badshakes,2,0.0,0,2,0,2,0.0,2.0,0.0,-5.1108569833241704e-18,,,,False,False,False
baeruu,1,0.0,0,1,0,1,0.0,1.0,0.0,4.652401780649165e-18,,,,False,False,False
bagbeneficial7527,2,0.0,0,1,0,1,0.0,1.0,0.0,-9.976708659602207e-19,,,,False,False,False
baginabreath,1,0.0,0,1,0,1,0.0,1.0,0.0,1.1100144866296888e-19,,,,False,False,False
bakatora1,1,0.0,0,1,0,1,0.0,1.0,0.0,6.2154566954846776e-18,,,,False,False,False
balierg,2,0.0,0,2,0,2,0.0,2.0,0.0,-9.95885265543558e-19,,,,False,False,False
ballbustersicko,1,0.0,1,1,1,1,1.0,1.0,1.5092052128443947e-05,1.755034017007871e-18,1.0,0.0,0.0,False,False,False
bananern,1,0.0,0,1,0,1,0.0,1.0,0.0,-5.8088912276311025e-18,,,,False,False,False
barabearcat,1,0.0,1,1,1,1,1.0,1.0,0.0,0.00622327047640655,1.0,0.0,0.0,False,False,False
barireddit,1,0.0,0,1,0,1,0.0,1.0,0.0,-2.332028317412104e-18,,,,False,False,False
baronvonkeyser,4,0.5,3,4,3,4,3.0,4.0,0.0046061092318177635,0.05049761819198408,3.0,0.0,0.0,False,False,False
basedegg666,2,0.0,3,2,3,2,3.0,2.0,0.00010095749167179722,0.01655239645054645,3.0,0.0,0.0,False,False,False
basura1979,3,0.3333333333333333,0,3,0,3,0.0,3.0,0.0,-2.451321245112196e-18,,,,False,False,False
bbcguild,1,0.0,2,1,2,1,2.0,1.0,0.00018493000425047647,0.002891417661446718,2.0,0.0,0.0,False,False,False
beacon2001,5,0.0,4,3,4,3,7.0,5.0,0.002544137633534505,0.01818000255253283,7.0,0.0,0.0,True,False,True
beanstherogue,2,0.0,0,2,0,2,0.0,2.0,0.0,-2.3081886871709177e-18,,,,False,False,False
bearaquil,1,0.0,0,1,0,1,0.0,1.0,0.0,6.818550675949017e-18,,,,False,False,False
bearlinhammer,1,0.0,0,1,0,1,0.0,1.0,0.0,-4.0596113498003884e-18,,,,False,False,False
beginningdamage8073,1,1.0,0,1,0,1,0.0,1.0,0.0,-4.630063896292978e-18,,,,False,False,False
begoodformegirl,1,0.0,0,1,0,1,0.0,1.0,0.0,-3.506165278416086e-18,,,,False,False,False
belovedbelle,2,0.0,0,2,0,2,0.0,2.0,0.0,6.559447004084587e-18,,,,False,False,False
benandgone,2,0.0,2,2,2,2,2.0,2.0,0.0005514664894082702,0.0023324686752789476,2.0,0.0,0.0,False,False,False
beneficial-assist849,2,0.5,2,2,2,2,2.0,2.0,5.247291591317085e-05,0.0026947047393550538,2.0,0.0,0.0,False,False,False
beneficial_eye5991,3,0.0,2,3,2,3,2.0,3.0,0.0008583065177682778,0.00754435910516544,2.0,0.0,0.0,False,False,False
beneficial_guess_714,2,0.0,2,2,2,2,2.0,2.0,0.00022163722543694573,7.631544294640087e-18,2.0,0.0,0.0,False,False,False
beneficialreply6901,1,0.0,0,1,0,1,0.0,1.0,0.0,-7.756264527479518e-19,,,,False,False,False
benelliboss,4,0.25,1,2,1,2,2.0,4.0,9.723999931621997e-06,0.0005659797301494501,2.0,0.0,0.0,False,False,False
bengamey_974,3,0.0,6,2,6,2,7.0,3.0,0.0007433966107567498,0.016522492009052574,7.0,0.0,0.0,True,False,False
benicek,1,0.0,1,1,1,1,1.0,1.0,1.5697501160392295e-05,0.0012844838574417605,1.0,0.0,0.0,False,False,False
bere_11,1,0.0,0,1,0,1,0.0,1.0,0.0,4.44341206516762e-18,,,,False,False,False
berksirma,2,0.0,0,2,0,2,0.0,2.0,0.0,5.6988780704623385e-18,,,,False,False,False
berrig7450,1,0.0,0,1,0,1,0.0,1.0,0.0,-3.0323450409802332e-18,,,,False,False,False
betterlatethannevur,1,0.0,1,1,1,1,1.0,1.0,2.2443952146555906e-07,0.0015114425631282818,1.0,0.0,0.0,False,False,False
beyond92,1,0.0,1,1,1,1,1.0,1.0,0.00035648300494974834,0.0029574194348326813,1.0,0.0,0.0,False,False,False
biggusdickusofficial,3,0.3333333333333333,2,3,2,3,4.0,3.0,0.0002459611344705117,0.002815253306470529,4.0,0.0,0.0,False,False,False
bipolarcorvid,1,0.0,0,1,0,1,0.0,1.0,0.0,-6.7774242902420334e-18,,,,False,False,False
birbphone,5,0.0,0,5,0,5,0.0,5.0,0.0,3.7689974768546456e-18,,,,False,False,False
birdie907,2,0.0,2,1,2,1,2.0,2.0,8.68626726810891e-05,0.006679530551384431,2.0,0.0,0.0,False,False,False
bitoyskius,1,0.0,0,1,0,1,0.0,1.0,0.0,-4.957856791240602e-18,,,,False,False,False
bitter_ad_1544,1,0.0,0,1,0,1,0.0,1.0,0.0,-4.195717374634091e-18,,,,False,False,False
bjgrem01,4,0.0,2,4,2,4,2.0,4.0,0.0002137231351486518,-1.7618384573031656e-18,2.0,0.0,0.0,False,False,False
bjorn420x,1,0.0,0,1,0,1,0.0,1.0,0.0,-1.4016210650833788e-18,,,,False,False,False
black_truth,4,0.0,0,4,0,4,0.0,4.0,0.0,2.317395082838206e-18,,,,False,False,False
blackbirddy,1,1.0,1,1,1,1,1.0,1.0,0.0,0.01320943052736585,1.0,0.0,0.0,False,False,False
blackdragon1400,1,0.0,0,1,0,1,0.0,1.0,0.0,-3.5535036978038855e-18,,,,False,False,False
blacknight841,3,0.0,2,3,2,3,2.0,3.0,0.0003812687079429999,0.040165511006226534,2.0,0.0,0.0,False,False,False
blackreaper709,1,0.0,0,1,0,1,0.0,1.0,0.0,3.041528324755781e-18,,,,False,False,False
blacksheep10954,1,0.0,0,1,0,1,0.0,1.0,0.0,1.192790991735042e-18,,,,False,False,False
bladess,2,0.0,2,2,2,2,2.0,2.0,3.76675646212638e-05,0.001111446311798636,2.0,0.0,0.0,False,False,False
blairquynh,1,0.0,2,1,2,1,2.0,1.0,0.0003577891717105464,0.0012056801223810651,2.0,0.0,0.0,False,False,False
blinkymjf,13,0.0,12,12,12,12,12.0,13.0,0.009154538115793769,0.07851767134021387,12.0,0.0,0.0,True,False,True
bloodguard,2,0.0,0,2,0,2,0.0,2.0,0.0,7.712045802893591e-18,,,,False,False,False
bloodhearts,3,0.0,7,2,7,2,7.0,3.0,0.001281224530923184,0.0026764909154740435,7.0,0.0,0.0,True,False,False
bloodnaix,1,0.0,1,1,1,1,1.0,1.0,0.0001851013944305047,-4.388494779405083e-18,1.0,0.0,0.0,False,False,False
bloomingk,3,0.0,2,2,2,2,3.0,3.0,0.00039913070080988054,0.014057570558466629,3.0,0.0,0.0,False,False,False
blortug,11,0.0909090909090909,9,11,9,11,10.0,11.0,0.008243211593917993,0.007860953441189004,10.0,0.0,0.0,True,False,True
bluedragon82,1,1.0,0,1,0,1,0.0,1.0,0.0,3.981698927382438e-18,,,,False,False,False
bluefox5,5,0.2,5,4,5,4,6.0,5.0,0.0009728402966495042,0.013502435851763958,6.0,0.0,0.0,True,False,False
blueguerilla,4,0.0,0,4,0,4,0.0,4.0,0.0,6.293408433509217e-18,,,,False,False,False
bluesilver_girl,1,0.0,1,1,1,1,1.0,1.0,0.00014067836055567945,2.7495784821665086e-18,1.0,0.0,0.0,False,False,False
bluesky86010,4,0.0,1,4,1,4,2.0,4.0,0.00018527278461053295,6.237285892490222e-18,2.0,0.0,0.0,False,False,False
bluntrauma420,2,0.0,1,2,1,2,1.0,2.0,0.0003656894278673151,4.751768408879088e-05,1.0,0.0,0.0,False,False,False
bmrtt,14,0.1428571428571428,15,12,15,12,17.0,13.0,0.01395753575084373,0.05524337538202759,17.0,0.0,0.0,True,False,True
bobby_digital81,1,0.0,0,1,0,1,0.0,1.0,0.0,-6.2803748641689535e-18,,,,False,False,False
bobby_rocket,1,0.0,0,1,0,1,0.0,1.0,0.0,5.3756758838206766e-18,,,,False,False,False
bobneumann77,1,0.0,0,1,0,1,0.0,1.0,0.0,4.435749346786113e-18,,,,False,False,False
bodopc,7,0.1428571428571428,2,3,2,3,5.0,7.0,0.0006194452723818505,0.009833143007534007,5.0,0.0,0.0,False,False,False
bogtick,6,0.0,0,6,0,6,0.0,6.0,0.0,2.591982348645826e-18,,,,False,False,False
bombayblue,4,0.0,1,3,1,3,1.0,4.0,8.312682795170145e-05,4.0367728983152104e-05,1.0,0.0,0.0,False,False,False
bonestogo,3,0.0,18,3,18,3,19.0,3.0,0.0028920084732284475,0.007462532179394001,19.0,0.0,0.0,True,False,True
boobaskadoo,3,0.0,0,3,0,3,0.0,3.0,0.0,-8.930665291439824e-19,,,,False,False,False
boobrew2018,1,0.0,1,1,1,1,1.0,1.0,0.0,0.022901088429318338,1.0,0.0,0.0,False,False,False
boofaceleemz,1,0.0,2,1,2,1,2.0,1.0,3.0850232405084118e-06,-7.350584329733733e-18,2.0,0.0,0.0,False,False,False
borgchupacabras,11,0.0909090909090909,2,11,2,11,3.0,11.0,0.0021188844343563817,0.008627008125625389,3.0,0.0,0.0,False,False,False
born505,1,0.0,0,1,0,1,0.0,1.0,0.0,6.183233392264656e-18,,,,False,False,False
borzoidesignsok,10,0.0,17,10,17,10,19.0,10.0,0.006799419641062381,0.08871879847632665,19.0,0.0,0.0,True,False,True
botanical_director,6,0.0,13,5,13,5,15.0,5.0,0.002840458087013794,0.026700396750522316,15.0,0.0,0.0,True,False,True
br0d30,11,0.0,5,8,5,8,7.0,11.0,0.0005598438285500882,0.017517211251334704,7.0,0.0,0.0,True,False,False
br4nfry3,3,0.0,5,3,5,3,5.0,3.0,0.0005127668039886045,0.01567085662078964,5.0,0.0,0.0,True,False,False
bradford_pear,1,0.0,0,1,0,1,0.0,1.0,0.0,1.1470791284496277e-18,,,,False,False,False
brainwise95,3,0.0,3,2,3,2,3.0,3.0,0.000574840819643841,0.00495134999491074,3.0,0.0,0.0,False,False,False
brakenbonez,3,0.0,2,2,2,2,2.0,3.0,0.0005313095580875598,0.013508903043772422,2.0,0.0,0.0,False,False,False
branis_merrien,2,0.0,1,1,1,1,1.0,2.0,0.0,0.010459843421976258,1.0,0.0,0.0,False,False,False
brassmoose,1,0.0,0,1,0,1,0.0,1.0,0.0,5.771366106040976e-18,,,,False,False,False
brave_camera4629,1,0.0,0,1,0,1,0.0,1.0,0.0,-2.4174135119160624e-18,,,,False,False,False
brazenbeef,1,0.0,0,1,0,1,0.0,1.0,0.0,-1.363550458679879e-18,,,,False,False,False
brenawyn,2,0.0,0,2,0,2,0.0,2.0,0.0,-4.445770760432392e-18,,,,False,False,False
brettoel,2,0.0,0,2,0,2,0.0,2.0,0.0,5.620245477226677e-18,,,,False,False,False
briargrey,1,0.0,0,1,0,1,0.0,1.0,0.0,3.986319789295336e-18,,,,False,False,False
brickbeard1999,10,0.0,18,8,18,8,22.0,10.0,0.007213851404874026,0.016894552808387493,22.0,0.0,0.0,True,False,True
broad_eagle_4137,3,0.0,1,3,1,3,1.0,3.0,0.000656406941454925,0.0004091598508309037,1.0,0.0,0.0,False,False,False
broadestcupid,1,0.0,0,1,0,1,0.0,1.0,0.0,7.517443587073278e-18,,,,False,False,False
brockcocola,1,0.0,1,1,1,1,1.0,1.0,3.295447148515659e-05,7.606204498211679e-05,1.0,0.0,0.0,False,False,False
brokenarrow326,2,0.0,1,2,1,2,1.0,2.0,0.0,0.0017733192811875873,1.0,0.0,0.0,False,False,False
broodingbutterfly,3,0.3333333333333333,1,2,1,2,1.0,3.0,0.0003746454022810681,0.009511156024918328,1.0,0.0,0.0,False,False,False
brrrofski,2,0.0,5,2,5,2,5.0,2.0,0.0002608681694232373,0.02388084607530165,5.0,0.0,0.0,True,False,False
brucew_1939,1,0.0,0,1,0,1,0.0,1.0,0.0,-5.634546710627096e-18,,,,False,False,False
bryanofrivia,1,0.0,0,1,0,1,0.0,1.0,0.0,1.0188495472183846e-18,,,,False,False,False
bthrzerox,1,0.0,0,1,0,1,0.0,1.0,0.0,-5.965301300027716e-18,,,,False,False,False
btolputt,1,0.0,0,1,0,1,0.0,1.0,0.0,3.348201998920041e-18,,,,False,False,False
bubbaboof_,5,0.2,109,4,109,4,112.0,4.0,0.018600584163927004,0.13555645410512207,112.0,0.0,0.0,True,True,True
bugsyeyes,3,0.0,3,2,3,2,4.0,3.0,0.0005313095580875598,0.05057481991461707,4.0,0.0,0.0,False,False,False
buildingairships,4,0.0,1,4,1,4,1.0,4.0,0.000872804016773866,0.0011111038705989857,1.0,0.0,0.0,False,False,False
bunniewormy,1,1.0,0,1,0,1,0.0,1.0,0.0,-5.3219777006856116e-20,,,,False,False,False
bushidobeatdown,1,0.0,0,1,0,1,0.0,1.0,0.0,-1.173426919907725e-18,,,,False,False,False
busy-tone-,1,0.0,4,0,4,0,4.0,0.0,0.0,0.016984490019880262,4.0,0.0,0.0,True,False,False
buttlipps,3,0.0,5,2,5,2,6.0,3.0,0.00035639248100942394,6.881131671033667e-05,6.0,0.0,0.0,True,False,False
buttonskill,1,0.0,0,1,0,1,0.0,1.0,0.0,6.1268747233726855e-18,,,,False,False,False
buzzed247,1,0.0,0,1,0,1,0.0,1.0,0.0,-2.1840945133586397e-18,,,,False,False,False
bwonkatonks,1,0.0,1,1,1,1,1.0,1.0,0.0,0.0011111038705989781,1.0,0.0,0.0,False,False,False
bybloshex,1,0.0,0,1,0,1,0.0,1.0,0.0,7.123282536566444e-18,,,,False,False,False
byron_cavendish,1,0.0,0,1,0,1,0.0,1.0,0.0,-1.4493946496633944e-18,,,,False,False,False
bziscancer,1,0.0,2,1,2,1,2.0,1.0,0.00018493000425047647,0.011252966526488448,2.0,0.0,0.0,False,False,False
c4ef_73,1,0.0,0,1,0,1,0.0,1.0,0.0,8.126656449315964e-19,,,,False,False,False
c4t4ly5t,1,0.0,0,1,0,1,0.0,1.0,0.0,-6.859739466610182e-18,,,,False,False,False
caim2821,1,1.0,0,1,0,1,0.0,1.0,0.0,-1.472584774586312e-19,,,,False,False,False
cakeriel,14,0.0,4,11,4,11,6.0,14.0,0.005339478464158237,0.008188058141692628,6.0,0.0,0.0,True,False,True
calamity-mouser-5261,1,0.0,1,1,1,1,1.0,1.0,8.121482008113355e-05,0.004969602156381686,1.0,0.0,0.0,False,False,False
caldiina,1,0.0,0,1,0,1,0.0,1.0,0.0,-2.2234285329895106e-18,,,,False,False,False
calialpha,6,0.0,4,5,4,5,6.0,6.0,0.0007341187313440929,0.008435760041005219,6.0,0.0,0.0,True,False,False
callmesociopathic,5,0.0,3,5,3,5,3.0,5.0,0.0006475348339467302,0.0026419343048097042,3.0,0.0,0.0,False,False,False
calotron,1,0.0,0,1,0,1,0.0,1.0,0.0,3.586744037124202e-18,,,,False,False,False
camronjames,1,0.0,0,1,0,1,0.0,1.0,0.0,-2.427427222381032e-18,,,,False,False,False
camthalion87,1,0.0,0,1,0,1,0.0,1.0,0.0,1.5036815356732974e-19,,,,False,False,False
canadon1,2,0.0,1,1,1,1,1.0,2.0,0.0,0.002392291325488377,1.0,0.0,0.0,False,False,False
candid_top_5386,2,0.0,0,2,0,2,0.0,2.0,0.0,6.188064720412769e-18,,,,False,False,False
candlematerial7301,4,0.0,0,4,0,4,0.0,4.0,0.0,7.733070283339627e-18,,,,False,False,False
cannotthonk96,7,0.4285714285714285,9,7,9,7,10.0,7.0,0.002183726101160934,0.03064897193786081,10.0,0.0,0.0,True,True,True
capnconcon,1,0.0,1,1,1,1,1.0,1.0,0.0,4.036772898315759e-05,1.0,0.0,0.0,False,False,False
captain_chocolate,1,1.0,0,1,0,1,0.0,1.0,0.0,6.80353460066535e-18,,,,False,False,False
captain_seaweaver,1,0.0,1,1,1,1,1.0,1.0,0.0,-8.463359958497464e-18,1.0,0.0,0.0,False,False,False
captainhmbarclay,1,0.0,0,1,0,1,0.0,1.0,0.0,-6.070934733736982e-18,,,,False,False,False
captainraj,1,0.0,0,1,0,1,0.0,1.0,0.0,-3.0841004950718736e-18,,,,False,False,False
captfatz,4,0.0,1,3,1,3,2.0,4.0,2.5402971492795273e-05,-4.970417681305157e-18,2.0,0.0,0.0,False,False,False
carboxes,1,0.0,1,1,1,1,1.0,1.0,0.0,0.025363076187146436,1.0,0.0,0.0,False,False,False
carcarius,3,0.0,1,3,1,3,1.0,3.0,2.1031754801961702e-05,0.001753909927560597,1.0,0.0,0.0,False,False,False
careless-end1596,1,0.0,4,1,4,1,4.0,1.0,0.0003333756164027479,0.01926586941297019,4.0,0.0,0.0,True,False,False
cat_voidvoid,1,0.0,0,1,0,1,0.0,1.0,0.0,5.082740454075428e-19,,,,False,False,False
cathayraht,1,0.0,1,1,1,1,1.0,1.0,0.0,0.0037675597080202975,1.0,0.0,0.0,False,False,False
caulk_blocker,1,1.0,0,1,0,1,0.0,1.0,0.0,3.6644793935766334e-18,,,,False,False,False
cautious_catch4021,1,0.0,1,1,1,1,1.0,1.0,0.0,0.0004911114405831207,1.0,0.0,0.0,False,False,False
ccnetminder,1,0.0,0,1,0,1,0.0,1.0,0.0,-6.4691013682726585e-18,,,,False,False,False
ce-nex,1,0.0,0,1,0,1,0.0,1.0,0.0,-1.995915231158592e-18,,,,False,False,False
cemenotar,4,0.0,1,2,1,2,2.0,4.0,9.424784198014294e-05,0.00015388733917957552,2.0,0.0,0.0,False,False,False
cephalonmatt,1,0.0,0,1,0,1,0.0,1.0,0.0,6.097514023952184e-18,,,,False,False,False
cerebrite,5,0.0,2,5,2,5,4.0,5.0,0.0006139567708871528,0.00018993852451684566,4.0,0.0,0.0,False,False,False
ch4p3l,1,0.0,0,1,0,1,0.0,1.0,0.0,2.365023884945757e-18,,,,False,False,False
chabhamblade,1,0.0,0,1,0,1,0.0,1.0,0.0,-2.4551982975144e-18,,,,False,False,False
chacaceiro,1,0.0,0,1,0,1,0.0,1.0,0.0,2.6109522207330255e-18,,,,False,False,False
chamllw,1,0.0,1,1,1,1,1.0,1.0,0.0,0.010874342869935431,1.0,0.0,0.0,False,False,False
changuitashadow,5,0.0,3,5,3,5,3.0,5.0,0.0014496628840771184,0.05727100597535274,3.0,0.0,0.0,False,False,False
chaos_cowboy,1,0.0,0,1,0,1,0.0,1.0,0.0,4.3453389952044804e-18,,,,False,False,False
chaosincarnate1856,1,0.0,0,1,0,1,0.0,1.0,0.0,-1.4259119970210463e-18,,,,False,False,False
charliebman,2,0.0,1,2,1,2,1.0,2.0,6.570653023662677e-06,0.007212197125154237,1.0,0.0,0.0,False,False,False
charliesam04,1,0.0,2,1,2,1,2.0,1.0,1.713901800282451e-07,-4.6316552336567585e-18,2.0,0.0,0.0,False,False,False
chatory,1,0.0,2,1,2,1,3.0,1.0,0.00028643758213307174,0.003131408326451381,3.0,0.0,0.0,False,False,False
chaytel_solverre,1,0.0,0,1,0,1,0.0,1.0,0.0,6.725852980530517e-18,,,,False,False,False
cheap_operation6399,2,0.0,0,2,0,2,0.0,2.0,0.0,6.767026786138779e-18,,,,False,False,False
cheatermccheat,1,0.0,0,1,0,1,0.0,1.0,0.0,-7.659528792555614e-18,,,,False,False,False
cheese_ai,1,0.0,0,1,0,1,0.0,1.0,0.0,-4.887558028380832e-18,,,,False,False,False
chesterlikeschess,12,0.0,8,10,8,10,11.0,12.0,0.01202038733025093,0.032716186648085926,11.0,0.0,0.0,True,False,True
chewster023,1,0.0,0,1,0,1,0.0,1.0,0.0,1.6172098122257358e-19,,,,False,False,False
chi_bearhawks,1,0.0,0,1,0,1,0.0,1.0,0.0,-6.798594755164019e-18,,,,False,False,False
chicken-thief,1,0.0,1,1,1,1,1.0,1.0,0.0,0.0022304113399647134,1.0,0.0,0.0,False,False,False
chopchopchoo,1,0.0,0,1,0,1,0.0,1.0,0.0,-2.9007366484412113e-18,,,,False,False,False
chronic_smith,2,0.0,0,2,0,2,0.0,2.0,0.0,-5.235328420051324e-18,,,,False,False,False
chuushahime,1,0.0,0,1,0,1,0.0,1.0,0.0,7.326382603337184e-18,,,,False,False,False
cillachandlergaming,6,0.0,2,4,2,4,3.0,5.0,0.0006257894822783593,0.001495676136963295,3.0,0.0,0.0,False,False,False
cinderblockss,2,0.0,0,2,0,2,0.0,2.0,0.0,-9.921927026171884e-19,,,,False,False,False
cinnadots,1,0.0,2,1,2,1,2.0,1.0,3.869528694764834e-06,0.0011861950495872166,2.0,0.0,0.0,False,False,False
cjame158,1,0.0,0,1,0,1,0.0,1.0,0.0,6.328527903493371e-18,,,,False,False,False
cla_1989,10,0.0,3,10,3,10,4.0,10.0,0.0015113197741006557,0.012411208784523127,4.0,0.0,0.0,False,False,False
clairelenia,1,0.0,1,1,1,1,1.0,1.0,0.0,0.009461766007119217,1.0,0.0,0.0,False,False,False
classic-mongoose-485,11,0.0,4,9,4,9,5.0,11.0,0.0016651757749053808,0.011016794809586247,5.0,0.0,0.0,True,False,True
claymorex97,1,0.0,0,1,0,1,0.0,1.0,0.0,3.446816912751706e-18,,,,False,False,False
clean-conclusion-999,1,0.0,0,1,0,1,0.0,1.0,0.0,-2.488112622636958e-18,,,,False,False,False
clockwork-armadillo,1,0.0,0,1,0,1,0.0,1.0,0.0,7.474483715816128e-18,,,,False,False,False
clockwork_city,2,0.0,1,2,1,2,1.0,2.0,0.0001119993134667562,-5.627112307301522e-18,1.0,0.0,0.0,False,False,False
clockworkvee,4,0.0,0,4,0,4,0.0,4.0,0.0,5.137745013081267e-18,,,,False,False,False
cloista,1,0.0,0,1,0,1,0.0,1.0,0.0,1.20641288360088e-18,,,,False,False,False
cloud_n0ne,1,0.0,0,1,0,1,0.0,1.0,0.0,-2.8675121081695586e-18,,,,False,False,False
cmdr-savagemidnight,1,0.0,0,1,0,1,0.0,1.0,0.0,-4.509638442275432e-18,,,,False,False,False
cmdr_expendible,2,0.0,0,2,0,2,0.0,2.0,0.0,6.194667334355978e-18,,,,False,False,False
cmdrjemison,2,0.5,1,2,1,2,1.0,2.0,0.00013098768506557162,0.0007182834551544666,1.0,0.0,0.0,False,False,False
cmdrunk420,8,0.0,3,7,3,7,5.0,8.0,0.0018047336623006627,0.024121019374354666,5.0,0.0,0.0,False,False,True
cocoblind,1,0.0,0,1,0,1,0.0,1.0,0.0,2.4040599202717847e-18,,,,False,False,False
code65536,1,0.0,0,1,0,1,0.0,1.0,0.0,-5.07510404887607e-18,,,,False,False,False
coding_panda,2,0.0,1,2,1,2,1.0,2.0,0.0003465509440171116,0.0023508338209584896,1.0,0.0,0.0,False,False,False
coerfroid,2,0.0,0,2,0,2,0.0,2.0,0.0,-7.223734904715039e-18,,,,False,False,False
coloniacroisant,1,0.0,0,1,0,1,0.0,1.0,0.0,-6.435250804220142e-18,,,,False,False,False
colovianhastur,2,0.5,1,2,1,2,1.0,2.0,1.2547980366046258e-05,0.0013346795028215854,1.0,0.0,0.0,False,False,False
combfoot,1,0.0,0,1,0,1,0.0,1.0,0.0,-5.9868330574911324e-18,,,,False,False,False
comfortablestretch63,1,0.0,0,1,0,1,0.0,1.0,0.0,5.6805357861432545e-18,,,,False,False,False
common-independent-9,2,0.0,1,2,1,2,1.0,2.0,0.00018510139443050474,5.281116872179249e-18,1.0,0.0,0.0,False,False,False
common-juggernaut276,1,0.0,0,1,0,1,0.0,1.0,0.0,-3.509513346249632e-18,,,,False,False,False
commonfutures,1,0.0,0,1,0,1,0.0,1.0,0.0,4.058502576591368e-18,,,,False,False,False
complete-fee5785,1,0.0,1,1,1,1,1.0,1.0,0.0,0.011316959853613081,1.0,0.0,0.0,False,False,False
comprehensivebike212,1,0.0,1,1,1,1,1.0,1.0,0.0,0.0023004764128086302,1.0,0.0,0.0,False,False,False
comradeswitch,5,0.2,1,5,1,5,1.0,5.0,8.596790887986232e-05,-5.260032147771403e-18,1.0,0.0,0.0,False,False,False
concept_realistic,4,0.0,1,4,1,4,1.0,4.0,4.9534164171434995e-05,0.00031914410163266853,1.0,0.0,0.0,False,False,False
confident-silver-336,2,0.0,1,1,1,1,2.0,2.0,0.0,0.00015322770781185966,2.0,0.0,0.0,False,False,False
confident_bicycle125,1,0.0,0,1,0,1,0.0,1.0,0.0,6.806916993765249e-18,,,,False,False,False
confusionproof9487,4,0.25,7,4,7,4,7.0,4.0,0.0027903465479944545,0.03060408301557515,7.0,0.0,0.0,True,False,True
connect-ant-2081,2,0.0,1,2,1,2,1.0,2.0,1.1894822260787694e-05,0.0013346795028215798,1.0,0.0,0.0,False,False,False
conninator2000,2,0.0,2,1,2,1,5.0,2.0,2.046548484995012e-05,0.003225340857457571,5.0,0.0,0.0,False,False,False
constant_hotel_2279,1,0.0,2,1,2,1,2.0,1.0,1.2317879204268074e-05,0.011273074074252258,2.0,0.0,0.0,False,False,False
constantcasual,6,0.1666666666666666,3,3,3,3,4.0,6.0,0.0005320394853737359,0.020040372489230636,4.0,0.0,0.0,False,False,False
consultingcutie,2,0.0,1,2,1,2,1.0,2.0,2.2367056118887015e-05,0.007761379289013421,1.0,0.0,0.0,False,False,False
cookicuts,1,0.0,0,1,0,1,0.0,1.0,0.0,-4.354429528211547e-18,,,,False,False,False
cool-importance7218,2,0.0,1,2,1,2,1.0,2.0,3.0108776952249818e-05,1.611421549997137e-19,1.0,0.0,0.0,False,False,False
cool_dragonfruit_478,4,0.0,0,4,0,4,0.0,4.0,0.0,8.34304760123893e-19,,,,False,False,False
corgi388,1,0.0,0,1,0,1,0.0,1.0,0.0,6.723501055793485e-18,,,,False,False,False
cornbeeflt,2,0.0,15,2,15,2,15.0,2.0,0.001080308587043075,0.03205996288960972,15.0,0.0,0.0,True,False,False
cosmo_nova,3,0.0,2,3,2,3,2.0,3.0,0.001101848341516258,0.001928579599777156,2.0,0.0,0.0,False,False,False
countershift,1,0.0,0,1,0,1,0.0,1.0,0.0,5.167296449190716e-18,,,,False,False,False
court_jester13,2,1.0,3,1,3,1,3.0,2.0,1.6094539535574457e-05,0.0037079799569113858,3.0,0.0,0.0,False,False,False
cow_best,8,0.0,2,8,2,8,2.0,8.0,0.0009060552028738754,0.0012335093749853683,2.0,0.0,0.0,False,False,False
cowman3202,3,0.0,10,2,10,2,11.0,3.0,0.0012552959980011362,0.004299953662223993,11.0,0.0,0.0,True,False,False
cowwhisperer69,1,0.0,0,1,0,1,0.0,1.0,0.0,3.4217000426034024e-18,,,,False,False,False
cr4p,1,0.0,0,1,0,1,0.0,1.0,0.0,-6.902932935643075e-18,,,,False,False,False
cradonwar,2,0.0,1,2,1,2,1.0,2.0,3.218151119306974e-05,6.279058447473729e-05,1.0,0.0,0.0,False,False,False
crapador_dali,2,0.0,1,2,1,2,1.0,2.0,7.948772968979873e-06,0.002441577092541446,1.0,0.0,0.0,False,False,False
creative_lawyer_4748,1,0.0,0,1,0,1,0.0,1.0,0.0,-1.600888868774386e-20,,,,False,False,False
creedfeed,1,0.0,1,1,1,1,1.0,1.0,0.0,0.009069513748819527,1.0,0.0,0.0,False,False,False
creepy-ghost,1,0.0,0,1,0,1,0.0,1.0,0.0,1.899715593742029e-18,,,,False,False,False
crewarookie,2,0.0,0,2,0,2,0.0,2.0,0.0,-7.786451772256439e-18,,,,False,False,False
crimsomphx,1,0.0,0,1,0,1,0.0,1.0,0.0,-3.666280686045933e-18,,,,False,False,False
crimsonfangknight,2,0.0,0,2,0,2,0.0,2.0,0.0,2.494736378929357e-18,,,,False,False,False
cripplemesideways,1,0.0,1,1,1,1,1.0,1.0,0.0,6.592974022688987e-18,1.0,0.0,0.0,False,False,False
crit-a-cola,2,0.0,1,2,1,2,1.0,2.0,0.00034672233419713984,0.011382122034104424,1.0,0.0,0.0,False,False,False
critical-bee-6623,1,0.0,0,1,0,1,0.0,1.0,0.0,6.016622388089174e-18,,,,False,False,False
croce11,1,0.0,0,1,0,1,0.0,1.0,0.0,-4.2448311933226625e-18,,,,False,False,False
crosknight,1,0.0,0,1,0,1,0.0,1.0,0.0,-7.350556190369353e-18,,,,False,False,False
crotique,1,0.0,0,1,0,1,0.0,1.0,0.0,-1.4621270925180642e-18,,,,False,False,False
crow_2v,1,0.0,0,1,0,1,0.0,1.0,0.0,-7.154975905390675e-18,,,,False,False,False
crumgeon,4,0.0,3,4,3,4,4.0,4.0,0.0009110871035473607,0.007994236697536704,4.0,0.0,0.0,False,False,False
crypt_toad,1,1.0,1,1,1,1,1.0,1.0,2.2900559823146296e-06,0.00224472528966971,1.0,0.0,0.0,False,False,False
crystallinecrow,4,0.0,0,4,0,4,0.0,4.0,0.0,2.751655840783492e-18,,,,False,False,False
csrworks,2,0.0,0,1,0,1,0.0,1.0,0.0,-3.2092771189655035e-18,,,,False,False,False
ctbellart,2,0.0,1,2,1,2,1.0,2.0,8.627438235299179e-05,0.005583809792487532,1.0,0.0,0.0,False,False,False
cubickittens,1,0.0,0,1,0,1,0.0,1.0,0.0,3.248873427143803e-18,,,,False,False,False
curley1018,1,0.0,1,1,1,1,1.0,1.0,5.986244733622465e-05,0.003628118931841139,1.0,0.0,0.0,False,False,False
curmudgeonintaupe,2,0.0,1,2,1,2,1.0,2.0,0.00024339499762147948,-2.4936169865162125e-18,1.0,0.0,0.0,False,False,False
currentbias,6,0.0,2,6,2,6,2.0,6.0,0.0008390980233443825,0.0006933673493538867,2.0,0.0,0.0,False,False,False
cute_guest1445,1,0.0,1,1,1,1,1.0,1.0,0.0,0.011841233589963442,1.0,0.0,0.0,False,False,False
cyanpancake,6,0.0,2,5,2,5,3.0,6.0,0.0019740851785861884,0.025545246289282966,3.0,0.0,0.0,False,False,False
cynedyr,1,0.0,0,1,0,1,0.0,1.0,0.0,-3.859120008514704e-18,,,,False,False,False
cynical_feline,2,0.5,0,2,0,2,0.0,2.0,0.0,3.593471149451203e-18,,,,False,False,False
d1z,1,0.0,1,1,1,1,1.0,1.0,0.0,4.955831956426481e-18,1.0,0.0,0.0,False,False,False
d3ad_plant,1,0.0,0,1,0,1,0.0,1.0,0.0,-2.0563436649634143e-18,,,,False,False,False
d4rthj4rj4r,1,0.0,0,1,0,1,0.0,1.0,0.0,3.577832257818059e-18,,,,False,False,False
dactrior,1,0.0,0,1,0,1,0.0,1.0,0.0,6.2419941395133955e-18,,,,False,False,False
daha1972,2,1.0,2,2,2,2,2.0,2.0,0.0002980753059613966,4.449303824248012e-19,2.0,0.0,0.0,False,False,False
daily_distractionyt,2,0.0,0,2,0,2,0.0,2.0,0.0,-6.2922773824926364e-18,,,,False,False,False
dajog1,1,0.0,1,1,1,1,1.0,1.0,0.0,0.0009199878591622128,1.0,0.0,0.0,False,False,False
dalferious,3,0.0,1,3,1,3,1.0,3.0,7.479183858757541e-05,1.892894292760631e-18,1.0,0.0,0.0,False,False,False
damightytant,1,0.0,2,1,2,1,2.0,1.0,0.0,0.007314763340882322,2.0,0.0,0.0,False,False,False
damolitioneed,1,0.0,0,1,0,1,0.0,1.0,0.0,-1.709937177981177e-18,,,,False,False,False
damtagrey,3,0.0,0,3,0,3,0.0,3.0,0.0,2.8826179237925495e-18,,,,False,False,False
danielsinclair32,1,0.0,0,1,0,1,0.0,1.0,0.0,7.17476420132226e-18,,,,False,False,False
dannybell03,1,0.0,0,1,0,1,0.0,1.0,0.0,-9.982006372794931e-19,,,,False,False,False
danstarthefirst,4,0.0,4,4,4,4,4.0,4.0,0.0013482397854184009,0.009977927370237153,4.0,0.0,0.0,True,False,False
darandapanda,4,0.0,5,4,5,4,5.0,4.0,0.002962148898520798,0.06315528824305582,5.0,0.0,0.0,True,False,True
darkling-rae,1,0.0,0,1,0,1,0.0,1.0,0.0,7.336187706176007e-18,,,,False,False,False
darkling_antiquarian,1,0.0,0,1,0,1,0.0,1.0,0.0,3.0972482255065776e-18,,,,False,False,False
darklordofthesmiths,8,0.0,12,7,12,7,12.0,8.0,0.004240242103088035,0.02084867656428277,12.0,0.0,0.0,True,False,True
darkmaidenlight,1,0.0,0,1,0,1,0.0,1.0,0.0,-4.839245536918367e-19,,,,False,False,False
darkseidis_,4,0.0,4,3,4,3,5.0,4.0,0.0008547636383683529,0.004588044662205066,5.0,0.0,0.0,True,False,False
darkstarog,1,0.0,0,1,0,1,0.0,1.0,0.0,-1.5745996151537289e-18,,,,False,False,False
darkwolf_nightfang,3,0.0,0,3,0,3,0.0,3.0,0.0,-4.167682200744123e-19,,,,False,False,False
darkworldkingsbk,6,0.0,0,6,0,6,0.0,6.0,0.0,3.718625905871745e-18,,,,False,False,False
darrelc,10,0.1,5,8,5,8,7.0,10.0,0.004057490283668998,0.03727959410523173,7.0,0.0,0.0,True,False,True
dart223,1,0.0,0,1,0,1,0.0,1.0,0.0,1.9756573923642075e-18,,,,False,False,False
darth_n1hilus,1,0.0,0,1,0,1,0.0,1.0,0.0,9.326232238059167e-19,,,,False,False,False
darth_package,1,1.0,1,1,1,1,1.0,1.0,0.00018510139443050466,2.96227961191419e-18,1.0,0.0,0.0,False,False,False
darthkobma,1,0.0,0,1,0,1,0.0,1.0,0.0,-3.4255347578832792e-18,,,,False,False,False
dasasza,1,0.0,0,1,0,1,0.0,1.0,0.0,-1.0119846439302436e-18,,,,False,False,False
dastermonjon,1,1.0,0,1,0,1,0.0,1.0,0.0,4.94787949132826e-18,,,,False,False,False
dathyni,9,0.0,3,6,3,6,4.0,9.0,0.00226386040107918,0.025332518851608872,4.0,0.0,0.0,False,False,False
datmaggicjuice,1,0.0,0,1,0,1,0.0,1.0,0.0,7.867027286220891e-18,,,,False,False,False
datpinkflamingo,2,0.0,0,1,0,1,0.0,1.0,0.0,-5.9042002584816715e-18,,,,False,False,False
dave22201,1,0.0,0,1,0,1,0.0,1.0,0.0,-3.012322092205357e-18,,,,False,False,False
davemoedee,1,0.0,0,1,0,1,0.0,1.0,0.0,-1.7065893236766656e-18,,,,False,False,False
dawgyashwhite,3,0.0,4,2,4,2,5.0,3.0,0.0005572460596848331,0.0083464026045087,5.0,0.0,0.0,True,False,False
daymanic,1,0.0,0,1,0,1,0.0,1.0,0.0,6.835450263734586e-18,,,,False,False,False
dazedandfloating,22,0.0454545454545454,4,20,4,20,4.0,22.0,0.0032571274158587947,0.008964138279542042,4.0,0.0,0.0,True,False,False
deadlocked02,1,0.0,0,1,0,1,0.0,1.0,0.0,5.0052164854566665e-18,,,,False,False,False
dearcastiel,2,0.0,7,2,7,2,7.0,2.0,0.0006944730094744491,0.06221419164902891,7.0,0.0,0.0,True,False,False
dearthnadir75,2,0.0,2,2,2,2,2.0,2.0,0.0005998852029314425,0.0006402243960415678,2.0,0.0,0.0,False,False,False
decrepittomb,4,0.0,0,4,0,4,0.0,4.0,0.0,-3.3772112866129e-18,,,,False,False,False
deeking__,1,0.0,0,1,0,1,0.0,1.0,0.0,6.801874800848123e-18,,,,False,False,False
deez-zathras,1,1.0,0,1,0,1,0.0,1.0,0.0,-7.666148087892701e-18,,,,False,False,False
defiantway8893,4,0.0,7,4,7,4,8.0,4.0,0.0015813637076414187,0.006787815257057426,8.0,0.0,0.0,True,False,True
degonyteeso,4,0.25,2,3,2,3,3.0,4.0,0.000580362650008713,0.003362158028529715,3.0,0.0,0.0,False,False,False
dekafox,1,0.0,0,1,0,1,0.0,1.0,0.0,-9.346932756177985e-19,,,,False,False,False
demoneye629,2,0.0,2,2,2,2,2.0,2.0,0.00035603046124752245,0.004255996043660383,2.0,0.0,0.0,False,False,False
demonslayer901,1,0.0,0,1,0,1,0.0,1.0,0.0,2.042301952813782e-18,,,,False,False,False
dentrius,1,0.0,0,1,0,1,0.0,1.0,0.0,-3.071818980379761e-18,,,,False,False,False
denverralphy,6,0.1666666666666666,5,6,5,6,6.0,6.0,0.0021543023504558903,0.0091436952327035,6.0,0.0,0.0,True,False,True
deo14,2,0.0,0,2,0,2,0.0,2.0,0.0,-3.86075329917962e-18,,,,False,False,False
der_nanamuskat,1,0.0,1,1,1,1,1.0,1.0,1.0624668977626486e-05,1.5940267444776497e-18,1.0,0.0,0.0,False,False,False
deranfan,1,0.0,2,1,2,1,2.0,1.0,0.0003702027888610094,-1.3951516097539743e-19,2.0,0.0,0.0,False,False,False
dercashee,1,0.0,0,1,0,1,0.0,1.0,0.0,7.580564774969837e-19,,,,False,False,False
derleisemitderlaute,1,0.0,0,1,0,1,0.0,1.0,0.0,-7.236360640672983e-18,,,,False,False,False
deservedhell,1,0.0,0,1,0,1,0.0,1.0,0.0,-4.3508401077148526e-18,,,,False,False,False
desperate-swimmer690,1,0.0,0,1,0,1,0.0,1.0,0.0,7.380244902053834e-18,,,,False,False,False
destindil,13,0.1538461538461538,6,13,6,13,6.0,13.0,0.004489312895555237,0.009840747866989345,6.0,0.0,0.0,True,False,True
dewdlebobs,1,0.0,0,1,0,1,0.0,1.0,0.0,-2.0504732880310697e-18,,,,False,False,False
dextaur,1,0.0,1,1,1,1,1.0,1.0,1.1845071573168806e-06,0.011079245725935473,1.0,0.0,0.0,False,False,False
di9girl,5,0.0,1,3,1,3,2.0,5.0,1.7568309596609544e-05,8.018737768984886e-05,2.0,0.0,0.0,False,False,False
diabl33ta,1,0.0,0,1,0,1,0.0,1.0,0.0,-4.482883771852762e-18,,,,False,False,False
dialingash38,1,0.0,0,1,0,1,0.0,1.0,0.0,2.9120678915739512e-18,,,,False,False,False
diccuss,6,0.0,2,6,2,6,3.0,6.0,0.001924202339658676,0.011640167429819109,3.0,0.0,0.0,False,False,False
digitijs,1,0.0,0,1,0,1,0.0,1.0,0.0,1.2675187234886573e-18,,,,False,False,False
diligent-wallaby19,2,0.0,2,2,2,2,2.0,2.0,0.00013615909667871525,0.004989860974896763,2.0,0.0,0.0,False,False,False
dinozavr,13,0.0,5,10,5,10,9.0,13.0,0.004321152555226009,0.024968791489160317,9.0,0.0,0.0,True,False,True
diodiablo702,1,0.0,0,1,0,1,0.0,1.0,0.0,-6.961807136433542e-18,,,,False,False,False
direct-landscape-450,1,0.0,0,1,0,1,0.0,1.0,0.0,7.001717799740352e-18,,,,False,False,False
direwolvesva,1,0.0,0,1,0,1,0.0,1.0,0.0,1.3453745562567173e-18,,,,False,False,False
dirtbelgian0,1,0.0,0,1,0,1,0.0,1.0,0.0,-5.331726412874112e-20,,,,False,False,False
dirtylumpofcoal,1,0.0,0,1,0,1,0.0,1.0,0.0,-2.541525941172393e-18,,,,False,False,False
disastrous_coat_5486,2,0.0,2,2,2,2,2.0,2.0,0.0006092862034433701,0.018394580361223642,2.0,0.0,0.0,False,False,False
disastrous_job_5805,1,0.0,0,1,0,1,0.0,1.0,0.0,7.743683455183209e-18,,,,False,False,False
disastrous_leg2172,1,0.0,0,1,0,1,0.0,1.0,0.0,7.143182318451738e-18,,,,False,False,False
discokittie,5,0.0,2,3,2,3,2.0,5.0,1.3371500764039116e-05,0.0037895743710059603,2.0,0.0,0.0,False,False,False
diseasedsouls,2,0.0,1,2,1,2,1.0,2.0,0.00034732760883099005,0.0051380737735896385,1.0,0.0,0.0,False,False,False
disky00,1,0.0,0,1,0,1,0.0,1.0,0.0,5.819462468035707e-18,,,,False,False,False
dismal-low6333,1,0.0,0,1,0,1,0.0,1.0,0.0,-2.9543450742021304e-18,,,,False,False,False
diyer1122,1,0.0,0,1,0,1,0.0,1.0,0.0,2.96232445810569e-18,,,,False,False,False
dizzy_drips,1,0.0,0,1,0,1,0.0,1.0,0.0,6.846411387800662e-18,,,,False,False,False
dizzy_emu1089,7,0.0,2,4,2,4,3.0,7.0,0.000494127111155709,0.009701163387270577,3.0,0.0,0.0,False,False,False
dknight0404,1,0.0,0,1,0,1,0.0,1.0,0.0,3.014086171472587e-18,,,,False,False,False
dobpinklertiktok,7,0.1428571428571428,3,4,3,4,4.0,7.0,0.0018624022938142286,0.005020335818544654,4.0,0.0,0.0,False,False,False
doctor_sauce,1,0.0,0,1,0,1,0.0,1.0,0.0,-7.810624113365963e-18,,,,False,False,False
dodochicky,2,0.0,2,2,2,2,2.0,2.0,3.709429454419719e-05,0.0004255840931085898,2.0,0.0,0.0,False,False,False
doknowharm17,1,0.0,1,1,1,1,2.0,1.0,0.0,0.0012191281558618235,2.0,0.0,0.0,False,False,False
dom_gar,1,0.0,0,1,0,1,0.0,1.0,0.0,2.2407217485481216e-18,,,,False,False,False
domidude,4,0.0,1,2,1,2,1.0,4.0,0.0,0.0003803095210837172,1.0,0.0,0.0,False,False,False
domingusapingus,2,0.0,2,2,2,2,2.0,2.0,0.00018475861407044823,0.0024067885694312703,2.0,0.0,0.0,False,False,False
donfarmzy,1,0.0,0,1,0,1,0.0,1.0,0.0,-2.0355445887360735e-18,,,,False,False,False
donglefree,1,0.0,0,1,0,1,0.0,1.0,0.0,-4.03209568881179e-18,,,,False,False,False
donmuerte,5,0.0,2,4,2,4,3.0,5.0,0.0009982158309253684,0.003080635934199567,3.0,0.0,0.0,False,False,False
dontyawishyouwereme,1,0.0,0,1,0,1,0.0,1.0,0.0,2.9626381703665463e-18,,,,False,False,False
doright36,2,0.0,1,2,1,2,1.0,2.0,5.570180850917965e-07,-5.733972555952645e-18,1.0,0.0,0.0,False,False,False
dotcomcto,1,0.0,5,1,5,1,5.0,1.0,0.0009398512891144829,0.0027261547275063314,5.0,0.0,0.0,True,False,False
doublesoupverified,1,0.0,0,1,0,1,0.0,1.0,0.0,7.447713968189163e-18,,,,False,False,False
dr_dontrespect,2,0.0,2,2,2,2,2.0,2.0,0.0004696978901247081,0.00229413491737379,2.0,0.0,0.0,False,False,False
dr_shadow15,2,0.5,0,2,0,2,0.0,2.0,0.0,-5.6042566903110255e-18,,,,False,False,False
draculesti_hatter,2,0.0,1,1,1,1,1.0,2.0,0.0,0.0027273494882949162,1.0,0.0,0.0,False,False,False
drafo7,1,0.0,0,1,0,1,0.0,1.0,0.0,4.977101003776545e-18,,,,False,False,False
draftdodgerdon8647,4,0.0,1,4,1,4,1.0,4.0,0.002905158027156892,0.006588512521824159,1.0,0.0,0.0,False,False,False
dragon_knight1999,1,0.0,1,1,1,1,1.0,1.0,0.0001851013944305047,7.318629850694142e-18,1.0,0.0,0.0,False,False,False
dragonburnpaper,1,0.0,1,1,1,1,1.0,1.0,0.0,0.04453935676880065,1.0,0.0,0.0,False,False,False
dragonshark514,33,0.0,22,31,22,31,23.0,33.0,0.02419318522618769,0.06387999338075165,23.0,0.0,0.0,True,False,True
dragonwhimsy,2,0.0,2,1,2,1,2.0,2.0,1.8571453263671673e-06,0.013423758568701614,2.0,0.0,0.0,False,False,False
dralvok,5,0.0,4,3,4,3,4.0,5.0,0.0009517378619047433,0.06228283336347466,4.0,0.0,0.0,True,False,False
dramber0,1,0.0,0,1,0,1,0.0,1.0,0.0,-2.955045120949133e-18,,,,False,False,False
dread-azazel,2,0.0,1,2,1,2,1.0,2.0,3.5519105775897674e-05,0.003539969136923864,1.0,0.0,0.0,False,False,False
dreadfoxx_x,1,0.0,0,1,0,1,0.0,1.0,0.0,-1.7863057917027005e-18,,,,False,False,False
dreadlordabaddon,1,0.0,0,1,0,1,0.0,1.0,0.0,4.8143393585980346e-18,,,,False,False,False
dreamingaboutspace,3,0.0,0,3,0,3,0.0,3.0,0.0,5.315323675342621e-18,,,,False,False,False
dreamingknight235,1,0.0,2,1,2,1,2.0,1.0,1.4445316173443361e-05,0.05297511680980591,2.0,0.0,0.0,False,False,False
dreamsofpickle,2,0.0,0,2,0,2,0.0,2.0,0.0,7.20208748643316e-18,,,,False,False,False
dreven-ns,1,0.0,0,1,0,1,0.0,1.0,0.0,-4.655898328522876e-18,,,,False,False,False
drezziii,6,0.3333333333333333,4,5,4,5,5.0,6.0,0.003260719613477998,0.006857653481001696,5.0,0.0,0.0,True,True,True
drfriendless,2,0.5,1,2,1,2,1.0,2.0,0.000772165056249874,0.020183135860608745,1.0,0.0,0.0,False,False,False
drift3r01,3,0.0,1,3,1,3,1.0,3.0,0.00013489177747270513,0.000339718036277067,1.0,0.0,0.0,False,False,False
drkhunter1986,1,1.0,0,1,0,1,0.0,1.0,0.0,1.1161528310906754e-21,,,,False,False,False
droma-1701,1,0.0,0,1,0,1,0.0,1.0,0.0,-4.8786313964048296e-18,,,,False,False,False
drtoohigh,1,0.0,0,1,0,1,0.0,1.0,0.0,-7.038781840015578e-18,,,,False,False,False
drunkieowl,3,0.0,0,3,0,3,0.0,3.0,0.0,2.9100412107417876e-18,,,,False,False,False
dry_term_7998,1,0.0,0,1,0,1,0.0,1.0,0.0,-4.846439300664352e-18,,,,False,False,False
dsebulsk,1,0.0,0,1,0,1,0.0,1.0,0.0,-4.725800358175239e-18,,,,False,False,False
dsriker,1,0.0,0,1,0,1,0.0,1.0,0.0,-1.4145579007870527e-18,,,,False,False,False
dten135,1,0.0,0,1,0,1,0.0,1.0,0.0,-7.008888011095938e-18,,,,False,False,False
ducklinsenmayer,1,0.0,0,1,0,1,0.0,1.0,0.0,-6.882152893899985e-18,,,,False,False,False
dudebroman13,1,0.0,0,1,0,1,0.0,1.0,0.0,1.8054549088649713e-18,,,,False,False,False
due-resource-4391,3,0.0,2,3,2,3,2.0,3.0,0.0001717927831579893,0.006702219060527515,2.0,0.0,0.0,False,False,False
due-will-3403,1,0.0,0,1,0,1,0.0,1.0,0.0,4.098732641393897e-18,,,,False,False,False
duece09,1,0.0,0,1,0,1,0.0,1.0,0.0,-2.5395248382049873e-18,,,,False,False,False
dumbandnumb,2,0.0,0,1,0,1,0.0,2.0,0.0,1.6139273843617658e-18,,,,False,False,False
dunlain98,2,0.0,0,2,0,2,0.0,2.0,0.0,7.03395562811416e-18,,,,False,False,False
dunmerry,2,0.0,1,2,1,2,1.0,2.0,0.0001851013944305047,-4.618071362430589e-19,1.0,0.0,0.0,False,False,False
dutch-flowers,2,0.0,0,2,0,2,0.0,2.0,0.0,3.842340942597167e-18,,,,False,False,False
dutchbeard0,1,0.0,0,1,0,1,0.0,1.0,0.0,1.1778223258152054e-18,,,,False,False,False
earthwormada,7,0.0,3,6,3,6,3.0,7.0,0.0018559250041248435,0.024530039523697596,3.0,0.0,0.0,False,False,False
eats-you-alive,32,0.03125,19,25,19,25,23.0,32.0,0.014910340420140918,0.06349106468667276,23.0,0.0,0.0,True,False,True
eats_the_rocks,1,0.0,0,1,0,1,0.0,1.0,0.0,5.88978035468768e-18,,,,False,False,False
eatyourvegetal,6,0.0,6,6,6,6,6.0,6.0,0.002562306866538551,0.009598807320745183,6.0,0.0,0.0,True,False,True
ebret1,2,0.0,4,2,4,2,4.0,2.0,0.00043710463292262675,0.0037163842727022706,4.0,0.0,0.0,True,False,False
econopotamus,2,0.0,1,2,1,2,1.0,2.0,5.221945354289183e-05,0.009920175367045687,1.0,0.0,0.0,False,False,False
ecstatic-violinist99,1,0.0,0,1,0,1,0.0,1.0,0.0,7.473326572339661e-18,,,,False,False,False
edudley909,1,0.0,0,1,0,1,0.0,1.0,0.0,-5.352632520894607e-18,,,,False,False,False
efalien92,10,0.1,5,7,5,7,6.0,9.0,0.004834985312900031,0.033985449386233456,6.0,0.0,0.0,True,False,True
effective-brain4980,2,0.0,2,2,2,2,3.0,2.0,0.0005313095580875598,0.002604283495898911,3.0,0.0,0.0,False,False,False
eggnogthot,1,0.0,2,1,2,1,2.0,1.0,9.061264728754814e-05,0.004709670964790874,2.0,0.0,0.0,False,False,False
ehornbaker,1,0.0,0,1,0,1,0.0,1.0,0.0,-6.127171531004749e-18,,,,False,False,False
eirodan,4,0.0,1,2,1,2,2.0,4.0,2.78726179493271e-05,0.004187376790426347,2.0,0.0,0.0,False,False,False
ekmars,1,0.0,0,1,0,1,0.0,1.0,0.0,-6.138653132289457e-18,,,,False,False,False
elcoyote_ab,1,0.0,0,1,0,1,0.0,1.0,0.0,-3.964519224606485e-18,,,,False,False,False
elderscrollsonline-modteam,10,0.0,0,10,0,10,0.0,10.0,0.0,1.0707687709010713e-18,,,,False,False,False
eldhari,2,0.0,0,2,0,2,0.0,2.0,0.0,6.031499712797268e-18,,,,False,False,False
eldikku,1,0.0,0,1,0,1,0.0,1.0,0.0,4.6893117127747365e-18,,,,False,False,False
electrical_one7665,1,0.0,0,1,0,1,0.0,1.0,0.0,4.603288164928819e-18,,,,False,False,False
electrical_storm9,1,0.0,1,1,1,1,1.0,1.0,0.0,0.0009480943673446195,1.0,0.0,0.0,False,False,False
electricallaw1,3,0.0,2,3,2,3,2.0,3.0,0.00019709258595462377,0.0025826586301802975,2.0,0.0,0.0,False,False,False
electricmeow,3,0.0,1,2,1,2,2.0,3.0,0.0,0.0009276291903246029,2.0,0.0,0.0,False,False,False
electronic_file2947,4,0.0,0,3,0,3,0.0,4.0,0.0,2.400407127406968e-18,,,,False,False,False
electrostatichotwave,4,0.0,2,4,2,4,2.0,4.0,0.00011690294448932772,0.005333415578170991,2.0,0.0,0.0,False,False,False
elegant-alfalfa1382,1,0.0,0,1,0,1,0.0,1.0,0.0,-1.3585307639010724e-18,,,,False,False,False
elemancerzzei,1,0.0,1,1,1,1,1.0,1.0,1.042161874706815e-05,0.00142917601034451,1.0,0.0,0.0,False,False,False
elementastic,4,0.0,1,2,1,2,2.0,4.0,0.0004090367061002224,0.002727349488294918,2.0,0.0,0.0,False,False,False
elfo_sovietico,1,0.0,0,1,0,1,0.0,1.0,0.0,7.657615939634709e-18,,,,False,False,False
elitexmidas,1,0.0,0,1,0,1,0.0,1.0,0.0,-4.9385704192399124e-18,,,,False,False,False
elkavasseur,1,0.0,0,1,0,1,0.0,1.0,0.0,-5.5147173364541086e-18,,,,False,False,False
elnikoman,1,0.0,0,1,0,1,0.0,1.0,0.0,5.0145374618453926e-18,,,,False,False,False
elpadrote,2,0.0,2,2,2,2,2.0,2.0,0.00010215515302413628,0.002961397476444959,2.0,0.0,0.0,False,False,False
elvenstrider,1,0.0,1,1,1,1,1.0,1.0,0.0,-8.680453666919303e-19,1.0,0.0,0.0,False,False,False
elvira_skrabani,2,0.0,0,2,0,2,0.0,2.0,0.0,7.684534504945375e-18,,,,False,False,False
elyssae,1,0.0,0,1,0,1,0.0,1.0,0.0,-2.7615355650140203e-18,,,,False,False,False
elyssarfeiniel,4,0.0,1,4,1,4,1.0,4.0,0.00011982735638753784,4.275377386041613e-05,1.0,0.0,0.0,False,False,False
embarrassedpianist59,7,0.0,12,7,12,7,12.0,7.0,0.011521515815642893,0.060146279895613296,12.0,0.0,0.0,True,False,True
embeddedmonk20,1,0.0,0,1,0,1,0.0,1.0,0.0,4.453119205677143e-19,,,,False,False,False
emergency_ad7555,1,0.0,0,1,0,1,0.0,1.0,0.0,4.6102914302965134e-18,,,,False,False,False
emergency_pudding298,1,0.0,1,1,1,1,1.0,1.0,0.0,0.0020990119241567112,1.0,0.0,0.0,False,False,False
emilguss,2,0.5,2,2,2,2,2.0,2.0,0.00019131367634874278,-4.3702475232266664e-20,2.0,0.0,0.0,False,False,False
emotional_moment_656,1,0.0,0,1,0,1,0.0,1.0,0.0,-4.567377206890192e-18,,,,False,False,False
emotional_orchid6202,1,0.0,1,1,1,1,1.0,1.0,0.0,0.013209430527365845,1.0,0.0,0.0,False,False,False
emperorxerro,1,0.0,4,1,4,1,4.0,1.0,0.0003990118481716681,0.0004847027438579096,4.0,0.0,0.0,True,False,False
employaltruistic647,2,0.0,0,2,0,2,0.0,2.0,0.0,-6.430285056990316e-18,,,,False,False,False
empresslizzie,1,0.0,2,1,2,1,2.0,1.0,0.00019271535896030176,0.0017499371130320015,2.0,0.0,0.0,False,False,False
ender_wiggins18,1,0.0,0,1,0,1,0.0,1.0,0.0,3.401458472911456e-18,,,,False,False,False
engineeringdefiant60,1,0.0,0,1,0,1,0.0,1.0,0.0,-1.985309545104787e-18,,,,False,False,False
engineeringexciting1,1,0.0,0,1,0,1,0.0,1.0,0.0,7.054451829987085e-18,,,,False,False,False
enjayjones,2,0.0,1,2,1,2,1.0,2.0,0.00045885736199534474,0.001017723512115975,1.0,0.0,0.0,False,False,False
enquest,1,0.0,0,1,0,1,0.0,1.0,0.0,6.235199486710362e-18,,,,False,False,False
enseminator,1,0.0,0,1,0,1,0.0,1.0,0.0,6.420260130103792e-18,,,,False,False,False
entertainmenthot2160,1,0.0,0,1,0,1,0.0,1.0,0.0,4.3150086010323846e-18,,,,False,False,False
entitymatanzas,6,0.0,4,4,4,4,5.0,6.0,0.00215587177509007,0.033976522843223736,5.0,0.0,0.0,True,False,True
entranceunique1457,1,0.0,0,1,0,1,0.0,1.0,0.0,6.115881096356118e-18,,,,False,False,False
enver_gortie,8,0.0,3,8,3,8,4.0,8.0,0.0006780394215856377,0.005582525348934037,4.0,0.0,0.0,False,False,False
environmental_hat508,2,0.0,1,2,1,2,1.0,2.0,1.6744220846787595e-05,0.0018030234767906722,1.0,0.0,0.0,False,False,False
epleofuri,1,0.0,0,1,0,1,0.0,1.0,0.0,-1.4104630519247718e-18,,,,False,False,False
erdinger_dunkel,3,0.0,1,2,1,2,2.0,3.0,3.0362030074094573e-06,0.00022269271408052513,2.0,0.0,0.0,False,False,False
erickson9160,2,0.0,2,1,2,1,2.0,2.0,9.932789809013896e-06,0.0036431794520292845,2.0,0.0,0.0,False,False,False
eris_21,1,0.0,1,1,1,1,1.0,1.0,0.0,0.0008075709287688994,1.0,0.0,0.0,False,False,False
ermine_esc,1,0.0,1,1,1,1,1.0,1.0,1.713901800282451e-07,7.832668156087268e-19,1.0,0.0,0.0,False,False,False
erratic_error,1,0.0,2,1,2,1,2.0,1.0,0.00018475861407044823,0.017568907911356825,2.0,0.0,0.0,False,False,False
erza961,2,0.0,1,1,1,1,2.0,2.0,0.0,0.007530135456855144,2.0,0.0,0.0,False,False,False
escapethefirmament,1,0.0,3,1,3,1,3.0,1.0,1.1423166913479939e-05,0.01505734780099234,3.0,0.0,0.0,False,False,False
eske159,1,0.0,0,1,0,1,0.0,1.0,0.0,-5.918215834242088e-18,,,,False,False,False
eso_bill_slavicsek,19,0.0,9,14,9,14,10.0,19.0,0.0034177401364303603,0.011753142405018542,10.0,0.0,0.0,True,False,True
eso_onlinesetbuild,1,1.0,3,1,3,1,3.0,1.0,0.0007379589002683435,0.02041657156682985,3.0,0.0,0.0,False,False,False
esonerdy,1,0.0,0,1,0,1,0.0,1.0,0.0,-4.914507641115298e-18,,,,False,False,False
essentrails,3,0.0,6,3,6,3,6.0,3.0,0.0010926806743594857,0.06697431059809643,6.0,0.0,0.0,True,False,False
estella_osoka,1,0.0,0,1,0,1,0.0,1.0,0.0,-2.2549137989849913e-18,,,,False,False,False
ethana40,1,0.0,0,1,0,1,0.0,1.0,0.0,3.608953160966071e-18,,,,False,False,False
ethanklown,2,0.0,4,2,4,2,5.0,2.0,0.0003522132254496204,0.004975986725904437,5.0,0.0,0.0,True,False,False
etherserra,1,0.0,0,1,0,1,0.0,1.0,0.0,-1.462843870015325e-18,,,,False,False,False
evancalgary,7,0.0,1,6,1,6,1.0,7.0,0.0002432521049168208,0.003421267671472342,1.0,0.0,0.0,False,False,False
evatornado,1,0.0,2,1,2,1,2.0,1.0,0.00036404076674404856,0.008659005325775123,2.0,0.0,0.0,False,False,False
eve-76,1,0.0,0,1,0,1,0.0,1.0,0.0,-4.973828257397333e-18,,,,False,False,False
every-sheepherder594,2,0.0,1,2,1,2,1.0,2.0,7.18144135978336e-05,0.013209430527365845,1.0,0.0,0.0,False,False,False
everyoneheresamoron,5,0.0,3,5,3,5,3.0,5.0,0.0027168620496121135,0.039247749412020916,3.0,0.0,0.0,False,False,False
evincerewow,1,0.0,0,1,0,1,0.0,1.0,0.0,4.2768777153139674e-18,,,,False,False,False
excaliburdagreat,1,0.0,0,1,0,1,0.0,1.0,0.0,1.7023026161401056e-18,,,,False,False,False
excellent-light-4654,1,0.0,0,1,0,1,0.0,1.0,0.0,2.3185108124281723e-18,,,,False,False,False
excellent-wash7412,1,0.0,1,1,1,1,1.0,1.0,0.0,0.007377111757355039,1.0,0.0,0.0,False,False,False
excellent_film_3827,1,1.0,0,1,0,1,0.0,1.0,0.0,8.166144190934755e-18,,,,False,False,False
exerciseexisting7319,1,0.0,0,1,0,1,0.0,1.0,0.0,1.9182274024751497e-18,,,,False,False,False
exh4lted,2,0.5,1,2,1,2,1.0,2.0,9.366413718549364e-05,0.0005533361667015219,1.0,0.0,0.0,False,False,False
exotic-shallot-5101,1,0.0,0,1,0,1,0.0,1.0,0.0,8.424526731576904e-19,,,,False,False,False
exotic-shape-4104,7,0.0,3,6,3,6,4.0,7.0,0.001415307101885579,0.024644575320051088,4.0,0.0,0.0,False,False,False
expensive-finance538,1,0.0,0,1,0,1,0.0,1.0,0.0,4.3255476669448435e-18,,,,False,False,False
expensive_pick5812,1,0.0,0,1,0,1,0.0,1.0,0.0,6.998448112912542e-18,,,,False,False,False
extensioncourse,1,0.0,1,1,1,1,1.0,1.0,1.713901800282451e-07,0.001694695519390078,1.0,0.0,0.0,False,False,False
external_soup668,3,0.0,1,3,1,3,1.0,3.0,0.00018561556497058944,-1.655329900006518e-18,1.0,0.0,0.0,False,False,False
externalmuffin9790,4,0.0,6,3,6,3,6.0,4.0,0.003707540052376078,0.03470774146695305,6.0,0.0,0.0,True,False,True
extra-illustrator-43,2,0.0,1,1,1,1,1.0,2.0,0.0,0.005564689959741077,1.0,0.0,0.0,False,False,False
eyehunter47,1,0.0,0,1,0,1,0.0,1.0,0.0,-7.968108535836426e-19,,,,False,False,False
ezi0_shadowblade,1,0.0,0,1,0,1,0.0,1.0,0.0,5.611895918326391e-18,,,,False,False,False
ezilopp,1,0.0,0,1,0,1,0.0,1.0,0.0,-1.225291402224104e-18,,,,False,False,False
ezmawloc,4,0.0,1,3,1,3,1.0,3.0,2.7701890014731935e-05,0.0006692392605997037,1.0,0.0,0.0,False,False,False
fab_lewis,3,0.3333333333333333,3,2,3,2,3.0,3.0,0.00042526041138039183,0.012890129816917163,3.0,0.0,0.0,False,False,False
faenrik,1,0.0,0,1,0,1,0.0,1.0,0.0,-6.8362144902047154e-18,,,,False,False,False
fairyazure__,1,0.0,4,1,4,1,4.0,1.0,0.0004594902563660096,0.009777214646051444,4.0,0.0,0.0,True,False,False
fali_1981,1,0.0,1,1,1,1,1.0,1.0,0.0,0.0013324323474553216,1.0,0.0,0.0,False,False,False
fallentemplarr,2,0.0,11,2,11,2,12.0,2.0,0.002852727470159556,0.01606740060163615,12.0,0.0,0.0,True,False,True
falling-waters,2,0.5,0,2,0,2,0.0,2.0,0.0,-7.02447697305336e-18,,,,False,False,False
false-neighborhood-4,1,0.0,0,1,0,1,0.0,1.0,0.0,-1.0881642067861569e-18,,,,False,False,False
fannin82,3,0.0,1,3,1,3,1.0,3.0,0.0005542758422113446,2.8936151459740822e-05,1.0,0.0,0.0,False,False,False
fantastic-mango4799,1,0.0,0,1,0,1,0.0,1.0,0.0,-7.09961195811402e-18,,,,False,False,False
fantastic_resolve364,2,0.0,0,2,0,2,0.0,2.0,0.0,5.799979643832648e-18,,,,False,False,False
far_temperature9567,1,0.0,0,1,0,1,0.0,1.0,0.0,6.8018167642188336e-18,,,,False,False,False
far_young_2666,3,0.0,5,3,5,3,6.0,3.0,0.0016151895490155797,0.017571679160497813,6.0,0.0,0.0,True,False,True
farscry,1,0.0,1,1,1,1,1.0,1.0,0.0,-7.088389499390329e-18,1.0,0.0,0.0,False,False,False
fatty_fat_cat,1,0.0,0,1,0,1,0.0,1.0,0.0,-2.9731797054864992e-18,,,,False,False,False
faytoto,1,0.0,1,1,1,1,1.0,1.0,0.0,0.011382122034104429,1.0,0.0,0.0,False,False,False
fearless_common_4587,2,0.0,2,2,2,2,2.0,2.0,1.1845071573168806e-06,0.020352599000460016,2.0,0.0,0.0,False,False,False
fearless_eye_6644,1,0.0,0,1,0,1,0.0,1.0,0.0,2.1573866103665963e-18,,,,False,False,False
fearofbeingaverage,1,0.0,0,1,0,1,0.0,1.0,0.0,-1.612665091051539e-19,,,,False,False,False
featherlove1978,1,0.0,1,1,1,1,1.0,1.0,4.410267869290643e-05,0.004810257170406765,1.0,0.0,0.0,False,False,False
featherw0lf,1,0.0,1,1,1,1,1.0,1.0,0.0,0.0025629337259543993,1.0,0.0,0.0,False,False,False
fengfungfong,18,0.0555555555555555,11,17,11,17,11.0,18.0,0.007097645955586322,0.021532197219787576,11.0,0.0,0.0,True,False,True
festegios,12,0.0,4,12,4,12,4.0,12.0,0.003753853138729636,0.013233520093136754,4.0,0.0,0.0,True,False,False
feverandchill,1,0.0,1,1,1,1,1.0,1.0,0.0,0.00024976302025486394,1.0,0.0,0.0,False,False,False
few-play1502,1,0.0,0,1,0,1,0.0,1.0,0.0,-4.293821637463171e-18,,,,False,False,False
few_session_9540,1,0.0,0,1,0,1,0.0,1.0,0.0,4.7259340748241124e-18,,,,False,False,False
fiery_khat,1,0.0,0,1,0,1,0.0,1.0,0.0,4.666238042118507e-18,,,,False,False,False
final_internal_3016,1,0.0,1,1,1,1,1.0,1.0,0.0001851013944305047,4.560761000790012e-19,1.0,0.0,0.0,False,False,False
finaldeath,1,0.0,0,1,0,1,0.0,1.0,0.0,-6.684096295589077e-18,,,,False,False,False
finarin,1,0.0,0,1,0,1,0.0,1.0,0.0,6.46641158957033e-18,,,,False,False,False
findingsevere7149,3,0.0,0,3,0,3,0.0,3.0,0.0,4.700187752247167e-18,,,,False,False,False
finesesarcasm,1,0.0,0,1,0,1,0.0,1.0,0.0,2.217285739922331e-18,,,,False,False,False
fiosachde,1,0.0,0,1,0,1,0.0,1.0,0.0,-7.568094781179203e-18,,,,False,False,False
fireflyry,1,0.0,0,1,0,1,0.0,1.0,0.0,4.820371060063683e-19,,,,False,False,False
firetail_taevarth,7,0.0,2,7,2,7,2.0,7.0,0.00037037417904103756,-5.2072526016436246e-18,2.0,0.0,0.0,False,False,False
firetraineraaron,3,0.0,4,3,4,3,4.0,3.0,0.0021906523316549444,0.04181948590508735,4.0,0.0,0.0,True,False,False
fit-watercress-5184,1,0.0,2,1,2,1,2.0,1.0,9.179851326697824e-05,0.004754534194357961,2.0,0.0,0.0,False,False,False
fit_quit_8890,1,0.0,0,1,0,1,0.0,1.0,0.0,-2.703958186015687e-18,,,,False,False,False
fitcredit5685,1,0.0,1,1,1,1,1.0,1.0,0.0,0.0003823212872584383,1.0,0.0,0.0,False,False,False
fixgood6833,21,0.0476190476190476,72,13,72,13,86.0,21.0,0.03148630598389615,0.11799845551310306,86.0,0.0,0.0,True,False,True
fizl99,3,0.0,2,2,2,2,2.0,3.0,0.0001919684276436364,0.0004059490805193446,2.0,0.0,0.0,False,False,False
fkm196,1,0.0,2,1,2,1,2.0,1.0,4.5704048007532025e-07,0.009605298109447324,2.0,0.0,0.0,False,False,False
flashyzipp,2,0.0,0,2,0,2,0.0,2.0,0.0,-6.276193252150653e-18,,,,False,False,False
flimsy_reading_9430,1,0.0,1,1,1,1,1.0,1.0,0.0,0.003365096288935187,1.0,0.0,0.0,False,False,False
floatinbrownie,1,0.0,1,1,1,1,1.0,1.0,0.0001851013944305047,-4.987809920712252e-18,1.0,0.0,0.0,False,False,False
floognoodle,3,0.0,3,2,3,2,4.0,3.0,0.0003048738819716331,0.022877006611853233,4.0,0.0,0.0,False,False,False
fluffwit,6,0.0,6,6,6,6,6.0,6.0,0.0024501802736420575,0.03058373416410399,6.0,0.0,0.0,True,False,True
fluid_lengthiness_98,4,0.0,1,4,1,4,1.0,4.0,0.00019092564933064144,0.009453248043151598,1.0,0.0,0.0,False,False,False
flyingtired,1,0.0,0,1,0,1,0.0,1.0,0.0,4.0198839222409804e-18,,,,False,False,False
fodspeed,3,0.0,3,3,3,3,3.0,3.0,0.0004340458406090815,0.0026115276235510586,3.0,0.0,0.0,False,False,False
foreign_mongoose7519,2,0.0,0,2,0,2,0.0,2.0,0.0,4.1979915504893024e-19,,,,False,False,False
forest_hobo,4,0.0,0,4,0,4,0.0,4.0,0.0,2.7517779289508e-18,,,,False,False,False
forethought-47,4,0.0,0,4,0,4,0.0,4.0,0.0,-1.277001271016534e-18,,,,False,False,False
forever-in-famous,7,0.1428571428571428,3,5,3,5,3.0,7.0,0.0012932172862587128,0.0017805797939285132,3.0,0.0,0.0,False,False,False
foreverlost417,2,0.0,2,1,2,1,2.0,2.0,4.784746619194684e-05,0.013229235097092805,2.0,0.0,0.0,False,False,False
forthe2ndbreakfast,1,0.0,0,1,0,1,0.0,1.0,0.0,6.058927026165519e-18,,,,False,False,False
forwardinthelight,2,0.5,1,2,1,2,1.0,2.0,9.27874116520029e-05,0.0035914026694106455,1.0,0.0,0.0,False,False,False
fouryearbeard,6,0.1666666666666666,7,5,7,5,8.0,6.0,0.0013754544975575608,0.006588202857726928,8.0,0.0,0.0,True,False,False
foxxymoxxy02,2,0.0,3,2,3,2,4.0,2.0,0.0001895468580474926,0.007056556448067864,4.0,0.0,0.0,False,False,False
fps916,1,0.0,0,1,0,1,0.0,1.0,0.0,6.30418197788356e-18,,,,False,False,False
fract_l,1,0.0,0,1,0,1,0.0,1.0,0.0,-8.893080872398378e-19,,,,False,False,False
fragonus,6,0.1666666666666666,3,6,3,6,3.0,6.0,0.0003621864360503892,0.001188290224785476,3.0,0.0,0.0,False,False,False
fransludge,2,0.0,0,2,0,2,0.0,2.0,0.0,4.726373781038482e-18,,,,False,False,False
free-classroom-6155,2,0.0,4,2,4,2,4.0,2.0,0.0001902977276668732,0.019128276067204176,4.0,0.0,0.0,True,False,False
free_sheepherder4895,1,0.0,0,1,0,1,0.0,1.0,0.0,6.978184861016133e-18,,,,False,False,False
freewayzero,5,0.0,2,2,2,2,5.0,5.0,0.00039404247604681817,0.004613762563572515,5.0,0.0,0.0,False,False,False
frequent_car8717,1,0.0,1,1,1,1,2.0,1.0,4.874634296879011e-06,0.002748049605565432,2.0,0.0,0.0,False,False,False
friedcatleg13,1,0.0,0,1,0,1,0.0,1.0,0.0,-5.816316738648524e-18,,,,False,False,False
friendly-shoe5042,2,0.0,3,1,3,1,3.0,2.0,0.00019610339580680328,0.006793237915820037,3.0,0.0,0.0,False,False,False
frogsonalog,1,0.0,2,1,2,1,2.0,1.0,0.0005530761109511469,0.0017758651157563981,2.0,0.0,0.0,False,False,False
fromheretoelsweyr,1,0.0,0,1,0,1,0.0,1.0,0.0,-5.7990253078032e-18,,,,False,False,False
fromswedenwithhate,1,0.0,0,1,0,1,0.0,1.0,0.0,-5.941986568467127e-18,,,,False,False,False
fuckiceyallpussies,1,0.0,1,1,1,1,1.0,1.0,0.0,0.004555283596507554,1.0,0.0,0.0,False,False,False
fullautophx,2,0.0,0,2,0,2,0.0,2.0,0.0,-1.7562183873571265e-19,,,,False,False,False
fun_jellyfish_4884,1,0.0,1,1,1,1,1.0,1.0,0.0,0.0024904071183191848,1.0,0.0,0.0,False,False,False
fuzzynova33,1,0.0,2,1,2,1,2.0,1.0,0.0,0.037977387910688575,2.0,0.0,0.0,False,False,False
fxck-exe,1,0.0,0,1,0,1,0.0,1.0,0.0,-1.4804434793684306e-18,,,,False,False,False
fyrixx,2,0.0,1,2,1,2,1.0,2.0,0.00038350123077879344,0.0005108572414598073,1.0,0.0,0.0,False,False,False
g00b3rb0y,6,0.0,2,6,2,6,2.0,6.0,0.0015405830982698683,0.019659583672603925,2.0,0.0,0.0,False,False,False
g0ds_demon,1,0.0,0,1,0,1,0.0,1.0,0.0,-1.5267371988170238e-20,,,,False,False,False
g0k4r,3,0.0,0,3,0,3,0.0,3.0,0.0,-6.714955221043581e-18,,,,False,False,False
galactic_octo,1,0.0,0,1,0,1,0.0,1.0,0.0,6.1494014170903304e-18,,,,False,False,False
galegone,2,0.5,1,2,1,2,1.0,2.0,0.00012174107530928282,0.004824223495078773,1.0,0.0,0.0,False,False,False
gamer_logged,2,0.0,0,2,0,2,0.0,2.0,0.0,4.046375456161182e-18,,,,False,False,False
ganhedd0,2,0.0,2,2,2,2,2.0,2.0,0.00036563069767099306,0.009245815979748225,2.0,0.0,0.0,False,False,False
ganmor_denlay,1,0.0,0,1,0,1,0.0,1.0,0.0,4.592678663584082e-18,,,,False,False,False
garbowulf5oh,2,0.0,0,2,0,2,0.0,2.0,0.0,-2.6297523174004474e-18,,,,False,False,False
gardeeboo,4,0.0,2,4,2,4,2.0,4.0,0.00024144901828342759,0.0008659467177194587,2.0,0.0,0.0,False,False,False
garett-telvanni,1,0.0,0,1,0,1,0.0,1.0,0.0,2.4243630793836044e-18,,,,False,False,False
gaybrahammasblow,3,0.0,2,3,2,3,2.0,3.0,0.0002177334583722241,0.04453935676880069,2.0,0.0,0.0,False,False,False
gelini0789,4,0.0,2,3,2,3,2.0,4.0,0.0004928966088864381,0.014331575098296112,2.0,0.0,0.0,False,False,False
general_hijalti,1,0.0,0,1,0,1,0.0,1.0,0.0,-6.111372184069055e-18,,,,False,False,False
genxrules69,2,0.0,2,2,2,2,2.0,2.0,0.0006424343767013152,0.011382122034104408,2.0,0.0,0.0,False,False,False
georgeology101,1,0.0,1,1,1,1,1.0,1.0,0.0,0.009344729235998375,1.0,0.0,0.0,False,False,False
georgespelvin-,1,0.0,0,1,0,1,0.0,1.0,0.0,-2.65922281730474e-18,,,,False,False,False
ghostb5,1,0.0,0,1,0,1,0.0,1.0,0.0,6.0530910085563955e-18,,,,False,False,False
ghoststrife,4,0.5,1,3,1,3,2.0,4.0,1.8001053154892982e-05,0.002154550158492203,2.0,0.0,0.0,False,False,False
ghz33,1,0.0,0,1,0,1,0.0,1.0,0.0,4.056102473889644e-18,,,,False,False,False
gibby1210,1,0.0,0,1,0,1,0.0,1.0,0.0,-6.8078376289712926e-18,,,,False,False,False
gildedburd,1,0.0,2,1,2,1,2.0,1.0,2.3994625203954315e-06,0.001594549985786864,2.0,0.0,0.0,False,False,False
gillababe,1,0.0,0,1,0,1,0.0,1.0,0.0,3.325199204500334e-18,,,,False,False,False
gimlithemilfhunter69,2,0.0,1,1,1,1,1.0,2.0,0.0,6.667753864155482e-18,1.0,0.0,0.0,False,False,False
gingerscubes,1,0.0,0,1,0,1,0.0,1.0,0.0,5.418893251769335e-18,,,,False,False,False
glad-examination-381,1,0.0,0,1,0,1,0.0,1.0,0.0,2.9703436926826147e-18,,,,False,False,False
glazeddonutgloryhole,1,0.0,0,1,0,1,0.0,1.0,0.0,5.490574548652406e-18,,,,False,False,False
glctrx,1,0.0,0,1,0,1,0.0,1.0,0.0,2.392979224479935e-19,,,,False,False,False
glittering_chart3261,1,0.0,0,1,0,1,0.0,1.0,0.0,4.971729040287661e-18,,,,False,False,False
glittering_leek8142,1,0.0,0,1,0,1,0.0,1.0,0.0,-3.731285048331489e-18,,,,False,False,False
glittering_water3645,1,0.0,0,1,0,1,0.0,1.0,0.0,5.559093823014026e-18,,,,False,False,False
glitteringsystem7929,1,1.0,2,1,2,1,2.0,1.0,1.4083012522983703e-05,0.012405467103511827,2.0,0.0,0.0,False,False,False
gloatingswine,21,0.0952380952380952,8,19,8,19,9.0,21.0,0.01428283031899518,0.0987600277009559,9.0,0.0,0.0,True,False,True
global_expression_37,2,0.0,1,2,1,2,1.0,2.0,0.00019706517094701028,0.009344729235998363,1.0,0.0,0.0,False,False,False
gloomy-monk-8588,1,0.0,0,1,0,1,0.0,1.0,0.0,7.07863338465093e-18,,,,False,False,False
gnome_soup31,3,0.0,0,2,0,2,0.0,3.0,0.0,3.0601051241261856e-18,,,,False,False,False
gnomulus,1,0.0,0,1,0,1,0.0,1.0,0.0,-1.6626156055237792e-18,,,,False,False,False
gnuchanos-yt,10,0.0,16,8,16,8,17.0,9.0,0.006485895885816919,0.049547063363725205,17.0,0.0,0.0,True,False,True
goblin-lunch,11,0.0,4,6,4,6,4.0,11.0,0.007627138626851142,0.045908480736433055,4.0,0.0,0.0,True,False,False
goblin_big_boss,1,0.0,0,1,0,1,0.0,1.0,0.0,-7.0466808127229e-18,,,,False,False,False
goblinmouth,1,0.0,1,1,1,1,1.0,1.0,0.0,0.000807570928768904,1.0,0.0,0.0,False,False,False
goboltz,4,0.5,1,4,1,4,1.0,4.0,0.00018493000425047642,-4.065663038934331e-18,1.0,0.0,0.0,False,False,False
gold_dog908,7,0.0,4,6,4,6,6.0,7.0,0.0013953029555719718,0.013487632500430701,6.0,0.0,0.0,True,False,False
gooberdaisy,4,0.0,3,4,3,4,3.0,4.0,0.00041988061084204125,0.021628469725021287,3.0,0.0,0.0,False,False,False
good-bread-4791,1,0.0,0,1,0,1,0.0,1.0,0.0,-7.31394593680941e-18,,,,False,False,False
good_panic_9668,1,0.0,0,1,0,1,0.0,1.0,0.0,-7.499532380334139e-18,,,,False,False,False
googlemyahoo75,4,0.0,3,4,3,4,3.0,4.0,9.406939821233432e-05,0.002228405560730537,3.0,0.0,0.0,False,False,False
gooning_bard,1,0.0,0,1,0,1,0.0,1.0,0.0,-2.176788037348141e-18,,,,False,False,False
goosesneak,2,0.0,0,2,0,2,0.0,2.0,0.0,4.50811729647097e-18,,,,False,False,False
gothmog149,5,0.0,1,4,1,4,4.0,5.0,7.390447769802774e-05,0.002497656815681222,4.0,0.0,0.0,False,False,False
gr1m420x,1,0.0,0,1,0,1,0.0,1.0,0.0,7.909342267671587e-18,,,,False,False,False
grady_vuckovic,2,0.0,0,2,0,2,0.0,2.0,0.0,7.83002282085536e-18,,,,False,False,False
graelorn,1,0.0,0,1,0,1,0.0,1.0,0.0,-3.541378012422193e-18,,,,False,False,False
grandbridge123,1,0.0,0,1,0,1,0.0,1.0,0.0,-3.3668442260738915e-18,,,,False,False,False
grandmaster_flexy,1,0.0,0,1,0,1,0.0,1.0,0.0,7.300262918520034e-18,,,,False,False,False
granular_quality,1,0.0,0,1,0,1,0.0,1.0,0.0,-6.914769611141034e-18,,,,False,False,False
grayfarron,2,0.0,1,2,1,2,1.0,2.0,5.3223050207439994e-05,2.2765104751526006e-18,1.0,0.0,0.0,False,False,False
grazztjay,1,0.0,0,1,0,1,0.0,1.0,0.0,1.7584061323333578e-18,,,,False,False,False
greasytengu,2,0.0,1,2,1,2,1.0,2.0,1.6575568029899403e-05,9.672859068236862e-19,1.0,0.0,0.0,False,False,False
greedy_whereas6879,5,0.0,18,5,18,5,20.0,5.0,0.006643765926704215,0.029639181245507216,20.0,0.0,0.0,True,False,True
green-assist-7909,1,0.0,0,1,0,1,0.0,1.0,0.0,1.0584230330018504e-19,,,,False,False,False
greinaut,1,0.0,0,1,0,1,0.0,1.0,0.0,7.127297541720102e-19,,,,False,False,False
greyn7,5,0.0,4,4,4,4,5.0,5.0,0.0011297788754864317,0.022730065403098246,5.0,0.0,0.0,True,False,False
grindcoredancer,8,0.0,2,8,2,8,2.0,8.0,0.0012932450394450613,0.0027696293247344516,2.0,0.0,0.0,False,False,False
grivet,1,0.0,1,1,1,1,1.0,1.0,0.00013051831559497142,0.009470244293256375,1.0,0.0,0.0,False,False,False
grizzle91,1,1.0,0,1,0,1,0.0,1.0,0.0,4.411529421985431e-18,,,,False,False,False
grockr,1,0.0,1,1,1,1,1.0,1.0,0.0,0.002515446843803432,1.0,0.0,0.0,False,False,False
groland_thunderheart,1,0.0,0,1,0,1,0.0,1.0,0.0,4.725926576306831e-18,,,,False,False,False
groovytony-,1,0.0,0,1,0,1,0.0,1.0,0.0,-3.999531283791251e-18,,,,False,False,False
grouchy-abrocoma5082,1,1.0,0,1,0,1,0.0,1.0,0.0,4.76383394110765e-18,,,,False,False,False
grumpf_der_sack,1,0.0,3,1,3,1,3.0,1.0,0.00024646866289391485,0.012782022865758203,3.0,0.0,0.0,False,False,False
grzechoooo,4,0.0,3,4,3,4,3.0,4.0,0.00027844215317376713,-5.050051673811462e-18,3.0,0.0,0.0,False,False,False
gstary,2,0.0,2,2,2,2,2.0,2.0,0.0005634609869690913,0.005509105341129224,2.0,0.0,0.0,False,False,False
gstreamz,4,0.0,8,4,8,4,9.0,4.0,0.0031428705280683172,0.05361865316846952,9.0,0.0,0.0,True,False,True
guccirocket,3,0.0,0,2,0,2,0.0,2.0,0.0,-5.466796313274896e-18,,,,False,False,False
gugalipa,1,0.0,0,1,0,1,0.0,1.0,0.0,-2.6972865080787383e-18,,,,False,False,False
guidanceobjective506,4,0.0,3,3,3,3,4.0,4.0,0.0005431353083269615,0.011062986816643815,4.0,0.0,0.0,False,False,False
guillotine20,2,0.5,1,2,1,2,1.0,2.0,6.938449474107195e-05,0.03994431502840329,1.0,0.0,0.0,False,False,False
gunzgoboom,1,0.0,0,1,0,1,0.0,1.0,0.0,2.1082798568737427e-18,,,,False,False,False
gwuhu,1,0.0,1,1,1,1,1.0,1.0,1.7110322091964184e-05,0.0007650129366306018,1.0,0.0,0.0,False,False,False
gxwt,2,0.0,1,2,1,2,3.0,2.0,1.3179862654924777e-05,0.00016698411259118723,3.0,0.0,0.0,False,False,False
h-ster,1,0.0,1,1,1,1,1.0,1.0,0.0,0.006588512521824152,1.0,0.0,0.0,False,False,False
hachiko_chan,2,0.0,2,2,2,2,2.0,2.0,0.0017578777354544416,0.050818657898338726,2.0,0.0,0.0,False,False,False
hahlows,1,0.0,1,1,1,1,1.0,1.0,0.0,0.010459843421976256,1.0,0.0,0.0,False,False,False
halfdragoness,3,0.0,1,2,1,2,1.0,3.0,0.0,5.230951775320281e-18,1.0,0.0,0.0,False,False,False
halt-halt-halt,2,0.0,4,2,4,2,4.0,2.0,0.00038939376526469306,0.0018359451030559287,4.0,0.0,0.0,True,False,False
hammersandwich,1,1.0,2,1,2,1,2.0,1.0,0.00019553885525884924,0.005047101836380334,2.0,0.0,0.0,False,False,False
hamokk,1,0.0,3,1,3,1,3.0,1.0,0.00038070433880201064,6.645456626253046e-18,3.0,0.0,0.0,False,False,False
hand-of-sithis,6,0.0,13,6,13,6,17.0,6.0,0.0022669532733416127,0.009442481293005707,17.0,0.0,0.0,True,False,True
happy_llama,1,0.0,0,1,0,1,0.0,1.0,0.0,-3.81571443142448e-18,,,,False,False,False
hardlander,6,0.0,1,4,1,4,2.0,6.0,4.1433468634497415e-06,6.695640167802473e-18,2.0,0.0,0.0,False,False,False
harleysylum,1,0.0,0,1,0,1,0.0,1.0,0.0,8.209362104189475e-18,,,,False,False,False
harry_balsanga,8,0.0,2,7,2,7,2.0,8.0,0.0013242202622124792,0.012474268761679466,2.0,0.0,0.0,False,False,False
haruka_3000,1,0.0,0,1,0,1,0.0,1.0,0.0,2.9549730219737137e-18,,,,False,False,False
harvestbrook,1,0.0,1,1,1,1,1.0,1.0,7.78535470982531e-06,0.001749937113031999,1.0,0.0,0.0,False,False,False
hazel_raaa,8,0.125,2,6,2,6,3.0,8.0,0.0012409470794076997,0.0020264144465500333,3.0,0.0,0.0,False,False,False
he11hog,4,0.0,3,3,3,3,4.0,4.0,0.0008075996817370863,0.0046952028002718305,4.0,0.0,0.0,False,False,False
heatherlavender,1,0.0,0,1,0,1,0.0,1.0,0.0,-2.899158032998144e-18,,,,False,False,False
hecata22,2,0.0,1,1,1,1,2.0,1.0,0.0,0.005419303251608984,2.0,0.0,0.0,False,False,False
heccharaa,1,0.0,3,1,3,1,3.0,1.0,0.0002562794879431778,0.02016192567549936,3.0,0.0,0.0,False,False,False
hefty-distance837,6,0.0,3,3,3,3,6.0,6.0,0.0014977074216739395,0.04309031740392815,6.0,0.0,0.0,False,False,True
heisenbugx,2,0.0,5,2,5,2,5.0,2.0,0.0006082069783249289,0.0015945499857868643,5.0,0.0,0.0,True,False,False
helengenie,1,0.0,0,1,0,1,0.0,1.0,0.0,-2.499875430403077e-18,,,,False,False,False
hellboyquintex,4,0.0,6,3,6,3,8.0,4.0,0.001948037142421216,0.028123773908697334,8.0,0.0,0.0,True,False,True
hello_hangnail,1,0.0,0,1,0,1,0.0,1.0,0.0,-3.3467710260232383e-18,,,,False,False,False
heretofore2,1,0.0,0,1,0,1,0.0,1.0,0.0,-7.234141536053347e-18,,,,False,False,False
hexidtrix,1,0.0,0,1,0,1,0.0,1.0,0.0,-7.488120492897238e-18,,,,False,False,False
hidemyid,1,0.0,6,1,6,1,6.0,1.0,0.0005567891942486507,0.05310099008043987,6.0,0.0,0.0,True,False,False
hides_in_corner,3,0.3333333333333333,1,3,1,3,1.0,3.0,5.990172369359277e-05,0.00513807377358965,1.0,0.0,0.0,False,False,False
hiimdizz,5,0.0,1,5,1,5,1.0,5.0,8.839177352718114e-05,0.0006831185528061649,1.0,0.0,0.0,False,False,False
hinermad,6,0.0,2,5,2,5,3.0,6.0,0.0011842108376670833,0.0005385643072857982,3.0,0.0,0.0,False,False,False
hm_not_sure_yet,1,0.0,2,1,2,1,2.0,1.0,3.46436462739268e-05,0.0018573063366166308,2.0,0.0,0.0,False,False,False
hokusschmokus,1,0.0,0,1,0,1,0.0,1.0,0.0,3.977718656274057e-18,,,,False,False,False
hollow-drop,1,0.0,1,1,1,1,1.0,1.0,3.6108238285236348e-06,0.00010323615725790034,1.0,0.0,0.0,False,False,False
hoopaorgilgamesh,5,0.0,2,4,2,4,3.0,5.0,0.000644856200259836,0.00228165596819633,3.0,0.0,0.0,False,False,False
horridstrife,1,0.0,0,1,0,1,0.0,1.0,0.0,-6.421707298517737e-18,,,,False,False,False
horrorpastry,1,0.0,0,1,0,1,0.0,1.0,0.0,4.833544554827806e-18,,,,False,False,False
hot-stage-2174,1,0.0,6,1,6,1,6.0,1.0,0.0011095800255028587,0.0003119087490552612,6.0,0.0,0.0,True,False,False
hot_cuddleccino,1,0.0,0,1,0,1,0.0,1.0,0.0,-5.0708751611224945e-18,,,,False,False,False
hot_strawberry11,2,0.0,1,2,1,2,1.0,2.0,0.0003844710321615118,0.0008926982004394,1.0,0.0,0.0,False,False,False
hotspotonline,1,0.0,1,1,1,1,1.0,1.0,0.0,0.011841233589963439,1.0,0.0,0.0,False,False,False
house_of_rahl,2,0.0,0,2,0,2,0.0,2.0,0.0,-2.0907188169318723e-18,,,,False,False,False
housenaevius,1,0.0,1,1,1,1,1.0,1.0,0.0,0.001749937113032,1.0,0.0,0.0,False,False,False
howellq,6,0.0,3,6,3,6,3.0,6.0,0.0006850721354083743,0.0015273435099449413,3.0,0.0,0.0,False,False,False
huelebichx,1,0.0,0,1,0,1,0.0,1.0,0.0,4.987043807545718e-18,,,,False,False,False
huge-application2038,1,0.0,0,1,0,1,0.0,1.0,0.0,-2.802262034798742e-18,,,,False,False,False
huge_abies_3858,1,0.0,0,1,0,1,0.0,1.0,0.0,1.0108664580718586e-19,,,,False,False,False
hulloitsicy,6,0.0,0,4,0,4,0.0,6.0,0.0,3.948790373529195e-18,,,,False,False,False
humancheesecake2137,3,0.0,13,2,13,2,13.0,2.0,0.001178647608506644,0.024777620905310032,13.0,0.0,0.0,True,False,False
huntressthewizard,2,0.0,2,2,2,2,2.0,2.0,0.0007800059634730263,0.02079647328443031,2.0,0.0,0.0,False,False,False
huskeyest,1,0.0,0,1,0,1,0.0,1.0,0.0,6.6414578550445624e-18,,,,False,False,False
hybrideffect,1,0.0,0,1,0,1,0.0,1.0,0.0,7.362827011052593e-18,,,,False,False,False
hyhym,1,0.0,0,1,0,1,0.0,1.0,0.0,6.983054354491504e-18,,,,False,False,False
hyperioxes,10,0.0,9,8,9,8,12.0,10.0,0.004359602875679478,0.02705729944883411,12.0,0.0,0.0,True,False,True
i_jiggity_i,1,0.0,0,1,0,1,0.0,1.0,0.0,-6.869104796177836e-18,,,,False,False,False
i_stihlreign,5,0.0,0,2,0,2,0.0,5.0,0.0,-6.42877454318191e-18,,,,False,False,False
ialbertol,1,0.0,0,1,0,1,0.0,1.0,0.0,-6.712758336411236e-18,,,,False,False,False
iamakhajiit,1,0.0,0,1,0,1,0.0,1.0,0.0,3.580979164518147e-18,,,,False,False,False
iamblackwing,1,0.0,0,1,0,1,0.0,1.0,0.0,5.1189267351502206e-18,,,,False,False,False
iamlotusflower,2,0.0,0,2,0,2,0.0,2.0,0.0,1.204409361989403e-18,,,,False,False,False
ianix_ishiku,2,0.5,0,2,0,2,0.0,2.0,0.0,-1.130546043344177e-18,,,,False,False,False
iconic_c,1,0.0,0,1,0,1,0.0,1.0,0.0,1.2647184363504053e-18,,,,False,False,False
icy_community_3683,6,0.0,1,3,1,3,2.0,5.0,0.0004643604108107195,0.006243165644843693,2.0,0.0,0.0,False,False,False
icy_reserve5888,2,0.0,0,2,0,2,0.0,2.0,0.0,3.688198216685606e-18,,,,False,False,False
idiotplatypus,1,0.0,0,1,0,1,0.0,1.0,0.0,-3.9398250815954515e-18,,,,False,False,False
idr3yi,6,0.0,5,6,5,6,5.0,6.0,0.0022022188299555354,0.020919961979539846,5.0,0.0,0.0,True,False,True
ikeezzo,14,0.2142857142857142,5,13,5,13,6.0,14.0,0.0028802528585828925,0.005423906983450823,6.0,0.0,0.0,True,True,True
ikollokii,4,0.0,8,3,8,3,10.0,4.0,0.0012336896788826966,0.016785548974719053,10.0,0.0,0.0,True,False,False
illnastyone,1,0.0,1,1,1,1,1.0,1.0,0.0,0.008435760041005224,1.0,0.0,0.0,False,False,False
illustrious_twist846,11,0.0,6,7,6,7,11.0,11.0,0.001746006043358257,0.017242732699569364,11.0,0.0,0.0,True,False,True
im_chris2,5,0.0,4,3,4,3,6.0,5.0,0.002308343749743795,0.02550818056654397,6.0,0.0,0.0,True,False,True
image77,1,0.0,0,1,0,1,0.0,1.0,0.0,-6.681118743208411e-18,,,,False,False,False
imlostbutthatsokay,1,0.0,1,1,1,1,1.0,1.0,0.0,0.011316959853613067,1.0,0.0,0.0,False,False,False
immediate-attempt-32,1,0.0,0,1,0,1,0.0,1.0,0.0,-3.436228992671747e-19,,,,False,False,False
immediate_belt_5370,3,0.0,0,3,0,3,0.0,3.0,0.0,8.693973822721353e-19,,,,False,False,False
immortal_jaz,1,0.0,0,1,0,1,0.0,1.0,0.0,7.294020151390834e-19,,,,False,False,False
imnottherobot2,3,0.0,2,2,2,2,3.0,3.0,0.0005475919630359723,0.0148714410122475,3.0,0.0,0.0,False,False,False
imp-ofthe-perverse,1,0.0,0,1,0,1,0.0,1.0,0.0,4.710363396968324e-18,,,,False,False,False
imperialdeo,1,0.0,0,1,0,1,0.0,1.0,0.0,-3.830371995822533e-18,,,,False,False,False
impossible_air9129,9,0.0,22,9,22,9,23.0,9.0,0.007308032693974442,0.06276221735576222,23.0,0.0,0.0,True,False,True
impossiblemousse6089,1,0.0,0,1,0,1,0.0,1.0,0.0,6.466354445152904e-18,,,,False,False,False
impulsikk,1,0.0,0,1,0,1,0.0,1.0,0.0,2.8306574231384103e-18,,,,False,False,False
in9e,16,0.0625,3,13,3,13,4.0,16.0,0.013042624056014814,0.047139879462735755,4.0,0.0,0.0,False,False,False
inam223,1,0.0,1,1,1,1,1.0,1.0,0.0,6.715276523521436e-18,1.0,0.0,0.0,False,False,False
inamanicpanic420,2,0.0,37,1,37,1,37.0,1.0,0.004027866249121574,0.055260635932599576,37.0,0.0,0.0,True,False,True
inblurfather,1,0.0,9,1,9,1,9.0,1.0,2.9693348689893463e-06,0.0037731505952462723,9.0,0.0,0.0,True,False,False
independentpainter87,3,0.0,2,3,2,3,2.0,3.0,5.8262916472677484e-05,1.1618379008424922e-18,2.0,0.0,0.0,False,False,False
indigo_grove,32,0.03125,101,26,101,26,108.0,31.0,0.04672913734412965,0.2991406941616598,108.0,0.0,0.0,True,False,True
individual-arrival86,30,0.0,19,19,19,19,29.0,29.0,0.016052914067088926,0.06662709928451785,29.0,0.0,0.0,True,False,True
individual-voice4116,1,0.0,0,1,0,1,0.0,1.0,0.0,-1.7017998646921817e-18,,,,False,False,False
individual_donut7745,2,0.0,0,2,0,2,0.0,2.0,0.0,-6.134001709602771e-18,,,,False,False,False
inerasablestains,2,0.0,3,2,3,2,3.0,2.0,0.0010039821991398618,0.015066574447421011,3.0,0.0,0.0,False,False,False
inevitable_sea3595,1,0.0,1,1,1,1,1.0,1.0,0.0,0.0003553170353749614,1.0,0.0,0.0,False,False,False
inexorably_lost,1,0.0,0,1,0,1,0.0,1.0,0.0,-6.6888803275847735e-18,,,,False,False,False
infinitedarkside-,2,0.0,0,2,0,2,0.0,2.0,0.0,-5.540234515708398e-18,,,,False,False,False
ink_spores,1,0.0,0,1,0,1,0.0,1.0,0.0,-2.9525716691871062e-18,,,,False,False,False
inko21,1,0.0,0,1,0,1,0.0,1.0,0.0,-3.838838450456094e-18,,,,False,False,False
insulinjunky,1,0.0,0,1,0,1,0.0,1.0,0.0,-6.79075935624583e-19,,,,False,False,False
intelligent-ad6158,2,0.0,1,1,1,1,1.0,2.0,0.0,5.151568737153352e-18,1.0,0.0,0.0,False,False,False
intelligent-factor35,1,0.0,0,1,0,1,0.0,1.0,0.0,-7.265546637824949e-18,,,,False,False,False
intelligent-wish47,3,0.0,4,3,4,3,4.0,3.0,0.0011024013896435176,7.07495544994492e-06,4.0,0.0,0.0,True,False,False
intootterspace,1,0.0,0,1,0,1,0.0,1.0,0.0,7.197609763537142e-18,,,,False,False,False
inuship,2,0.5,0,2,0,2,0.0,2.0,0.0,2.7399758287145494e-18,,,,False,False,False
iphacles,1,0.0,0,1,0,1,0.0,1.0,0.0,-5.659048222628438e-18,,,,False,False,False
ipreferanothername,1,0.0,0,1,0,1,0.0,1.0,0.0,-8.136225443770838e-19,,,,False,False,False
irenicusss,1,0.0,0,1,0,1,0.0,1.0,0.0,-6.3747329155724626e-18,,,,False,False,False
ireniicus,2,0.0,0,2,0,2,0.0,2.0,0.0,-6.804763647679028e-18,,,,False,False,False
ireppas,1,0.0,0,1,0,1,0.0,1.0,0.0,-6.987056394367136e-18,,,,False,False,False
iridescentluminosity,1,0.0,0,1,0,1,0.0,1.0,0.0,-4.0822516809814365e-18,,,,False,False,False
irish_oneli,3,0.0,4,3,4,3,4.0,3.0,0.0003361175588246011,0.0018256455333012828,4.0,0.0,0.0,True,False,False
ironhat29,2,0.0,0,2,0,2,0.0,2.0,0.0,6.969430398014826e-18,,,,False,False,False
irovetti,3,0.3333333333333333,5,3,5,3,5.0,3.0,0.0010445059292413816,0.005288916983727281,5.0,0.0,0.0,True,False,False
irrish84,1,0.0,2,1,2,1,2.0,1.0,0.0001851013944305047,-4.925489450883028e-18,2.0,0.0,0.0,False,False,False
irusgg,1,0.0,0,1,0,1,0.0,1.0,0.0,2.498824005528787e-18,,,,False,False,False
isthiskismet,1,0.0,0,1,0,1,0.0,1.0,0.0,-2.149229220537358e-18,,,,False,False,False
ithaqua10,3,0.0,1,2,1,2,2.0,3.0,2.9813943016209253e-05,0.0021286026516858505,2.0,0.0,0.0,False,False,False
its_a_mad_w0rld,1,0.0,0,1,0,1,0.0,1.0,0.0,-1.3344294572275119e-18,,,,False,False,False
itsbingle,3,0.0,1,2,1,2,1.0,3.0,6.661958431476345e-05,0.002176652241651701,1.0,0.0,0.0,False,False,False
itsukoun,3,0.0,3,3,3,3,4.0,3.0,0.0016694050078846223,0.017933137321102726,4.0,0.0,0.0,False,False,False
ittbituni,1,0.0,0,1,0,1,0.0,1.0,0.0,1.1962352797963198e-18,,,,False,False,False
itz_nova_rae,1,0.0,3,1,3,1,3.0,1.0,0.0012603743892764204,0.0035369843198820934,3.0,0.0,0.0,False,False,False
iuppiterr,6,0.0,2,4,2,4,3.0,6.0,0.0006471308653891128,0.007966868771513256,3.0,0.0,0.0,False,False,False
izanarys,3,0.0,1,1,1,1,1.0,3.0,4.874634296879011e-06,0.0027480496055654322,1.0,0.0,0.0,False,False,False
j1nxster,3,0.0,1,3,1,3,1.0,3.0,0.0003888664597581959,0.0009809241045183777,1.0,0.0,0.0,False,False,False
j3zdazzl3,1,0.0,0,1,0,1,0.0,1.0,0.0,-8.264960608939516e-18,,,,False,False,False
j_sulli,1,0.0,0,1,0,1,0.0,1.0,0.0,-1.4139269913122604e-19,,,,False,False,False
jack55555,2,0.0,0,2,0,2,0.0,2.0,0.0,-2.331126692668694e-18,,,,False,False,False
jackloco84,1,0.0,0,1,0,1,0.0,1.0,0.0,-4.558686123980238e-18,,,,False,False,False
jackyneutral,1,0.0,0,1,0,1,0.0,1.0,0.0,-7.06467538621975e-18,,,,False,False,False
jad11mumbler,12,0.0,4,9,4,9,4.0,9.0,0.0030216118993000285,0.0187720849276125,4.0,0.0,0.0,True,False,False
jaddman,3,0.3333333333333333,1,3,1,3,1.0,3.0,0.00024494838692309864,0.0024904071183191926,1.0,0.0,0.0,False,False,False
jadechipmunk,2,0.0,1,2,1,2,1.0,2.0,0.00018493000425047647,3.2147017104005856e-18,1.0,0.0,0.0,False,False,False
jadops,3,0.0,1,2,1,2,1.0,3.0,0.00018510139443050466,4.925516629234467e-18,1.0,0.0,0.0,False,False,False
jaffadxg,1,0.0,1,1,1,1,1.0,1.0,0.0,0.00034728359099200153,1.0,0.0,0.0,False,False,False
jameson71,16,0.125,4,10,4,10,11.0,16.0,0.0017372361199505793,0.0038013025252518233,11.0,0.0,0.0,True,False,True
jamie8130,1,0.0,0,1,0,1,0.0,1.0,0.0,-7.472820852573762e-18,,,,False,False,False
jarrybohnson,2,0.0,1,2,1,2,2.0,2.0,5.141705400847353e-07,5.147926905787798e-18,2.0,0.0,0.0,False,False,False
jasdac,4,0.25,6,4,6,4,6.0,4.0,0.0037862913406875556,0.053969467084428444,6.0,0.0,0.0,True,False,True
jash0822,2,0.0,3,2,3,2,3.0,2.0,0.0002474844285125862,0.0008781923396104114,3.0,0.0,0.0,False,False,False
jawn_jimmy,1,0.0,0,1,0,1,0.0,1.0,0.0,-6.130710594712273e-18,,,,False,False,False
jazxix,1,0.0,0,1,0,1,0.0,1.0,0.0,-4.42295722706651e-20,,,,False,False,False
jazzypringle,1,0.0,0,1,0,1,0.0,1.0,0.0,-6.512490915503702e-18,,,,False,False,False
jcorv58,3,0.0,1,3,1,3,1.0,3.0,3.048165940530991e-05,0.0012844838574417585,1.0,0.0,0.0,False,False,False
jcw28,1,0.0,2,1,2,1,3.0,1.0,0.0005227954351568617,0.012474268761679466,3.0,0.0,0.0,False,False,False
jedidotflow,1,0.0,0,1,0,1,0.0,1.0,0.0,4.0521963101911515e-18,,,,False,False,False
jellamma,3,0.3333333333333333,2,3,2,3,2.0,3.0,0.0005418445935030269,0.016682441418410614,2.0,0.0,0.0,False,False,False
jellocrze,1,0.0,0,1,0,1,0.0,1.0,0.0,7.300310567732295e-18,,,,False,False,False
jer-bear-81,1,0.0,0,1,0,1,0.0,1.0,0.0,-2.9831180015016303e-18,,,,False,False,False
jeritsw,1,0.0,0,1,0,1,0.0,1.0,0.0,-6.12155476759601e-18,,,,False,False,False
jerkstik,1,0.0,0,1,0,1,0.0,1.0,0.0,-5.380301401599664e-18,,,,False,False,False
jermais,1,0.0,0,1,0,1,0.0,1.0,0.0,-9.666739297675877e-19,,,,False,False,False
jessithy,1,0.0,6,1,6,1,6.0,1.0,0.0006172621819495491,0.0013201375095037659,6.0,0.0,0.0,True,False,False
jewbacca1991,1,0.0,0,1,0,1,0.0,1.0,0.0,-1.9937905175419066e-19,,,,False,False,False
jewrusalem,1,0.0,0,1,0,1,0.0,1.0,0.0,-1.2357794630367885e-18,,,,False,False,False
ji_e,6,0.0,1,2,1,2,4.0,6.0,3.115802968190648e-05,0.001510510619081462,4.0,0.0,0.0,False,False,False
jigglymilksack,1,1.0,1,1,1,1,1.0,1.0,8.957785372843183e-06,0.0017539099275605842,1.0,0.0,0.0,False,False,False
jigglypuff3912,1,0.0,0,1,0,1,0.0,1.0,0.0,-3.3970790581012193e-18,,,,False,False,False
jim-pip,1,0.0,0,1,0,1,0.0,1.0,0.0,1.5220152918002327e-18,,,,False,False,False
jimusmc,2,0.0,0,2,0,2,0.0,2.0,0.0,3.1640384639251634e-19,,,,False,False,False
jinkxgizmo,1,0.0,0,1,0,1,0.0,1.0,0.0,2.8544556364007002e-18,,,,False,False,False
jmcgil4684,1,0.0,1,1,1,1,1.0,1.0,0.0,0.0003985054059824113,1.0,0.0,0.0,False,False,False
jnr13,1,0.0,1,1,1,1,1.0,1.0,0.0001851013944305047,2.963050142012044e-18,1.0,0.0,0.0,False,False,False
jnu77,1,0.0,5,1,5,1,5.0,1.0,3.629162093031183e-05,0.009462112168056995,5.0,0.0,0.0,True,False,False
joechillrust,1,0.0,0,1,0,1,0.0,1.0,0.0,4.154776231511211e-18,,,,False,False,False
joehumphs,2,0.0,0,2,0,2,0.0,2.0,0.0,-1.455457601198095e-18,,,,False,False,False
joeylock,1,0.0,1,1,1,1,1.0,1.0,0.0,0.003456796942192249,1.0,0.0,0.0,False,False,False
johniebloodlust,1,1.0,0,1,0,1,0.0,1.0,0.0,5.6386416012738235e-18,,,,False,False,False
johnjsal,11,0.0,20,5,20,5,25.0,11.0,0.00426961848369014,0.06091378132409522,25.0,0.0,0.0,True,False,True
johnnyteoss,2,0.0,1,2,1,2,1.0,2.0,0.00013611252492314561,3.598039133367812e-18,1.0,0.0,0.0,False,False,False
johnvito123,1,0.0,0,1,0,1,0.0,1.0,0.0,4.3044925089549885e-19,,,,False,False,False
jolly-put-9634,9,0.0,17,9,17,9,18.0,9.0,0.012510696228974563,0.05115052866182218,18.0,0.0,0.0,True,False,True
jonesmcbuttons,3,0.0,5,3,5,3,5.0,3.0,0.0011593539418067627,0.042789573233659166,5.0,0.0,0.0,True,False,False
jorgesarrada,2,0.0,1,2,1,2,1.0,2.0,0.0002138626517533561,0.0077613792890134405,1.0,0.0,0.0,False,False,False
jovial_impairment,2,0.0,1,2,1,2,1.0,2.0,1.3559015965334095e-05,0.0005205128621960869,1.0,0.0,0.0,False,False,False
joyousblueduck,6,0.1666666666666666,4,4,4,4,4.0,6.0,0.0022673239595694715,0.017127569973704033,4.0,0.0,0.0,True,False,False
js_rich,1,0.0,0,1,0,1,0.0,1.0,0.0,-3.961184575468456e-19,,,,False,False,False
jt-1963,1,0.0,1,1,1,1,1.0,1.0,9.255069721525233e-05,-4.0589205149318535e-18,1.0,0.0,0.0,False,False,False
judicatorprime,1,0.0,0,1,0,1,0.0,1.0,0.0,-6.093406256320995e-18,,,,False,False,False
juicyfill,1,0.0,1,1,1,1,1.0,1.0,0.0,-3.4397375655798826e-18,1.0,0.0,0.0,False,False,False
julytoday,2,0.0,0,2,0,2,0.0,2.0,0.0,-4.56312758152155e-18,,,,False,False,False
junipertwist,1,0.0,0,1,0,1,0.0,1.0,0.0,1.9198089043464058e-18,,,,False,False,False
just_one_glitch,1,0.0,0,1,0,1,0.0,1.0,0.0,-5.019328926936699e-19,,,,False,False,False
justanothertiandi,2,0.0,1,2,1,2,1.0,2.0,5.737411546866491e-05,0.0017733192811875775,1.0,0.0,0.0,False,False,False
jzargho_,1,0.0,0,1,0,1,0.0,1.0,0.0,-7.09700256177172e-18,,,,False,False,False
k33ncutter,3,0.3333333333333333,2,2,2,2,3.0,3.0,0.000779988232185208,0.0459218824764118,3.0,0.0,0.0,False,False,False
kaelhoel,1,0.0,1,1,1,1,1.0,1.0,0.0,-5.514054468090034e-18,1.0,0.0,0.0,False,False,False
kaisernick27,1,0.0,0,1,0,1,0.0,1.0,0.0,2.888091549236538e-18,,,,False,False,False
kalam0n,1,0.0,0,1,0,1,0.0,1.0,0.0,7.074398837610605e-19,,,,False,False,False
kalamari__,1,0.0,0,1,0,1,0.0,1.0,0.0,-1.0007215239468553e-18,,,,False,False,False
kaleodis,1,0.0,1,1,1,1,1.0,1.0,6.198611511021531e-07,0.0006692392605997097,1.0,0.0,0.0,False,False,False
kaltengeist,1,0.0,1,1,1,1,1.0,1.0,6.726381690502865e-07,0.002344512842766135,1.0,0.0,0.0,False,False,False
kaonwarden,1,0.0,1,1,1,1,1.0,1.0,0.0,0.0008926982004393922,1.0,0.0,0.0,False,False,False
kaotyk525,2,0.0,0,2,0,2,0.0,2.0,0.0,2.9563132854917256e-18,,,,False,False,False
kaptazkikor,8,0.25,2,5,2,5,5.0,8.0,0.0011244914321868371,0.0179060043342616,5.0,0.0,0.0,False,False,False
kard420,1,0.0,4,1,4,1,4.0,1.0,0.0008736230405883748,0.01129094029221089,4.0,0.0,0.0,True,False,False
karmapathetic,5,0.0,1,5,1,5,1.0,5.0,0.00021980443186308158,0.0007549206410979006,1.0,0.0,0.0,False,False,False
karnakite,2,0.0,5,0,5,0,5.0,0.0,0.0,0.05188463963904196,5.0,0.0,0.0,True,False,False
karthanis86,2,0.0,2,2,2,2,2.0,2.0,0.0005252286312470971,0.0010498081053692818,2.0,0.0,0.0,False,False,False
katzeye007,1,0.0,5,1,5,1,5.0,1.0,0.000550790602254083,0.05217395796405455,5.0,0.0,0.0,True,False,False
kaulf,2,0.0,1,1,1,1,1.0,2.0,0.0,2.8280136647087905e-05,1.0,0.0,0.0,False,False,False
kawauso21,4,0.0,3,3,3,3,4.0,4.0,0.0014989158617627195,0.0021434747833375093,4.0,0.0,0.0,False,False,False
kay_wall,3,0.0,1,3,1,3,1.0,3.0,0.000531202917499912,0.005138073773589644,1.0,0.0,0.0,False,False,False
kazadure,1,0.0,0,1,0,1,0.0,1.0,0.0,-7.14007576579177e-18,,,,False,False,False
kedgie,3,0.3333333333333333,0,3,0,3,0.0,3.0,0.0,-3.218651534979747e-18,,,,False,False,False
kendrickmaynard,1,0.0,1,1,1,1,1.0,1.0,0.0,0.002099011924156708,1.0,0.0,0.0,False,False,False
ketulu84,1,0.0,0,1,0,1,0.0,1.0,0.0,4.716781489281967e-18,,,,False,False,False
key-garbage-9286,2,0.0,5,2,5,2,5.0,2.0,0.0014425150059480525,0.019606871700972677,5.0,0.0,0.0,True,False,True
kg4nbx,1,0.0,1,1,1,1,1.0,1.0,0.0,0.003975448743517885,1.0,0.0,0.0,False,False,False
khamu1,4,0.0,2,4,2,4,2.0,4.0,0.0021207744395352127,0.002748049605565423,2.0,0.0,0.0,False,False,False
khassilah,1,0.0,1,1,1,1,1.0,1.0,0.0,0.0018858258259167474,1.0,0.0,0.0,False,False,False
kheszi,1,0.0,0,1,0,1,0.0,1.0,0.0,-5.819272560627105e-18,,,,False,False,False
kian-tremayne,1,0.0,1,1,1,1,1.0,1.0,0.0,0.0008618090101046348,1.0,0.0,0.0,False,False,False
kick2crash,1,0.0,0,1,0,1,0.0,1.0,0.0,-6.8159025713682935e-18,,,,False,False,False
killerclownfish,1,0.0,2,1,2,1,2.0,1.0,3.070736397471209e-05,0.04453935676880067,2.0,0.0,0.0,False,False,False
kimchismoosh,2,0.0,0,2,0,2,0.0,2.0,0.0,1.506604302993618e-18,,,,False,False,False
kind-hero,1,0.0,0,1,0,1,0.0,1.0,0.0,-2.9980564833906957e-18,,,,False,False,False
king-corona-killer,1,0.0,0,1,0,1,0.0,1.0,0.0,-9.436255881646062e-19,,,,False,False,False
king_kvnt,7,0.0,2,7,2,7,2.0,7.0,0.00034048111104279096,-5.396383093883806e-18,2.0,0.0,0.0,False,False,False
kingdarius89,2,0.0,1,2,1,2,1.0,2.0,8.569509001412255e-08,0.0027949944765232153,1.0,0.0,0.0,False,False,False
kingknux,1,0.0,0,1,0,1,0.0,1.0,0.0,5.280596161207572e-18,,,,False,False,False
kingofthegutter,2,0.0,1,1,1,1,2.0,2.0,0.0,2.8367220694141122e-18,2.0,0.0,0.0,False,False,False
kingofwerewolfs,1,0.0,1,1,1,1,1.0,1.0,1.5390713780997046e-06,0.0012191281558618318,1.0,0.0,0.0,False,False,False
kingpengu22,3,0.3333333333333333,1,3,1,3,1.0,3.0,0.0003024666056467046,0.009453248043151613,1.0,0.0,0.0,False,False,False
kingsirdrmr,1,0.0,0,1,0,1,0.0,1.0,0.0,-5.09775628819698e-18,,,,False,False,False
kinmanana,1,0.0,9,1,9,1,9.0,1.0,0.0003468937243771681,0.05963816037245941,9.0,0.0,0.0,True,False,False
kinnekted,17,0.0,6,13,6,13,10.0,17.0,0.006182610212836842,0.013301498320285538,10.0,0.0,0.0,True,False,True
kisharspiritual,2,0.0,1,2,1,2,1.0,2.0,0.0010199039546492366,0.031932986071138585,1.0,0.0,0.0,False,False,False
kite42,3,0.0,1,3,1,3,2.0,3.0,0.0002695693285455865,0.004525822012608399,2.0,0.0,0.0,False,False,False
kiwi_tea,2,0.5,0,2,0,2,0.0,2.0,0.0,3.522515655632857e-18,,,,False,False,False
kiwiiuwuu,4,0.0,6,3,6,3,7.0,4.0,0.0012826153092048093,0.00861281439056262,7.0,0.0,0.0,True,False,False
kkolonelkkoyote,1,0.0,0,1,0,1,0.0,1.0,0.0,-3.7297640796479035e-18,,,,False,False,False
klassik1800,3,0.0,11,2,11,2,12.0,2.0,0.0014777504350055848,0.01848091026917897,12.0,0.0,0.0,True,False,True
klatusham,1,1.0,0,1,0,1,0.0,1.0,0.0,-2.7368785887677283e-18,,,,False,False,False
klutzy-chest-7204,1,0.0,0,1,0,1,0.0,1.0,0.0,-3.273475449836873e-18,,,,False,False,False
kn1ms,2,0.0,1,1,1,1,1.0,2.0,0.0,0.007446451772165544,1.0,0.0,0.0,False,False,False
knightsinsanity,1,0.0,0,1,0,1,0.0,1.0,0.0,-7.530692323979207e-18,,,,False,False,False
knows-many-things,1,0.0,0,1,0,1,0.0,1.0,0.0,-7.153550735302008e-18,,,,False,False,False
knowyourtroll,1,0.0,0,1,0,1,0.0,1.0,0.0,-3.1417189360985126e-18,,,,False,False,False
knoxthefox216,2,0.0,0,1,0,1,0.0,1.0,0.0,-7.639065616790993e-18,,,,False,False,False
koalifications88,1,0.0,0,1,0,1,0.0,1.0,0.0,3.628642551472772e-18,,,,False,False,False
kontrol92a,1,0.0,1,1,1,1,1.0,1.0,1.3539824222231365e-06,0.0006729939638670494,1.0,0.0,0.0,False,False,False
koolaider,2,0.0,0,2,0,2,0.0,2.0,0.0,-3.0735867712868248e-18,,,,False,False,False
kortekk,1,0.0,0,1,0,1,0.0,1.0,0.0,-7.4235983274617e-19,,,,False,False,False
kosmic_kate,1,0.0,1,1,1,1,1.0,1.0,0.0,0.006082181996779269,1.0,0.0,0.0,False,False,False
kozierj,1,0.0,0,1,0,1,0.0,1.0,0.0,-5.609113992174453e-18,,,,False,False,False
kraai33,5,0.0,2,4,2,4,4.0,5.0,0.0003595187444107822,0.00881817103243144,4.0,0.0,0.0,False,False,False
kraenar,1,0.0,0,1,0,1,0.0,1.0,0.0,1.7670870771719884e-18,,,,False,False,False
kreuzart,1,0.0,0,1,0,1,0.0,1.0,0.0,4.751665320518136e-18,,,,False,False,False
kristikkc,1,0.0,0,1,0,1,0.0,1.0,0.0,-7.84069382521897e-18,,,,False,False,False
krystx1984,1,1.0,0,1,0,1,0.0,1.0,0.0,7.447624191926673e-18,,,,False,False,False
ks0nyc,1,0.0,0,1,0,1,0.0,1.0,0.0,5.95042254777449e-19,,,,False,False,False
ksayiru,13,0.0,60,12,60,12,68.0,13.0,0.023516468040952813,0.13935438869499428,68.0,0.0,0.0,True,False,True
ksian,1,0.0,1,1,1,1,1.0,1.0,0.0,0.008955239694466854,1.0,0.0,0.0,False,False,False
ksirtoscabella,2,0.0,1,2,1,2,1.0,2.0,0.00013868513356913694,0.0015945499857868556,1.0,0.0,0.0,False,False,False
ktopalescent,10,0.3,21,9,21,9,23.0,9.0,0.008781219545707021,0.03337745191256675,23.0,0.0,0.0,True,True,True
ktsb,2,0.0,1,2,1,2,1.0,2.0,1.713901800282451e-07,3.3417529058115383e-18,1.0,0.0,0.0,False,False,False
kucingputih,1,0.0,0,1,0,1,0.0,1.0,0.0,-4.078118001591749e-18,,,,False,False,False
kurosu93,3,0.0,1,3,1,3,1.0,3.0,0.0002752998049696221,0.008775417258571016,1.0,0.0,0.0,False,False,False
kursiel,1,0.0,0,1,0,1,0.0,1.0,0.0,-5.073991835490829e-18,,,,False,False,False
kuwabara03,1,0.0,0,1,0,1,0.0,1.0,0.0,7.638405837827253e-18,,,,False,False,False
l0rdskullz,1,0.0,1,1,1,1,1.0,1.0,1.893854932305894e-05,0.0014856235732207286,1.0,0.0,0.0,False,False,False
lady_fresh,1,0.0,1,1,1,1,1.0,1.0,0.0001851013944305047,6.7957704039770775e-18,1.0,0.0,0.0,False,False,False
ladybarclay,2,0.0,2,2,2,2,2.0,2.0,0.0004171843738295139,0.002515041322885609,2.0,0.0,0.0,False,False,False
lakeprize2569,1,0.0,1,1,1,1,1.0,1.0,0.00018527278461053295,-3.9106287495008976e-18,1.0,0.0,0.0,False,False,False
lamentablefool,1,0.0,1,1,1,1,1.0,1.0,0.00011645285094271369,0.0007650129366305913,1.0,0.0,0.0,False,False,False
lanebrainn,2,0.0,0,2,0,2,0.0,2.0,0.0,4.232472966090912e-18,,,,False,False,False
lanky-ad-7594,1,0.0,0,1,0,1,0.0,1.0,0.0,-7.7795530025371635e-19,,,,False,False,False
lapipadelmono,1,0.0,0,1,0,1,0.0,1.0,0.0,-6.534593894779228e-19,,,,False,False,False
large-course-8029,1,1.0,1,1,1,1,1.0,1.0,0.0,-3.289270331049358e-18,1.0,0.0,0.0,False,False,False
largeseaworthiness1,5,0.0,2,5,2,5,2.0,5.0,0.0007017816245235786,0.0028583601172669803,2.0,0.0,0.0,False,False,False
laser_velociraptor,2,0.0,1,2,1,2,1.0,2.0,1.713901800282451e-07,3.3309673910211797e-18,1.0,0.0,0.0,False,False,False
last-pomegranate-772,20,0.0,8,19,8,19,8.0,20.0,0.006753889605396019,0.023775575171126814,8.0,0.0,0.0,True,False,True
latent_buzzard,1,0.0,0,1,0,1,0.0,1.0,0.0,7.3513258866957e-18,,,,False,False,False
laticia_1990,5,0.0,5,5,5,5,5.0,5.0,0.003538839606828446,0.027742654476948375,5.0,0.0,0.0,True,False,True
lazershark1313,1,0.0,0,1,0,1,0.0,1.0,0.0,-6.316781448854788e-18,,,,False,False,False
lazy_jygg,1,0.0,1,1,1,1,1.0,1.0,0.0,0.005089237102252043,1.0,0.0,0.0,False,False,False
lazyconfetti,2,0.0,2,1,2,1,3.0,2.0,6.855607201129804e-07,-1.9894316958594733e-18,3.0,0.0,0.0,False,False,False
lctdmf,1,0.0,0,1,0,1,0.0,1.0,0.0,-4.119892319272867e-18,,,,False,False,False
leaderofcatarmy,1,0.0,0,1,0,1,0.0,1.0,0.0,2.4812808139149463e-18,,,,False,False,False
leave_eye607,1,0.0,0,1,0,1,0.0,1.0,0.0,4.447517254192013e-18,,,,False,False,False
leaveeemeeealonee,2,0.0,0,2,0,2,0.0,2.0,0.0,1.8197217933080806e-18,,,,False,False,False
ledabshadow,3,0.0,0,3,0,3,0.0,3.0,0.0,3.8884345240161555e-18,,,,False,False,False
legitimate_log_1356,1,0.0,0,1,0,1,0.0,1.0,0.0,-5.758511338197952e-18,,,,False,False,False
leiflaurel,1,0.0,0,1,0,1,0.0,1.0,0.0,-6.556221921188684e-18,,,,False,False,False
lekkerstesnoepje,1,0.0,0,1,0,1,0.0,1.0,0.0,5.828587622645941e-18,,,,False,False,False
leporiwitch,1,0.0,0,1,0,1,0.0,1.0,0.0,-1.343168797216353e-18,,,,False,False,False
lerchaddams,2,0.0,1,2,1,2,1.0,2.0,3.95043925511809e-05,0.0013809833315050655,1.0,0.0,0.0,False,False,False
leromantiksexe,1,0.0,1,1,1,1,1.0,1.0,1.1195657000267772e-05,5.467451049814229e-18,1.0,0.0,0.0,False,False,False
less-bench-9380,1,0.0,1,1,1,1,1.0,1.0,1.716294788022661e-05,0.0001460507697780888,1.0,0.0,0.0,False,False,False
lessercircle,9,0.0,3,8,3,8,5.0,9.0,0.0007253055998478938,0.0005500714465366044,5.0,0.0,0.0,False,False,False
leteney,1,0.0,0,1,0,1,0.0,1.0,0.0,7.176887417931883e-18,,,,False,False,False
letinmore,1,0.0,0,1,0,1,0.0,1.0,0.0,-2.1697698256359966e-18,,,,False,False,False
lettersinuncertainty,1,0.0,1,1,1,1,1.0,1.0,0.0,0.0018858258259167372,1.0,0.0,0.0,False,False,False
level-leek4060,1,0.0,0,1,0,1,0.0,1.0,0.0,-2.6406917169400546e-18,,,,False,False,False
levelreference7903,1,0.0,0,1,0,1,0.0,1.0,0.0,2.958728760803831e-18,,,,False,False,False
lexifer452,7,0.2857142857142857,2,6,2,6,2.0,7.0,0.001111836618099371,0.0017331161561225485,2.0,0.0,0.0,False,False,False
lexiuscoda,1,0.0,0,1,0,1,0.0,1.0,0.0,3.4400668473896704e-18,,,,False,False,False
lexxx_appeal,1,0.0,0,1,0,1,0.0,1.0,0.0,3.586923467233159e-18,,,,False,False,False
liber8r69,1,0.0,0,1,0,1,0.0,1.0,0.0,4.221659274487425e-18,,,,False,False,False
libertinob,1,0.0,0,1,0,1,0.0,1.0,0.0,-3.846479567424157e-18,,,,False,False,False
librarianatrix,1,0.0,0,1,0,1,0.0,1.0,0.0,-4.957860194032233e-18,,,,False,False,False
lickmyknee,2,0.0,2,2,2,2,2.0,2.0,0.00038534639154616486,0.0009070650152010938,2.0,0.0,0.0,False,False,False
life_asparagus_5906,1,0.0,0,1,0,1,0.0,1.0,0.0,4.8723524699972074e-18,,,,False,False,False
liflopam97,1,0.0,1,1,1,1,1.0,1.0,0.0,0.020183135860608745,1.0,0.0,0.0,False,False,False
like_shae_buttah,5,0.0,2,5,2,5,2.0,5.0,0.0029984972838878695,0.004933520164757824,2.0,0.0,0.0,False,False,False
likethewind96,3,0.3333333333333333,3,2,3,2,3.0,3.0,0.00028008885622050233,0.001676527217389147,3.0,0.0,0.0,False,False,False
lilli_puff,13,0.0769230769230769,7,11,7,11,9.0,13.0,0.00773190414553768,0.025563611384370567,9.0,0.0,0.0,True,False,True
lilskarekrow,2,0.0,0,2,0,2,0.0,2.0,0.0,4.470913035138541e-18,,,,False,False,False
limited_opsec,1,0.0,0,1,0,1,0.0,1.0,0.0,-6.5532063610224476e-18,,,,False,False,False
lindajinmonterey,1,0.0,0,1,0,1,0.0,1.0,0.0,3.807267923529497e-18,,,,False,False,False
lindycrush,3,0.0,2,2,2,2,3.0,3.0,5.643473145460254e-05,0.0010912156495028363,3.0,0.0,0.0,False,False,False
lion-essrampant,13,0.0,4,9,4,9,8.0,13.0,0.0026947670905399313,0.01578895862171131,8.0,0.0,0.0,True,False,True
lionhatz,1,0.0,0,1,0,1,0.0,1.0,0.0,-3.808286588790039e-18,,,,False,False,False
lionheart51st,1,0.0,0,1,0,1,0.0,1.0,0.0,-1.0194402630616131e-18,,,,False,False,False
liquid_snape,1,0.0,1,1,1,1,1.0,1.0,0.0,0.01756890791135683,1.0,0.0,0.0,False,False,False
little_grimmy_reap,1,0.0,0,1,0,1,0.0,1.0,0.0,-1.3587848834350373e-18,,,,False,False,False
livid_anything3371,1,1.0,0,1,0,1,0.0,1.0,0.0,7.251960084976184e-18,,,,False,False,False
lizardslayer,1,0.0,1,1,1,1,1.0,1.0,0.0,0.0020113540683854964,1.0,0.0,0.0,False,False,False
lntaw1397,1,0.0,1,1,1,1,1.0,1.0,0.0,0.003717628306433341,1.0,0.0,0.0,False,False,False
local-reference-8571,1,0.0,2,1,2,1,2.0,1.0,0.0,0.007159297842744332,2.0,0.0,0.0,False,False,False
locavega,1,0.0,0,1,0,1,0.0,1.0,0.0,6.80880697063839e-18,,,,False,False,False
locke1018,1,0.0,1,1,1,1,1.0,1.0,6.3666752871228225e-06,0.001413703833436618,1.0,0.0,0.0,False,False,False
logansclaw53188,14,0.0,16,6,16,6,18.0,6.0,0.004383511560225117,0.01266581485585985,18.0,0.0,0.0,True,False,True
logical-big-1050,1,0.0,0,1,0,1,0.0,1.0,0.0,-2.3526504661583276e-18,,,,False,False,False
lokienstein,1,0.0,1,1,1,1,1.0,1.0,8.569509001412255e-08,-3.3760056557462807e-18,1.0,0.0,0.0,False,False,False
loltehwut,4,0.25,1,4,1,4,1.0,4.0,0.002197417570737949,0.03193298607113857,1.0,0.0,0.0,False,False,False
lone_wolf1580,5,0.2,2,5,2,5,3.0,5.0,0.0007283462735276699,0.00027112269565169396,3.0,0.0,0.0,False,False,False
lonely-thought-1163,1,0.0,0,1,0,1,0.0,1.0,0.0,2.3567609545672158e-18,,,,False,False,False
lonelykevin21,1,0.0,0,1,0,1,0.0,1.0,0.0,-7.079492070458023e-18,,,,False,False,False
lonepirate,1,0.0,1,1,1,1,1.0,1.0,2.621342318393036e-06,0.001970352025782172,1.0,0.0,0.0,False,False,False
longjumping_spot7410,1,0.0,0,1,0,1,0.0,1.0,0.0,5.742277021689592e-18,,,,False,False,False
loopymercutio,4,0.0,3,4,3,4,3.0,4.0,0.0009306182099880005,0.0057881874418550285,3.0,0.0,0.0,False,False,False
loose-donut3133,1,0.0,1,1,1,1,1.0,1.0,0.0001851013944305047,-1.0533027542891065e-18,1.0,0.0,0.0,False,False,False
lootandlogic,3,0.0,2,2,2,2,2.0,3.0,0.0004127260718738012,0.001586755459043187,2.0,0.0,0.0,False,False,False
lootchic,1,0.0,2,0,2,0,2.0,0.0,0.0,0.040453710989552354,2.0,0.0,0.0,False,False,False
lootingdaroom,1,0.0,0,1,0,1,0.0,1.0,0.0,-1.4257797610034073e-18,,,,False,False,False
lord-snoopyano,5,0.0,9,5,9,5,9.0,5.0,0.004952715821963075,0.025304146896485136,9.0,0.0,0.0,True,False,True
lordalrik,4,0.0,2,4,2,4,3.0,4.0,0.0010045571333147957,0.008164325931260144,3.0,0.0,0.0,False,False,False
lordjudgedoom,3,0.0,1,3,1,3,1.0,3.0,0.0005529445500709898,0.006223270476406541,1.0,0.0,0.0,False,False,False
lordmeganium,1,0.0,1,1,1,1,1.0,1.0,0.0,0.011841233589963437,1.0,0.0,0.0,False,False,False
lorenzosbarbiejunk,3,0.0,0,3,0,3,0.0,3.0,0.0,-3.9477281331814565e-18,,,,False,False,False
losara-,2,0.0,1,2,1,2,1.0,2.0,0.00035375953337472805,0.002459286554982514,1.0,0.0,0.0,False,False,False
lostbastille,2,0.0,1,2,1,2,1.0,2.0,0.0005733908284693203,0.010206335629452345,1.0,0.0,0.0,False,False,False
lostininternetz,1,0.0,0,1,0,1,0.0,1.0,0.0,3.872635894047258e-18,,,,False,False,False
lostpentimento,1,0.0,0,1,0,1,0.0,1.0,0.0,-3.999114151106633e-18,,,,False,False,False
lostsoulinspace2,1,0.0,0,1,0,1,0.0,1.0,0.0,1.6691747084844545e-18,,,,False,False,False
loud-hold-513,2,0.0,1,2,1,2,1.0,2.0,7.505208124537929e-05,0.044539356768800685,1.0,0.0,0.0,False,False,False
loud_tale9984,2,0.0,0,2,0,2,0.0,2.0,0.0,6.390412024686946e-19,,,,False,False,False
louisab75,12,0.0,2,10,2,10,3.0,12.0,0.0015636817864961526,0.004041933491052681,3.0,0.0,0.0,False,False,False
lovlend,1,0.0,0,1,0,1,0.0,1.0,0.0,-7.19673100323067e-19,,,,False,False,False
low-cauliflower-7061,1,0.0,0,1,0,1,0.0,1.0,0.0,7.869594960318743e-18,,,,False,False,False
low-environment,2,0.0,1,2,1,2,2.0,2.0,0.0,0.008435760041005224,2.0,0.0,0.0,False,False,False
low_ad_5255,1,0.0,0,1,0,1,0.0,1.0,0.0,-2.0858481425668944e-19,,,,False,False,False
low_concert_261,1,0.0,0,1,0,1,0.0,1.0,0.0,7.377833999620003e-19,,,,False,False,False
lower_jelly_6751,1,0.0,0,1,0,1,0.0,1.0,0.0,-3.0891560561435197e-19,,,,False,False,False
lowkey-juan,2,0.0,1,2,1,2,1.0,2.0,8.793023129156387e-06,0.00556468995974107,1.0,0.0,0.0,False,False,False
lts55,1,0.0,0,1,0,1,0.0,1.0,0.0,7.578844140987578e-18,,,,False,False,False
lubunc,1,0.0,0,1,0,1,0.0,1.0,0.0,6.6494294197379085e-18,,,,False,False,False
lucasraholan,1,0.0,0,1,0,1,0.0,1.0,0.0,2.9128994432310985e-20,,,,False,False,False
lucaumbriel,1,0.0,0,1,0,1,0.0,1.0,0.0,4.623591306820193e-18,,,,False,False,False
luciuslaodicean,6,0.0,4,5,4,5,4.0,6.0,0.0009055989047747681,0.011007643085136104,4.0,0.0,0.0,True,False,False
luckyrestaurant7744,1,0.0,0,1,0,1,0.0,1.0,0.0,3.825572341952572e-18,,,,False,False,False
lukoscreyden,1,0.0,3,1,3,1,3.0,1.0,6.731779623246177e-06,0.01617180817426706,3.0,0.0,0.0,False,False,False
lullabybattlecry,1,0.0,0,1,0,1,0.0,1.0,0.0,-4.246287902951787e-18,,,,False,False,False
lululilikoi,1,0.0,0,1,0,1,0.0,1.0,0.0,6.714919662073432e-18,,,,False,False,False
lulumach12,1,0.0,0,1,0,1,0.0,1.0,0.0,6.091557680640894e-19,,,,False,False,False
lunarsugar,19,0.0,32,18,32,18,35.0,18.0,0.015761141183775793,0.07952954628912134,35.0,0.0,0.0,True,False,True
luvacupacof,1,0.0,0,1,0,1,0.0,1.0,0.0,-7.064248329867302e-18,,,,False,False,False
luxorris,1,0.0,0,1,0,1,0.0,1.0,0.0,-4.860281529312519e-18,,,,False,False,False
luzion,1,0.0,2,1,2,1,2.0,1.0,5.488308319331312e-05,0.00108863943179998,2.0,0.0,0.0,False,False,False
lwh,11,0.0,5,10,5,10,5.0,11.0,0.0036793358633688046,0.04501426620498758,5.0,0.0,0.0,True,False,True
lxspll,1,0.0,0,1,0,1,0.0,1.0,0.0,6.160146187227119e-18,,,,False,False,False
lynkhart,1,0.0,0,1,0,1,0.0,1.0,0.0,7.68529662417676e-18,,,,False,False,False
lyricamoon03,1,0.0,0,1,0,1,0.0,1.0,0.0,-6.472341976791557e-18,,,,False,False,False
m1shaaa,1,0.0,1,1,1,1,1.0,1.0,1.1845071573168806e-06,0.011079245725935471,1.0,0.0,0.0,False,False,False
m_kropnix,5,0.2,2,3,2,3,3.0,5.0,1.8463736255663826e-05,0.02235162136186201,3.0,0.0,0.0,False,False,False
maccadacca_gaming,1,0.0,0,1,0,1,0.0,1.0,0.0,3.5386825269704945e-18,,,,False,False,False
machinemaker726,1,0.0,0,1,0,1,0.0,1.0,0.0,-5.767077417713083e-18,,,,False,False,False
mademperormike,1,0.0,1,1,1,1,1.0,1.0,2.621342318393036e-06,0.0019703520257821692,1.0,0.0,0.0,False,False,False
madhouse5625,3,0.0,2,2,2,2,3.0,3.0,0.0016388329014300797,0.002094879820375994,3.0,0.0,0.0,False,False,False
mafiacat115,1,0.0,0,1,0,1,0.0,1.0,0.0,-5.634727198563781e-18,,,,False,False,False
magicseaturtle,11,0.0,5,10,5,10,6.0,10.0,0.002385152928307166,0.018813256811392717,6.0,0.0,0.0,True,False,True
magnumbane,2,0.0,0,2,0,2,0.0,2.0,0.0,4.6031385018702654e-18,,,,False,False,False
maisha-iris,1,0.0,0,1,0,1,0.0,1.0,0.0,-2.6697193871895767e-18,,,,False,False,False
maitsukas,4,0.0,2,4,2,4,2.0,4.0,9.980492994118305e-05,0.0022910063838942818,2.0,0.0,0.0,False,False,False
majestic-destiny,1,0.0,2,1,2,1,2.0,1.0,0.00019768902934573818,0.006702219060527517,2.0,0.0,0.0,False,False,False
majestic-use-6414,1,0.0,0,1,0,1,0.0,1.0,0.0,6.5842964649569565e-18,,,,False,False,False
majestic_balance1887,15,0.0,9,8,9,8,15.0,15.0,0.006202547595571268,0.030594754752206663,15.0,0.0,0.0,True,False,True
majike03,2,0.5,2,2,2,2,2.0,2.0,0.0006680907625657396,0.003558423426153515,2.0,0.0,0.0,False,False,False
malachi0629,1,0.0,0,1,0,1,0.0,1.0,0.0,-2.968432268880454e-18,,,,False,False,False
maleficent-tip-9654,2,0.0,0,2,0,2,0.0,2.0,0.0,-2.8145581547612393e-18,,,,False,False,False
malleusmaior,1,0.0,0,1,0,1,0.0,1.0,0.0,4.6818138421311335e-18,,,,False,False,False
mandingo-buttpirate,2,0.0,0,2,0,2,0.0,2.0,0.0,1.1865416084230723e-18,,,,False,False,False
mandragorane,1,0.0,0,1,0,1,0.0,1.0,0.0,2.5981569117912884e-18,,,,False,False,False
mangopeyote,1,0.0,0,1,0,1,0.0,1.0,0.0,1.5650674499865178e-18,,,,False,False,False
maninthebox21,1,0.0,1,1,1,1,1.0,1.0,0.0,0.008775417258571023,1.0,0.0,0.0,False,False,False
manlikeboris25,1,0.0,0,1,0,1,0.0,1.0,0.0,-3.9078802705977505e-18,,,,False,False,False
mannimarco_rising,3,0.0,1,3,1,3,1.0,3.0,0.0001851013944305047,-1.1349110567425518e-18,1.0,0.0,0.0,False,False,False
manonthejohn,1,0.0,0,1,0,1,0.0,1.0,0.0,-2.312669305441649e-18,,,,False,False,False
mapplinator,2,0.0,0,2,0,2,0.0,2.0,0.0,4.704873084137012e-18,,,,False,False,False
marauding_llama,9,0.0,13,9,13,9,13.0,9.0,0.008775883714785444,0.09362241853453372,13.0,0.0,0.0,True,False,True
marcitron31,1,0.0,0,1,0,1,0.0,1.0,0.0,9.813855889551797e-19,,,,False,False,False
mareeptypebeat,1,0.0,1,1,1,1,1.0,1.0,2.2966284123784843e-06,-5.373572202607381e-18,1.0,0.0,0.0,False,False,False
marius87,1,0.0,1,1,1,1,1.0,1.0,0.0,0.007761379289013427,1.0,0.0,0.0,False,False,False
mariusdarkblade,1,0.0,0,1,0,1,0.0,1.0,0.0,5.856415474146123e-18,,,,False,False,False
marledor1994,1,0.0,0,1,0,1,0.0,1.0,0.0,-4.2089584333770865e-18,,,,False,False,False
marstinson,39,0.0,20,36,20,36,24.0,39.0,0.017078777626942803,0.06854904395880122,24.0,0.0,0.0,True,False,True
martiusdecimus,2,0.0,2,2,2,2,2.0,2.0,0.000547708992220993,0.0011002989802817765,2.0,0.0,0.0,False,False,False
master_smasher,1,0.0,1,1,1,1,1.0,1.0,0.0,0.005564689959741076,1.0,0.0,0.0,False,False,False
masterfil21,1,0.0,0,1,0,1,0.0,1.0,0.0,-3.088597255766695e-18,,,,False,False,False
masterofserpents,3,0.0,0,3,0,3,0.0,3.0,0.0,-3.682480900621891e-18,,,,False,False,False
material_bet_2246,2,0.0,4,0,4,0,4.0,0.0,0.0,0.01343084831012147,4.0,0.0,0.0,True,False,False
mathayus,1,0.0,0,1,0,1,0.0,1.0,0.0,-6.744460617854093e-18,,,,False,False,False
matochik,2,0.0,0,2,0,2,0.0,2.0,0.0,-4.069452737121771e-18,,,,False,False,False
mattdaveys,2,0.0,1,1,1,1,2.0,2.0,0.0,0.0025154468438034314,2.0,0.0,0.0,False,False,False
matthewkvatch,1,0.0,0,1,0,1,0.0,1.0,0.0,6.230842506787705e-18,,,,False,False,False
mauvais__oeil,1,0.0,1,1,1,1,1.0,1.0,6.451541867608667e-06,0.002459286554982515,1.0,0.0,0.0,False,False,False
max7238,4,0.0,2,3,2,3,3.0,4.0,0.0002781662621858417,4.122005793242739e-18,3.0,0.0,0.0,False,False,False
maximus_rex,2,0.0,0,2,0,2,0.0,2.0,0.0,-3.548230294348559e-18,,,,False,False,False
mcaber87,13,0.1538461538461538,7,9,7,9,11.0,13.0,0.0035707623541756375,0.06420661676719262,11.0,0.0,0.0,True,False,True
mccalli,4,0.0,4,3,4,3,4.0,4.0,0.00027632679643193724,0.004092523773869551,4.0,0.0,0.0,True,False,False
mcmasterx,1,0.0,0,1,0,1,0.0,1.0,0.0,3.180530179839609e-18,,,,False,False,False
mean-feeling-9996,1,0.0,0,1,0,1,0.0,1.0,0.0,1.968493475289097e-18,,,,False,False,False
mediadavid,2,0.0,4,1,4,1,4.0,2.0,0.0001271461962534526,0.013827295331500926,4.0,0.0,0.0,True,False,False
medical_character_28,9,0.0,11,8,11,8,12.0,9.0,0.002393327461782893,0.014296382368631101,12.0,0.0,0.0,True,False,True
medicipoison,1,0.0,0,1,0,1,0.0,1.0,0.0,1.6273774659916703e-18,,,,False,False,False
mediocre-celery-5518,1,0.0,0,1,0,1,0.0,1.0,0.0,-1.854114862351125e-20,,,,False,False,False
medium_banana4074,1,0.0,0,1,0,1,0.0,1.0,0.0,-6.042502464662528e-18,,,,False,False,False
medrish,1,0.0,0,1,0,1,0.0,1.0,0.0,-2.4141343624858034e-18,,,,False,False,False
medwynd,19,0.0,14,17,14,17,14.0,19.0,0.014775672868407697,0.0837812148006102,14.0,0.0,0.0,True,False,True
meewaj,5,0.0,10,4,10,4,12.0,4.0,0.00349702603640334,0.05001277328116432,12.0,0.0,0.0,True,False,True
mehilyk,1,0.0,0,1,0,1,0.0,1.0,0.0,4.232750548098484e-18,,,,False,False,False
mehra_mora55,6,0.0,1,5,1,5,1.0,6.0,0.0002836353514448901,0.011079245725935489,1.0,0.0,0.0,False,False,False
melonsinspace,1,0.0,0,1,0,1,0.0,1.0,0.0,-3.61208776732422e-18,,,,False,False,False
mendrak,3,0.0,2,3,2,3,2.0,3.0,0.0009806555037511874,0.05638059035876414,2.0,0.0,0.0,False,False,False
menien,5,0.0,6,5,6,5,6.0,5.0,0.0016020944174686288,0.010709512310646464,6.0,0.0,0.0,True,False,True
meowing-to-the-stars,2,0.0,1,1,1,1,1.0,2.0,0.0,0.007720129755963594,1.0,0.0,0.0,False,False,False
meowkatcaptain,1,0.0,1,1,1,1,1.0,1.0,0.0,0.0025154468438034253,1.0,0.0,0.0,False,False,False
meowmeow808,2,0.0,1,2,1,2,1.0,2.0,4.2847545007061274e-07,0.0017134500959423266,1.0,0.0,0.0,False,False,False
meowmeowcatmeyow,1,0.0,0,1,0,1,0.0,1.0,0.0,-2.2797757332092473e-18,,,,False,False,False
mermaidofmaelstrom,4,0.25,24,4,24,4,26.0,4.0,0.004278726684070482,0.015450742016825635,26.0,0.0,0.0,True,False,True
messagemiserable,1,0.0,0,1,0,1,0.0,1.0,0.0,8.158193413648725e-19,,,,False,False,False
mickbeer,1,0.0,0,1,0,1,0.0,1.0,0.0,-6.322119462338694e-18,,,,False,False,False
mickhaggs,1,0.0,1,1,1,1,1.0,1.0,0.00020224843679738548,0.001289247952534406,1.0,0.0,0.0,False,False,False
middle-earth_oetel,1,0.0,11,1,11,1,11.0,1.0,0.0009563811971436078,0.08118005842019554,11.0,0.0,0.0,True,False,False
mightobvious,1,0.0,0,1,0,1,0.0,1.0,0.0,-1.7645470389202087e-18,,,,False,False,False
mikeyboy2188,3,0.0,0,3,0,3,0.0,3.0,0.0,1.9749810614290185e-18,,,,False,False,False
mina_u290,1,0.0,0,1,0,1,0.0,1.0,0.0,8.4329328375245325e-19,,,,False,False,False
mindless-rub-5850,8,0.0,6,4,6,4,8.0,6.0,0.0015796057032464357,0.01790916602498226,8.0,0.0,0.0,True,False,True
mindoftheswarm,1,0.0,0,1,0,1,0.0,1.0,0.0,-7.483602124766882e-18,,,,False,False,False
mindtop4772,1,0.0,0,1,0,1,0.0,1.0,0.0,-4.671225299716016e-18,,,,False,False,False
miniandtimmy,9,0.0,38,8,38,8,40.0,9.0,0.00735324271526971,0.03737425365148993,40.0,0.0,0.0,True,False,True
miniinimini,35,0.0,26,21,26,21,35.0,35.0,0.03319197432266956,0.10125729286250755,35.0,0.0,0.0,True,False,True
minngeilo,2,0.0,1,2,1,2,1.0,2.0,2.780736707765625e-06,4.8194051901862675e-18,1.0,0.0,0.0,False,False,False
minorthreat4182,1,0.0,0,1,0,1,0.0,1.0,0.0,7.098000288152898e-18,,,,False,False,False
minute_engineer2355,1,0.0,0,1,0,1,0.0,1.0,0.0,-1.5011699548099747e-18,,,,False,False,False
miraculousn,3,0.3333333333333333,0,3,0,3,0.0,3.0,0.0,-2.628049488950355e-19,,,,False,False,False
miro_the_dragon,7,0.0,1,7,1,7,1.0,7.0,0.00015152670296182853,0.0016491388107748456,1.0,0.0,0.0,False,False,False
miserable-league-670,13,0.0,8,4,8,4,11.0,8.0,0.0017229640761343146,0.030396881246658607,11.0,0.0,0.0,True,False,True
miserable-nail-7919,1,0.0,0,1,0,1,0.0,1.0,0.0,1.691725280062589e-18,,,,False,False,False
miserable_alfalfa_52,1,0.0,0,1,0,1,0.0,1.0,0.0,-7.373174172334406e-19,,,,False,False,False
missdimples55,3,0.0,2,3,2,3,3.0,3.0,0.0005355641649041601,0.007544359105165427,3.0,0.0,0.0,False,False,False
misseducation69,1,0.0,0,1,0,1,0.0,1.0,0.0,-3.4156078777235472e-18,,,,False,False,False
mistressdeathmoth,1,0.0,0,1,0,1,0.0,1.0,0.0,-5.971493059653622e-18,,,,False,False,False
misunderstood36,3,0.0,1,2,1,2,1.0,3.0,1.552811511469892e-05,0.0032253408574575704,1.0,0.0,0.0,False,False,False
mixmasterace,2,0.0,2,2,2,2,2.0,2.0,0.0003810702401425222,0.00042172182961890364,2.0,0.0,0.0,False,False,False
mixweak3392,5,0.0,1,5,1,5,1.0,5.0,0.00018458722389041998,-1.4277911066603303e-18,1.0,0.0,0.0,False,False,False
mmh0k,3,0.0,2,3,2,3,2.0,3.0,0.001039474782022189,0.01685060355548214,2.0,0.0,0.0,False,False,False
modularmode,1,0.0,0,1,0,1,0.0,1.0,0.0,-5.303305981485843e-18,,,,False,False,False
moist_horror,1,1.0,0,1,0,1,0.0,1.0,0.0,1.001354622350361e-19,,,,False,False,False
moistwave,2,0.0,3,2,3,2,3.0,2.0,0.000823725810874863,0.00894904565888202,3.0,0.0,0.0,False,False,False
mojo001999,2,0.0,0,2,0,2,0.0,2.0,0.0,7.085609696533175e-18,,,,False,False,False
molderingsanctum,1,0.0,1,1,1,1,1.0,1.0,0.0005292360870912093,0.011382122034104412,1.0,0.0,0.0,False,False,False
mollisvox1,1,0.0,0,1,0,1,0.0,1.0,0.0,5.022615146426117e-18,,,,False,False,False
monchota,4,0.0,2,3,2,3,2.0,4.0,4.855145551458856e-05,0.00771924011823327,2.0,0.0,0.0,False,False,False
monk3yment,3,0.3333333333333333,2,3,2,3,2.0,3.0,0.0008828972270884295,0.004520044655400528,2.0,0.0,0.0,False,False,False
monkeyboy808,4,0.0,1,3,1,3,1.0,4.0,4.936831450549521e-05,0.011841233589963432,1.0,0.0,0.0,False,False,False
monkishsubset,1,0.0,0,1,0,1,0.0,1.0,0.0,7.628107996040352e-18,,,,False,False,False
monster3gamez,1,0.0,1,1,1,1,1.0,1.0,1.713901800282451e-07,3.2794164359776524e-19,1.0,0.0,0.0,False,False,False
moon-reacher,11,0.0,10,11,10,11,10.0,11.0,0.006381214792834495,0.0730355961705994,10.0,0.0,0.0,True,False,True
mooseyoss,1,0.0,0,1,0,1,0.0,1.0,0.0,2.322257729743997e-18,,,,False,False,False
moosy_loosy,1,0.0,0,1,0,1,0.0,1.0,0.0,-5.432183825729717e-18,,,,False,False,False
moppo_,1,0.0,0,1,0,1,0.0,1.0,0.0,3.3246101989534383e-18,,,,False,False,False
mordred101,1,0.0,3,1,3,1,3.0,1.0,6.609228046372122e-07,0.009584815535995451,3.0,0.0,0.0,False,False,False
more-nefariousness32,3,0.0,5,3,5,3,5.0,3.0,0.0012805627703718226,0.014097641492785886,5.0,0.0,0.0,True,False,False
morfeurs,2,0.0,4,2,4,2,4.0,2.0,0.0010291756594362465,0.01695362163333792,4.0,0.0,0.0,True,False,False
morgaiths,1,0.0,2,1,2,1,2.0,1.0,4.787078424655036e-05,0.009001739771154666,2.0,0.0,0.0,False,False,False
morteux,1,0.0,1,1,1,1,1.0,1.0,0.0,4.1869935779755496e-18,1.0,0.0,0.0,False,False,False
most-based,1,0.0,2,1,2,1,2.0,1.0,1.713901800282451e-07,0.015192323519117684,2.0,0.0,0.0,False,False,False
motawa1988,3,0.0,4,3,4,3,4.0,3.0,0.001770137953821295,0.04179749294386016,4.0,0.0,0.0,True,False,False
motcher41,1,0.0,0,1,0,1,0.0,1.0,0.0,7.269750946953778e-18,,,,False,False,False
motor_interaction_20,6,0.1666666666666666,8,6,8,6,8.0,6.0,0.003109765870115778,0.016726377931012032,8.0,0.0,0.0,True,False,True
motorbreather,1,0.0,0,1,0,1,0.0,1.0,0.0,3.7158672971083795e-18,,,,False,False,False
mountainserve,1,0.0,0,1,0,1,0.0,1.0,0.0,-7.105425786367223e-18,,,,False,False,False
mouse3476,1,0.0,0,1,0,1,0.0,1.0,0.0,-2.5894020775653737e-18,,,,False,False,False
mr_mo0n,4,0.0,3,4,3,4,3.0,4.0,0.0003177185985589342,0.0035276539427725085,3.0,0.0,0.0,False,False,False
mr_vanato,1,0.0,0,1,0,1,0.0,1.0,0.0,7.496249646790975e-18,,,,False,False,False
mrbrush,3,0.0,0,3,0,3,0.0,3.0,0.0,-4.527328694508723e-18,,,,False,False,False
mrgrimderp,1,0.0,1,1,1,1,1.0,1.0,4.2093799902764975e-05,-2.7864366708099486e-18,1.0,0.0,0.0,False,False,False
mrinfuse1,3,0.0,1,2,1,2,1.0,3.0,0.00034672233419713984,0.0012155946433441518,1.0,0.0,0.0,False,False,False
mrkebuky,1,0.0,2,1,2,1,2.0,1.0,0.00019937542648455403,-6.7414624780146335e-18,2.0,0.0,0.0,False,False,False
mrluflu,2,0.0,3,2,3,2,3.0,2.0,0.0003299435972615602,0.006483572883409394,3.0,0.0,0.0,False,False,False
mrmustache0502,1,0.0,0,1,0,1,0.0,1.0,0.0,-6.728624461849286e-18,,,,False,False,False
mronlinetoughguy,1,0.0,1,1,1,1,1.0,1.0,0.0001851013944305047,3.0165963165349597e-18,1.0,0.0,0.0,False,False,False
mrplace,1,0.0,0,1,0,1,0.0,1.0,0.0,3.3260807287251873e-19,,,,False,False,False
mrrian603f,2,0.0,0,2,0,2,0.0,2.0,0.0,2.5996873070767552e-18,,,,False,False,False
mrsloppypants,2,0.0,2,2,2,2,2.0,2.0,7.320573694091487e-05,0.0008567380154108239,2.0,0.0,0.0,False,False,False
mrsninetales,1,0.0,0,1,0,1,0.0,1.0,0.0,-2.0088492378060615e-18,,,,False,False,False
mrstalfos,1,0.0,0,1,0,1,0.0,1.0,0.0,5.8499266461714754e-18,,,,False,False,False
msattrtand,3,0.0,2,3,2,3,2.0,3.0,9.582047942535551e-05,0.0045566031770355045,2.0,0.0,0.0,False,False,False
mshornets,3,0.0,0,3,0,3,0.0,3.0,0.0,7.485342058229222e-18,,,,False,False,False
mstee1302,1,0.0,0,1,0,1,0.0,1.0,0.0,-1.3665872878192055e-18,,,,False,False,False
mtgorgonzola,7,0.0,3,7,3,7,3.0,7.0,0.0009631114392086016,0.0452472641143574,3.0,0.0,0.0,False,False,False
mudcrabkidnapper,5,0.2,2,5,2,5,2.0,5.0,0.00017825267614057292,0.001711301148123172,2.0,0.0,0.0,False,False,False
mullucka,1,0.0,0,1,0,1,0.0,1.0,0.0,-1.3915066733947741e-18,,,,False,False,False
mwgrover,3,0.0,59,3,59,3,60.0,3.0,0.012319413587320758,0.11424463186573507,60.0,0.0,0.0,True,False,True
mxhmoud,1,0.0,1,1,1,1,1.0,1.0,0.0,0.003205950352813001,1.0,0.0,0.0,False,False,False
myceliumbase,1,0.0,0,1,0,1,0.0,1.0,0.0,-6.837044304982516e-18,,,,False,False,False
myrillya,4,0.0,2,4,2,4,3.0,4.0,0.0009832173435142338,0.00031914410163267357,3.0,0.0,0.0,False,False,False
mysterymeati,37,0.054054054054054,20,31,20,31,28.0,37.0,0.02439033151057567,0.10203654774423773,28.0,0.0,0.0,True,False,True
mystrasun,1,0.0,0,1,0,1,0.0,1.0,0.0,-4.860154539685783e-18,,,,False,False,False
mythicaldawn,1,0.0,0,1,0,1,0.0,1.0,0.0,3.596919973549069e-18,,,,False,False,False
myusernname,1,0.0,0,1,0,1,0.0,1.0,0.0,-3.899500007340716e-18,,,,False,False,False
mywarchild,1,0.0,0,1,0,1,0.0,1.0,0.0,-7.023529074168796e-18,,,,False,False,False
myzmyz1995,3,0.0,7,3,7,3,7.0,3.0,0.0014589360134758876,0.007625842557810652,7.0,0.0,0.0,True,False,True
n7-o,3,0.0,3,3,3,3,3.0,3.0,0.0003593254363055183,0.003628118931841147,3.0,0.0,0.0,False,False,False
n_thomas74,6,0.0,0,5,0,5,0.0,6.0,0.0,7.061325179514306e-18,,,,False,False,False
nachujminazwakurwa,6,0.0,3,4,3,4,5.0,6.0,0.0017209019835156569,0.03326450601344709,5.0,0.0,0.0,False,False,True
nakalololo,11,0.0,3,3,3,3,3.0,11.0,0.00035695895863702457,0.01572060050041421,3.0,0.0,0.0,False,False,False
nandodecolonoscopy,3,0.0,2,3,2,3,2.0,3.0,0.0005421596522846984,0.0014291760103445014,2.0,0.0,0.0,False,False,False
narangren,1,0.0,1,1,1,1,1.0,1.0,0.0,0.0021286026516858423,1.0,0.0,0.0,False,False,False
narrowsupermarket,1,0.0,1,1,1,1,1.0,1.0,1.1845071573168806e-06,0.01107924572593548,1.0,0.0,0.0,False,False,False
nas-aratat,1,0.0,3,1,3,1,4.0,1.0,0.0008073508156608268,0.014524592922180456,4.0,0.0,0.0,False,False,False
nash_felldancer,3,0.3333333333333333,1,2,1,2,1.0,3.0,0.0005304955132461758,0.039944315028403274,1.0,0.0,0.0,False,False,False
natsuki_kruger,2,0.0,0,2,0,2,0.0,2.0,0.0,5.906750268006758e-18,,,,False,False,False
nayrael,5,0.2,5,5,5,5,5.0,5.0,0.0008017339056344547,0.008416701820680172,5.0,0.0,0.0,True,False,False
neanderthology,3,0.0,7,3,7,3,7.0,3.0,0.001123340826818676,-8.063521753052943e-18,7.0,0.0,0.0,True,False,False
neat_champion2407,1,0.0,0,1,0,1,0.0,1.0,0.0,1.6676201550900535e-18,,,,False,False,False
nebula_stargazer,2,0.5,0,2,0,2,0.0,2.0,0.0,5.692632955591869e-19,,,,False,False,False
neemarita,1,0.0,0,1,0,1,0.0,1.0,0.0,5.007925585358575e-18,,,,False,False,False
neifary,1,0.0,1,1,1,1,1.0,1.0,6.726381690502865e-07,0.0023445128427661355,1.0,0.0,0.0,False,False,False
neitherappearance316,2,0.0,1,2,1,2,1.0,2.0,2.228288742109646e-06,0.006466647263319776,1.0,0.0,0.0,False,False,False
nekohtdecat,2,0.0,0,2,0,2,0.0,2.0,0.0,1.2720995939453824e-19,,,,False,False,False
neonjodie99,2,0.0,2,2,2,2,2.0,2.0,7.877893360545245e-05,0.012474268761679464,2.0,0.0,0.0,False,False,False
neotempest,1,0.0,3,1,3,1,3.0,1.0,0.0009165444848608122,0.004656878887394263,3.0,0.0,0.0,False,False,False
nerevanin,6,0.1666666666666666,4,5,4,5,4.0,6.0,0.002464352249879888,0.04343208998929967,4.0,0.0,0.0,True,False,False
ness_bound,2,0.0,0,2,0,2,0.0,2.0,0.0,6.3181883763710026e-18,,,,False,False,False
netsage,1,0.0,0,1,0,1,0.0,1.0,0.0,-3.5042445298202494e-19,,,,False,False,False
neuroticpixels,1,0.0,0,1,0,1,0.0,1.0,0.0,6.955495891085254e-18,,,,False,False,False
neverjamtoday,2,0.0,1,2,1,2,1.0,2.0,0.0,0.005550596005342166,1.0,0.0,0.0,False,False,False
new-mongoose7382,1,0.0,0,1,0,1,0.0,1.0,0.0,4.08148025518038e-18,,,,False,False,False
new_celebration906,2,0.0,0,2,0,2,0.0,2.0,0.0,6.105003376300693e-18,,,,False,False,False
nexerous,1,0.0,0,1,0,1,0.0,1.0,0.0,-1.5451741719885657e-18,,,,False,False,False
nibiryu,1,0.0,0,1,0,1,0.0,1.0,0.0,4.692121609097617e-18,,,,False,False,False
nick_bruiser,1,0.0,0,1,0,1,0.0,1.0,0.0,5.03051471821201e-18,,,,False,False,False
nickfirzen,5,0.0,0,3,0,3,0.0,5.0,0.0,1.7587476646822432e-18,,,,False,False,False
nickflig,1,0.0,0,1,0,1,0.0,1.0,0.0,-6.753464850147562e-18,,,,False,False,False
nicktendo1988,1,0.0,0,1,0,1,0.0,1.0,0.0,-6.326906629808751e-18,,,,False,False,False
nidus-zealot,1,0.0,0,1,0,1,0.0,1.0,0.0,5.200593157339165e-18,,,,False,False,False
nightlord70,1,0.0,0,1,0,1,0.0,1.0,0.0,2.8000304988545527e-18,,,,False,False,False
nikitaonline17,1,0.0,0,1,0,1,0.0,1.0,0.0,-2.144559577603056e-18,,,,False,False,False
nikla436,1,0.0,1,1,1,1,1.0,1.0,5.705462854490044e-06,-5.566637538405786e-18,1.0,0.0,0.0,False,False,False
nikosquared,1,0.0,0,1,0,1,0.0,1.0,0.0,-2.5717547580041558e-18,,,,False,False,False
nimblenibbler,1,0.0,1,1,1,1,1.0,1.0,0.0,0.0013346795028215852,1.0,0.0,0.0,False,False,False
niozero,2,0.0,1,2,1,2,1.0,2.0,0.0015782907728455575,0.010459843421976252,1.0,0.0,0.0,False,False,False
nitasu987,8,0.125,2,7,2,7,2.0,8.0,0.001147995060205975,0.013827295331500917,2.0,0.0,0.0,False,False,False
nivosus,1,0.0,0,1,0,1,0.0,1.0,0.0,-1.4694928235056836e-18,,,,False,False,False
no-candidate-8867,1,0.0,0,1,0,1,0.0,1.0,0.0,-3.2295653852918263e-18,,,,False,False,False
no-source-7974,1,0.0,0,1,0,1,0.0,1.0,0.0,1.7826649743243154e-18,,,,False,False,False
no_eggplant_8141,1,0.0,0,1,0,1,0.0,1.0,0.0,8.61261833180841e-19,,,,False,False,False
no_enthusiasm_2557,1,0.0,0,1,0,1,0.0,1.0,0.0,-7.361720427379351e-18,,,,False,False,False
no_landscape_7223,1,0.0,1,1,1,1,1.0,1.0,0.00018264266983831112,4.772954592619497e-19,1.0,0.0,0.0,False,False,False
no_occasion_4519,2,0.0,3,2,3,2,3.0,2.0,0.0008722002731349686,0.005319219874723667,3.0,0.0,0.0,False,False,False
no_report_4781,1,0.0,0,1,0,1,0.0,1.0,0.0,3.4180065547038943e-18,,,,False,False,False
no_story3990,6,0.0,5,3,5,3,6.0,4.0,0.0012865934994013295,0.014980162375637445,6.0,0.0,0.0,True,False,False
nobackground80,2,0.0,1,2,1,2,1.0,2.0,1.713901800282451e-07,3.2774332448276104e-18,1.0,0.0,0.0,False,False,False
noganddog,1,0.0,2,1,2,1,2.0,1.0,0.0001334802876093342,0.011461435119091567,2.0,0.0,0.0,False,False,False
nograpefruit1269,3,0.0,8,3,8,3,9.0,3.0,0.0035267047334500627,0.0034959323666407215,9.0,0.0,0.0,True,False,True
noisepilot,1,0.0,0,1,0,1,0.0,1.0,0.0,2.8056088903824264e-18,,,,False,False,False
nomis_ttam,2,0.0,2,2,2,2,2.0,2.0,0.000514863696267204,0.00565925351518636,2.0,0.0,0.0,False,False,False
nomorefuckingpants,1,0.0,0,1,0,1,0.0,1.0,0.0,-8.391070667363215e-19,,,,False,False,False
nonliving4dentity69,1,0.0,2,1,2,1,2.0,1.0,3.079582282412275e-06,0.004953839294593182,2.0,0.0,0.0,False,False,False
nonnny_,1,0.0,0,1,0,1,0.0,1.0,0.0,-6.3939307236525984e-18,,,,False,False,False
noodlesnpeanut,1,0.0,0,1,0,1,0.0,1.0,0.0,1.91744330031592e-18,,,,False,False,False
noread3988,2,0.0,1,2,1,2,1.0,2.0,1.713901800282451e-07,-1.4958217977022377e-18,1.0,0.0,0.0,False,False,False
norgaldir,1,0.0,1,1,1,1,1.0,1.0,0.0,0.0024904071183191896,1.0,0.0,0.0,False,False,False
north-imagination275,2,0.0,1,2,1,2,1.0,2.0,6.014979175276983e-06,-5.3213898673522726e-18,1.0,0.0,0.0,False,False,False
north-research2574,1,0.0,0,1,0,1,0.0,1.0,0.0,4.903547789349456e-18,,,,False,False,False
north_room666,1,0.0,0,1,0,1,0.0,1.0,0.0,-7.097110051115838e-19,,,,False,False,False
northener1907,2,0.0,2,2,2,2,2.0,2.0,0.00044605120375123506,0.003915475903717789,2.0,0.0,0.0,False,False,False
northrustic,4,0.0,2,2,2,2,3.0,3.0,0.0005313095580875598,0.0025677931510537755,3.0,0.0,0.0,False,False,False
not-that_girl,6,0.0,8,6,8,6,8.0,6.0,0.0038231748258515247,0.024367617642207934,8.0,0.0,0.0,True,False,True
not_nsfw_throwaway,1,0.0,0,1,0,1,0.0,1.0,0.0,5.893851818180333e-18,,,,False,False,False
notenoughcaffeine_,1,0.0,0,1,0,1,0.0,1.0,0.0,-9.290698537825947e-19,,,,False,False,False
notenseyar,5,0.2,2,5,2,5,3.0,5.0,0.0013532623943312476,0.0068353595553556044,3.0,0.0,0.0,False,False,False
noticemearkay,2,0.0,2,2,2,2,2.0,2.0,0.000521961188250734,0.013423758568701606,2.0,0.0,0.0,False,False,False
novacgal,3,0.0,1,3,1,3,1.0,3.0,0.00012179395454031508,0.0021879112301596087,1.0,0.0,0.0,False,False,False
novel-alarm5313,1,0.0,1,1,1,1,1.0,1.0,0.0,-5.840078871865418e-18,1.0,0.0,0.0,False,False,False
nrcoleman,1,0.0,0,1,0,1,0.0,1.0,0.0,5.619992781097499e-18,,,,False,False,False
nscftype,2,0.0,1,1,1,1,2.0,2.0,0.0,1.0245385681409257e-05,2.0,0.0,0.0,False,False,False
number_one_aigis_fan,5,0.0,4,2,4,2,5.0,5.0,0.00015555956270552315,0.020612784102312785,5.0,0.0,0.0,True,False,False
nyarlathotep7777,38,0.0789473684210526,17,25,17,25,22.0,38.0,0.017683771477955936,0.05665728689227862,22.0,0.0,0.0,True,False,True
nyxistaken,2,0.0,7,2,7,2,8.0,2.0,0.0009585570475129489,0.01391950298958878,8.0,0.0,0.0,True,False,False
o00hope00o,1,0.0,0,1,0,1,0.0,1.0,0.0,-4.153192917789902e-18,,,,False,False,False
oakberry,1,0.0,1,1,1,1,1.0,1.0,0.0,0.010874342869935438,1.0,0.0,0.0,False,False,False
oakleyasher,1,0.0,0,1,0,1,0.0,1.0,0.0,-7.226550429447273e-20,,,,False,False,False
oakleyman23,1,0.0,0,1,0,1,0.0,1.0,0.0,5.634779609782158e-18,,,,False,False,False
oath2order,3,0.0,0,3,0,3,0.0,3.0,0.0,6.892386497331571e-18,,,,False,False,False
objectiveok9996,2,0.0,2,2,2,2,2.0,2.0,0.0005375201007164691,0.013175913092785018,2.0,0.0,0.0,False,False,False
obliviousfoo,1,0.0,0,1,0,1,0.0,1.0,0.0,6.12012325025706e-18,,,,False,False,False
obtuse-angel,6,0.0,5,6,5,6,5.0,6.0,0.0021895881514304156,0.02956823720458925,5.0,0.0,0.0,True,False,True
odaphii,1,0.0,0,1,0,1,0.0,1.0,0.0,8.555972383827108e-19,,,,False,False,False
odd-interaction7514,7,0.0,3,7,3,7,3.0,7.0,0.0005451846701405218,0.0037689042356878577,3.0,0.0,0.0,False,False,False
odd-sprinkles-8971,4,0.25,2,2,2,2,2.0,4.0,0.0005477109985742915,0.012109687556483633,2.0,0.0,0.0,False,False,False
odinwotnr,1,0.0,0,1,0,1,0.0,1.0,0.0,-3.120220571871503e-18,,,,False,False,False
odyssey67,2,0.0,0,2,0,2,0.0,2.0,0.0,-1.1510462539625851e-18,,,,False,False,False
officialscootem,1,0.0,0,1,0,1,0.0,1.0,0.0,-3.5301613907280443e-19,,,,False,False,False
oh-no-thank-you,6,0.0,13,6,13,6,14.0,6.0,0.004271717186349997,0.06154515485755004,14.0,0.0,0.0,True,False,True
ohiodude,1,0.0,0,1,0,1,0.0,1.0,0.0,-7.312250105626829e-18,,,,False,False,False
ohrocksteady,4,0.0,2,2,2,2,4.0,3.0,0.00022213869880783056,0.012532710376058158,4.0,0.0,0.0,False,False,False
oida420oaschal1030,2,0.0,0,2,0,2,0.0,2.0,0.0,1.4714784294538422e-18,,,,False,False,False
ok-asparagus5992,3,0.0,1,2,1,2,1.0,3.0,3.765401531892065e-05,0.0027480496055654205,1.0,0.0,0.0,False,False,False
ok-blacksmith-3807,1,0.0,0,1,0,1,0.0,1.0,0.0,4.616848059803668e-18,,,,False,False,False
ok-competition172,1,0.0,1,1,1,1,1.0,1.0,0.0,0.00887958527109806,1.0,0.0,0.0,False,False,False
ok-faithlessness5117,1,0.0,0,1,0,1,0.0,1.0,0.0,9.808018425075815e-19,,,,False,False,False
ok-run8539,2,0.0,0,2,0,2,0.0,2.0,0.0,-7.485122942896712e-18,,,,False,False,False
ok-till-5630,1,0.0,0,1,0,1,0.0,1.0,0.0,6.703349793780549e-18,,,,False,False,False
ok_adhesiveness2709,1,0.0,0,1,0,1,0.0,1.0,0.0,6.2183248372365146e-18,,,,False,False,False
ok_balance_5418,1,0.0,0,1,0,1,0.0,1.0,0.0,-7.934427850446818e-18,,,,False,False,False
ok_inevitable_1992,1,0.0,1,1,1,1,1.0,1.0,0.0,0.00030171487115547655,1.0,0.0,0.0,False,False,False
ok_lake_4092,6,0.0,2,2,2,2,4.0,6.0,0.001170755637382664,0.0070707304403109855,4.0,0.0,0.0,False,False,False
ok_pitch4338,1,0.0,0,1,0,1,0.0,1.0,0.0,-3.998982773244412e-18,,,,False,False,False
ok_profile1864,1,0.0,1,1,1,1,1.0,1.0,0.0,0.04453935676880067,1.0,0.0,0.0,False,False,False
okeebc,1,0.0,0,1,0,1,0.0,1.0,0.0,7.709933610409978e-18,,,,False,False,False
okhorse1322,2,0.0,3,2,3,2,3.0,2.0,0.00021457179385275067,0.020635812640574215,3.0,0.0,0.0,False,False,False
oklisten1874,11,0.0909090909090909,7,10,7,10,9.0,11.0,0.0021642836684353448,0.06689917550716871,9.0,0.0,0.0,True,False,True
old-blueberry-6041,1,0.0,1,1,1,1,1.0,1.0,0.0,0.009920175367045684,1.0,0.0,0.0,False,False,False
old-display4601,1,0.0,0,1,0,1,0.0,1.0,0.0,-4.265320052817964e-18,,,,False,False,False
oldsincerity,1,1.0,1,1,1,1,1.0,1.0,4.9778200332476184e-05,-5.403045036190248e-19,1.0,0.0,0.0,False,False,False
oldworldblues10,2,0.0,1,2,1,2,1.0,2.0,1.4808477772773771e-05,5.961188616257651e-19,1.0,0.0,0.0,False,False,False
omgitskae,2,0.0,0,2,0,2,0.0,2.0,0.0,5.4571773755997174e-18,,,,False,False,False
omgitsmurmrgh,1,0.0,1,1,1,1,1.0,1.0,0.0,0.020748614135495277,1.0,0.0,0.0,False,False,False
omnipotentlntrovert,2,0.0,0,2,0,2,0.0,2.0,0.0,3.3603180672092553e-18,,,,False,False,False
onakonda,2,0.5,1,1,1,1,2.0,2.0,0.0,0.0026665136191310027,2.0,0.0,0.0,False,False,False
oneberry5348,25,0.12,11,17,11,17,17.0,25.0,0.00850779424730229,0.021662430106841487,17.0,0.0,0.0,True,False,True
onefinerug,2,0.0,0,2,0,2,0.0,2.0,0.0,-5.745025982169989e-18,,,,False,False,False
onemorepotion,1,0.0,0,1,0,1,0.0,1.0,0.0,1.016600670181535e-18,,,,False,False,False
only-principle5896,1,0.0,0,1,0,1,0.0,1.0,0.0,1.9412493675282247e-18,,,,False,False,False
onyxianrosethorn,1,0.0,0,1,0,1,0.0,1.0,0.0,-5.751812995021656e-18,,,,False,False,False
onyxxx_13,1,0.0,0,1,0,1,0.0,1.0,0.0,3.2372164104281703e-18,,,,False,False,False
opal-bee,1,0.0,0,1,0,1,0.0,1.0,0.0,7.761310949429706e-18,,,,False,False,False
operationexpress8794,1,0.0,0,1,0,1,0.0,1.0,0.0,5.956263686012391e-18,,,,False,False,False
optimusscrime,1,0.0,0,1,0,1,0.0,1.0,0.0,1.798386856171155e-18,,,,False,False,False
opusatrumet,1,0.0,1,1,1,1,1.0,1.0,0.0,0.04453935676880067,1.0,0.0,0.0,False,False,False
or0b0ur0s,10,0.1,6,7,6,7,8.0,10.0,0.0038005099080095912,0.01721349003426512,8.0,0.0,0.0,True,False,True
orbitalgoo,1,0.0,0,1,0,1,0.0,1.0,0.0,-3.791379029640521e-18,,,,False,False,False
orblitzer,1,0.0,0,1,0,1,0.0,1.0,0.0,7.174802719612414e-19,,,,False,False,False
orcvader,3,0.0,2,3,2,3,3.0,3.0,0.0001854441747905612,6.041649319942055e-19,3.0,0.0,0.0,False,False,False
orgaaniset,14,0.1428571428571428,6,8,6,8,10.0,14.0,0.005877023983810738,0.02495932335180783,10.0,0.0,0.0,True,False,True
organic-budget-227,3,0.0,1,2,1,2,1.0,3.0,7.78535470982531e-06,0.0017499371130319963,1.0,0.0,0.0,False,False,False
orions_starz,4,0.25,0,4,0,4,0.0,4.0,0.0,-6.191799357401044e-18,,,,False,False,False
oscuro1632,1,0.0,0,1,0,1,0.0,1.0,0.0,-6.004450415886458e-18,,,,False,False,False
oskistudios,1,0.0,3,1,3,1,3.0,1.0,3.1537833484483146e-06,0.01678282362968034,3.0,0.0,0.0,False,False,False
other-tip2408,5,0.0,2,4,2,4,2.0,5.0,0.0005431674621411414,0.00030855508364722295,2.0,0.0,0.0,False,False,False
other_breath_2630,1,0.0,0,1,0,1,0.0,1.0,0.0,3.4122504898328034e-18,,,,False,False,False
otherwise_gas7419,8,0.0,0,8,0,8,0.0,8.0,0.0,-6.987375821686113e-18,,,,False,False,False
otisgraves666,1,1.0,0,1,0,1,0.0,1.0,0.0,-1.4094370635796498e-18,,,,False,False,False
outdoortrack76,1,0.0,0,1,0,1,0.0,1.0,0.0,3.2214662659554152e-18,,,,False,False,False
outrageous-cycle7626,2,0.0,0,2,0,2,0.0,2.0,0.0,-9.22677522085069e-19,,,,False,False,False
oven_issi,1,0.0,0,1,0,1,0.0,1.0,0.0,-5.997616457347488e-19,,,,False,False,False
over-training-7708,5,0.0,3,4,3,4,4.0,5.0,0.0010976876112898896,0.005774728184936214,4.0,0.0,0.0,False,False,False
overall-pattern-809,1,0.0,0,1,0,1,0.0,1.0,0.0,-7.445671772484871e-18,,,,False,False,False
own_ad_9380,1,0.0,0,1,0,1,0.0,1.0,0.0,6.498452433268065e-18,,,,False,False,False
own_dog9167,1,0.0,1,1,1,1,1.0,1.0,6.2171787805245904e-06,0.0005313002958312563,1.0,0.0,0.0,False,False,False
ozzie_bloke,1,0.0,1,1,1,1,1.0,1.0,0.0,0.0003553170353749561,1.0,0.0,0.0,False,False,False
padumbs,4,0.0,0,3,0,3,0.0,4.0,0.0,-2.122724313540671e-18,,,,False,False,False
paff_,1,0.0,0,1,0,1,0.0,1.0,0.0,1.096297475786437e-18,,,,False,False,False
painterearly86,1,0.0,1,1,1,1,1.0,1.0,8.569509001412255e-08,0.00018099110071894482,1.0,0.0,0.0,False,False,False
paintingavailable160,1,0.0,0,1,0,1,0.0,1.0,0.0,7.581902366137402e-19,,,,False,False,False
palmdiggity888,1,0.0,0,1,0,1,0.0,1.0,0.0,-5.9816355873594044e-18,,,,False,False,False
palwajoko,3,0.0,2,3,2,3,2.0,3.0,0.0020634076495541164,0.007414618255971291,2.0,0.0,0.0,False,False,False
pambimbo,2,0.0,3,2,3,2,3.0,2.0,0.00024348406067717412,0.0015564483065802757,3.0,0.0,0.0,False,False,False
pandaxehd,17,0.0,8,15,8,15,9.0,17.0,0.0071987181544612274,0.05185088294393022,9.0,0.0,0.0,True,False,True
panzerapolloofficial,1,0.0,3,1,3,1,3.0,1.0,0.00010605890370356964,0.00951115602491832,3.0,0.0,0.0,False,False,False
panzerkavalier,1,0.0,0,1,0,1,0.0,1.0,0.0,-2.3463750524139022e-18,,,,False,False,False
papaslatch,1,0.0,0,1,0,1,0.0,1.0,0.0,4.8400674903376324e-18,,,,False,False,False
papermage,1,0.0,0,1,0,1,0.0,1.0,0.0,5.4915475685537124e-18,,,,False,False,False
paradisewandering,1,0.0,0,1,0,1,0.0,1.0,0.0,-8.04919726910355e-18,,,,False,False,False
paralyzert9,2,0.0,1,1,1,1,3.0,2.0,0.0,0.03435534009858598,3.0,0.0,0.0,False,False,False
paranoidelephpant,1,0.0,0,1,0,1,0.0,1.0,0.0,-1.028006755475681e-18,,,,False,False,False
pareto_optimal99,1,0.0,0,1,0,1,0.0,1.0,0.0,-7.730360957478876e-18,,,,False,False,False
parking-tomato7994,1,0.0,0,1,0,1,0.0,1.0,0.0,3.4359401259610543e-18,,,,False,False,False
particular-card-6160,1,0.0,0,1,0,1,0.0,1.0,0.0,3.4850502619135924e-18,,,,False,False,False
particular-swim2461,5,0.0,3,4,3,4,3.0,5.0,0.0010124466465477812,0.010620568608784289,3.0,0.0,0.0,False,False,False
patherek,2,0.0,0,1,0,1,0.0,2.0,0.0,-1.5268140093787476e-19,,,,False,False,False
patientx1981,1,0.0,0,1,0,1,0.0,1.0,0.0,-1.1705732930966136e-18,,,,False,False,False
paularizer,2,0.0,1,2,1,2,1.0,2.0,1.2632680483653294e-05,6.468031043409246e-18,1.0,0.0,0.0,False,False,False
pawg-of-war,1,0.0,0,1,0,1,0.0,1.0,0.0,7.622703249370081e-18,,,,False,False,False
pelanora,25,0.04,6,19,6,19,8.0,24.0,0.006037761569644811,0.06386776612169799,8.0,0.0,0.0,True,False,True
peli_evenstar,1,0.0,1,1,1,1,1.0,1.0,0.0,-5.8653112626374086e-18,1.0,0.0,0.0,False,False,False
penthesilean,7,0.1428571428571428,2,6,2,6,2.0,7.0,0.0006578202711846326,0.009285488832223847,2.0,0.0,0.0,False,False,False
perca_fluviatilis,2,0.0,1,1,1,1,1.0,2.0,0.0,0.001100298980281774,1.0,0.0,0.0,False,False,False
perfecltyok,5,0.2,1,3,1,3,1.0,4.0,1.2329492042690419e-05,8.190068714751314e-05,1.0,0.0,0.0,False,False,False
personalityblur,1,0.0,1,1,1,1,1.0,1.0,0.0,0.007615853307308579,1.0,0.0,0.0,False,False,False
phantronix,1,0.0,0,1,0,1,0.0,1.0,0.0,-3.0411015446032856e-18,,,,False,False,False
philosophyno9878,1,0.0,2,1,2,1,2.0,1.0,2.5708527004236766e-07,1.5291868693791407e-18,2.0,0.0,0.0,False,False,False
phronesis197,3,0.0,0,3,0,3,0.0,3.0,0.0,3.931554294047747e-18,,,,False,False,False
physical-ad-5039,1,0.0,0,1,0,1,0.0,1.0,0.0,-9.734341330520393e-19,,,,False,False,False
pianozealousideal699,1,0.0,2,1,2,1,2.0,1.0,0.000564586059878661,0.003724358669546349,2.0,0.0,0.0,False,False,False
pidgeypower,1,0.0,0,1,0,1,0.0,1.0,0.0,-4.904204666417735e-18,,,,False,False,False
piemikey2,1,0.0,1,1,1,1,1.0,1.0,1.1335415490303515e-05,0.006588512521824154,1.0,0.0,0.0,False,False,False
pighilljimster,1,0.0,0,1,0,1,0.0,1.0,0.0,-2.6494755390458766e-18,,,,False,False,False
pihwlooc,1,0.0,0,1,0,1,0.0,1.0,0.0,-2.21201325887397e-18,,,,False,False,False
pinedude128,3,0.0,0,3,0,3,0.0,3.0,0.0,8.575834917974595e-19,,,,False,False,False
pinkeye69uk,1,0.0,0,1,0,1,0.0,1.0,0.0,1.1442174687336526e-18,,,,False,False,False
planarascendance,6,0.0,1,2,1,2,3.0,4.0,0.00018475861407044817,0.0015536314865783917,3.0,0.0,0.0,False,False,False
planetcaravan,1,0.0,0,1,0,1,0.0,1.0,0.0,7.898601636054782e-18,,,,False,False,False
plant-theif,2,0.0,1,1,1,1,1.0,1.0,3.11964380955784e-05,0.00034833151446693234,1.0,0.0,0.0,False,False,False
plastic-skill-9258,1,0.0,1,1,1,1,1.0,1.0,0.0,0.0006848928019457204,1.0,0.0,0.0,False,False,False
plasticelfears,2,0.0,0,2,0,2,0.0,2.0,0.0,4.838666491564824e-18,,,,False,False,False
plasticwoodpecker916,2,0.0,0,2,0,2,0.0,2.0,0.0,2.3249727733893077e-18,,,,False,False,False
playful-ad1550,2,0.0,1,2,1,2,2.0,2.0,8.541752885876944e-05,0.00322534085745758,2.0,0.0,0.0,False,False,False
plebbit-user,3,0.0,2,3,2,3,2.0,3.0,0.0003631145436038284,0.002515041322885615,2.0,0.0,0.0,False,False,False
plowursis,2,0.0,1,2,1,2,1.0,2.0,3.415128784046148e-05,0.001980473371926585,1.0,0.0,0.0,False,False,False
pm_me_ur_credditcard,1,0.0,0,1,0,1,0.0,1.0,0.0,-2.0140953553991924e-18,,,,False,False,False
pm_me_your_stomachs,2,0.0,0,2,0,2,0.0,2.0,0.0,-1.001593851634388e-18,,,,False,False,False
pmmeiamlonley,1,0.0,0,1,0,1,0.0,1.0,0.0,4.9625366257358166e-18,,,,False,False,False
po10cysa,1,0.0,0,1,0,1,0.0,1.0,0.0,-3.887381475882467e-18,,,,False,False,False
poindexter2291,27,0.0,30,21,30,21,40.0,27.0,0.021563784895588696,0.15381110071626922,40.0,0.0,0.0,True,False,True
polarwaves,3,0.0,2,3,2,3,2.0,3.0,0.0007566471109764874,0.04240648409425498,2.0,0.0,0.0,False,False,False
popsiklstiks,1,1.0,1,1,1,1,1.0,1.0,0.0,0.006370982301755101,1.0,0.0,0.0,False,False,False
popular-hornet-6294,1,0.0,0,1,0,1,0.0,1.0,0.0,-2.3650628181889736e-18,,,,False,False,False
portudork,1,0.0,0,1,0,1,0.0,1.0,0.0,-5.544863956138465e-18,,,,False,False,False
possible_cell2584,8,0.125,3,8,3,8,4.0,8.0,0.0014864899103546798,0.002554281480170925,4.0,0.0,0.0,False,False,False
poster69420911,6,0.3333333333333333,4,5,4,5,5.0,6.0,0.001935049201789333,0.0144706541983324,5.0,0.0,0.0,True,True,True
potatostabbins,1,0.0,0,1,0,1,0.0,1.0,0.0,-4.9479472429080235e-18,,,,False,False,False
pour_me_another_,12,0.0,5,11,5,11,5.0,12.0,0.006258211777017862,0.02321696386930407,5.0,0.0,0.0,True,False,True
powerful-access-8203,3,0.0,3,3,3,3,3.0,3.0,0.0005052847944883651,0.005774440516346476,3.0,0.0,0.0,False,False,False
poweruplevelup916,1,0.0,1,1,1,1,1.0,1.0,0.0,0.0022514907567115416,1.0,0.0,0.0,False,False,False
pozitivegarbage,5,0.0,1,5,1,5,1.0,5.0,0.0001507532839036431,2.9102339785759985e-18,1.0,0.0,0.0,False,False,False
practical_dog3454,1,0.0,0,1,0,1,0.0,1.0,0.0,6.0302517074390316e-18,,,,False,False,False
praisebee_,1,0.0,0,1,0,1,0.0,1.0,0.0,2.4856332992392637e-18,,,,False,False,False
prequelsfan12345,1,0.0,0,1,0,1,0.0,1.0,0.0,-7.646586865500464e-18,,,,False,False,False
presentaccountant58,1,0.0,2,1,2,1,2.0,1.0,0.0,0.0024067885694312643,2.0,0.0,0.0,False,False,False
presentslide7908,5,0.0,2,4,2,4,3.0,5.0,0.0008820807654766981,0.0010291267365528907,3.0,0.0,0.0,False,False,False
prestigious-focus-93,1,0.0,1,1,1,1,1.0,1.0,0.0,0.00934472923599837,1.0,0.0,0.0,False,False,False
prestigioustap6532,1,0.0,1,1,1,1,1.0,1.0,0.0,0.009163519584901856,1.0,0.0,0.0,False,False,False
pretend-detail-148,11,0.0,10,10,10,10,11.0,11.0,0.004032168704635936,0.013432313739098404,11.0,0.0,0.0,True,False,True
prfanty,3,0.0,2,3,2,3,2.0,3.0,0.00025567992621229824,0.0003661656317809045,2.0,0.0,0.0,False,False,False
princeofdon,2,0.0,1,2,1,2,1.0,2.0,3.821309201899746e-05,0.00256728769560239,1.0,0.0,0.0,False,False,False
princess_know-it-all,1,0.0,0,1,0,1,0.0,1.0,0.0,-6.247321785858252e-18,,,,False,False,False
princesspenguin117,1,0.0,0,1,0,1,0.0,1.0,0.0,1.0370850757352137e-18,,,,False,False,False
probablygoblins,1,0.0,1,1,1,1,1.0,1.0,0.0,0.00934472923599836,1.0,0.0,0.0,False,False,False
professorkittyhawk,3,0.0,1,2,1,2,1.0,3.0,0.00048222116882246075,0.000520512862196076,1.0,0.0,0.0,False,False,False
prophetofphil,1,0.0,0,1,0,1,0.0,1.0,0.0,6.092266057747477e-18,,,,False,False,False
propopori,1,0.0,0,1,0,1,0.0,1.0,0.0,6.056575690159435e-18,,,,False,False,False
proud-idea-4260,1,0.0,0,1,0,1,0.0,1.0,0.0,-1.9012869727650046e-18,,,,False,False,False
psepete,1,0.0,1,1,1,1,1.0,1.0,0.0,0.022901088429318355,1.0,0.0,0.0,False,False,False
psnenters1st,1,0.0,1,1,1,1,1.0,1.0,0.0,0.0014059004719185022,1.0,0.0,0.0,False,False,False
psychedeliccabbage,2,0.0,1,2,1,2,1.0,2.0,4.7612169182651596e-05,0.001753909927560595,1.0,0.0,0.0,False,False,False
psychological-unit82,1,0.0,0,1,0,1,0.0,1.0,0.0,-4.961510386957553e-18,,,,False,False,False
psychoschmidt,2,0.0,0,2,0,2,0.0,2.0,0.0,-1.3171740351432092e-18,,,,False,False,False
ptoir,1,0.0,0,1,0,1,0.0,1.0,0.0,-5.0875705123889376e-18,,,,False,False,False
publicsure869,1,0.0,0,1,0,1,0.0,1.0,0.0,2.1862204155229487e-18,,,,False,False,False
pup_femur,1,0.0,0,1,0,1,0.0,1.0,0.0,4.844225761279045e-18,,,,False,False,False
pup_pup_pass,2,0.0,1,2,1,2,1.0,2.0,0.00015351783332742992,0.002460050339734661,1.0,0.0,0.0,False,False,False
purpleimmediate5010,3,0.0,2,3,2,3,2.0,3.0,0.0007304324069848366,0.011968614782205608,2.0,0.0,0.0,False,False,False
purpleprosepoet,1,0.0,1,1,1,1,1.0,1.0,0.0,0.0012528202231487937,1.0,0.0,0.0,False,False,False
pyraalchemist,1,0.0,0,1,0,1,0.0,1.0,0.0,6.848924468137212e-18,,,,False,False,False
pyratefantom,2,0.0,6,2,6,2,6.0,2.0,0.0012875379819389033,0.0205344755894957,6.0,0.0,0.0,True,False,False
qicke,1,0.0,0,1,0,1,0.0,1.0,0.0,-2.1660779705851348e-19,,,,False,False,False
qiqjoe,1,0.0,0,1,0,1,0.0,1.0,0.0,-6.504447806015221e-18,,,,False,False,False
qlurp,1,0.0,1,1,1,1,1.0,1.0,0.0,0.005564689959741065,1.0,0.0,0.0,False,False,False
qrahe,1,0.0,0,1,0,1,0.0,1.0,0.0,-5.575275252631257e-18,,,,False,False,False
quatro_leches,2,0.0,0,2,0,2,0.0,2.0,0.0,6.815508263305523e-18,,,,False,False,False
queenquackin,1,0.0,1,1,1,1,1.0,1.0,0.0,0.003456796942192248,1.0,0.0,0.0,False,False,False
queenspadekelly,1,0.0,0,1,0,1,0.0,1.0,0.0,-5.3637961068323836e-18,,,,False,False,False
queenvell,3,0.0,0,3,0,3,0.0,3.0,0.0,7.810852956719751e-18,,,,False,False,False
queercaliphate,4,0.0,1,4,1,4,1.0,4.0,0.00027125646090311347,0.0003011825962697495,1.0,0.0,0.0,False,False,False
queues-as-tank,1,0.0,0,1,0,1,0.0,1.0,0.0,-1.5940467027601452e-18,,,,False,False,False
quiet-bookkeeper2242,1,0.0,0,1,0,1,0.0,1.0,0.0,1.9382655310870144e-18,,,,False,False,False
quinber,1,0.0,1,1,1,1,1.0,1.0,0.0,0.009568374232532123,1.0,0.0,0.0,False,False,False
quirky-chocolate-594,5,0.0,2,5,2,5,2.0,5.0,0.00033114711566706653,0.010206335629452338,2.0,0.0,0.0,False,False,False
quokkanerd,2,0.0,0,2,0,2,0.0,2.0,0.0,2.4676739065937104e-18,,,,False,False,False
r3dxzy,1,1.0,1,1,1,1,1.0,1.0,0.0,0.006370982301755108,1.0,0.0,0.0,False,False,False
r40k,4,0.0,5,4,5,4,6.0,4.0,0.002051374716713745,0.01710345406279246,6.0,0.0,0.0,True,False,True
r4b1drabb1t,1,0.0,1,1,1,1,1.0,1.0,0.0,0.0003883011057387078,1.0,0.0,0.0,False,False,False
rabbit_games,3,0.0,10,2,10,2,13.0,3.0,0.0018436933322881325,0.024840519566673245,13.0,0.0,0.0,True,False,True
radiantturtle,2,0.0,7,2,7,2,8.0,2.0,0.0030792157135129195,0.0013716729212992207,8.0,0.0,0.0,True,False,True
radvent,1,0.0,1,1,1,1,1.0,1.0,4.2847545007061274e-07,0.00021279144380051323,1.0,0.0,0.0,False,False,False
rageeatapnut,3,0.0,3,1,3,1,5.0,3.0,0.0003465509440171116,0.01043469046441252,5.0,0.0,0.0,False,False,False
ragelore004,1,0.0,0,1,0,1,0.0,1.0,0.0,-7.028700740333931e-18,,,,False,False,False
rageofthesoul,1,0.0,1,1,1,1,1.0,1.0,0.0,0.0011902698874309942,1.0,0.0,0.0,False,False,False
raimonzi,1,0.0,0,1,0,1,0.0,1.0,0.0,1.7441427347063796e-18,,,,False,False,False
rainbownthedark,1,0.0,0,1,0,1,0.0,1.0,0.0,-6.72780861891174e-18,,,,False,False,False
raisedbyamoose,3,0.0,2,3,2,3,2.0,3.0,0.00024004117155108475,5.084139580239029e-18,2.0,0.0,0.0,False,False,False
raistlarn,1,0.0,0,1,0,1,0.0,1.0,0.0,6.028875801695394e-18,,,,False,False,False
ralinor,2,0.0,0,2,0,2,0.0,2.0,0.0,-5.286402667627567e-18,,,,False,False,False
ralthos,1,0.0,0,1,0,1,0.0,1.0,0.0,6.2896519888604744e-18,,,,False,False,False
ramblerdodge,1,0.0,1,1,1,1,1.0,1.0,0.0,0.0003553170353749585,1.0,0.0,0.0,False,False,False
randeth,1,0.0,0,1,0,1,0.0,1.0,0.0,-5.519708168366611e-18,,,,False,False,False
random96503,1,0.0,0,1,0,1,0.0,1.0,0.0,-3.463638768383377e-18,,,,False,False,False
randomdudewithideas,1,0.0,0,1,0,1,0.0,1.0,0.0,1.867480661511458e-18,,,,False,False,False
randomhornydemon,14,0.0,5,14,5,14,5.0,14.0,0.004011686713487698,0.0203590429936987,5.0,0.0,0.0,True,False,True
randomvaultdweller,6,0.0,3,4,3,4,3.0,6.0,0.0006035107291142501,0.006230257014234653,3.0,0.0,0.0,False,False,False
rapscallywagon,1,0.0,0,1,0,1,0.0,1.0,0.0,-3.9942480186427595e-19,,,,False,False,False
rarglar,1,0.0,4,1,4,1,4.0,1.0,0.00011517532197434262,0.010263939279935085,4.0,0.0,0.0,True,False,False
raritypalm0404,1,0.0,0,1,0,1,0.0,1.0,0.0,-2.163202358985333e-18,,,,False,False,False
ratchetxiv,1,0.0,0,1,0,1,0.0,1.0,0.0,2.531621402250569e-18,,,,False,False,False
rath_brained,2,0.0,1,2,1,2,1.0,2.0,0.0005164304333784111,0.014704479176919963,1.0,0.0,0.0,False,False,False
rathivis,1,0.0,1,1,1,1,1.0,1.0,1.8891711123365518e-05,-5.8939355984240985e-18,1.0,0.0,0.0,False,False,False
rattlez,3,0.0,4,2,4,2,6.0,3.0,0.0005017071756624464,0.010422596416645573,6.0,0.0,0.0,True,False,False
rauparma,1,0.0,0,1,0,1,0.0,1.0,0.0,-1.945642662784784e-18,,,,False,False,False
ravenmisfit23,1,0.0,1,1,1,1,1.0,1.0,0.0,0.007446451772165532,1.0,0.0,0.0,False,False,False
ravernel,1,1.0,2,1,2,1,2.0,1.0,2.384154016255441e-05,0.0013693743914420199,2.0,0.0,0.0,False,False,False
razael89,1,0.0,0,1,0,1,0.0,1.0,0.0,-2.5614653201048862e-19,,,,False,False,False
razerjoe,1,0.0,10,1,10,1,11.0,1.0,0.0012350902410660615,0.08597774768672761,11.0,0.0,0.0,True,False,False
rbrumble,1,0.0,1,1,1,1,1.0,1.0,9.666295944894283e-06,0.0022514907567115416,1.0,0.0,0.0,False,False,False
rdkateran,1,0.0,1,1,1,1,1.0,1.0,0.0,0.007720129755963583,1.0,0.0,0.0,False,False,False
readittrashpanda,2,0.0,2,2,2,2,2.0,2.0,0.00017333544715696835,0.03994431502840328,2.0,0.0,0.0,False,False,False
real_dado500,1,0.0,0,1,0,1,0.0,1.0,0.0,-4.479413461717158e-18,,,,False,False,False
real_kazakiboom,1,0.0,0,1,0,1,0.0,1.0,0.0,-6.253180609017889e-18,,,,False,False,False
realsokoro,1,0.0,1,1,1,1,1.0,1.0,0.0,0.00016809766194762478,1.0,0.0,0.0,False,False,False
reaper0507,1,0.0,0,1,0,1,0.0,1.0,0.0,5.0785318387516596e-18,,,,False,False,False
reaper26,1,0.0,0,1,0,1,0.0,1.0,0.0,-6.015657260718877e-18,,,,False,False,False
reapwell,1,0.0,1,1,1,1,1.0,1.0,0.0,0.0014059004719184991,1.0,0.0,0.0,False,False,False
reasonable-student60,2,0.0,9,2,9,2,9.0,2.0,0.001430664733511379,0.005629645963868248,9.0,0.0,0.0,True,False,True
recremen,1,0.0,0,1,0,1,0.0,1.0,0.0,-3.603232573161795e-18,,,,False,False,False
red_angel33,8,0.0,4,6,4,6,5.0,8.0,0.0011857895738292697,0.015624683584727888,5.0,0.0,0.0,True,False,False
redditappslowaf,1,0.0,1,1,1,1,1.0,1.0,0.0001851013944305047,-3.480392526411968e-18,1.0,0.0,0.0,False,False,False
reddituser411976,1,0.0,0,1,0,1,0.0,1.0,0.0,-4.691629629291411e-18,,,,False,False,False
redhammer1441,2,0.0,1,2,1,2,1.0,2.0,0.0,0.002313282291397888,1.0,0.0,0.0,False,False,False
redkynabyss,3,0.0,4,3,4,3,4.0,3.0,0.000655453203639301,0.01218757624395358,4.0,0.0,0.0,True,False,False
redsaidmeme-demption,2,0.0,0,2,0,2,0.0,2.0,0.0,-7.185346620728057e-18,,,,False,False,False
redtasario,1,0.0,0,1,0,1,0.0,1.0,0.0,-6.80200236714235e-18,,,,False,False,False
regular-resort-857,2,0.0,1,2,1,2,1.0,2.0,0.0002117735786072647,0.00034157603948546943,1.0,0.0,0.0,False,False,False
rei_romano420,1,0.0,0,1,0,1,0.0,1.0,0.0,-1.0565194844270672e-20,,,,False,False,False
reiign,1,1.0,0,1,0,1,0.0,1.0,0.0,3.907917197690977e-18,,,,False,False,False
reinieren,1,0.0,0,1,0,1,0.0,1.0,0.0,2.606411925727132e-18,,,,False,False,False
relationshipeconomy,1,0.0,1,1,1,1,1.0,1.0,0.0,0.020748614135495273,1.0,0.0,0.0,False,False,False
relative-nerve-4514,1,0.0,0,1,0,1,0.0,1.0,0.0,-1.0201415043449423e-18,,,,False,False,False
relevant_device9042,19,0.0526315789473684,7,13,7,13,9.0,19.0,0.00551654132897208,0.016775069238176607,9.0,0.0,0.0,True,False,True
relikern,1,0.0,0,1,0,1,0.0,1.0,0.0,3.1470863255798232e-19,,,,False,False,False
remarkable-daikon436,1,0.0,0,1,0,1,0.0,1.0,0.0,3.398523794279854e-18,,,,False,False,False
remarkable_major7710,1,0.0,0,1,0,1,0.0,1.0,0.0,-6.04080901848371e-19,,,,False,False,False
remote_barracuda3996,1,0.0,0,1,0,1,0.0,1.0,0.0,6.582305533074947e-18,,,,False,False,False
renderdge,2,0.0,1,1,1,1,1.0,2.0,0.0,0.00085980504789738,1.0,0.0,0.0,False,False,False
renwickzabelin,1,0.0,0,1,0,1,0.0,1.0,0.0,2.5649775886116562e-18,,,,False,False,False
replybot5000,10,0.0,3,7,3,7,6.0,10.0,0.0012160781956951914,0.01107614847661409,6.0,0.0,0.0,False,False,False
repressedmemes,1,0.0,0,1,0,1,0.0,1.0,0.0,5.839454124471034e-18,,,,False,False,False
repulsive_ostrich_52,1,0.0,0,1,0,1,0.0,1.0,0.0,1.7340542396704655e-18,,,,False,False,False
req4adream99,2,0.0,3,2,3,2,3.0,2.0,0.0014210766953875436,0.007198516604852376,3.0,0.0,0.0,False,False,False
requirementroyal8666,1,0.0,0,1,0,1,0.0,1.0,0.0,-1.4487636025653443e-18,,,,False,False,False
residentfull6265,1,0.0,0,1,0,1,0.0,1.0,0.0,-4.8359172519945796e-18,,,,False,False,False
retiredsweat,1,0.0,0,1,0,1,0.0,1.0,0.0,-7.361567003656458e-18,,,,False,False,False
revolutionaryclue922,1,0.0,0,1,0,1,0.0,1.0,0.0,-3.1420681457928196e-18,,,,False,False,False
ricardo99xx,2,0.0,2,2,2,2,3.0,2.0,0.0005134892208387746,0.0027264850359470837,3.0,0.0,0.0,False,False,False
rich_evans_chortle,4,0.5,2,2,2,2,2.0,4.0,0.0,0.005917973805327584,2.0,0.0,0.0,False,False,False
richiesaidohyea,1,0.0,0,1,0,1,0.0,1.0,0.0,2.2450925670794616e-18,,,,False,False,False
rinbeastie,1,0.0,1,1,1,1,1.0,1.0,0.0,6.40166938994204e-19,1.0,0.0,0.0,False,False,False
rindavid,1,0.0,0,1,0,1,0.0,1.0,0.0,2.502848152846302e-19,,,,False,False,False
ringbearer90,1,0.0,0,1,0,1,0.0,1.0,0.0,-5.8190957186561475e-18,,,,False,False,False
ringod-123,2,0.0,0,2,0,2,0.0,2.0,0.0,7.592547316541011e-18,,,,False,False,False
ripzcritical,1,0.0,0,1,0,1,0.0,1.0,0.0,-2.806183671206857e-18,,,,False,False,False
rngezzus,2,0.0,1,2,1,2,1.0,2.0,0.0011335791031355468,0.0073147633408823295,1.0,0.0,0.0,False,False,False
robearbil,1,0.0,0,1,0,1,0.0,1.0,0.0,-1.8895462110057384e-18,,,,False,False,False
robisvi,1,0.0,0,1,0,1,0.0,1.0,0.0,-2.4144266860061043e-18,,,,False,False,False
rocketenthusiast,1,0.0,2,1,2,1,2.0,1.0,0.00019899108599664262,0.0008781923396104037,2.0,0.0,0.0,False,False,False
rockwithamedicinecup,11,0.0,4,3,4,3,9.0,11.0,0.0003568927123240937,0.01792174528729904,9.0,0.0,0.0,True,False,False
rodeo670,1,0.0,0,1,0,1,0.0,1.0,0.0,-8.335573440081641e-19,,,,False,False,False
roguechampion,1,0.0,0,1,0,1,0.0,1.0,0.0,6.894487522572408e-18,,,,False,False,False
romanaroundtheplace,1,0.0,0,1,0,1,0.0,1.0,0.0,-5.090876741956513e-19,,,,False,False,False
romcomreject,1,0.0,0,1,0,1,0.0,1.0,0.0,-6.6742902697044956e-18,,,,False,False,False
ronin_uchiha,1,0.0,1,1,1,1,1.0,1.0,0.0,0.0019999506103066476,1.0,0.0,0.0,False,False,False
rookie_fox,1,0.0,0,1,0,1,0.0,1.0,0.0,-2.0762350402597625e-18,,,,False,False,False
rosh_jogers,2,0.0,1,1,1,1,1.0,2.0,0.0,0.009920175367045687,1.0,0.0,0.0,False,False,False
roterrabe,1,1.0,1,1,1,1,2.0,1.0,0.0,0.0024976568156812188,2.0,0.0,0.0,False,False,False
rottingsextoy,4,0.0,2,3,2,3,2.0,3.0,0.0028626739128218277,0.01112095497568594,2.0,0.0,0.0,False,False,False
rough-implement-5724,5,0.0,3,4,3,4,3.0,5.0,0.0006757122660167407,0.03526790835730004,3.0,0.0,0.0,False,False,False
round-investigator67,8,0.0,3,4,3,4,4.0,8.0,0.0032807961810007204,0.04284713010760007,4.0,0.0,0.0,False,False,False
routineorange4921,1,0.0,0,1,0,1,0.0,1.0,0.0,-2.8060754955816922e-18,,,,False,False,False
rsdeciomurro,1,0.0,0,1,0,1,0.0,1.0,0.0,3.651060330984629e-18,,,,False,False,False
ruby257,1,0.0,0,1,0,1,0.0,1.0,0.0,-4.897170889033033e-18,,,,False,False,False
runandblunt1691,1,0.0,0,1,0,1,0.0,1.0,0.0,-2.207134444747231e-18,,,,False,False,False
runninginthefamily,2,0.0,1,2,1,2,1.0,2.0,6.726381690502865e-07,0.0023445128427661303,1.0,0.0,0.0,False,False,False
rusketty,1,0.0,1,1,1,1,1.0,1.0,0.0,0.00843576004100522,1.0,0.0,0.0,False,False,False
ruskiiiiiiiii,4,0.25,3,4,3,4,4.0,4.0,0.0006174595638457258,0.010151336038970131,4.0,0.0,0.0,False,False,False
russellvt,3,0.0,2,2,2,2,3.0,3.0,0.0007923528690842228,0.04617965835280268,3.0,0.0,0.0,False,False,False
rusticals303,7,0.0,4,7,4,7,4.0,7.0,0.002898132002158932,0.016398419719066918,4.0,0.0,0.0,True,False,False
ryithian,8,0.0,3,6,3,6,3.0,7.0,0.0005827301558372336,0.01785346489396233,3.0,0.0,0.0,False,False,False
rylo151,1,0.0,0,1,0,1,0.0,1.0,0.0,-4.924458136826502e-18,,,,False,False,False
rymork,2,0.0,3,2,3,2,3.0,2.0,0.0015293983056061248,0.05399260481195227,3.0,0.0,0.0,False,False,False
rynnb1983,4,0.0,2,3,2,3,3.0,4.0,0.00011568253730262142,0.001404856022583933,3.0,0.0,0.0,False,False,False
s4ndfire,1,0.0,0,1,0,1,0.0,1.0,0.0,3.47333568878542e-18,,,,False,False,False
sabababa_blacksheep,1,0.0,0,1,0,1,0.0,1.0,0.0,3.592807280362008e-18,,,,False,False,False
sacrednym,2,0.0,2,2,2,2,2.0,2.0,0.0002049493116101339,-2.584035347754032e-18,2.0,0.0,0.0,False,False,False
sailoresmeraude,1,0.0,0,1,0,1,0.0,1.0,0.0,6.113182881249984e-18,,,,False,False,False
sajiri,1,0.0,3,1,3,1,3.0,1.0,0.00020032473313009893,-1.7346550271655992e-18,3.0,0.0,0.0,False,False,False
saladfingers994,7,0.0,5,4,5,4,8.0,7.0,0.0015778717240091248,0.04974641243334389,8.0,0.0,0.0,True,False,True
salamanticormorant,2,0.0,0,2,0,2,0.0,2.0,0.0,-3.487417981287797e-18,,,,False,False,False
salientdred,1,0.0,1,1,1,1,1.0,1.0,0.0,0.009453248043151596,1.0,0.0,0.0,False,False,False
salreth,2,0.0,1,2,1,2,1.0,2.0,7.286284961428593e-05,0.0037675597080203,1.0,0.0,0.0,False,False,False
salty-nea,1,0.0,0,1,0,1,0.0,1.0,0.0,-5.658621224281458e-18,,,,False,False,False
samuel_l_blackson,1,0.0,1,1,1,1,1.0,1.0,0.00037716521034248876,0.03994431502840328,1.0,0.0,0.0,False,False,False
sanadanobushige,1,0.0,0,1,0,1,0.0,1.0,0.0,4.6126066971423594e-18,,,,False,False,False
sangerssequence,2,0.0,1,2,1,2,1.0,2.0,3.7851683917250944e-05,0.00025804539571469505,1.0,0.0,0.0,False,False,False
sannhetsvir,2,0.0,1,1,1,1,2.0,2.0,0.0,0.017568907911356842,2.0,0.0,0.0,False,False,False
sanreup,2,0.0,1,2,1,2,1.0,2.0,0.0001851013944305047,7.788303223295222e-19,1.0,0.0,0.0,False,False,False
saphi93,1,0.0,0,1,0,1,0.0,1.0,0.0,-1.9636916896530344e-18,,,,False,False,False
sarashana,2,0.0,0,2,0,2,0.0,2.0,0.0,-7.524267417772505e-18,,,,False,False,False
sarspazzard,1,0.0,0,1,0,1,0.0,1.0,0.0,1.3100399823283535e-18,,,,False,False,False
saruthesage,1,0.0,0,1,0,1,0.0,1.0,0.0,-7.20910520304833e-18,,,,False,False,False
satellite-2348,1,0.0,2,1,2,1,2.0,1.0,0.00020155838182765541,0.0012191281558618183,2.0,0.0,0.0,False,False,False
sbr32,1,0.0,0,1,0,1,0.0,1.0,0.0,-4.989598385647306e-18,,,,False,False,False
schiffy94,7,0.0,3,7,3,7,3.0,7.0,0.001541702829540106,0.009494891187325468,3.0,0.0,0.0,False,False,False
schlubadubdub,1,0.0,1,1,1,1,1.0,1.0,0.0,0.009163519584901858,1.0,0.0,0.0,False,False,False
schntgaispork,8,0.0,6,7,6,7,7.0,8.0,0.0025357783128176917,0.01986298336671853,7.0,0.0,0.0,True,False,True
sciencebitch89,1,0.0,1,1,1,1,1.0,1.0,0.0,-1.8660903529479715e-18,1.0,0.0,0.0,False,False,False
scochrancpslo,1,0.0,0,1,0,1,0.0,1.0,0.0,-2.5493111096058526e-18,,,,False,False,False
scullingpointers,1,0.0,0,1,0,1,0.0,1.0,0.0,6.71147183403586e-18,,,,False,False,False
se7enfeet,1,0.0,0,1,0,1,0.0,1.0,0.0,2.033074830396878e-18,,,,False,False,False
sea-pomegranate-1203,2,0.0,42,2,42,2,44.0,2.0,0.005597797847828669,0.06575007253237325,44.0,0.0,0.0,True,False,True
sealclubberfan,3,0.0,1,3,1,3,1.0,3.0,1.9139998354654265e-05,0.0002107078837029026,1.0,0.0,0.0,False,False,False
seattire,1,0.0,0,1,0,1,0.0,1.0,0.0,-5.7323885614760835e-18,,,,False,False,False
sebiny,3,0.0,2,2,2,2,3.0,3.0,0.0005313095580875598,0.0020948798203759967,3.0,0.0,0.0,False,False,False
sedopolomut,1,0.0,0,1,0,1,0.0,1.0,0.0,4.394972579313521e-18,,,,False,False,False
seeswithbrain,2,0.5,3,2,3,2,3.0,2.0,0.0008531706014772952,0.019310523154381597,3.0,0.0,0.0,False,False,False
self_of_steam,1,0.0,0,1,0,1,0.0,1.0,0.0,-6.559705960749832e-18,,,,False,False,False
seminolegirl1992,1,0.0,0,1,0,1,0.0,1.0,0.0,-1.988288535032311e-18,,,,False,False,False
semperphi60,1,0.0,0,1,0,1,0.0,1.0,0.0,2.0319152528443773e-18,,,,False,False,False
sensitive_piglet3943,1,0.0,1,1,1,1,1.0,1.0,0.0,0.006226545030372686,1.0,0.0,0.0,False,False,False
sensitivedrama5459,1,0.0,0,1,0,1,0.0,1.0,0.0,6.196079526207976e-18,,,,False,False,False
sentence-inside,2,0.0,0,2,0,2,0.0,2.0,0.0,2.490155509227699e-18,,,,False,False,False
sephoratheexplorer,1,0.0,0,1,0,1,0.0,1.0,0.0,6.73438238414409e-18,,,,False,False,False
seravajan,14,0.0,3,5,3,5,11.0,14.0,0.0016435093496412548,0.014113464962366524,11.0,0.0,0.0,False,False,True
sergeace,1,0.0,1,1,1,1,1.0,1.0,9.873978704960566e-07,0.0002611414011152397,1.0,0.0,0.0,False,False,False
serifan,1,0.0,0,1,0,1,0.0,1.0,0.0,-2.4872017393656397e-18,,,,False,False,False
servanious,1,0.0,0,1,0,1,0.0,1.0,0.0,5.314020456308184e-18,,,,False,False,False
seshprinny,1,0.0,1,1,1,1,1.0,1.0,0.0,0.0007474828148941519,1.0,0.0,0.0,False,False,False
settra_rulez,1,0.0,0,1,0,1,0.0,1.0,0.0,2.919923487626889e-18,,,,False,False,False
sgtvincecarter,1,0.0,0,1,0,1,0.0,1.0,0.0,5.580415551427248e-18,,,,False,False,False
shad_77381,3,0.0,7,2,7,2,8.0,2.0,0.001405783682851346,0.014619098921795125,8.0,0.0,0.0,True,False,False
shadelily,2,0.0,0,2,0,2,0.0,2.0,0.0,-4.1573315858282706e-19,,,,False,False,False
shadow3777,1,0.0,0,1,0,1,0.0,1.0,0.0,6.188548814740787e-18,,,,False,False,False
shadowrain2,1,0.0,1,1,1,1,1.0,1.0,0.0,0.009263133141093692,1.0,0.0,0.0,False,False,False
shahtootahmed,6,0.0,11,6,11,6,11.0,6.0,0.002897663533735891,0.0023864238803732204,11.0,0.0,0.0,True,False,True
shalliar,2,0.0,1,2,1,2,1.0,2.0,3.302034624026064e-05,0.0005659797301494372,1.0,0.0,0.0,False,False,False
shananigan48,1,0.0,0,1,0,1,0.0,1.0,0.0,6.561321398669807e-18,,,,False,False,False
shaneb966666,1,0.0,1,1,1,1,1.0,1.0,0.0,0.007406793039462647,1.0,0.0,0.0,False,False,False
shaniq_,1,0.0,0,1,0,1,0.0,1.0,0.0,2.2190198989777234e-18,,,,False,False,False
shapeshift13yt,5,0.0,4,3,4,3,4.0,5.0,0.0009523097520670935,0.0011215191906293824,4.0,0.0,0.0,True,False,False
shargonathi,1,0.0,0,1,0,1,0.0,1.0,0.0,4.807944068169453e-18,,,,False,False,False
shaun_527,2,0.0,20,2,20,2,20.0,2.0,0.0028387396685616594,0.015524790748925047,20.0,0.0,0.0,True,False,True
sheephound,1,0.0,0,1,0,1,0.0,1.0,0.0,4.581236231221275e-18,,,,False,False,False
sheisabadmamajama,1,0.0,0,1,0,1,0.0,1.0,0.0,7.260523351373984e-18,,,,False,False,False
sheriffofbulbingham,1,0.0,2,1,2,1,2.0,1.0,0.00018493000425047647,0.001100298980281765,2.0,0.0,0.0,False,False,False
shermanbiggs,1,0.0,0,1,0,1,0.0,1.0,0.0,1.7118832865349542e-18,,,,False,False,False
shiloh_sharps,3,0.0,3,3,3,3,3.0,3.0,0.00040079420172961435,0.015156016630561054,3.0,0.0,0.0,False,False,False
shingetsumoon,1,0.0,0,1,0,1,0.0,1.0,0.0,2.4148861945718694e-18,,,,False,False,False
shinryoku-ichi,5,0.0,4,5,4,5,4.0,5.0,0.001728054628895586,0.005898223170176755,4.0,0.0,0.0,True,False,False
shinybac0n,1,0.0,1,1,1,1,1.0,1.0,0.0,0.009163519584901867,1.0,0.0,0.0,False,False,False
shinzakuro,5,0.0,0,5,0,5,0.0,5.0,0.0,-5.910033583325938e-18,,,,False,False,False
shmity7272,1,0.0,0,1,0,1,0.0,1.0,0.0,-7.200487603652312e-19,,,,False,False,False
shootyoureyeout,2,0.0,0,2,0,2,0.0,2.0,0.0,-1.4303226648050829e-18,,,,False,False,False
shot_intention_2495,1,0.0,0,1,0,1,0.0,1.0,0.0,6.822033576293844e-18,,,,False,False,False
shrooms60,1,0.0,0,1,0,1,0.0,1.0,0.0,9.683895990489942e-19,,,,False,False,False
sianic12,1,0.0,0,1,0,1,0.0,1.0,0.0,-9.370302765999546e-19,,,,False,False,False
sibre2001,1,0.0,0,1,0,1,0.0,1.0,0.0,-4.14134515405138e-18,,,,False,False,False
sicirca,2,0.0,1,1,1,1,1.0,2.0,0.0,0.00038775437115304913,1.0,0.0,0.0,False,False,False
sidewaves,10,0.0,8,10,8,10,10.0,10.0,0.0036462938333673032,0.016536722057427004,10.0,0.0,0.0,True,False,True
significant-limit-91,1,0.0,0,1,0,1,0.0,1.0,0.0,-4.52703541077686e-18,,,,False,False,False
significant-use6339,1,0.0,0,1,0,1,0.0,1.0,0.0,6.0025847630597796e-18,,,,False,False,False
significant_lime4361,8,0.375,20,8,20,8,20.0,8.0,0.005764884491729001,0.048439443471277197,20.0,0.0,0.0,True,True,True
significant_smile652,2,0.0,1,2,1,2,1.0,2.0,1.1117958120434606e-05,6.422198091593733e-18,1.0,0.0,0.0,False,False,False
silentsolitude90,1,0.0,0,1,0,1,0.0,1.0,0.0,-8.476812293578283e-19,,,,False,False,False
silver_heathen,1,0.0,0,1,0,1,0.0,1.0,0.0,-7.389916337539976e-18,,,,False,False,False
silverleaf_unicorn,1,0.0,1,1,1,1,1.0,1.0,0.0,0.010459843421976258,1.0,0.0,0.0,False,False,False
simplelengthiness246,3,0.3333333333333333,2,1,2,1,3.0,3.0,0.00011542842970252068,0.007234538695596724,3.0,0.0,0.0,False,False,False
simplysalamander,2,0.0,6,2,6,2,6.0,2.0,1.082941094664183e-05,0.00016809766194762486,6.0,0.0,0.0,True,False,False
simplysickened,1,0.0,0,1,0,1,0.0,1.0,0.0,-5.768355668406858e-19,,,,False,False,False
sionnabhan,3,0.0,2,2,2,2,4.0,3.0,0.0,0.003789574371005972,4.0,0.0,0.0,False,False,False
sir_moleo,1,0.0,0,1,0,1,0.0,1.0,0.0,4.792725578206675e-18,,,,False,False,False
sir_quackberry,1,0.0,0,1,0,1,0.0,1.0,0.0,-1.4889851377112095e-18,,,,False,False,False
sirius-moonlite,1,0.0,1,1,1,1,1.0,1.0,0.0,-6.6387672356344245e-18,1.0,0.0,0.0,False,False,False
sirkalevi,9,0.0,4,9,4,9,4.0,9.0,0.0037036020316096353,0.031222510291909946,4.0,0.0,0.0,True,False,False
sirlongus,1,0.0,0,1,0,1,0.0,1.0,0.0,-3.78696776816093e-18,,,,False,False,False
sirpuddius,1,0.0,0,1,0,1,0.0,1.0,0.0,-7.185859122491839e-18,,,,False,False,False
skabassj,14,0.0714285714285714,7,14,7,14,7.0,14.0,0.006298871099404302,0.034508961664261845,7.0,0.0,0.0,True,False,True
skarabray,1,0.0,0,1,0,1,0.0,1.0,0.0,-8.22806512430834e-19,,,,False,False,False
skibiditoilet4206969,3,0.0,2,1,2,1,2.0,3.0,0.0001851013944305047,-2.0650782629089627e-18,2.0,0.0,0.0,False,False,False
skinnycheeks,9,0.0,9,5,9,5,14.0,9.0,0.001338287648353016,0.010740634114179571,14.0,0.0,0.0,True,False,False
skinnydavesfw,1,0.0,0,1,0,1,0.0,1.0,0.0,7.064589774698172e-18,,,,False,False,False
skinpizza86,1,0.0,0,1,0,1,0.0,1.0,0.0,-2.987679465924713e-18,,,,False,False,False
skirkfan1010,3,0.0,1,3,1,3,1.0,3.0,0.00012617797807024661,0.00016698411259120007,1.0,0.0,0.0,False,False,False
skolr19,1,0.0,0,1,0,1,0.0,1.0,0.0,-2.3456177547904536e-18,,,,False,False,False
skyreckoning,10,0.0,4,9,4,9,5.0,10.0,0.0027014316542090617,0.013028216026749227,5.0,0.0,0.0,True,False,True
slade21xx,1,0.0,0,1,0,1,0.0,1.0,0.0,3.8943454211145415e-18,,,,False,False,False
slayerofdemons96,5,0.0,5,5,5,5,5.0,5.0,0.004485514727821676,0.01102021822380978,5.0,0.0,0.0,True,False,True
sleazykinglothric,8,0.25,1,7,1,7,3.0,8.0,0.0019346785215840073,0.015076299481370214,3.0,0.0,0.0,False,True,False
sleeper-of-rlyeh,1,0.0,1,1,1,1,1.0,1.0,0.0,0.0011354193159740476,1.0,0.0,0.0,False,False,False
slenderfuchsbau,2,0.0,1,2,1,2,1.0,2.0,2.0138346153318798e-06,0.0012844838574417546,1.0,0.0,0.0,False,False,False
slghtlystpd,1,0.0,0,1,0,1,0.0,1.0,0.0,-6.069463641717464e-18,,,,False,False,False
slip9419,1,0.0,1,1,1,1,1.0,1.0,1.7976917876581397e-05,0.0018573063366166317,1.0,0.0,0.0,False,False,False
slymcfadden001,1,0.0,0,1,0,1,0.0,1.0,0.0,-7.976652169222453e-18,,,,False,False,False
smallmalexia3,1,0.0,0,1,0,1,0.0,1.0,0.0,5.335215162266557e-19,,,,False,False,False
smaxx,2,0.0,0,2,0,2,0.0,2.0,0.0,-5.379185377808028e-18,,,,False,False,False
smb75,1,0.0,0,1,0,1,0.0,1.0,0.0,-2.5383748085537017e-20,,,,False,False,False
smoothblueberry9507,1,0.0,0,1,0,1,0.0,1.0,0.0,-3.8907477440942504e-18,,,,False,False,False
smorlokdelok,1,1.0,0,1,0,1,0.0,1.0,0.0,9.245907261310294e-19,,,,False,False,False
smurfpants84,1,0.0,2,1,2,1,2.0,1.0,2.036468207961173e-05,0.0043430355384567595,2.0,0.0,0.0,False,False,False
smuttley05,1,0.0,0,1,0,1,0.0,1.0,0.0,-4.070256787257646e-18,,,,False,False,False
snakethatheals,1,0.0,0,1,0,1,0.0,1.0,0.0,3.175100449085619e-19,,,,False,False,False
sneakysoap,1,0.0,1,1,1,1,1.0,1.0,6.182220624756926e-06,1.6341597239096947e-18,1.0,0.0,0.0,False,False,False
snoo56329,2,0.0,1,2,1,2,1.0,2.0,4.614999730379598e-06,0.001999950610306647,1.0,0.0,0.0,False,False,False
snoopeanuts6597,3,0.0,20,3,20,3,20.0,3.0,0.0037719018311681597,0.044250576394759544,20.0,0.0,0.0,True,False,True
snootomatoes34,4,0.0,1,3,1,3,1.0,4.0,0.0005207942754412913,0.022901088429318345,1.0,0.0,0.0,False,False,False
snowcrackerz,1,0.0,0,1,0,1,0.0,1.0,0.0,5.836373894749531e-18,,,,False,False,False
snowflake37wao,1,0.0,0,1,0,1,0.0,1.0,0.0,4.8025396937255226e-18,,,,False,False,False
snuukki,1,1.0,0,1,0,1,0.0,1.0,0.0,-3.632437616057189e-18,,,,False,False,False
sock_acc,3,0.0,18,3,18,3,19.0,3.0,0.003386124741690817,0.03240104190547587,19.0,0.0,0.0,True,False,True
sohn_jmith,4,0.0,2,3,2,3,3.0,4.0,0.0008451903006919751,0.0032984629304228462,3.0,0.0,0.0,False,False,False
sol_west,6,0.0,8,5,8,5,10.0,6.0,0.004183696946650724,0.06426428932900985,10.0,0.0,0.0,True,False,True
sola_dosis,1,0.0,0,1,0,1,0.0,1.0,0.0,4.153844375206667e-19,,,,False,False,False
solaphobe,1,0.0,0,1,0,1,0.0,1.0,0.0,5.528200530373857e-18,,,,False,False,False
solid-beast,1,0.0,1,1,1,1,1.0,1.0,1.1845071573168806e-06,0.011079245725935487,1.0,0.0,0.0,False,False,False
solid_government_251,3,0.0,10,2,10,2,13.0,3.0,0.0012818818147285493,0.04193111531581409,13.0,0.0,0.0,True,False,False
someonewhoisawesomer,1,0.0,0,1,0,1,0.0,1.0,0.0,1.6258692344074695e-18,,,,False,False,False
someraginggamer,3,0.0,0,3,0,3,0.0,3.0,0.0,8.543677381207307e-19,,,,False,False,False
somethingpowerful,1,0.0,0,1,0,1,0.0,1.0,0.0,6.885512152606317e-18,,,,False,False,False
sometimeslibby,1,0.0,0,1,0,1,0.0,1.0,0.0,5.414790661019345e-18,,,,False,False,False
song_the_stringer,1,0.0,0,1,0,1,0.0,1.0,0.0,-6.974890515526182e-18,,,,False,False,False
sonnytherobot,1,0.0,0,1,0,1,0.0,1.0,0.0,-4.635009422601531e-18,,,,False,False,False
sorry-eggplant-2563,1,0.0,0,1,0,1,0.0,1.0,0.0,-2.910155309323261e-18,,,,False,False,False
sothasilshusband,4,0.0,4,3,4,3,6.0,4.0,0.0013280224887251846,0.018354757859749087,6.0,0.0,0.0,True,False,False
southern_courage_770,1,0.0,0,1,0,1,0.0,1.0,0.0,7.559916469518952e-18,,,,False,False,False
spacemountaincookie,1,0.0,0,1,0,1,0.0,1.0,0.0,1.3368880489930944e-18,,,,False,False,False
spamella-anne,2,0.0,0,2,0,2,0.0,2.0,0.0,-7.734302794008902e-18,,,,False,False,False
spanish_peanuts,1,0.0,1,1,1,1,1.0,1.0,0.0,0.01519232351911767,1.0,0.0,0.0,False,False,False
spannerfrew,3,0.0,0,3,0,3,0.0,3.0,0.0,1.7952029297422686e-18,,,,False,False,False
sparesalamander,1,0.0,0,1,0,1,0.0,1.0,0.0,-1.0403913624453334e-18,,,,False,False,False
spatularo,1,0.0,0,1,0,1,0.0,1.0,0.0,-1.4510966891334626e-18,,,,False,False,False
special_fishing_2337,1,0.0,0,1,0,1,0.0,1.0,0.0,-4.8713273253468335e-18,,,,False,False,False
special_grapefroot,1,0.0,0,1,0,1,0.0,1.0,0.0,-2.4917097515104936e-18,,,,False,False,False
special_jackfruit_40,1,0.0,1,1,1,1,1.0,1.0,0.0,0.0012823705380499706,1.0,0.0,0.0,False,False,False
specialist-one-4294,2,0.0,1,2,1,2,1.0,2.0,2.5750540834725887e-05,0.001999950610306656,1.0,0.0,0.0,False,False,False
specialistconcept423,2,0.0,1,1,1,1,1.0,2.0,0.0,0.002670082729355577,1.0,0.0,0.0,False,False,False
spencyn,1,0.0,1,1,1,1,1.0,1.0,0.0,0.0018858258259167467,1.0,0.0,0.0,False,False,False
spicyturnip617,5,0.0,2,5,2,5,2.0,5.0,0.000813332491295157,0.003431082101635655,2.0,0.0,0.0,False,False,False
spinachnpotatoes,8,0.0,2,8,2,8,2.0,8.0,0.0016841875033133415,0.012528778129125395,2.0,0.0,0.0,False,False,False
spir0rion,2,0.0,0,1,0,1,0.0,2.0,0.0,7.357704446540546e-18,,,,False,False,False
spite-even,1,0.0,0,1,0,1,0.0,1.0,0.0,-2.9486630991584934e-18,,,,False,False,False
spliv316,1,0.0,0,1,0,1,0.0,1.0,0.0,3.0935415861493015e-18,,,,False,False,False
spookyhaunted7734,1,0.0,0,1,0,1,0.0,1.0,0.0,-4.265102641627837e-18,,,,False,False,False
spoqster,9,0.0,49,7,49,7,55.0,9.0,0.010866413635707377,0.1703466050504965,55.0,0.0,0.0,True,False,True
standard_brilliant17,1,0.0,1,1,1,1,1.0,1.0,6.855607201129804e-07,0.002927135051197676,1.0,0.0,0.0,False,False,False
starborn-wanderer,1,0.0,0,1,0,1,0.0,1.0,0.0,-5.735924057268744e-18,,,,False,False,False
starkerealm,7,0.0,2,6,2,6,2.0,7.0,0.0007768678464247994,0.00233950686753099,2.0,0.0,0.0,False,False,False
starszia,2,0.0,0,2,0,2,0.0,2.0,0.0,-2.796807231916873e-18,,,,False,False,False
status-tumbleweed-84,12,0.0833333333333333,2,12,2,12,2.0,12.0,0.0013632954435670427,0.01272446339771584,2.0,0.0,0.0,False,False,False
stavebrokenstaff,1,0.0,0,1,0,1,0.0,1.0,0.0,-6.102231215697216e-18,,,,False,False,False
stayinyourhouse,1,0.0,0,1,0,1,0.0,1.0,0.0,3.4286376823901377e-18,,,,False,False,False
steampvnch,1,0.0,0,1,0,1,0.0,1.0,0.0,-2.8565215013577684e-18,,,,False,False,False
steelkrom,1,0.0,0,1,0,1,0.0,1.0,0.0,-2.5010778103945363e-18,,,,False,False,False
steinillac,3,0.0,0,2,0,2,0.0,3.0,0.0,7.028996604615725e-18,,,,False,False,False
stfrancia,2,0.0,0,2,0,2,0.0,2.0,0.0,-3.871141938154656e-18,,,,False,False,False
stgerris,1,0.0,0,1,0,1,0.0,1.0,0.0,6.79189843619256e-18,,,,False,False,False
stonedcaterpill4r,1,0.0,1,1,1,1,1.0,1.0,0.0,0.0010063125100758718,1.0,0.0,0.0,False,False,False
stoneybongmcdopedoom,1,0.0,0,1,0,1,0.0,1.0,0.0,5.312149976983537e-18,,,,False,False,False
stormborn_rage,2,0.0,1,2,1,2,1.0,2.0,0.0,0.012474268761679464,1.0,0.0,0.0,False,False,False
storminvoidbringr588,1,0.0,1,1,1,1,1.0,1.0,0.0001851013944305047,6.949920403791384e-18,1.0,0.0,0.0,False,False,False
straight-fox-9388,9,0.1111111111111111,1,7,1,7,2.0,9.0,4.933883678330637e-05,-4.531245313585118e-18,2.0,0.0,0.0,False,False,False
strawberry_sheep,3,0.0,0,3,0,3,0.0,3.0,0.0,5.8615154017290565e-18,,,,False,False,False
street-baker,2,0.0,0,1,0,1,0.0,1.0,0.0,2.0652783756726315e-18,,,,False,False,False
street_glove_5737,2,0.0,0,2,0,2,0.0,2.0,0.0,3.409982124634451e-19,,,,False,False,False
strict-pair-6518,8,0.0,3,6,3,6,3.0,8.0,0.00033752760751899297,0.0018138645192065626,3.0,0.0,0.0,False,False,False
strupy,1,0.0,2,1,2,1,2.0,1.0,1.649581008447299e-05,0.012307703525801144,2.0,0.0,0.0,False,False,False
stuartx13,1,0.0,0,1,0,1,0.0,1.0,0.0,9.092134587893161e-19,,,,False,False,False
stunning-split3016,1,0.0,1,1,1,1,1.0,1.0,0.0001851013944305047,-5.348023198799323e-18,1.0,0.0,0.0,False,False,False
stuntman06,5,0.0,1,4,1,4,1.0,5.0,0.00015302740876658156,0.020748614135495266,1.0,0.0,0.0,False,False,False
stupiduselesshuman,1,0.0,0,1,0,1,0.0,1.0,0.0,2.3242837501827826e-18,,,,False,False,False
stylepolice,1,0.0,0,1,0,1,0.0,1.0,0.0,-4.2698756419125964e-19,,,,False,False,False
subconscioussunflowa,1,0.0,0,1,0,1,0.0,1.0,0.0,1.197654082616651e-18,,,,False,False,False
subject-cabinet6480,1,0.0,1,1,1,1,1.0,1.0,0.00018510139443050466,-2.3724785752011953e-18,1.0,0.0,0.0,False,False,False
substantial-pack-105,2,0.0,1,1,1,1,1.0,2.0,0.0,-4.906250720351488e-18,1.0,0.0,0.0,False,False,False
substantialsoup1696,1,0.0,1,1,1,1,1.0,1.0,0.0,-1.0640217396277599e-19,1.0,0.0,0.0,False,False,False
subtl3ty7,1,0.0,0,1,0,1,0.0,1.0,0.0,-1.900258232842167e-18,,,,False,False,False
successstory066,1,0.0,0,1,0,1,0.0,1.0,0.0,3.951916194065851e-18,,,,False,False,False
suddendepact,4,0.0,4,3,4,3,5.0,4.0,0.0011065048023034922,0.016863806214247146,5.0,0.0,0.0,True,False,False
suffragette,1,0.0,0,1,0,1,0.0,1.0,0.0,1.913719991050119e-18,,,,False,False,False
sugarycyanide,1,0.0,0,1,0,1,0.0,1.0,0.0,-9.090161257569123e-20,,,,False,False,False
suhkandis,1,0.0,20,1,20,1,20.0,1.0,0.0003474078949172528,0.06354827408166568,20.0,0.0,0.0,True,False,False
suitable-mud-3239,1,0.0,3,1,3,1,3.0,1.0,5.2770176815457896e-05,0.007303784151095808,3.0,0.0,0.0,False,False,False
sukeban_x,7,0.0,3,7,3,7,3.0,7.0,0.004236105317855892,0.008414344938969047,3.0,0.0,0.0,False,False,False
summertechnical1066,1,0.0,0,1,0,1,0.0,1.0,0.0,4.959703287551984e-18,,,,False,False,False
supachenko82,6,0.0,1,5,1,5,2.0,6.0,0.0006629817953433321,0.009069513748819516,2.0,0.0,0.0,False,False,False
super_plastic5069,2,0.0,0,2,0,2,0.0,2.0,0.0,-3.1269539477594285e-18,,,,False,False,False
superbindependence85,1,0.0,0,1,0,1,0.0,1.0,0.0,-2.3466047053971237e-18,,,,False,False,False
superdrew91,1,0.0,1,1,1,1,1.0,1.0,5.990494863844377e-06,8.018737768984345e-05,1.0,0.0,0.0,False,False,False
superh3r01n3,1,0.0,0,1,0,1,0.0,1.0,0.0,8.502974043622603e-19,,,,False,False,False
supermarketlost7854,1,0.0,0,1,0,1,0.0,1.0,0.0,3.49761042200437e-18,,,,False,False,False
supershutze,3,0.0,1,3,1,3,1.0,3.0,1.1464238824506055e-05,4.530496933032828e-18,1.0,0.0,0.0,False,False,False
supersmashy,1,0.0,0,1,0,1,0.0,1.0,0.0,1.6898488947186972e-18,,,,False,False,False
supremegcx,1,0.0,0,1,0,1,0.0,1.0,0.0,5.7448402297473495e-18,,,,False,False,False
sven_re,5,0.0,6,5,6,5,7.0,5.0,0.002164593304256662,0.022286645291609772,7.0,0.0,0.0,True,False,True
swimming_expert7480,25,0.16,10,14,10,14,18.0,25.0,0.009610862784233358,0.04808415481852683,18.0,0.0,0.0,True,False,True
swoopy_doopy,2,0.0,0,2,0,2,0.0,2.0,0.0,1.798145947656025e-18,,,,False,False,False
swordos,1,0.0,0,1,0,1,0.0,1.0,0.0,-4.61195826954484e-18,,,,False,False,False
sybillaprophetis,4,0.0,38,4,38,4,38.0,4.0,0.005951863310902748,0.049128311277107865,38.0,0.0,0.0,True,False,True
syngethereddragon,6,0.1666666666666666,3,5,3,5,4.0,6.0,0.0013354368062677392,0.011910184592434403,4.0,0.0,0.0,False,False,False
sypher001,1,1.0,0,1,0,1,0.0,1.0,0.0,5.077603224876954e-18,,,,False,False,False
syuryp,1,0.0,0,1,0,1,0.0,1.0,0.0,6.141444343104163e-18,,,,False,False,False
syzygialchaos,3,0.0,1,3,1,3,1.0,3.0,0.0001645466442114805,0.044539356768800664,1.0,0.0,0.0,False,False,False
t-980,1,0.0,0,1,0,1,0.0,1.0,0.0,2.285162525877397e-18,,,,False,False,False
t3vvyw,33,0.0606060606060606,13,23,13,23,15.0,33.0,0.013482471890143009,0.05893853438238216,15.0,0.0,0.0,True,False,True
tacos_an_shrooms,2,0.0,1,2,1,2,1.0,2.0,0.00013203772101493292,0.011252966526488448,1.0,0.0,0.0,False,False,False
tactikalkitty,2,0.0,1,2,1,2,1.0,2.0,0.0,0.002490407118319196,1.0,0.0,0.0,False,False,False
taisynn,1,0.0,1,1,1,1,1.0,1.0,0.0,4.177183554828109e-19,1.0,0.0,0.0,False,False,False
taiyat,1,0.0,0,1,0,1,0.0,1.0,0.0,-4.831112030001773e-18,,,,False,False,False
takeitalll,1,0.0,0,1,0,1,0.0,1.0,0.0,-4.562832613173777e-18,,,,False,False,False
takelodeon,1,0.0,0,1,0,1,0.0,1.0,0.0,-6.354664733129698e-18,,,,False,False,False
talden7887,1,0.0,0,1,0,1,0.0,1.0,0.0,-3.583225784236872e-18,,,,False,False,False
taleof2cities_,64,0.0,31,56,31,56,35.0,64.0,0.06635460453085802,0.26827891088401834,35.0,0.0,0.0,True,False,True
talespinnereu,7,0.0,3,5,3,5,4.0,7.0,0.0007108816140892913,0.010276362280589202,4.0,0.0,0.0,False,False,False
talkdirtypls,1,0.0,0,1,0,1,0.0,1.0,0.0,4.353621982051939e-18,,,,False,False,False
tallulah1149,1,0.0,0,1,0,1,0.0,1.0,0.0,5.007523770769594e-18,,,,False,False,False
tamaldelimon,2,0.0,0,2,0,2,0.0,2.0,0.0,-6.914559349060286e-18,,,,False,False,False
tankinatorfr,2,0.0,10,2,10,2,10.0,2.0,0.0005887948617258095,0.036280588835945066,10.0,0.0,0.0,True,False,False
tannissar,1,0.0,0,1,0,1,0.0,1.0,0.0,6.7838006136810986e-18,,,,False,False,False
tar-nuine,1,0.0,0,1,0,1,0.0,1.0,0.0,5.777897386949605e-18,,,,False,False,False
tarponpet,1,0.0,0,1,0,1,0.0,1.0,0.0,2.000311997790615e-18,,,,False,False,False
tarrek1313,1,0.0,0,1,0,1,0.0,1.0,0.0,-3.1310046783304866e-18,,,,False,False,False
tattooedpink,3,0.0,5,2,5,2,6.0,2.0,0.0010113958578293028,0.014694717922206339,6.0,0.0,0.0,True,False,False
tavalus,6,0.1666666666666666,2,3,2,3,5.0,6.0,0.0006314677373908009,0.008084620545404072,5.0,0.0,0.0,False,False,False
td904,1,0.0,1,1,1,1,1.0,1.0,0.00036220871724235127,0.0060921413774677755,1.0,0.0,0.0,False,False,False
tdfolts,1,0.0,1,1,1,1,1.0,1.0,0.0,0.007615853307308572,1.0,0.0,0.0,False,False,False
technical-cow-2494,1,0.0,0,1,0,1,0.0,1.0,0.0,-3.427715219092714e-18,,,,False,False,False
technical_ad579,1,0.0,0,1,0,1,0.0,1.0,0.0,-6.370947978926441e-18,,,,False,False,False
technical_arm5716,1,0.0,0,1,0,1,0.0,1.0,0.0,5.516233035414492e-18,,,,False,False,False
techwolf_lupindo,2,0.0,1,2,1,2,1.0,2.0,2.1838625112066382e-05,0.0019703520257821627,1.0,0.0,0.0,False,False,False
ted_meister,1,0.0,0,1,0,1,0.0,1.0,0.0,-3.2568891642786183e-18,,,,False,False,False
ted_striker1,1,0.0,0,1,0,1,0.0,1.0,0.0,4.479358497480439e-19,,,,False,False,False
teikadunmora,1,0.0,0,1,0,1,0.0,1.0,0.0,-6.949470597238814e-18,,,,False,False,False
telle74,1,0.0,1,1,1,1,1.0,1.0,7.187534585754532e-05,0.003429312151801532,1.0,0.0,0.0,False,False,False
tempestm,5,0.2,2,4,2,4,3.0,5.0,0.0004493497254196168,0.012665622184434844,3.0,0.0,0.0,False,False,False
tempozz,1,0.0,1,1,1,1,1.0,1.0,1.713901800282451e-07,4.5047452108636786e-18,1.0,0.0,0.0,False,False,False
terhiop,1,0.0,0,1,0,1,0.0,1.0,0.0,-3.591397785057819e-18,,,,False,False,False
terrible1fi,3,0.0,1,3,1,3,1.0,3.0,3.668850134453153e-06,0.002344512842766129,1.0,0.0,0.0,False,False,False
terror_possum,1,0.0,0,1,0,1,0.0,1.0,0.0,4.4966756373036146e-18,,,,False,False,False
testlopsided1928,3,0.3333333333333333,2,2,2,2,2.0,2.0,0.0006716576977157122,0.03995138998385322,2.0,0.0,0.0,False,False,False
tethilia,2,0.0,0,2,0,2,0.0,2.0,0.0,-5.685505928568172e-18,,,,False,False,False
texas_rose_86,1,0.0,1,1,1,1,1.0,1.0,0.00018527278461053295,-7.25860948907959e-18,1.0,0.0,0.0,False,False,False
tgdnk,1,0.0,0,1,0,1,0.0,1.0,0.0,-6.6308357151638825e-18,,,,False,False,False
th3c4tg0d,1,0.0,0,1,0,1,0.0,1.0,0.0,-1.1669690351474062e-18,,,,False,False,False
th3f1nd3r0fth3s0urce,1,1.0,0,1,0,1,0.0,1.0,0.0,1.1706476693705557e-18,,,,False,False,False
thalestris_aella,1,0.0,1,1,1,1,1.0,1.0,8.569509001412255e-08,-3.518228982361178e-18,1.0,0.0,0.0,False,False,False
thamoose7,3,0.0,2,3,2,3,2.0,3.0,0.001483955755762122,0.009822750918496553,2.0,0.0,0.0,False,False,False
tharthritis,1,0.0,1,1,1,1,1.0,1.0,0.0,0.01519232351911767,1.0,0.0,0.0,False,False,False
that_cause3694,1,0.0,5,1,5,1,5.0,1.0,0.0005887472653663454,0.016518138136820754,5.0,0.0,0.0,True,False,False
that_zen_this_tao,5,0.2,2,5,2,5,2.0,5.0,0.0007005473783665315,0.005125943047990076,2.0,0.0,0.0,False,False,False
thatlooksright,8,0.0,9,7,9,7,10.0,8.0,0.0043862799992405955,0.028942896502829527,10.0,0.0,0.0,True,False,True
thatonecheeseguy,1,0.0,0,1,0,1,0.0,1.0,0.0,7.451845326944401e-18,,,,False,False,False
thatponypony,2,0.0,2,2,2,2,2.0,2.0,0.0012186331714984413,0.017750659494590697,2.0,0.0,0.0,False,False,False
the-divinehammer,1,0.0,0,1,0,1,0.0,1.0,0.0,7.058996821535722e-18,,,,False,False,False
the-grandma,3,0.0,1,3,1,3,1.0,3.0,0.00018744317381022137,0.0003049941907327962,1.0,0.0,0.0,False,False,False
the-noob-smoke,1,0.0,1,1,1,1,1.0,1.0,5.141705400847353e-07,5.493319156246911e-18,1.0,0.0,0.0,False,False,False
the-spellwright,1,0.0,0,1,0,1,0.0,1.0,0.0,-8.130064685931173e-19,,,,False,False,False
the_dandalorian_,19,0.1052631578947368,17,16,17,16,19.0,19.0,0.012298467318448364,0.07557855484050623,19.0,0.0,0.0,True,False,True
the_dick_slinger,4,0.0,4,4,4,4,4.0,4.0,0.001843199093036595,0.04091678759634125,4.0,0.0,0.0,True,False,False
the_dwemer_automaton,10,0.0,56,0,56,0,63.0,0.0,0.0,0.15657092042713278,63.0,0.0,0.0,True,False,False
the_edenprime,5,0.0,1,1,1,1,6.0,5.0,0.0,0.009069513748819516,6.0,0.0,0.0,False,False,False
the_walking_mila,2,0.0,1,1,1,1,2.0,2.0,0.0,0.0034212676714723425,2.0,0.0,0.0,False,False,False
thealp,1,0.0,1,1,1,1,1.0,1.0,0.0,0.002128602651685838,1.0,0.0,0.0,False,False,False
theanalystcurator321,8,0.125,12,5,12,5,16.0,8.0,0.007444119986061533,0.04200078191225259,16.0,0.0,0.0,True,False,True
theangyldarkest,1,0.0,0,1,0,1,0.0,1.0,0.0,7.282322675947312e-18,,,,False,False,False
theatrain33,1,0.0,0,1,0,1,0.0,1.0,0.0,2.505469161884492e-18,,,,False,False,False
thebewlaybrothers,2,0.0,1,2,1,2,1.0,2.0,0.0,0.008435760041005215,1.0,0.0,0.0,False,False,False
thebigdaddio,6,0.1666666666666666,5,5,5,5,6.0,6.0,0.0013477828794785293,0.05229413694324519,6.0,0.0,0.0,True,False,False
theblacksheep123,1,0.0,1,1,1,1,1.0,1.0,2.491269350238936e-07,0.0019397840982571506,1.0,0.0,0.0,False,False,False
theconfusedarab,1,0.0,0,1,0,1,0.0,1.0,0.0,-1.8383002649491005e-18,,,,False,False,False
thecraftybear,7,0.1428571428571428,2,7,2,7,2.0,7.0,0.001090929084172291,0.009344729235998375,2.0,0.0,0.0,False,False,False
thedarkgrenadex,4,0.0,10,4,10,4,10.0,4.0,0.0028856596486954776,0.028737885582722538,10.0,0.0,0.0,True,False,True
thedefa1t,1,0.0,1,1,1,1,1.0,1.0,0.0,0.009509335496103903,1.0,0.0,0.0,False,False,False
thedollarstoredoctor,9,0.1111111111111111,20,6,20,6,25.0,9.0,0.005347412923891381,0.05212792812027674,25.0,0.0,0.0,True,False,True
thegaminglibrarian,2,0.0,0,2,0,2,0.0,2.0,0.0,5.029428351052152e-18,,,,False,False,False
thegorrambatguy,2,0.0,1,2,1,2,2.0,2.0,1.713901800282451e-07,-5.594865485088727e-19,2.0,0.0,0.0,False,False,False
thegreatgatsby21,2,0.0,0,2,0,2,0.0,2.0,0.0,-7.202342666202313e-18,,,,False,False,False
thegrognard,3,0.3333333333333333,1,3,1,3,1.0,3.0,0.0001851013944305047,-4.611653663788703e-18,1.0,0.0,0.0,False,False,False
thehomiehandler,2,0.0,0,2,0,2,0.0,2.0,0.0,6.8647491273625e-18,,,,False,False,False
thehortatoar2,2,0.0,1,1,1,1,1.0,2.0,0.0,0.0012191281558618235,1.0,0.0,0.0,False,False,False
thekarkara,1,0.0,1,1,1,1,1.0,1.0,8.388793630989591e-05,0.007018703741773112,1.0,0.0,0.0,False,False,False
thekfdcase,19,0.0,7,18,7,18,7.0,19.0,0.004895966321699996,0.016517362184162405,7.0,0.0,0.0,True,False,True
thelaughingmannofred,2,0.0,3,2,3,2,4.0,2.0,0.0004901511089051847,0.016548783023796535,4.0,0.0,0.0,False,False,False
thelmessiah,2,0.0,0,2,0,2,0.0,2.0,0.0,-7.791582546749015e-18,,,,False,False,False
themichaelscott,1,0.0,0,1,0,1,0.0,1.0,0.0,6.88790877914255e-18,,,,False,False,False
themightybucket,3,0.0,1,3,1,3,1.0,3.0,2.555534618453365e-06,0.0008659467177194579,1.0,0.0,0.0,False,False,False
themoraf,14,0.0,20,6,20,6,21.0,11.0,0.016309459737926562,0.09715832836845101,21.0,0.0,0.0,True,False,True
then_bodybuilder3629,3,0.0,1,1,1,1,1.0,3.0,0.0,0.0033582487296695586,1.0,0.0,0.0,False,False,False
theparadoxigm,2,0.0,1,2,1,2,1.0,2.0,0.00036195640540936366,0.006223270476406554,1.0,0.0,0.0,False,False,False
thepolari3ear,2,0.0,0,1,0,1,0.0,2.0,0.0,6.012642816953362e-18,,,,False,False,False
therealdutchh,1,0.0,1,1,1,1,1.0,1.0,0.0003702027888610094,-3.7087422410476636e-18,1.0,0.0,0.0,False,False,False
therealjonsnuh,1,0.0,0,1,0,1,0.0,1.0,0.0,1.06427626515366e-18,,,,False,False,False
therealladygp,1,0.0,0,1,0,1,0.0,1.0,0.0,1.8912242650542863e-19,,,,False,False,False
therealmulli,4,0.0,2,3,2,3,3.0,4.0,0.0008279424858181045,0.04449795775853966,3.0,0.0,0.0,False,False,False
therealzejfi,1,0.0,0,1,0,1,0.0,1.0,0.0,7.339820067987761e-18,,,,False,False,False
thereduntodeath,5,0.0,26,5,26,5,26.0,5.0,0.007906363058897225,0.03418095881859195,26.0,0.0,0.0,True,False,True
theshawn_slater,8,0.0,3,8,3,8,3.0,8.0,0.0010730104918950437,0.018392158480361215,3.0,0.0,0.0,False,False,False
theshillingvillain,1,0.0,0,1,0,1,0.0,1.0,0.0,1.7547077118464365e-18,,,,False,False,False
thesisizer,1,0.0,1,1,1,1,1.0,1.0,0.0,0.0002274077008766658,1.0,0.0,0.0,False,False,False
thesmalliceburg,5,0.0,1,5,1,5,1.0,5.0,0.0004131879753640479,-3.3199509243607913e-18,1.0,0.0,0.0,False,False,False
thespacewhale,1,0.0,0,1,0,1,0.0,1.0,0.0,6.120989280216612e-18,,,,False,False,False
thetenz,2,0.0,5,2,5,2,5.0,2.0,0.0010606365398489856,0.010864499213175465,5.0,0.0,0.0,True,False,False
thetrojanwhore,1,0.0,0,1,0,1,0.0,1.0,0.0,2.003031682568478e-18,,,,False,False,False
theweinerthief,1,0.0,0,1,0,1,0.0,1.0,0.0,-7.209487313069592e-18,,,,False,False,False
thewineguy2020,17,0.0,28,14,28,14,34.0,17.0,0.017757606420370147,0.07600835467792069,34.0,0.0,0.0,True,False,True
thexmarauder,2,0.0,0,2,0,2,0.0,2.0,0.0,1.0778139192557604e-18,,,,False,False,False
thezarkingphoton,1,0.0,1,1,1,1,1.0,1.0,0.0,0.004525822012608394,1.0,0.0,0.0,False,False,False
thick-dk-boi,2,0.0,1,2,1,2,1.0,2.0,2.4283876720888814e-05,0.002874120754336308,1.0,0.0,0.0,False,False,False
thingwithchlorophyll,4,0.0,18,4,18,4,19.0,4.0,0.003971180603866091,0.04292240753455978,19.0,0.0,0.0,True,False,True
thiscocaineninja,3,0.0,1,3,1,3,1.0,3.0,0.0001851013944305047,-6.12236904262041e-18,1.0,0.0,0.0,False,False,False
thisismonty,1,0.0,0,1,0,1,0.0,1.0,0.0,-2.1049897146394982e-18,,,,False,False,False
thismyotheracc,15,0.0,2,13,2,13,2.0,15.0,0.001329508528601199,0.00636770774778897,2.0,0.0,0.0,False,False,False
thmeky,1,0.0,0,1,0,1,0.0,1.0,0.0,1.3647377983499738e-18,,,,False,False,False
thodasthemage,6,0.0,1,5,1,5,3.0,6.0,2.2913477642926515e-05,6.298774416416415e-18,3.0,0.0,0.0,False,False,False
thrawsunfan,1,0.0,0,1,0,1,0.0,1.0,0.0,5.7019862386956066e-18,,,,False,False,False
throwaway1045820872,1,0.0,1,1,1,1,1.0,1.0,0.0,0.022901088429318355,1.0,0.0,0.0,False,False,False
throwaway945account,2,0.0,0,1,0,1,0.0,2.0,0.0,-3.961579148354545e-18,,,,False,False,False
throwawayadvice1800,1,0.0,1,1,1,1,1.0,1.0,3.0421756955013506e-07,0.0007549206410979027,1.0,0.0,0.0,False,False,False
throwthepsaway,1,0.0,0,1,0,1,0.0,1.0,0.0,6.581312230121688e-18,,,,False,False,False
ticcitmaster,1,0.0,0,1,0,1,0.0,1.0,0.0,5.355156600914919e-18,,,,False,False,False
ticklemitten,3,0.0,1,3,1,3,1.0,3.0,0.0005186114995615163,0.0002871481430911152,1.0,0.0,0.0,False,False,False
tidezen,5,0.2,3,5,3,5,3.0,5.0,0.0012486697220364703,0.005070290659724616,3.0,0.0,0.0,False,False,False
timid-sammy-1995,1,0.0,0,1,0,1,0.0,1.0,0.0,-6.978368742347035e-18,,,,False,False,False
tinderror404,2,0.0,2,2,2,2,2.0,2.0,4.988760636951819e-05,0.0060203353339807935,2.0,0.0,0.0,False,False,False
tinkermelle,9,0.0,3,9,3,9,3.0,9.0,0.0019981368151539597,0.005815977621550779,3.0,0.0,0.0,False,False,False
tiny_environment_649,1,0.0,1,1,1,1,1.0,1.0,0.0005241129016479561,0.012474268761679473,1.0,0.0,0.0,False,False,False
tinyflamingo2147,1,0.0,0,1,0,1,0.0,1.0,0.0,-2.9783891138866073e-18,,,,False,False,False
tipinternational3462,2,0.0,1,2,1,2,1.0,2.0,0.00034800776054735166,0.0035683842523425544,1.0,0.0,0.0,False,False,False
tiredandboredreddit,1,0.0,0,1,0,1,0.0,1.0,0.0,3.0139306797839124e-18,,,,False,False,False
titanfodder279,1,0.0,0,1,0,1,0.0,1.0,0.0,3.4073619258290268e-18,,,,False,False,False
tng56230,2,0.0,2,2,2,2,2.0,2.0,0.0003511857030118077,0.010367894040329157,2.0,0.0,0.0,False,False,False
tnt3149_,2,0.0,0,2,0,2,0.0,2.0,0.0,-3.944214168168268e-18,,,,False,False,False
togglerecap,1,0.0,0,1,0,1,0.0,1.0,0.0,2.51234193229918e-18,,,,False,False,False
tom_major-tom,1,0.0,1,1,1,1,1.0,1.0,0.0,0.009263133141093687,1.0,0.0,0.0,False,False,False
tommy-vr,3,0.0,2,2,2,2,2.0,3.0,0.0005549649765265015,0.004207025071344818,2.0,0.0,0.0,False,False,False
tonto151,2,0.0,1,2,1,2,1.0,2.0,0.00019410922825272294,0.002011354068385499,1.0,0.0,0.0,False,False,False
toomanypxls,3,0.0,1,2,1,2,1.0,3.0,0.0005238148094058771,0.001885825825916739,1.0,0.0,0.0,False,False,False
topgunshotgun45,1,0.0,1,1,1,1,1.0,1.0,0.0,0.009148890195678267,1.0,0.0,0.0,False,False,False
torbpjorn,2,0.0,0,2,0,2,0.0,2.0,0.0,-4.591868115795872e-18,,,,False,False,False
tough-astronaut2558,3,0.0,0,3,0,3,0.0,3.0,0.0,-7.484386088499551e-18,,,,False,False,False
tough_grab8187,1,0.0,1,1,1,1,1.0,1.0,0.0,0.000141774686608969,1.0,0.0,0.0,False,False,False
tourniquet88,4,0.0,3,1,3,1,3.0,4.0,1.2558087516439703e-05,0.004046805732827933,3.0,0.0,0.0,False,False,False
toymasamune,2,0.0,0,2,0,2,0.0,2.0,0.0,-6.5601034956213675e-18,,,,False,False,False
traditional-rain8901,1,0.0,0,1,0,1,0.0,1.0,0.0,8.580854822728631e-19,,,,False,False,False
trassethetarrasque,4,0.0,2,3,2,3,3.0,4.0,0.000636368028218271,0.004602047263460442,3.0,0.0,0.0,False,False,False
traum-los,1,1.0,2,1,2,1,2.0,1.0,3.268786984007884e-06,0.007964786838834649,2.0,0.0,0.0,False,False,False
triangles_arent_real,1,0.0,0,1,0,1,0.0,1.0,0.0,3.3828877271660634e-18,,,,False,False,False
trickadorable9764,7,0.1428571428571428,9,7,9,7,9.0,7.0,0.0023021067444171264,0.04475354206921288,9.0,0.0,0.0,True,False,True
trin_itty_bitty,1,0.0,1,1,1,1,1.0,1.0,3.22888835547714e-05,0.0012844838574417592,1.0,0.0,0.0,False,False,False
tripembarrassed3840,1,0.0,0,1,0,1,0.0,1.0,0.0,4.654618747882891e-18,,,,False,False,False
trips-over-tail,1,0.0,0,1,0,1,0.0,1.0,0.0,-2.5358858594901525e-18,,,,False,False,False
trixie1143,2,0.0,1,1,1,1,1.0,2.0,0.0,0.009344729235998371,1.0,0.0,0.0,False,False,False
trollsvans,1,0.0,0,1,0,1,0.0,1.0,0.0,4.4078071658130736e-18,,,,False,False,False
tropnevadnivek,2,0.0,2,1,2,1,3.0,2.0,0.0002660918972634514,0.0066474757976221046,3.0,0.0,0.0,False,False,False
trumpetsnangels,2,0.0,1,2,1,2,1.0,2.0,3.427803600564902e-07,-6.447820248346015e-18,1.0,0.0,0.0,False,False,False
tryh4rdcookie,1,1.0,7,1,7,1,7.0,1.0,0.00104390818963526,0.05278509663574766,7.0,0.0,0.0,True,False,False
tsavinski,4,0.0,2,2,2,2,5.0,4.0,0.0002367466823914684,0.010961672060565527,5.0,0.0,0.0,False,False,False
turahk,2,0.0,0,2,0,2,0.0,2.0,0.0,-3.3802417918498988e-18,,,,False,False,False
turbocummies69,2,0.0,0,2,0,2,0.0,2.0,0.0,5.828955247412317e-18,,,,False,False,False
turbulent-dentist-77,1,0.0,0,1,0,1,0.0,1.0,0.0,4.079447427184149e-18,,,,False,False,False
turbulent_day8344,1,0.0,0,1,0,1,0.0,1.0,0.0,-4.534025989175243e-18,,,,False,False,False
turtleneckless001,3,0.0,1,3,1,3,1.0,3.0,0.00011478034995715952,-5.3090440290582354e-18,1.0,0.0,0.0,False,False,False
twisted_marvel,7,0.0,2,6,2,6,2.0,7.0,0.0006059658391953849,0.010206335629452341,2.0,0.0,0.0,False,False,False
twistednightblade,1,0.0,1,1,1,1,1.0,1.0,0.0,0.007406793039462645,1.0,0.0,0.0,False,False,False
twister1000000,1,0.0,0,1,0,1,0.0,1.0,0.0,-7.736057326597917e-18,,,,False,False,False
twistypoet,1,0.0,0,1,0,1,0.0,1.0,0.0,-6.385017324300193e-18,,,,False,False,False
twodimensionalblue,1,0.0,1,1,1,1,1.0,1.0,0.0,0.011841233589963437,1.0,0.0,0.0,False,False,False
tx12001,4,0.5,2,4,2,4,2.0,4.0,4.527480338165443e-05,0.00038030952108372706,2.0,0.0,0.0,False,False,False
tyberiuss97,2,0.0,5,1,5,1,6.0,1.0,0.000130508620594256,0.06518962929177026,6.0,0.0,0.0,True,False,False
tyrannafabulous,1,0.0,0,1,0,1,0.0,1.0,0.0,-2.87024273441555e-18,,,,False,False,False
udhelibor,6,0.3333333333333333,1,5,1,5,1.0,6.0,0.0006244919801719501,0.0011232871633149466,1.0,0.0,0.0,False,False,False
ugandawanda5656,1,0.0,0,1,0,1,0.0,1.0,0.0,-6.7370413314838595e-18,,,,False,False,False
uggyy,2,0.0,2,2,2,2,2.0,2.0,0.0005314123921955767,0.0016774890495789123,2.0,0.0,0.0,False,False,False
ukrainianpixelcamo,1,0.0,0,1,0,1,0.0,1.0,0.0,-3.81090320288824e-18,,,,False,False,False
ulfrpsion,1,0.0,0,1,0,1,0.0,1.0,0.0,-4.441163302156539e-19,,,,False,False,False
unbornseed,2,0.0,0,2,0,2,0.0,2.0,0.0,5.852761401020698e-18,,,,False,False,False
uncle-fester-ink,10,0.0,3,3,3,3,9.0,10.0,0.0008560573260102356,0.01014507680198711,9.0,0.0,0.0,False,False,False
undeadmanwaltzing,1,0.0,0,1,0,1,0.0,1.0,0.0,2.8502175875119532e-18,,,,False,False,False
undeadsabbath,2,0.0,1,2,1,2,1.0,2.0,7.47649535026851e-05,0.0019192243045393568,1.0,0.0,0.0,False,False,False
unfair_solution_3330,4,0.0,1,4,1,4,1.0,4.0,0.000274268926268832,0.004402444373442642,1.0,0.0,0.0,False,False,False
uniqueconference9130,1,0.0,0,1,0,1,0.0,1.0,0.0,-5.235641898438085e-18,,,,False,False,False
unreal-1,1,0.0,0,1,0,1,0.0,1.0,0.0,-7.004848726566203e-18,,,,False,False,False
untrimmedbagel,1,0.0,0,1,0,1,0.0,1.0,0.0,-6.945531764469293e-18,,,,False,False,False
unusual_mistake3204,1,0.0,0,1,0,1,0.0,1.0,0.0,1.0521668385232228e-18,,,,False,False,False
upbeat_scholar_159,3,0.0,4,3,4,3,4.0,3.0,0.0013154153687302092,0.032355287775424325,4.0,0.0,0.0,True,False,False
uranus_opposition,1,0.0,1,1,1,1,1.0,1.0,7.136871176439616e-05,0.0017820190105091996,1.0,0.0,0.0,False,False,False
urielseptimiv,1,0.0,0,1,0,1,0.0,1.0,0.0,1.1396977657078595e-18,,,,False,False,False
uruburudurudu,5,0.0,1,4,1,4,2.0,5.0,0.00034073523139077785,0.001999950610306646,2.0,0.0,0.0,False,False,False
usual_crab4043,3,0.0,1,2,1,2,1.0,3.0,0.0004024253987876423,0.004824223495078755,1.0,0.0,0.0,False,False,False
uvvmail,1,0.0,0,1,0,1,0.0,1.0,0.0,1.7478044490591836e-18,,,,False,False,False
v3x_abyss,2,0.5,0,2,0,2,0.0,2.0,0.0,-3.580861062704025e-18,,,,False,False,False
vaelthune,1,0.0,0,1,0,1,0.0,1.0,0.0,-7.194063299107513e-18,,,,False,False,False
valenstark,9,0.2222222222222222,2,9,2,9,2.0,9.0,0.0010429017107498363,0.010108056569391453,2.0,0.0,0.0,False,False,False
valuable_ad2280,1,0.0,1,1,1,1,1.0,1.0,0.0,0.002441577092541452,1.0,0.0,0.0,False,False,False
vanima_permai,2,0.0,1,2,1,2,1.0,2.0,0.0,0.008435760041005217,1.0,0.0,0.0,False,False,False
vanunanotechnician,1,0.0,1,1,1,1,1.0,1.0,6.726381690502865e-07,0.0023445128427661242,1.0,0.0,0.0,False,False,False
varabil,2,0.0,0,2,0,2,0.0,2.0,0.0,7.873490986556889e-18,,,,False,False,False
vastiaobra,1,0.0,3,1,3,1,3.0,1.0,0.0003316982613345124,0.04941455932165969,3.0,0.0,0.0,False,False,False
vastimagination8239,1,0.0,1,1,1,1,1.0,1.0,0.0,0.011382122034104422,1.0,0.0,0.0,False,False,False
vaultdweller501,3,0.0,3,3,3,3,3.0,3.0,0.0007272244332474535,0.0026079555418228022,3.0,0.0,0.0,False,False,False
vaxxish,1,0.0,0,1,0,1,0.0,1.0,0.0,2.202523783657912e-18,,,,False,False,False
vctnr,1,0.0,0,1,0,1,0.0,1.0,0.0,1.4632515250873637e-18,,,,False,False,False
vecnashand1976,1,0.0,0,1,0,1,0.0,1.0,0.0,-4.416678996501095e-19,,,,False,False,False
vegetable_moment9574,2,0.5,0,2,0,2,0.0,2.0,0.0,3.2860576773433395e-18,,,,False,False,False
vegetable_sample_,1,0.0,0,1,0,1,0.0,1.0,0.0,4.2436898033557633e-19,,,,False,False,False
vehiclefew5165,1,0.0,0,1,0,1,0.0,1.0,0.0,6.176380600233352e-18,,,,False,False,False
veiledvailvale,1,0.0,1,1,1,1,1.0,1.0,1.1845071573168806e-06,0.011079245725935478,1.0,0.0,0.0,False,False,False
velementss,3,0.0,5,3,5,3,5.0,3.0,0.0013655196035723776,0.006758719583003162,5.0,0.0,0.0,True,False,False
venomstrike31,1,0.0,0,1,0,1,0.0,1.0,0.0,1.7242526148560152e-18,,,,False,False,False
venriculair,1,0.0,1,1,1,1,1.0,1.0,0.0,0.003429312151801525,1.0,0.0,0.0,False,False,False
venusamari,7,0.0,7,6,7,6,7.0,7.0,0.0019391129625180967,0.00459996109202639,7.0,0.0,0.0,True,False,True
verity_not_levity,1,0.0,0,1,0,1,0.0,1.0,0.0,-1.6848763566475296e-18,,,,False,False,False
verminkween,2,0.0,0,2,0,2,0.0,2.0,0.0,-3.3861494745240088e-18,,,,False,False,False
veryberrywaffles,5,0.0,7,2,7,2,9.0,4.0,0.0009482506295225866,0.022581338382508843,9.0,0.0,0.0,True,False,False
verz_the_game,1,0.0,0,1,0,1,0.0,1.0,0.0,5.921721302221411e-18,,,,False,False,False
veskifins,14,0.0,87,10,87,10,91.0,10.0,0.020029430618523122,0.07025168410748253,91.0,0.0,0.0,True,False,True
vestus65,4,0.0,1,4,1,4,1.0,4.0,0.000712084656296699,0.010874342869935438,1.0,0.0,0.0,False,False,False
veterinariancold8214,2,0.0,3,1,3,1,4.0,2.0,0.00021879149830707808,0.001058275191139215,4.0,0.0,0.0,False,False,False
vetitiscientia,2,0.0,7,2,7,2,8.0,2.0,0.0015566843395716354,0.0061789353680757235,8.0,0.0,0.0,True,False,True
viestepod,1,0.0,1,1,1,1,1.0,1.0,8.569509001412255e-08,8.096880067395633e-18,1.0,0.0,0.0,False,False,False
viktorkeen,1,0.0,0,1,0,1,0.0,1.0,0.0,-2.652566495450606e-18,,,,False,False,False
vintagebill1337,2,0.0,1,2,1,2,1.0,2.0,0.0001595673557232815,0.0077201297559635895,1.0,0.0,0.0,False,False,False
violas_blade,1,0.0,0,1,0,1,0.0,1.0,0.0,7.461597220922437e-18,,,,False,False,False
virulentfuzz,2,0.5,5,2,5,2,6.0,2.0,2.704403418660425e-05,0.00636957006050977,6.0,0.0,0.0,True,False,False
visagan_k,1,0.0,0,1,0,1,0.0,1.0,0.0,-7.532582256968424e-18,,,,False,False,False
viscountbuggus,1,0.0,2,1,2,1,2.0,1.0,0.00018493000425047647,0.007159297842744339,2.0,0.0,0.0,False,False,False
vivyer,1,0.0,1,1,1,1,1.0,1.0,7.78535470982531e-06,0.0017499371130319985,1.0,0.0,0.0,False,False,False
vlaaiissuperieur,1,0.0,9,1,9,1,9.0,1.0,0.0007698350858759403,0.015599909391434347,9.0,0.0,0.0,True,False,False
vladvash,1,0.0,0,1,0,1,0.0,1.0,0.0,-2.590893911494387e-18,,,,False,False,False
voiddragonpriest,1,0.0,0,1,0,1,0.0,1.0,0.0,-4.043326464622335e-18,,,,False,False,False
vok250,2,0.0,1,2,1,2,1.0,2.0,1.0240688817259094e-05,5.201844375402705e-18,1.0,0.0,0.0,False,False,False
voltage_joe,1,0.0,0,1,0,1,0.0,1.0,0.0,-2.022430617075998e-18,,,,False,False,False
vonatar-74,1,0.0,0,1,0,1,0.0,1.0,0.0,7.330331680363425e-18,,,,False,False,False
vowly122,1,0.0,1,1,1,1,1.0,1.0,8.569509001412255e-08,0.002794994476523214,1.0,0.0,0.0,False,False,False
voyagermyu,5,0.2,4,3,4,3,6.0,5.0,0.0006476925716539545,0.014683592816073513,6.0,0.0,0.0,True,False,False
vozahlaas,1,0.0,0,1,0,1,0.0,1.0,0.0,7.186308936771924e-18,,,,False,False,False
vridgley,3,0.0,4,3,4,3,4.0,3.0,0.0020634625648862284,0.06522695013922584,4.0,0.0,0.0,True,False,False
vyvonea,2,0.0,0,2,0,2,0.0,2.0,0.0,7.223494522269228e-19,,,,False,False,False
wakarat,1,0.0,0,1,0,1,0.0,1.0,0.0,-4.2406315687653545e-18,,,,False,False,False
walterwhitesmom5,1,0.0,0,1,0,1,0.0,1.0,0.0,-6.4902685536886345e-18,,,,False,False,False
wanderingstorm,2,0.0,1,1,1,1,2.0,2.0,0.0,0.0012823705380499665,2.0,0.0,0.0,False,False,False
wanderingthespian,2,0.0,1,2,1,2,1.0,2.0,7.78535470982531e-06,0.0017499371130319874,1.0,0.0,0.0,False,False,False
wannabeacademicbigpp,3,0.0,2,3,2,3,2.0,3.0,3.546946563668791e-05,0.00234451284276613,2.0,0.0,0.0,False,False,False
wantondevious,2,0.0,1,2,1,2,1.0,2.0,3.0873013801266445e-05,-1.1891602464781068e-18,1.0,0.0,0.0,False,False,False
warcrown11,4,0.0,1,4,1,4,1.0,4.0,1.9709870703248187e-06,6.3655601808491395e-18,1.0,0.0,0.0,False,False,False
warfrost14,3,0.0,0,2,0,2,0.0,3.0,0.0,-3.7960617471798446e-18,,,,False,False,False
warm-zone-8259,1,0.0,1,1,1,1,1.0,1.0,0.0,0.005089237102252046,1.0,0.0,0.0,False,False,False
washout77,4,0.0,2,4,2,4,2.0,4.0,0.0002841708949193951,0.0023445128427661307,2.0,0.0,0.0,False,False,False
waub,1,0.0,0,1,0,1,0.0,1.0,0.0,-1.1927243258152814e-18,,,,False,False,False
waxiestdinosaur,1,0.0,3,1,3,1,3.0,1.0,0.00038988716932375917,0.007073794571327421,3.0,0.0,0.0,False,False,False
wayiitm,1,0.0,1,1,1,1,1.0,1.0,6.451541867608667e-06,0.002459286554982519,1.0,0.0,0.0,False,False,False
wayward_wayfinder,1,0.0,0,1,0,1,0.0,1.0,0.0,-2.1759189609688943e-18,,,,False,False,False
webot7,1,0.0,0,1,0,1,0.0,1.0,0.0,4.480017181826249e-18,,,,False,False,False
weiivice,1,0.0,0,1,0,1,0.0,1.0,0.0,3.712924431223284e-18,,,,False,False,False
weimsean,2,0.0,0,2,0,2,0.0,2.0,0.0,-4.659623336629021e-18,,,,False,False,False
werewolf524,1,0.0,0,1,0,1,0.0,1.0,0.0,-4.304746186164264e-18,,,,False,False,False
wes315,1,0.0,0,1,0,1,0.0,1.0,0.0,-3.689542845196286e-18,,,,False,False,False
western_charity_6911,4,0.0,7,3,7,3,8.0,4.0,0.0019168001604682567,0.007880817595868358,8.0,0.0,0.0,True,False,True
westrough7738,1,0.0,0,1,0,1,0.0,1.0,0.0,3.966238448556385e-18,,,,False,False,False
wfbo_chitaki,1,0.0,1,1,1,1,1.0,1.0,0.0,0.022901088429318362,1.0,0.0,0.0,False,False,False
wgui2021,1,0.0,1,1,1,1,1.0,1.0,2.294126998478937e-05,0.00016724734781039117,1.0,0.0,0.0,False,False,False
whaleshark__1,4,0.0,6,2,6,2,9.0,3.0,0.0009175513702440264,0.01831775935573212,9.0,0.0,0.0,True,False,False
whatsaroni,6,0.0,0,6,0,6,0.0,6.0,0.0,5.544402347138943e-18,,,,False,False,False
whenplansfail,1,0.0,0,1,0,1,0.0,1.0,0.0,-5.425089130437787e-19,,,,False,False,False
whiskeyj4ck717,1,0.0,0,1,0,1,0.0,1.0,0.0,-2.3056756027508734e-19,,,,False,False,False
whiterazorblade,1,0.0,0,1,0,1,0.0,1.0,0.0,-4.738038199072245e-18,,,,False,False,False
whitishrogue,13,0.0,30,11,30,11,31.0,13.0,0.011311974779017901,0.05051245014934434,31.0,0.0,0.0,True,False,True
whoamercy,4,0.0,0,4,0,4,0.0,4.0,0.0,7.38609582317424e-18,,,,False,False,False
whoknows2319,3,0.0,1,2,1,2,2.0,3.0,3.506094788227418e-05,0.022901088429318355,2.0,0.0,0.0,False,False,False
why_so_loud,4,0.0,2,3,2,3,2.0,4.0,6.831214575772232e-05,0.0079833348305412,2.0,0.0,0.0,False,False,False
wickwire7,1,0.0,0,1,0,1,0.0,1.0,0.0,-1.7285321278726885e-19,,,,False,False,False
widesmiles,1,0.0,1,1,1,1,1.0,1.0,3.169458108610562e-06,-6.089274872601344e-19,1.0,0.0,0.0,False,False,False
wild_control162,2,0.0,2,2,2,2,2.0,2.0,0.00041362203693471206,0.005273780272617508,2.0,0.0,0.0,False,False,False
wildfox9t,1,0.0,0,1,0,1,0.0,1.0,0.0,-3.102623307040097e-18,,,,False,False,False
winefficient9710,1,0.0,1,1,1,1,1.0,1.0,7.78535470982531e-06,0.0017499371130319942,1.0,0.0,0.0,False,False,False
winter-sprinkles-384,1,0.0,0,1,0,1,0.0,1.0,0.0,-5.593729990748731e-18,,,,False,False,False
winter_low4661,3,0.0,1,2,1,2,1.0,3.0,0.0001895772749501514,0.0007408796341901347,1.0,0.0,0.0,False,False,False
wise_owl5404,16,0.0,5,9,5,9,12.0,16.0,0.018831232119498217,0.04979896911283327,12.0,0.0,0.0,True,False,True
witchkraftrs,1,0.0,0,1,0,1,0.0,1.0,0.0,5.222610605836368e-18,,,,False,False,False
wizardgand,1,0.0,0,1,0,1,0.0,1.0,0.0,2.2746870694133453e-18,,,,False,False,False
wkrae,5,0.2,2,5,2,5,3.0,5.0,0.0007313306019456472,0.009286274500030842,3.0,0.0,0.0,False,False,False
woeler,4,0.0,2,4,2,4,2.0,4.0,0.0005707953475450752,0.020590401750853814,2.0,0.0,0.0,False,False,False
wolf_under_the_sky,2,0.0,0,2,0,2,0.0,2.0,0.0,-6.701278566148894e-18,,,,False,False,False
wolfenx109,2,0.0,0,2,0,2,0.0,2.0,0.0,-5.332409897716142e-18,,,,False,False,False
wolfguard-halfdan,1,0.0,0,1,0,1,0.0,1.0,0.0,7.544603479518411e-18,,,,False,False,False
wolflordval,1,0.0,0,1,0,1,0.0,1.0,0.0,-1.2470778889929736e-19,,,,False,False,False
wolfram_and_hart,1,0.0,1,1,1,1,1.0,1.0,0.0,0.007377111757355032,1.0,0.0,0.0,False,False,False
wolfstano,2,0.0,0,2,0,2,0.0,2.0,0.0,1.1481887893731859e-18,,,,False,False,False
wolvenomega,15,0.0,5,10,5,10,8.0,15.0,0.005673773286101162,0.036397789599297424,8.0,0.0,0.0,True,False,True
womannimarco,2,0.0,0,2,0,2,0.0,2.0,0.0,1.131896426941727e-18,,,,False,False,False
wompatinger,1,0.0,0,1,0,1,0.0,1.0,0.0,-6.1508177517541315e-18,,,,False,False,False
wonderful_bed_5854,2,0.0,0,2,0,2,0.0,2.0,0.0,-7.24780042498845e-18,,,,False,False,False
wonderfulvanilla9676,1,0.0,0,1,0,1,0.0,1.0,0.0,-6.91215744925758e-18,,,,False,False,False
worikre,1,0.0,0,1,0,1,0.0,1.0,0.0,-5.005958565657824e-19,,,,False,False,False
wrongun25,2,0.0,7,2,7,2,7.0,2.0,0.00077290935621866,0.019303522545679214,7.0,0.0,0.0,True,False,False
wsblovesdiddy,2,0.0,1,1,1,1,2.0,2.0,0.0,0.03193298607113857,2.0,0.0,0.0,False,False,False
wudookid,1,0.0,0,1,0,1,0.0,1.0,0.0,-1.6576862706351297e-18,,,,False,False,False
wulfband,1,0.0,0,1,0,1,0.0,1.0,0.0,-4.5387292609807716e-18,,,,False,False,False
wynngwynn,8,0.0,3,8,3,8,3.0,8.0,0.0028708759895348076,0.011779825109531543,3.0,0.0,0.0,False,False,False
wystanh,1,1.0,0,1,0,1,0.0,1.0,0.0,6.888515541879925e-18,,,,False,False,False
x13x13,2,0.0,0,2,0,2,0.0,2.0,0.0,-7.1118703682387e-18,,,,False,False,False
xaantara,1,0.0,1,1,1,1,1.0,1.0,0.0,0.00934472923599838,1.0,0.0,0.0,False,False,False
xadas67,1,0.0,1,1,1,1,1.0,1.0,0.0,0.0032059503528129893,1.0,0.0,0.0,False,False,False
xaroin,2,0.5,2,2,2,2,2.0,2.0,8.421353139279179e-05,0.004550613730973667,2.0,0.0,0.0,False,False,False
xavijon_,2,0.0,2,2,2,2,2.0,2.0,0.0005687621852875197,0.0009522045499423971,2.0,0.0,0.0,False,False,False
xblngch,2,0.5,0,2,0,2,0.0,2.0,0.0,-2.2962693243843378e-18,,,,False,False,False
xboxloud1,1,0.0,0,1,0,1,0.0,1.0,0.0,6.521371793770166e-18,,,,False,False,False
xbrrrr,4,0.0,3,3,3,3,3.0,4.0,0.0012557566930674763,0.010380251051736906,3.0,0.0,0.0,False,False,False
xdaedran,1,0.0,0,1,0,1,0.0,1.0,0.0,2.4025555444157344e-18,,,,False,False,False
xdmanxd99,11,0.0909090909090909,6,11,6,11,8.0,11.0,0.002923412983078298,0.015121738541429529,8.0,0.0,0.0,True,False,True
xenomorph-cthulhu,2,0.0,0,2,0,2,0.0,2.0,0.0,2.644047205603617e-18,,,,False,False,False
xerofortune,1,0.0,0,1,0,1,0.0,1.0,0.0,-6.4327453549634434e-18,,,,False,False,False
xerxesfortune,2,0.0,9,2,9,2,9.0,2.0,0.0025240834652722134,0.007050850038244923,9.0,0.0,0.0,True,False,True
xhedgehuggerx,3,0.3333333333333333,3,3,3,3,3.0,3.0,0.0003395089823604513,0.041158593260589675,3.0,0.0,0.0,False,False,False
xianyde,3,0.0,3,3,3,3,3.0,3.0,0.000982094856300208,0.005679133442341648,3.0,0.0,0.0,False,False,False
xkakapantsx,1,0.0,0,1,0,1,0.0,1.0,0.0,4.250503516804476e-18,,,,False,False,False
xlkpandaxlk,1,0.0,0,1,0,1,0.0,1.0,0.0,5.892199421782207e-18,,,,False,False,False
xmrvoidx,1,0.0,0,1,0,1,0.0,1.0,0.0,2.2901806467963204e-18,,,,False,False,False
xpherseus,2,0.0,0,2,0,2,0.0,2.0,0.0,-4.72517556179876e-18,,,,False,False,False
xrainydayz,1,0.0,0,1,0,1,0.0,1.0,0.0,1.8225685564093065e-18,,,,False,False,False
xstar_screamx,1,0.0,0,1,0,1,0.0,1.0,0.0,-7.522918212678497e-18,,,,False,False,False
xstrong1,9,0.0,16,7,16,7,19.0,9.0,0.007853126580484685,0.07310621753417447,19.0,0.0,0.0,True,False,True
xurigan,1,0.0,2,1,2,1,2.0,1.0,0.000300358433952997,0.003205950352813001,2.0,0.0,0.0,False,False,False
xxvirus_08xx,1,0.0,0,1,0,1,0.0,1.0,0.0,-5.618920181764914e-18,,,,False,False,False
yaddadimean,1,0.0,0,1,0,1,0.0,1.0,0.0,-1.8448923158410363e-18,,,,False,False,False
yallabre,7,0.0,7,4,7,4,13.0,6.0,0.0015571604067827168,0.022555082269723394,13.0,0.0,0.0,True,False,True
yffresbloodmoon,1,0.0,0,1,0,1,0.0,1.0,0.0,4.3027385351806155e-18,,,,False,False,False
yfssfs,1,0.0,1,1,1,1,1.0,1.0,0.0,0.003384302143190396,1.0,0.0,0.0,False,False,False
yodiddlycorncob,6,0.0,5,6,5,6,5.0,6.0,0.0027501839376200578,0.015428657592667462,5.0,0.0,0.0,True,False,True
yogurtclosetfair5742,1,0.0,1,1,1,1,1.0,1.0,0.0,0.013209430527365854,1.0,0.0,0.0,False,False,False
yogurtstickvevo,1,0.0,0,1,0,1,0.0,1.0,0.0,-5.392441769742868e-18,,,,False,False,False
yorinsan,1,0.0,0,1,0,1,0.0,1.0,0.0,-8.198760331262267e-18,,,,False,False,False
yosidy,1,0.0,0,1,0,1,0.0,1.0,0.0,-4.85801660145865e-18,,,,False,False,False
young_trash3,1,0.0,0,1,0,1,0.0,1.0,0.0,4.644688362686268e-18,,,,False,False,False
yourfavoritedummy,6,0.1666666666666666,1,4,1,4,2.0,6.0,0.0026823421577716723,0.03193298607113857,2.0,0.0,0.0,False,False,False
yrauvir,2,0.0,1,2,1,2,1.0,2.0,3.905125709709285e-05,0.009453248043151606,1.0,0.0,0.0,False,False,False
yuichiro-akuhei,2,0.0,1,1,1,1,2.0,2.0,0.0,0.00031190874905526195,2.0,0.0,0.0,False,False,False
yummymario64,3,0.0,3,3,3,3,3.0,3.0,0.0007177339214791397,0.0011289981474808754,3.0,0.0,0.0,False,False,False
yunoka,3,0.0,0,3,0,3,0.0,3.0,0.0,-7.642410681216283e-18,,,,False,False,False
yuriohime,4,0.0,2,2,2,2,4.0,4.0,0.00038781678259928716,0.0010335570337000792,4.0,0.0,0.0,False,False,False
zach_small,1,0.0,0,1,0,1,0.0,1.0,0.0,3.1628147440379556e-18,,,,False,False,False
zafecornet,1,0.0,2,1,2,1,2.0,1.0,0.00035590155819938623,0.013508903043772419,2.0,0.0,0.0,False,False,False
zaldr,4,0.0,3,4,3,4,4.0,4.0,0.00040034494047432446,0.01796747537215908,4.0,0.0,0.0,False,False,False
zarggg,1,0.0,0,1,0,1,0.0,1.0,0.0,-2.4519943866769348e-18,,,,False,False,False
zaynecarrick1,1,0.0,1,1,1,1,1.0,1.0,0.00034923550375688466,0.0020484394151599316,1.0,0.0,0.0,False,False,False
zeal0telite,1,0.0,0,1,0,1,0.0,1.0,0.0,1.3803026411172036e-18,,,,False,False,False
zealousideal-bar1657,4,0.25,1,4,1,4,1.0,4.0,0.0004318629709333457,0.0017539099275605922,1.0,0.0,0.0,False,False,False
zealousideal_fish_74,1,0.0,0,1,0,1,0.0,1.0,0.0,-1.2847670051929658e-19,,,,False,False,False
zefederalist,1,0.0,0,1,0,1,0.0,1.0,0.0,-2.9178776652907522e-18,,,,False,False,False
zenk2018,1,0.0,1,1,1,1,1.0,1.0,0.0,0.009344729235998382,1.0,0.0,0.0,False,False,False
zenmyst,7,0.0,6,3,6,3,9.0,7.0,0.0023241518401264432,0.02396642025663525,9.0,0.0,0.0,True,False,True
zentheprotogen,1,0.0,1,1,1,1,2.0,1.0,0.0,4.5941074623444264e-05,2.0,0.0,0.0,False,False,False
zeph621,1,1.0,0,1,0,1,0.0,1.0,0.0,3.894805115700775e-18,,,,False,False,False
zephiran23,1,0.0,0,1,0,1,0.0,1.0,0.0,1.1269591314778293e-18,,,,False,False,False
zerkolukk,1,0.0,0,1,0,1,0.0,1.0,0.0,-6.3964713791018446e-18,,,,False,False,False
zeromayhem,1,0.0,0,1,0,1,0.0,1.0,0.0,-1.6321576155328822e-18,,,,False,False,False
zestyclose_ad_64,1,0.0,1,1,1,1,1.0,1.0,0.0,0.001999950610306657,1.0,0.0,0.0,False,False,False
zionvon,1,0.0,0,1,0,1,0.0,1.0,0.0,4.280762305564678e-18,,,,False,False,False
zoegrace1,1,0.0,0,1,0,1,0.0,1.0,0.0,-7.891338211691296e-19,,,,False,False,False
zombievariant,3,0.0,1,3,1,3,1.0,3.0,0.00017154473669861285,-1.4090058596953521e-18,1.0,0.0,0.0,False,False,False
zooeiivj,4,0.0,1,3,1,3,2.0,4.0,5.517276189502752e-05,0.003716218586005102,2.0,0.0,0.0,False,False,False
zoro_messatsu,7,0.0,3,7,3,7,3.0,7.0,0.0016064457603873741,0.009785504977952374,3.0,0.0,0.0,False,False,False
zos__susan,7,0.0,6,7,6,7,6.0,7.0,0.0013257335953856504,0.019419694156030936,6.0,0.0,0.0,True,False,False
zos_brianwheeler,15,0.0,13,12,13,12,19.0,15.0,0.005730241598961841,0.01845678802383057,19.0,0.0,0.0,True,False,True
zos_finn,16,0.0,9,16,9,16,10.0,16.0,0.004181339243011073,0.01574650489221403,10.0,0.0,0.0,True,False,True
zos_ginabruno,9,0.0,158,6,158,6,211.0,9.0,0.033344908154708315,0.23074155153605394,211.0,0.0,0.0,True,False,True
zos_jasonbarnes,25,0.0,12,23,12,23,16.0,25.0,0.009259903368374971,0.07441178987940696,16.0,0.0,0.0,True,False,True
zos_jburba,3,0.0,2,3,2,3,2.0,3.0,0.00014705647487483898,0.007759959163603846,2.0,0.0,0.0,False,False,False
zos_jessicafolsom,1,0.0,1,1,1,1,1.0,1.0,0.0,0.0031147940363236972,1.0,0.0,0.0,False,False,False
zos_nickgiacomini,7,0.0,9,5,9,5,9.0,7.0,0.001342341555100995,0.005754129004938942,9.0,0.0,0.0,True,False,False
zos_philipdraven,6,0.0,4,6,4,6,4.0,6.0,0.0006791998036804048,0.006011980932414122,4.0,0.0,0.0,True,False,False
zsquared8080,3,0.3333333333333333,10,3,10,3,10.0,3.0,0.0015468171630355623,0.06678141684461403,10.0,0.0,0.0,True,False,True
zultonpowerslkaxia,2,0.0,0,2,0,2,0.0,2.0,0.0,-8.89881060767414e-19,,,,False,False,False
zweibeinmensch,1,0.0,1,1,1,1,1.0,1.0,0.0,2.893615145973917e-05,1.0,0.0,0.0,False,False,False
zyglakk,3,0.0,1,3,1,3,1.0,3.0,0.002035715525633282,0.004864016170282939,1.0,0.0,0.0,False,False,False
