Id,comments,toxicity_rate,in_degree,out_degree,in_uwdeg,out_uwdeg,in_wdeg,out_wdeg,betweenness,eigenvector,replies_received,toxic_replies_received,toxic_replies_rate,opinion_leader,toxic_hub,toxic_bridge
-jp-,4,0.25,2,2,2,2,3.0,4.0,0.00030299562293595,0.0034363166833149507,3.0,0.0,0.0,False,False,False
0029nov,1,0.0,0,1,0,1,0.0,1.0,0.0,-3.92601898011947e-18,,,,False,False,False
07u4nt,1,0.0,0,1,0,1,0.0,1.0,0.0,3.6985455909561567e-19,,,,False,False,False
0_the_wanderer_0,1,0.0,0,1,0,1,0.0,1.0,0.0,-1.1239788907351015e-18,,,,False,False,False
0g43,1,0.0,1,1,1,1,1.0,1.0,0.00020448611067417496,-9.152108595155307e-18,1.0,0.0,0.0,False,False,False
1buffalowang,3,0.0,1,3,1,3,1.0,3.0,0.0006125645990213266,-1.34850305334666e-17,1.0,0.0,0.0,False,False,False
2halfsandwiches,1,0.0,1,1,1,1,1.0,1.0,0.00020448611067417496,1.465976125551993e-17,1.0,0.0,0.0,False,False,False
323x57,1,0.0,0,1,0,1,0.0,1.0,0.0,-9.061808552673745e-19,,,,False,False,False
3sperr,1,0.0,21,1,21,1,21.0,1.0,0.0004549316606918772,0.018111315284544953,21.0,0.0,0.0,True,False,False
55jake1,1,0.0,0,1,0,1,0.0,1.0,0.0,-2.284285339893069e-18,,,,False,False,False
6dirty2,1,1.0,0,1,0,1,0.0,1.0,0.0,-2.3703741411197038e-18,,,,False,False,False
__space__,1,0.0,0,1,0,1,0.0,1.0,0.0,1.241970518708882e-18,,,,False,False,False
_aurum_lux_,1,0.0,0,1,0,1,0.0,1.0,0.0,3.840470332391687e-19,,,,False,False,False
_dank_souls,1,1.0,1,1,1,1,1.0,1.0,7.352840704525355e-05,0.0001202873147923562,1.0,0.0,0.0,False,False,False
_f6f7f9,9,0.2222222222222222,2,5,2,5,5.0,9.0,0.0016956124478639401,0.0046923417444865775,5.0,0.0,0.0,False,False,True
_ganoes_,1,0.0,1,1,1,1,1.0,1.0,0.0,0.0021958744149559455,1.0,0.0,0.0,False,False,False
_lnr,2,0.0,1,2,1,2,1.0,2.0,0.00020448611067417496,-1.3257549941167437e-17,1.0,0.0,0.0,False,False,False
_prink_,1,0.0,0,1,0,1,0.0,1.0,0.0,3.159509942683414e-18,,,,False,False,False
_sanctum_,1,0.0,0,1,0,1,0.0,1.0,0.0,-2.651285236870502e-19,,,,False,False,False
_wykprojectalpha_,1,0.0,0,1,0,1,0.0,1.0,0.0,1.1161549038836243e-18,,,,False,False,False
a40yroldmagician,1,0.0,1,1,1,1,1.0,1.0,0.0,-6.8517941337116506e-18,1.0,0.0,0.0,False,False,False
a_gunbird,1,0.0,0,1,0,1,0.0,1.0,0.0,-8.884056905228985e-19,,,,False,False,False
abacabb69,1,0.0,16,1,16,1,16.0,1.0,0.0020077501596099385,0.010097186725450423,16.0,0.0,0.0,True,False,True
abibihabibi2008,1,0.0,1,1,1,1,1.0,1.0,0.0,6.103324345418077e-18,1.0,0.0,0.0,False,False,False
abject-rain1546,1,0.0,0,1,0,1,0.0,1.0,0.0,-3.1527352586949627e-18,,,,False,False,False
abjurationwizrar,1,0.0,0,1,0,1,0.0,1.0,0.0,3.0139207001807973e-18,,,,False,False,False
aboiiiiiiiiiii,1,0.0,0,1,0,1,0.0,1.0,0.0,-7.750811724910721e-19,,,,False,False,False
abstract_9,1,1.0,1,1,1,1,1.0,1.0,0.0,0.004590153822548198,1.0,0.0,0.0,False,False,False
abyssalrk,1,0.0,0,1,0,1,0.0,1.0,0.0,-3.1339218828769798e-18,,,,False,False,False
accomplishedlime6956,1,0.0,0,1,0,1,0.0,1.0,0.0,1.0490721737430763e-18,,,,False,False,False
according_sun3182,15,0.2666666666666666,25,12,25,12,29.0,15.0,0.023675906525343775,0.029088654758696084,29.0,0.0,0.0,True,True,True
acentrella,1,0.0,0,1,0,1,0.0,1.0,0.0,1.9064256361045755e-18,,,,False,False,False
achesst,1,0.0,2,1,2,1,2.0,1.0,0.0,0.12532035011582862,2.0,0.0,0.0,False,False,False
acro_sketch,1,0.0,1,1,1,1,1.0,1.0,0.0,0.006184765754605182,1.0,0.0,0.0,False,False,False
activ8d_my_trap_card,18,0.0555555555555555,4,7,4,7,11.0,17.0,0.007757048110818696,0.019252513713423756,11.0,0.0,0.0,True,False,True
actually-thinks,1,0.0,1,1,1,1,1.0,1.0,0.0,0.0010808172098083267,1.0,0.0,0.0,False,False,False
additional-pirate-84,1,0.0,0,1,0,1,0.0,1.0,0.0,9.19969730591217e-19,,,,False,False,False
adel_mhm,1,0.0,0,1,0,1,0.0,1.0,0.0,-8.443300671237703e-20,,,,False,False,False
adept_school1881,1,1.0,0,1,0,1,0.0,1.0,0.0,1.0318030938575749e-18,,,,False,False,False
adew_cider,2,0.0,1,1,1,1,2.0,2.0,0.0,0.01751633182705759,2.0,0.0,0.0,False,False,False
adhesiveno-420,1,0.0,1,1,1,1,1.0,1.0,3.826028419415659e-05,0.002107737382331398,1.0,0.0,0.0,False,False,False
adlimp9136,1,0.0,7,0,7,0,7.0,0.0,0.0,0.017864953314219154,7.0,0.0,0.0,True,False,False
administrativesky989,1,0.0,0,1,0,1,0.0,1.0,0.0,-3.29187558333502e-18,,,,False,False,False
adragonfruit_440,5,0.0,11,5,11,5,11.0,5.0,0.004272923776112793,0.0010947866832840478,11.0,0.0,0.0,True,False,True
adventurous-shame383,1,0.0,0,1,0,1,0.0,1.0,0.0,2.57967181422878e-18,,,,False,False,False
adventurous_cup5332,2,0.0,0,1,0,1,0.0,1.0,0.0,-6.134099406436126e-19,,,,False,False,False
affectionate-rough36,2,0.0,0,2,0,2,0.0,2.0,0.0,2.548057846314988e-18,,,,False,False,False
affectionate_ad3560,2,0.0,1,2,1,2,1.0,2.0,0.0,0.0008337963528119364,1.0,0.0,0.0,False,False,False
affectionate_okra298,1,0.0,0,1,0,1,0.0,1.0,0.0,8.020208797950066e-19,,,,False,False,False
aggrevated-yeeting,1,0.0,1,1,1,1,1.0,1.0,0.0,1.4209164996335117e-05,1.0,0.0,0.0,False,False,False
agoodhunterehehe,1,0.0,0,1,0,1,0.0,1.0,0.0,1.242074530147022e-18,,,,False,False,False
ajackson5888,1,0.0,0,1,0,1,0.0,1.0,0.0,1.2825324827880758e-18,,,,False,False,False
akocli,1,0.0,0,1,0,1,0.0,1.0,0.0,1.4371486201080043e-18,,,,False,False,False
alara001,1,0.0,0,1,0,1,0.0,1.0,0.0,4.983962333989445e-19,,,,False,False,False
alchemical52,5,0.2,1,3,1,3,2.0,5.0,0.0015873711064029008,0.009497359719878147,2.0,0.0,0.0,False,False,False
aldenniklas,1,0.0,0,1,0,1,0.0,1.0,0.0,-2.3864318974380155e-18,,,,False,False,False
alejandroandraca,4,0.0,6,4,6,4,6.0,4.0,0.0019131609827098535,0.0072110311830400975,6.0,0.0,0.0,True,False,True
aliensinmypants,3,0.0,3,3,3,3,4.0,3.0,0.0011287348985257214,0.0010925198708704807,4.0,0.0,0.0,True,False,False
allo_zor,1,0.0,1,1,1,1,1.0,1.0,9.665084027244658e-06,-8.767326818354845e-18,1.0,0.0,0.0,False,False,False
allysbitch,1,0.0,0,1,0,1,0.0,1.0,0.0,2.2986788757811996e-18,,,,False,False,False
almosthumanp0rpoise,1,0.0,0,1,0,1,0.0,1.0,0.0,2.95791920185313e-18,,,,False,False,False
almostkiryu,1,0.0,0,1,0,1,0.0,1.0,0.0,1.5151733616820863e-18,,,,False,False,False
aloy-kressh,1,0.0,0,1,0,1,0.0,1.0,0.0,-2.8423319291652886e-18,,,,False,False,False
alternative-cut-6015,2,0.0,2,2,2,2,3.0,2.0,0.0005207120028037379,0.0017493095917816414,3.0,0.0,0.0,False,False,False
alwaysforward777,1,0.0,0,1,0,1,0.0,1.0,0.0,3.5859635463348216e-18,,,,False,False,False
alwaysrunfast,1,0.0,0,1,0,1,0.0,1.0,0.0,3.767013993844823e-18,,,,False,False,False
ancient_prize9077,4,0.0,3,3,3,3,4.0,4.0,0.0029546259769168133,0.002790949225754063,4.0,0.0,0.0,True,False,False
andrewbenedict,1,0.0,0,1,0,1,0.0,1.0,0.0,2.4200302385454836e-18,,,,False,False,False
andywarholll,6,0.0,0,6,0,6,0.0,6.0,0.0,-9.62013955792049e-19,,,,False,False,False
angelbryan,1,0.0,0,1,0,1,0.0,1.0,0.0,4.536409631587525e-19,,,,False,False,False
anime-fr3ak365,3,0.3333333333333333,2,2,2,2,4.0,3.0,0.0004273275756025283,0.0030892264104652087,4.0,0.0,0.0,False,False,False
anon8_8,1,0.0,2,1,2,1,2.0,1.0,0.0004114210497716333,0.00036542070585076963,2.0,0.0,0.0,False,False,False
anonymousxianxia,21,0.238095238095238,8,20,8,20,8.0,21.0,0.009839380638739603,0.009378238119076995,8.0,0.0,0.0,True,False,True
anonymurrrr,1,0.0,1,1,1,1,1.0,1.0,0.00020448611067417496,8.527672436552381e-18,1.0,0.0,0.0,False,False,False
antaniserse,1,0.0,1,1,1,1,1.0,1.0,0.0,0.0014128067812856741,1.0,0.0,0.0,False,False,False
anthonyrucci,1,1.0,0,1,0,1,0.0,1.0,0.0,-8.002600682640513e-19,,,,False,False,False
antonynunez,2,0.0,1,1,1,1,1.0,1.0,0.0,0.0011378918215339635,1.0,0.0,0.0,False,False,False
anttigopkalo,5,0.2,78,5,78,5,81.0,5.0,0.02528473697274039,0.06287811220507762,81.0,0.0,0.0,True,False,True
any-satisfaction4801,1,0.0,0,1,0,1,0.0,1.0,0.0,-4.600483154945507e-19,,,,False,False,False
apartmentpitiful6325,7,0.0,4,7,4,7,4.0,7.0,0.009273030903814717,0.004869522407049174,4.0,0.0,0.0,True,False,False
apollyonsworld,1,0.0,0,1,0,1,0.0,1.0,0.0,1.3235145500733953e-18,,,,False,False,False
apprehensivetell8651,1,0.0,1,1,1,1,1.0,1.0,0.0,0.0007684046263438269,1.0,0.0,0.0,False,False,False
aramjameel,1,0.0,0,1,0,1,0.0,1.0,0.0,3.862800371848948e-19,,,,False,False,False
arannutasar,2,0.5,2,2,2,2,2.0,2.0,6.485863555308421e-05,0.001126154525030975,2.0,0.0,0.0,False,False,False
archangeletic,1,0.0,0,1,0,1,0.0,1.0,0.0,-1.697245212199405e-18,,,,False,False,False
archskeptic,1,0.0,1,1,1,1,1.0,1.0,0.0,0.10824018284270248,1.0,0.0,0.0,False,False,False
arfrados,1,0.0,0,1,0,1,0.0,1.0,0.0,4.280241942785324e-19,,,,False,False,False
argyleghoul,1,0.0,0,1,0,1,0.0,1.0,0.0,-2.2724698601378135e-18,,,,False,False,False
armadilloambitious59,1,0.0,1,1,1,1,1.0,1.0,0.0,0.0010248456264404314,1.0,0.0,0.0,False,False,False
armedocelot,2,0.0,1,1,1,1,1.0,2.0,0.0,0.0015039072877090784,1.0,0.0,0.0,False,False,False
armyok2897,1,0.0,0,1,0,1,0.0,1.0,0.0,-2.2198872211300814e-18,,,,False,False,False
aromatic-try5588,1,0.0,0,1,0,1,0.0,1.0,0.0,2.7364187751963098e-18,,,,False,False,False
arrival_joker,2,0.5,1,1,1,1,1.0,2.0,0.0,0.002020055327328312,1.0,0.0,0.0,False,False,False
ars_sisters,7,0.2857142857142857,2,7,2,7,2.0,7.0,0.003495268879346325,0.0025075976624627594,2.0,0.0,0.0,False,True,False
asdfcrow,1,1.0,0,1,0,1,0.0,1.0,0.0,8.582864199251284e-19,,,,False,False,False
asdfghjkl1234554321,1,0.0,0,1,0,1,0.0,1.0,0.0,-2.009812011437527e-18,,,,False,False,False
ashamed_wheel_3102,9,0.2222222222222222,9,5,9,5,13.0,9.0,0.0051188960946662735,0.004438549220613597,13.0,0.0,0.0,True,False,True
ashenoceiros,2,0.0,2,2,2,2,2.0,2.0,0.0004089722213483499,-9.65120714453354e-18,2.0,0.0,0.0,False,False,False
ashensoulhunter,1,0.0,1,1,1,1,1.0,1.0,0.0,1.6603481954500702e-17,1.0,0.0,0.0,False,False,False
ashersparky,1,1.0,0,1,0,1,0.0,1.0,0.0,2.4427285607447226e-18,,,,False,False,False
ashinaheat,2,0.0,0,2,0,2,0.0,2.0,0.0,1.0655489361220699e-18,,,,False,False,False
ashleyriot31,1,0.0,0,1,0,1,0.0,1.0,0.0,-4.060052507576643e-18,,,,False,False,False
asmotoanico,1,0.0,0,1,0,1,0.0,1.0,0.0,-1.2691528108923827e-18,,,,False,False,False
atijohn,1,0.0,0,1,0,1,0.0,1.0,0.0,-4.3097089770857475e-18,,,,False,False,False
auclairl,2,0.0,0,2,0,2,0.0,2.0,0.0,-2.3658213355448594e-18,,,,False,False,False
audeconn,1,0.0,0,1,0,1,0.0,1.0,0.0,-2.8383876275659422e-18,,,,False,False,False
aureentuluva70,11,0.0,27,8,27,8,29.0,11.0,0.014708502419659635,0.008953218190572532,29.0,0.0,0.0,True,False,True
austingears,1,1.0,0,1,0,1,0.0,1.0,0.0,-6.433850155247513e-19,,,,False,False,False
automoderator,75,0.0,0,71,0,71,0.0,73.0,0.0,2.180727724277737e-18,,,,False,False,False
avite4johnny,1,0.0,0,1,0,1,0.0,1.0,0.0,2.185218936019203e-18,,,,False,False,False
awanawarth,2,1.0,1,2,1,2,1.0,2.0,0.00020448611067417496,2.0308699193992445e-18,1.0,0.0,0.0,False,False,False
away-development-228,1,0.0,1,1,1,1,1.0,1.0,0.0,0.006184765754605172,1.0,0.0,0.0,False,False,False
awkward_ostrich_4275,5,0.0,2,5,2,5,2.0,5.0,0.0025444701648671417,0.006501353155253957,2.0,0.0,0.0,False,False,False
axazmcgee,1,0.0,0,1,0,1,0.0,1.0,0.0,-4.3176840952077784e-19,,,,False,False,False
axberka,2,0.0,0,2,0,2,0.0,2.0,0.0,3.826911366738218e-18,,,,False,False,False
axi0s2oo2,1,0.0,0,1,0,1,0.0,1.0,0.0,3.754020209208321e-18,,,,False,False,False
azazelger,3,0.3333333333333333,1,3,1,3,1.0,3.0,0.0003902930032143803,0.001774379351245433,1.0,0.0,0.0,False,False,False
azrendelmare,1,0.0,0,1,0,1,0.0,1.0,0.0,3.0028780106576614e-18,,,,False,False,False
background_char_0-0,1,0.0,0,1,0,1,0.0,1.0,0.0,2.223408029344943e-18,,,,False,False,False
backstab_fisher,12,0.0833333333333333,1,9,1,9,2.0,10.0,0.0023919352323409915,0.0007622829881337599,2.0,0.0,0.0,False,False,False
backuptrailer,1,0.0,0,1,0,1,0.0,1.0,0.0,-2.9997893632192543e-19,,,,False,False,False
badmongo666,1,0.0,1,1,1,1,1.0,1.0,0.0,1.073687633795492e-18,1.0,0.0,0.0,False,False,False
bagofsmallerbags,1,0.0,0,1,0,1,0.0,1.0,0.0,-2.178258478288067e-18,,,,False,False,False
bailey_1138,1,1.0,1,1,1,1,1.0,1.0,0.0,0.0014128067812856826,1.0,0.0,0.0,False,False,False
baj0k,4,0.25,9,2,9,2,10.0,3.0,0.002636375218246519,0.0035627403383641557,10.0,0.0,0.0,True,False,True
bakaldo,3,0.0,0,3,0,3,0.0,3.0,0.0,2.6512508524826247e-18,,,,False,False,False
balanceshanging,9,0.2222222222222222,5,8,5,8,6.0,9.0,0.002423511083257012,0.0028539771943336513,6.0,0.0,0.0,True,False,True
bandboots,1,0.0,0,1,0,1,0.0,1.0,0.0,1.3368203033643905e-18,,,,False,False,False
banjoman64,1,0.0,0,1,0,1,0.0,1.0,0.0,-4.074737047007858e-18,,,,False,False,False
bappoattacko45,1,0.0,0,1,0,1,0.0,1.0,0.0,-1.9603038889261407e-18,,,,False,False,False
barbariandruid,1,0.0,0,1,0,1,0.0,1.0,0.0,-2.0373937004097984e-18,,,,False,False,False
basedkaktus,1,0.0,0,1,0,1,0.0,1.0,0.0,-1.1345065295793988e-18,,,,False,False,False
basementelf1121,1,1.0,1,1,1,1,1.0,1.0,0.0,0.0028335088029350355,1.0,0.0,0.0,False,False,False
bashodonut,3,0.0,0,3,0,3,0.0,3.0,0.0,1.9260128408254255e-18,,,,False,False,False
basic_software_4745,3,0.0,0,3,0,3,0.0,3.0,0.0,2.5409836442485003e-18,,,,False,False,False
battleaxx9000,1,0.0,0,1,0,1,0.0,1.0,0.0,2.7885674785025154e-18,,,,False,False,False
bazz27,1,0.0,0,1,0,1,0.0,1.0,0.0,-1.4351729150265478e-19,,,,False,False,False
bbootybass,1,0.0,15,1,15,1,15.0,1.0,0.0025558432702692145,0.00846979495683291,15.0,0.0,0.0,True,False,True
beebons,1,0.0,1,1,1,1,1.0,1.0,0.0,0.0001727559875435059,1.0,0.0,0.0,False,False,False
beegbeeg_yoshi,1,0.0,0,1,0,1,0.0,1.0,0.0,-1.380571259062476e-18,,,,False,False,False
beemaster6271,1,0.0,0,1,0,1,0.0,1.0,0.0,-3.053850759201704e-18,,,,False,False,False
beggargirl,1,0.0,1,1,1,1,1.0,1.0,0.0,0.0007990928570718338,1.0,0.0,0.0,False,False,False
beginning_tackle6250,1,0.0,0,1,0,1,0.0,1.0,0.0,-2.3918824521349317e-18,,,,False,False,False
benchpressingcthulhu,1,0.0,0,1,0,1,0.0,1.0,0.0,-3.3985831027656015e-18,,,,False,False,False
berfraper,1,1.0,0,1,0,1,0.0,1.0,0.0,-4.435918244869527e-19,,,,False,False,False
berserkartorias,1,0.0,0,1,0,1,0.0,1.0,0.0,2.6745692811077634e-18,,,,False,False,False
best_servedpetty,1,0.0,0,1,0,1,0.0,1.0,0.0,-1.3359727324145227e-18,,,,False,False,False
bifanatropicalista,1,0.0,0,1,0,1,0.0,1.0,0.0,3.074219378068483e-18,,,,False,False,False
big_earth_6029,3,0.3333333333333333,1,3,1,3,1.0,3.0,0.000256354142001362,0.0021977281975603343,1.0,0.0,0.0,False,False,False
big_sir9860,2,0.0,2,2,2,2,2.0,2.0,0.009988099616623055,0.007180371215350103,2.0,0.0,0.0,False,False,False
bigblackcandle,1,0.0,1,1,1,1,1.0,1.0,0.00040897222134834993,-8.286439387253387e-18,1.0,0.0,0.0,False,False,False
bigbossplissken,1,0.0,0,1,0,1,0.0,1.0,0.0,9.966346964518022e-19,,,,False,False,False
bigdaddybrega,1,0.0,1,1,1,1,1.0,1.0,0.0,0.10824018284270248,1.0,0.0,0.0,False,False,False
bigmontysfm,1,0.0,64,1,64,1,65.0,1.0,0.018433958040879994,0.03250778253819497,65.0,0.0,0.0,True,False,True
bigred92e,1,0.0,0,1,0,1,0.0,1.0,0.0,-1.57304030306357e-18,,,,False,False,False
billprospect,4,0.25,1,4,1,4,1.0,4.0,0.0025544576936110805,0.011078216028513645,1.0,0.0,0.0,False,False,False
billy-_-pilgrim,1,0.0,0,1,0,1,0.0,1.0,0.0,8.4185706227218145e-19,,,,False,False,False
billysacco,1,0.0,0,1,0,1,0.0,1.0,0.0,2.1746669874476876e-18,,,,False,False,False
bimbales,1,0.0,0,1,0,1,0.0,1.0,0.0,-1.0721934812304035e-18,,,,False,False,False
bimmyschmendrix,1,0.0,0,1,0,1,0.0,1.0,0.0,3.179510412240998e-19,,,,False,False,False
binx1227,1,0.0,0,1,0,1,0.0,1.0,0.0,8.884676650193647e-19,,,,False,False,False
bjarkihr,1,0.0,0,1,0,1,0.0,1.0,0.0,-1.0733142775624367e-18,,,,False,False,False
bjergdk,1,0.0,0,1,0,1,0.0,1.0,0.0,-5.149764746026439e-19,,,,False,False,False
blackdeath354,15,0.3333333333333333,11,7,11,7,21.0,14.0,0.00796351928676437,0.006259545978521748,21.0,0.0,0.0,True,True,True
blahs44,5,0.0,2,4,2,4,2.0,5.0,0.0012259400060337835,0.00446056749185008,2.0,0.0,0.0,False,False,False
blmll,1,0.0,0,1,0,1,0.0,1.0,0.0,8.361288757166678e-19,,,,False,False,False
blockbussteve,1,0.0,0,1,0,1,0.0,1.0,0.0,-2.239971964376413e-18,,,,False,False,False
blockthenock01,1,0.0,0,1,0,1,0.0,1.0,0.0,-2.3540054471665277e-18,,,,False,False,False
blubbo84,1,0.0,1,1,1,1,1.0,1.0,0.0,0.0020484971406452045,1.0,0.0,0.0,False,False,False
blue_phantasm,1,0.0,0,1,0,1,0.0,1.0,0.0,-1.0567835605489013e-18,,,,False,False,False
bluehaze464,3,0.0,1,1,1,1,3.0,3.0,0.0,0.0069246536078199335,3.0,0.0,0.0,False,False,False
bluevite2,1,0.0,0,1,0,1,0.0,1.0,0.0,2.330247176741954e-18,,,,False,False,False
boborax1,1,0.0,0,1,0,1,0.0,1.0,0.0,6.473841682201473e-19,,,,False,False,False
bobsn-one,1,0.0,0,1,0,1,0.0,1.0,0.0,1.4817994350697282e-18,,,,False,False,False
bogmonst3r,1,0.0,0,1,0,1,0.0,1.0,0.0,-1.6547975732962832e-19,,,,False,False,False
bone_wh33l,1,0.0,1,1,1,1,1.0,1.0,0.0009842996476683208,0.00024642389537995937,1.0,0.0,0.0,False,False,False
boopladee,1,0.0,1,1,1,1,1.0,1.0,5.882848524887723e-05,0.01751633182705759,1.0,0.0,0.0,False,False,False
boppintortoise,1,0.0,1,1,1,1,1.0,1.0,0.0,1.714939614771257e-17,1.0,0.0,0.0,False,False,False
boring-management694,1,0.0,0,1,0,1,0.0,1.0,0.0,-2.8396850622222867e-18,,,,False,False,False
born-captain7056,1,0.0,0,1,0,1,0.0,1.0,0.0,-2.4295155322371254e-18,,,,False,False,False
bottomlessinawendys,1,0.0,1,1,1,1,1.0,1.0,0.0,0.0003294716463226323,1.0,0.0,0.0,False,False,False
boukobelisk,4,0.0,17,3,17,3,19.0,3.0,0.00415316746806429,0.00061694482089881,19.0,0.0,0.0,True,False,True
boulderpuncher08,1,0.0,0,1,0,1,0.0,1.0,0.0,1.2284394775514922e-18,,,,False,False,False
bouldertrailjunkie,2,0.0,0,2,0,2,0.0,2.0,0.0,2.208281215980548e-18,,,,False,False,False
bpob_,3,0.0,2,2,2,2,3.0,3.0,0.0006917493429274975,0.020594404428520455,3.0,0.0,0.0,False,False,False
brad_mcmuffin,1,0.0,0,1,0,1,0.0,1.0,0.0,7.717592219019335e-19,,,,False,False,False
bradthelegend7,1,0.0,0,1,0,1,0.0,1.0,0.0,-1.03983594823321e-18,,,,False,False,False
brainbelljangler90,1,1.0,0,1,0,1,0.0,1.0,0.0,-1.1733846535371845e-18,,,,False,False,False
breadaaaahh,1,0.0,0,1,0,1,0.0,1.0,0.0,-8.742864665517222e-19,,,,False,False,False
breaddituser,1,0.0,0,1,0,1,0.0,1.0,0.0,3.591433286070964e-18,,,,False,False,False
briarsandbrambles,1,0.0,0,1,0,1,0.0,1.0,0.0,-3.022838411791015e-18,,,,False,False,False
brilliant-sun-2303,1,0.0,0,1,0,1,0.0,1.0,0.0,-1.8878541972676377e-19,,,,False,False,False
brilliant_yard_5316,11,0.0,11,11,11,11,11.0,11.0,0.006922429414757609,9.004610977465246e-05,11.0,0.0,0.0,True,False,True
bringback4glory,1,0.0,0,1,0,1,0.0,1.0,0.0,-1.5085530113216778e-18,,,,False,False,False
brokenv3in,1,0.0,0,1,0,1,0.0,1.0,0.0,2.855288894056256e-18,,,,False,False,False
brugnoli,1,0.0,0,1,0,1,0.0,1.0,0.0,1.984477869671687e-18,,,,False,False,False
brumbby_ttv,1,0.0,0,1,0,1,0.0,1.0,0.0,1.5020538357282657e-18,,,,False,False,False
brunoiggnaut,1,0.0,0,1,0,1,0.0,1.0,0.0,4.619131364223566e-20,,,,False,False,False
brutananadilewski_,1,1.0,0,1,0,1,0.0,1.0,0.0,-1.8111127868062768e-18,,,,False,False,False
bubblebobby,3,0.0,2,2,2,2,3.0,3.0,0.0008228565695061429,0.0008026391986329654,3.0,0.0,0.0,False,False,False
bueeyeddemon,6,0.0,0,6,0,6,0.0,6.0,0.0,4.642008840897507e-18,,,,False,False,False
bug_the_bug,2,0.5,1,1,1,1,2.0,2.0,0.0,0.0015039072877090728,2.0,0.0,0.0,False,False,False
bum_thumper,1,0.0,0,1,0,1,0.0,1.0,0.0,-2.2493806749915683e-18,,,,False,False,False
burgundiancheems,1,0.0,0,1,0,1,0.0,1.0,0.0,-2.2329010573499665e-18,,,,False,False,False
business_compote2197,2,0.5,0,2,0,2,0.0,2.0,0.0,4.108839644156436e-18,,,,False,False,False
but_em,1,0.0,2,1,2,1,2.0,1.0,0.0002898672932717012,0.0013789817743013358,2.0,0.0,0.0,False,False,False
butter674,1,0.0,1,1,1,1,2.0,1.0,0.0,2.239970855248874e-18,2.0,0.0,0.0,False,False,False
buzzfb,1,0.0,0,1,0,1,0.0,1.0,0.0,3.268616296924687e-18,,,,False,False,False
cactuscomics,1,0.0,1,1,1,1,1.0,1.0,0.0006899618769251008,6.949684697726438e-05,1.0,0.0,0.0,False,False,False
cakmak_,1,0.0,0,1,0,1,0.0,1.0,0.0,1.1699818816516408e-18,,,,False,False,False
calamitous_clamitas,3,0.0,3,2,3,2,3.0,2.0,0.00020399895525733132,5.3317857869675204e-05,3.0,0.0,0.0,True,False,False
calligrapherown4829,2,0.5,1,2,1,2,1.0,2.0,0.0,0.004978178782513133,1.0,0.0,0.0,False,False,False
calm_lychee_4387,2,0.5,0,2,0,2,0.0,2.0,0.0,-3.143278842283406e-18,,,,False,False,False
candidpalpitation672,4,0.5,6,2,6,2,7.0,3.0,0.0027249692860176504,0.0217486824074193,7.0,0.0,0.0,True,False,True
cannedbeansnhotdogs,3,0.0,24,3,24,3,25.0,3.0,0.015066114386781937,0.013702645328749137,25.0,0.0,0.0,True,False,True
capital-fix9130,2,0.0,1,1,1,1,1.0,2.0,0.0,0.0017615307638280961,1.0,0.0,0.0,False,False,False
capnshaggles,1,1.0,0,1,0,1,0.0,1.0,0.0,-3.1662378731594908e-18,,,,False,False,False
capta1nash,5,0.0,1,4,1,4,3.0,5.0,5.523897479821008e-05,4.3602256344737165e-05,3.0,0.0,0.0,False,False,False
captainaction,2,0.0,1,2,1,2,1.0,2.0,0.0,0.011078216028513645,1.0,0.0,0.0,False,False,False
captbland,1,0.0,1,1,1,1,1.0,1.0,0.00040897222134834993,1.0122860493458555e-17,1.0,0.0,0.0,False,False,False
captdrunkenstein,1,0.0,0,1,0,1,0.0,1.0,0.0,-1.3435906399126409e-18,,,,False,False,False
carcosarorschach,5,0.4,6,5,6,5,6.0,5.0,0.0020586060144020786,0.0016775722035366392,6.0,0.0,0.0,True,True,True
cardio45,5,0.4,10,5,10,5,12.0,5.0,0.004399412292014205,0.0345673503033516,12.0,0.0,0.0,True,True,True
carnottv,1,0.0,2,1,2,1,2.0,1.0,0.0004286397381451963,0.00035372575902403285,2.0,0.0,0.0,False,False,False
cataorshane,3,0.3333333333333333,4,3,4,3,5.0,3.0,0.003436070030693583,0.0069858494344123894,5.0,0.0,0.0,True,False,True
cazthedm,1,0.0,1,1,1,1,1.0,1.0,0.0,0.10824018284270251,1.0,0.0,0.0,False,False,False
cbeesy,1,0.0,0,1,0,1,0.0,1.0,0.0,-1.7302538042680372e-18,,,,False,False,False
cerealbowlhead,1,0.0,1,1,1,1,1.0,1.0,0.0,0.0007703336474288599,1.0,0.0,0.0,False,False,False
cerealexprmntz,1,0.0,0,1,0,1,0.0,1.0,0.0,2.474278271873774e-20,,,,False,False,False
ceremoniousone,1,0.0,0,1,0,1,0.0,1.0,0.0,-1.4548535892227075e-19,,,,False,False,False
ch7274,1,0.0,0,1,0,1,0.0,1.0,0.0,-2.260517115290194e-18,,,,False,False,False
chaileafy,1,0.0,0,1,0,1,0.0,1.0,0.0,3.531087577803182e-18,,,,False,False,False
chainrevolutionary85,2,0.0,4,1,4,1,4.0,2.0,0.0008030781163272432,0.0003990032071045921,4.0,0.0,0.0,True,False,False
charging_in,4,0.5,1,2,1,2,2.0,4.0,0.0007279440781147455,0.0009877486304909796,2.0,0.0,0.0,False,False,False
cheap_kangaroo_3588,1,0.0,0,1,0,1,0.0,1.0,0.0,3.270936637566548e-18,,,,False,False,False
cheezers_0_0,4,0.0,5,4,5,4,5.0,4.0,0.00239568383688502,0.0011861913764152627,5.0,0.0,0.0,True,False,True
cheezywizzy222,1,0.0,0,1,0,1,0.0,1.0,0.0,4.190354804923389e-18,,,,False,False,False
chefartorias,1,1.0,0,1,0,1,0.0,1.0,0.0,-2.663516111204061e-18,,,,False,False,False
cherylswoopz,1,0.0,0,1,0,1,0.0,1.0,0.0,-1.2041960091603473e-18,,,,False,False,False
chezza72,1,0.0,0,1,0,1,0.0,1.0,0.0,-1.3465649708920652e-18,,,,False,False,False
chickenandtelephone,1,0.0,0,1,0,1,0.0,1.0,0.0,-1.9233233580887604e-18,,,,False,False,False
chili_pea,3,0.0,4,3,4,3,4.0,3.0,0.0012912214518806817,0.015551119606395153,4.0,0.0,0.0,True,False,False
chinchillavonchats,4,0.0,1,2,1,2,3.0,4.0,5.882848524887723e-05,0.01751633182705759,3.0,0.0,0.0,False,False,False
choiceassociate5525,1,0.0,0,1,0,1,0.0,1.0,0.0,4.091181978843982e-18,,,,False,False,False
choongzilla,3,0.0,2,2,2,2,4.0,3.0,0.0,0.007510156655608482,4.0,0.0,0.0,False,False,False
chosenbandicoot,1,0.0,0,1,0,1,0.0,1.0,0.0,1.1102893228065113e-18,,,,False,False,False
chrisnolliedelves,3,0.0,1,3,1,3,1.0,3.0,3.5749320047932686e-07,1.2479702740624185e-17,1.0,0.0,0.0,False,False,False
chromosomiev2,1,0.0,0,1,0,1,0.0,1.0,0.0,2.3149751188465055e-18,,,,False,False,False
classicvillainn,1,1.0,0,1,0,1,0.0,1.0,0.0,1.1221330319987512e-18,,,,False,False,False
claybones548,12,0.0833333333333333,5,10,5,10,6.0,12.0,0.005690712025858179,0.016528731241230568,6.0,0.0,0.0,True,False,True
clean_emotion5797,1,0.0,2,1,2,1,2.0,1.0,0.00010978108061464037,0.002465594995472422,2.0,0.0,0.0,False,False,False
clean_shower_6938,2,0.0,0,2,0,2,0.0,2.0,0.0,2.4360190322299877e-18,,,,False,False,False
clear_beat5117,2,0.0,0,2,0,2,0.0,2.0,0.0,1.1139234142285474e-18,,,,False,False,False
clementtoh2,1,1.0,0,1,0,1,0.0,1.0,0.0,3.7614338464661916e-19,,,,False,False,False
cleverboy00,5,0.2,1,5,1,5,1.0,5.0,0.00020448611067417496,4.453071361739855e-18,1.0,0.0,0.0,False,False,False
climaxbruno,1,0.0,0,1,0,1,0.0,1.0,0.0,5.215047588669267e-19,,,,False,False,False
clockworkdinosaurs,1,0.0,1,1,1,1,1.0,1.0,0.0,0.00014097893898709025,1.0,0.0,0.0,False,False,False
cloud_feather,1,0.0,0,1,0,1,0.0,1.0,0.0,-1.8696951366713774e-18,,,,False,False,False
cloud_striker,2,0.0,0,2,0,2,0.0,2.0,0.0,-1.5521628074359213e-18,,,,False,False,False
cmdr_dozer,1,0.0,0,1,0,1,0.0,1.0,0.0,2.18570822152936e-18,,,,False,False,False
cnp8,1,0.0,0,1,0,1,0.0,1.0,0.0,-1.0475641192038937e-18,,,,False,False,False
cocainebrick3242,1,0.0,0,1,0,1,0.0,1.0,0.0,7.896710372565088e-19,,,,False,False,False
code_johannes,2,0.0,1,1,1,1,2.0,2.0,0.0,0.002048497140645181,2.0,0.0,0.0,False,False,False
cold_call5169,2,0.5,3,2,3,2,3.0,2.0,0.00034310099108422895,3.731193096728673e-18,3.0,0.0,0.0,True,False,False
coldbutcozy,1,1.0,1,1,1,1,1.0,1.0,0.0,0.0035970338112459232,1.0,0.0,0.0,False,False,False
collapsedplague,1,1.0,1,1,1,1,1.0,1.0,0.0,0.0004404143884261777,1.0,0.0,0.0,False,False,False
comfortable_age_3540,9,0.0,4,7,4,7,5.0,9.0,0.007865475391713618,0.00042854722203551523,5.0,0.0,0.0,True,False,True
comfortable_hope2153,1,0.0,1,1,1,1,1.0,1.0,9.796914158724446e-05,6.473104548732703e-19,1.0,0.0,0.0,False,False,False
commanderabner,1,0.0,0,1,0,1,0.0,1.0,0.0,-1.7797128647818288e-18,,,,False,False,False
commercial-ad-8409,1,0.0,0,1,0,1,0.0,1.0,0.0,-7.805394532665307e-19,,,,False,False,False
committeeworried7825,1,0.0,1,1,1,1,1.0,1.0,0.0,0.0022202484276772957,1.0,0.0,0.0,False,False,False
communicationlocal78,1,0.0,0,1,0,1,0.0,1.0,0.0,-6.929664151369391e-19,,,,False,False,False
competitive-cake5560,2,0.5,1,1,1,1,2.0,2.0,0.0,0.0003294716463226314,2.0,0.0,0.0,False,False,False
comradekush420,1,0.0,1,1,1,1,1.0,1.0,0.0,0.0005553812330489065,1.0,0.0,0.0,False,False,False
concealed_blaze,1,0.0,0,1,0,1,0.0,1.0,0.0,-2.9618752721227484e-18,,,,False,False,False
condor6425,2,0.0,1,2,1,2,1.0,2.0,0.00011388187067316902,1.0777657952957096e-17,1.0,0.0,0.0,False,False,False
conjunctivious,2,0.0,0,2,0,2,0.0,2.0,0.0,-1.7954837359593957e-18,,,,False,False,False
connor_den,1,1.0,0,1,0,1,0.0,1.0,0.0,-2.8466133456100958e-18,,,,False,False,False
considerationno117,1,0.0,0,1,0,1,0.0,1.0,0.0,1.3967930751243252e-18,,,,False,False,False
consistent_way_569,1,0.0,0,1,0,1,0.0,1.0,0.0,-1.7913310085848513e-19,,,,False,False,False
conventionaluser2,1,0.0,0,1,0,1,0.0,1.0,0.0,3.0218291698591037e-18,,,,False,False,False
coolcat127,2,0.0,0,2,0,2,0.0,2.0,0.0,-2.5691971605265537e-18,,,,False,False,False
coovyy,1,0.0,0,1,0,1,0.0,1.0,0.0,2.4522110286036315e-18,,,,False,False,False
corsair_joshua,1,0.0,0,1,0,1,0.0,1.0,0.0,1.2365156561998065e-18,,,,False,False,False
cosmic-sympathy,6,0.1666666666666666,4,5,4,5,5.0,6.0,0.0039392710651408955,0.014530647358023471,5.0,0.0,0.0,True,False,True
couldbeanyone0014,1,0.0,0,1,0,1,0.0,1.0,0.0,8.258791150419603e-19,,,,False,False,False
cowclucklated,1,1.0,0,1,0,1,0.0,1.0,0.0,8.468471469477857e-19,,,,False,False,False
cowmunist,1,0.0,0,1,0,1,0.0,1.0,0.0,1.841448095129457e-18,,,,False,False,False
coyoteinternational7,1,0.0,0,1,0,1,0.0,1.0,0.0,-1.782257446619825e-18,,,,False,False,False
crackmuppet,4,0.25,3,3,3,3,3.0,4.0,0.004088410078002456,0.0037277958335106137,3.0,0.0,0.0,True,False,False
crash02231994,1,0.0,1,1,1,1,1.0,1.0,0.0,0.006184765754605167,1.0,0.0,0.0,False,False,False
crashtard,1,0.0,0,1,0,1,0.0,1.0,0.0,-1.8150456527861638e-19,,,,False,False,False
crease_greaser,1,0.0,0,1,0,1,0.0,1.0,0.0,-1.6300925599480226e-18,,,,False,False,False
crimson_raven,1,0.0,0,1,0,1,0.0,1.0,0.0,-1.9610493117738906e-18,,,,False,False,False
critical-green-4365,1,0.0,0,1,0,1,0.0,1.0,0.0,1.9169017484419381e-19,,,,False,False,False
cronicledisorder,1,0.0,0,1,0,1,0.0,1.0,0.0,3.1248005896582075e-18,,,,False,False,False
cronusvallandigham,3,0.0,0,3,0,3,0.0,3.0,0.0,-7.487820522699954e-19,,,,False,False,False
cross608,3,0.0,0,3,0,3,0.0,3.0,0.0,1.5362889886770895e-18,,,,False,False,False
crownlexicon,2,0.0,1,2,1,2,2.0,2.0,0.00048487001388344695,0.0008992469416474675,2.0,0.0,0.0,False,False,False
crucifixionfantasy,1,0.0,1,1,1,1,1.0,1.0,0.0004096872077493086,3.032897367879779e-19,1.0,0.0,0.0,False,False,False
cruffthemagicdragon,2,0.0,2,2,2,2,2.0,2.0,3.932425205272595e-06,0.009187235394491755,2.0,0.0,0.0,False,False,False
crwui,1,0.0,0,1,0,1,0.0,1.0,0.0,-3.837387650651679e-18,,,,False,False,False
csbuka,1,0.0,1,1,1,1,1.0,1.0,5.71989120766923e-06,-1.0747037442279005e-17,1.0,0.0,0.0,False,False,False
cucuyscholar,3,0.3333333333333333,2,3,2,3,2.0,3.0,0.0007456593175597793,0.003519553716970958,2.0,0.0,0.0,False,False,False
cudaguy66,2,0.0,0,2,0,2,0.0,2.0,0.0,1.3732590838191188e-18,,,,False,False,False
cuervot1lla,1,0.0,0,1,0,1,0.0,1.0,0.0,-1.2494192459873156e-18,,,,False,False,False
culchulach,9,0.0,3,8,3,8,4.0,9.0,0.007980194224642346,0.003348198988869389,4.0,0.0,0.0,True,False,False
cultofteddy_art,1,0.0,0,1,0,1,0.0,1.0,0.0,1.890858616840269e-18,,,,False,False,False
current-average2241,1,0.0,12,1,12,1,13.0,1.0,0.0044402139442454224,0.03479165695463765,13.0,0.0,0.0,True,False,True
cutestepbro,2,0.0,1,2,1,2,1.0,2.0,0.001940207100237144,0.0015616338567542294,1.0,0.0,0.0,False,False,False
cv287,1,0.0,0,1,0,1,0.0,1.0,0.0,-2.939510680431086e-20,,,,False,False,False
cyber_connor,1,0.0,0,1,0,1,0.0,1.0,0.0,7.659714149048377e-19,,,,False,False,False
cyberspace_lost,1,0.0,0,1,0,1,0.0,1.0,0.0,3.328954654058765e-18,,,,False,False,False
cyborgdeskfan,1,1.0,0,1,0,1,0.0,1.0,0.0,-1.3474194405726857e-18,,,,False,False,False
daggoth__,1,0.0,0,1,0,1,0.0,1.0,0.0,9.821887548307093e-19,,,,False,False,False
dame87,4,0.0,0,4,0,4,0.0,4.0,0.0,-2.4123829302671074e-18,,,,False,False,False
danglemangler,1,0.0,0,1,0,1,0.0,1.0,0.0,1.2481836104162057e-18,,,,False,False,False
danielson527,1,0.0,0,1,0,1,0.0,1.0,0.0,1.8399660770182034e-18,,,,False,False,False
danoahlp,1,0.0,1,1,1,1,1.0,1.0,0.0,0.00202005532732832,1.0,0.0,0.0,False,False,False
dantheman420927,2,0.0,1,2,1,2,1.0,2.0,0.0,6.335749332198402e-05,1.0,0.0,0.0,False,False,False
dardardarner,1,0.0,1,1,1,1,1.0,1.0,0.0,0.0016158467606216457,1.0,0.0,0.0,False,False,False
dark_sign,1,0.0,0,1,0,1,0.0,1.0,0.0,3.675478480933383e-19,,,,False,False,False
darkestofthelinks,1,0.0,0,1,0,1,0.0,1.0,0.0,-9.925634853163193e-19,,,,False,False,False
darkknightjpw,1,0.0,1,1,1,1,1.0,1.0,3.5749320047932686e-07,-1.1590814088699723e-17,1.0,0.0,0.0,False,False,False
darkness1231,4,0.5,1,4,1,4,1.0,4.0,0.000828184777687433,9.708110799902135e-05,1.0,0.0,0.0,False,False,False
darkstar7613,1,1.0,0,1,0,1,0.0,1.0,0.0,1.116237557726729e-18,,,,False,False,False
darksun_gwyndolin_,1,0.0,1,1,1,1,1.0,1.0,0.0,0.0061847657546051675,1.0,0.0,0.0,False,False,False
darkvince7,1,0.0,0,1,0,1,0.0,1.0,0.0,-3.1874870564905948e-18,,,,False,False,False
darkwindcold,1,1.0,0,1,0,1,0.0,1.0,0.0,-1.3138174223957322e-19,,,,False,False,False
darudegatestorm,2,0.0,1,2,1,2,1.0,2.0,0.0,0.0006418665521893685,1.0,0.0,0.0,False,False,False
davehelios99,1,0.0,4,1,4,1,4.0,1.0,0.0005365963266759619,0.004491215145858428,4.0,0.0,0.0,True,False,False
davepackage,1,0.0,1,1,1,1,1.0,1.0,6.730575555881498e-05,0.02008159448008277,1.0,0.0,0.0,False,False,False
davidepett,2,0.0,1,2,1,2,1.0,2.0,0.0,0.011078216028513645,1.0,0.0,0.0,False,False,False
daymub,1,0.0,0,1,0,1,0.0,1.0,0.0,1.2547408883677881e-18,,,,False,False,False
dayum_cerberus,1,1.0,0,1,0,1,0.0,1.0,0.0,1.5253576631989152e-18,,,,False,False,False
dbzmah,8,0.0,3,6,3,6,4.0,8.0,0.0023373689079142384,0.0008567684353287904,4.0,0.0,0.0,True,False,False
dcooper8662,2,0.0,0,2,0,2,0.0,2.0,0.0,-1.8362582003499135e-18,,,,False,False,False
deadsparker,1,0.0,1,1,1,1,1.0,1.0,0.0,0.001503907287709081,1.0,0.0,0.0,False,False,False
dear_perspective_157,4,0.25,1,1,1,1,3.0,4.0,0.0,8.702809833955531e-05,3.0,0.0,0.0,False,False,False
deathsyth220002,9,0.1111111111111111,8,8,8,8,12.0,9.0,0.009894145237901115,0.018777355140486167,12.0,0.0,0.0,True,False,True
decinote,10,0.0,81,8,81,8,84.0,10.0,0.03717643846678473,0.04388281219072777,84.0,0.0,0.0,True,False,True
decisiontight9151,3,0.0,0,2,0,2,0.0,3.0,0.0,-4.746607424340621e-19,,,,False,False,False
deebolution,1,0.0,0,1,0,1,0.0,1.0,0.0,2.311252755303525e-18,,,,False,False,False
deecon13,1,0.0,0,1,0,1,0.0,1.0,0.0,8.87463038678254e-19,,,,False,False,False
deerskulls17,1,0.0,1,1,1,1,1.0,1.0,0.0,0.0035970338112459297,1.0,0.0,0.0,False,False,False
def_tom,1,0.0,0,1,0,1,0.0,1.0,0.0,2.754932001081348e-18,,,,False,False,False
dehcbad25,6,0.3333333333333333,0,3,0,3,0.0,3.0,0.0,-2.1136205335642948e-18,,,,False,False,False
delicious-fennel-860,1,0.0,0,1,0,1,0.0,1.0,0.0,4.017644054515352e-18,,,,False,False,False
delicious_orange_784,1,0.0,0,1,0,1,0.0,1.0,0.0,-2.60758235782475e-18,,,,False,False,False
delita232,1,0.0,2,1,2,1,2.0,1.0,5.362398007189903e-06,0.003181193521425256,2.0,0.0,0.0,False,False,False
demearisen,2,0.0,0,2,0,2,0.0,2.0,0.0,9.641493495535117e-19,,,,False,False,False
demonshonor,1,0.0,0,1,0,1,0.0,1.0,0.0,2.4892921180133587e-18,,,,False,False,False
demonslugg,1,0.0,1,1,1,1,1.0,1.0,0.0,0.1082401828427025,1.0,0.0,0.0,False,False,False
dendens,1,0.0,1,1,1,1,1.0,1.0,0.0,0.006924653607819942,1.0,0.0,0.0,False,False,False
denizgezmis968,1,0.0,0,1,0,1,0.0,1.0,0.0,-9.373943253602101e-19,,,,False,False,False
denz-_-,8,0.125,26,7,26,7,27.0,8.0,0.028496086448032427,0.010239920137706245,27.0,0.0,0.0,True,False,True
designer_object_4875,2,0.0,1,2,1,2,1.0,2.0,1.0891626174603491e-05,-9.133337241574783e-18,1.0,0.0,0.0,False,False,False
desolateronin_,3,0.0,1,2,1,2,2.0,3.0,0.0001361481723665235,0.0020484971406451863,2.0,0.0,0.0,False,False,False
dessert_the_toxic,1,0.0,1,1,1,1,1.0,1.0,0.0,-2.819948347498966e-18,1.0,0.0,0.0,False,False,False
devourersweets,1,1.0,1,1,1,1,1.0,1.0,7.149864009586537e-07,7.85498434308533e-18,1.0,0.0,0.0,False,False,False
dex99dex99dex99,3,0.3333333333333333,0,3,0,3,0.0,3.0,0.0,3.7016326604819806e-18,,,,False,False,False
dgfartman,3,0.0,0,3,0,3,0.0,3.0,0.0,-2.608901432354749e-18,,,,False,False,False
diabolical49,1,1.0,0,1,0,1,0.0,1.0,0.0,-2.3483975663323563e-18,,,,False,False,False
dibaded,1,1.0,2,1,2,1,2.0,1.0,0.00012013005738821322,0.0001419000576293113,2.0,0.0,0.0,False,False,False
diesercoookie,1,0.0,0,1,0,1,0.0,1.0,0.0,-2.2058995022495218e-18,,,,False,False,False
dietermarchsreiter,1,0.0,0,1,0,1,0.0,1.0,0.0,1.5977640379978676e-18,,,,False,False,False
digitalatlas,1,0.0,0,1,0,1,0.0,1.0,0.0,-1.2417890266974348e-18,,,,False,False,False
dinkledorf36836,4,0.0,1,4,1,4,1.0,4.0,5.741936621698789e-05,-1.0281939734379734e-17,1.0,0.0,0.0,False,False,False
direnkyo1,1,0.0,0,1,0,1,0.0,1.0,0.0,4.906356247486345e-19,,,,False,False,False
dirkdirkinson,1,0.0,0,1,0,1,0.0,1.0,0.0,-2.485281429856409e-18,,,,False,False,False
disastrous-tune17,1,0.0,0,1,0,1,0.0,1.0,0.0,-1.816944870114527e-18,,,,False,False,False
disastrous_toe772,15,0.1333333333333333,5,13,5,13,7.0,15.0,0.009909320474814303,0.00391828487918739,7.0,0.0,0.0,True,False,True
dismal_scholar_3239,1,0.0,0,1,0,1,0.0,1.0,0.0,-1.7057127318988572e-19,,,,False,False,False
distinct-office-609,1,1.0,0,1,0,1,0.0,1.0,0.0,-1.9285656828294835e-18,,,,False,False,False
diyo_the_sannin,1,0.0,0,1,0,1,0.0,1.0,0.0,-1.1772569226434313e-18,,,,False,False,False
dmerp1100,1,0.0,0,1,0,1,0.0,1.0,0.0,2.816712733625485e-18,,,,False,False,False
doctor1023,1,0.0,1,1,1,1,1.0,1.0,0.0006134583320225249,2.6766029261983647e-18,1.0,0.0,0.0,False,False,False
doctorsmith2000,1,0.0,0,1,0,1,0.0,1.0,0.0,-3.0409250369006354e-18,,,,False,False,False
doley_47,1,0.0,0,1,0,1,0.0,1.0,0.0,2.75329822252107e-18,,,,False,False,False
donovankirk,1,0.0,0,1,0,1,0.0,1.0,0.0,1.1219842814145999e-18,,,,False,False,False
dontmakemekisssu,1,0.0,1,1,1,1,1.0,1.0,0.0,0.1082401828427025,1.0,0.0,0.0,False,False,False
doomspire667,2,0.0,8,2,8,2,9.0,2.0,0.0012201025525918421,0.021379008866091644,9.0,0.0,0.0,True,False,False
dougy120,4,0.0,13,2,13,2,16.0,2.0,8.579836811503844e-06,2.397501093592314e-17,16.0,0.0,0.0,True,False,False
dover_oxide,1,0.0,0,1,0,1,0.0,1.0,0.0,5.6907272772237875e-19,,,,False,False,False
doxyai,2,0.0,1,2,1,2,1.0,2.0,4.3293478145347264e-05,1.8981189827397162e-05,1.0,0.0,0.0,False,False,False
dr_bean_bean_,6,0.0,2,3,2,3,4.0,6.0,0.0012906398270304898,0.1110042383880678,4.0,0.0,0.0,False,False,False
dr_bias_,1,0.0,0,1,0,1,0.0,1.0,0.0,-3.2112339674027115e-18,,,,False,False,False
draexian,1,0.0,1,1,1,1,1.0,1.0,0.0,0.00044041438842617455,1.0,0.0,0.0,False,False,False
dragonfrog23,1,0.0,0,1,0,1,0.0,1.0,0.0,-8.429479396616594e-19,,,,False,False,False
drakner1,1,0.0,0,1,0,1,0.0,1.0,0.0,-2.6739761167596896e-18,,,,False,False,False
dramaticrabbit1576,1,0.0,0,1,0,1,0.0,1.0,0.0,4.591224643086319e-19,,,,False,False,False
drdre19899,1,0.0,0,1,0,1,0.0,1.0,0.0,1.92354397841249e-19,,,,False,False,False
drifter0301,1,0.0,0,1,0,1,0.0,1.0,0.0,-2.12423704365813e-18,,,,False,False,False
drinksuperb8792,3,0.3333333333333333,2,2,2,2,3.0,3.0,0.0013678422634020551,0.001688980436543574,3.0,0.0,0.0,False,False,False
drunkpostin,1,0.0,1,1,1,1,1.0,1.0,0.0,0.0003294716463226388,1.0,0.0,0.0,False,False,False
dry-music6006,1,1.0,0,1,0,1,0.0,1.0,0.0,2.0803965475224495e-18,,,,False,False,False
dryconsideration2674,2,0.5,1,1,1,1,2.0,2.0,0.0,0.00012466183474133894,2.0,0.0,0.0,False,False,False
ds2sucksalot,1,0.0,0,1,0,1,0.0,1.0,0.0,-3.547405522106906e-18,,,,False,False,False
dsartori,3,0.0,0,3,0,3,0.0,3.0,0.0,-3.2352884080855187e-18,,,,False,False,False
duckmoodown,1,0.0,0,1,0,1,0.0,1.0,0.0,-2.0727740096238148e-18,,,,False,False,False
due-menu-2501,1,0.0,1,1,1,1,1.0,1.0,0.0,0.0006183005183715772,1.0,0.0,0.0,False,False,False
dukedionysus,2,0.0,1,2,1,2,1.0,2.0,0.0002048436038746543,7.190832455833376e-18,1.0,0.0,0.0,False,False,False
dunsparceanddiglett,8,0.25,3,8,3,8,3.0,8.0,0.0010402588243962076,1.50215230995231e-05,3.0,0.0,0.0,True,False,False
dust514fan,4,0.0,1,4,1,4,1.0,4.0,0.00020448611067417496,-6.8902916588358e-18,1.0,0.0,0.0,False,False,False
dusty-foot-phil,1,1.0,1,1,1,1,1.0,1.0,0.00020448611067417496,-1.2517793052537819e-17,1.0,0.0,0.0,False,False,False
dw0rfsh0rtage,1,0.0,0,1,0,1,0.0,1.0,0.0,2.2053407360136046e-18,,,,False,False,False
dylzim,1,0.0,0,1,0,1,0.0,1.0,0.0,7.780507184079876e-19,,,,False,False,False
dzusproductions,4,0.0,0,4,0,4,0.0,4.0,0.0,3.734546237968169e-18,,,,False,False,False
earll_johansson,1,0.0,0,1,0,1,0.0,1.0,0.0,-3.072737916699692e-18,,,,False,False,False
early-mixture-58,2,0.5,1,2,1,2,1.0,2.0,0.00020448611067417494,-6.635675815720479e-18,1.0,0.0,0.0,False,False,False
easy-chair-542,11,0.0,5,8,5,8,8.0,11.0,0.004165809133869799,0.0033013585337807456,8.0,0.0,0.0,True,False,True
ebbelwoy,1,0.0,0,1,0,1,0.0,1.0,0.0,2.51999808128217e-18,,,,False,False,False
echoplasm0660,2,0.0,1,1,1,1,1.0,2.0,0.0,0.011078216028513629,1.0,0.0,0.0,False,False,False
economy-manner5413,2,0.0,0,2,0,2,0.0,2.0,0.0,-3.989053945662994e-18,,,,False,False,False
ecstatic-stuff-3806,1,0.0,2,1,2,1,2.0,1.0,0.00016858331863865006,0.0004947490225019328,2.0,0.0,0.0,False,False,False
edgeandruin2022,2,0.0,1,2,1,2,1.0,2.0,1.0724796014379805e-06,-3.118898094717465e-18,1.0,0.0,0.0,False,False,False
educational_hotel972,1,0.0,0,1,0,1,0.0,1.0,0.0,1.901827767560539e-18,,,,False,False,False
educational_mail_372,1,0.0,0,1,0,1,0.0,1.0,0.0,-5.266281463657822e-19,,,,False,False,False
eemeli7093,1,0.0,0,1,0,1,0.0,1.0,0.0,-1.061067265548774e-18,,,,False,False,False
effective-fix4981,1,0.0,1,1,1,1,1.0,1.0,0.0,0.00044041438842617396,1.0,0.0,0.0,False,False,False
efficient_library766,1,0.0,0,1,0,1,0.0,1.0,0.0,4.3289820201236385e-18,,,,False,False,False
efuefue,1,0.0,0,1,0,1,0.0,1.0,0.0,-2.3644285333593814e-18,,,,False,False,False
egyptian_m,2,0.5,1,2,1,2,1.0,2.0,0.0002048436038746543,-3.1894949549914143e-18,1.0,0.0,0.0,False,False,False
ehaugw,2,0.5,0,2,0,2,0.0,2.0,0.0,-2.954988668662976e-18,,,,False,False,False
either_election4872,1,0.0,0,1,0,1,0.0,1.0,0.0,-4.84674282873159e-19,,,,False,False,False
el__jengibre,2,0.0,1,2,1,2,1.0,2.0,0.0,1.3907599896315474e-17,1.0,0.0,0.0,False,False,False
elderwood-,2,0.0,1,2,1,2,1.0,2.0,7.060490709466705e-06,1.4209164996345041e-05,1.0,0.0,0.0,False,False,False
eldsish,1,0.0,0,1,0,1,0.0,1.0,0.0,6.5751199257647e-20,,,,False,False,False
electronic-march-639,1,0.0,1,1,1,1,1.0,1.0,0.00018336464633299834,0.00024642389537996094,1.0,0.0,0.0,False,False,False
elegant_jump_6923,1,0.0,0,1,0,1,0.0,1.0,0.0,-1.489433579581609e-18,,,,False,False,False
elitenoob85,4,0.25,0,4,0,4,0.0,4.0,0.0,5.4201162761192365e-19,,,,False,False,False
eljurdi,1,0.0,0,1,0,1,0.0,1.0,0.0,-1.6182400652907127e-18,,,,False,False,False
elmunecodetacoma,4,0.0,0,4,0,4,0.0,4.0,0.0,-2.0437800247446233e-18,,,,False,False,False
elpinguinosensual,1,0.0,1,1,1,1,1.0,1.0,0.0,0.009497359719878135,1.0,0.0,0.0,False,False,False
embarrassed_cook5325,6,0.0,57,6,57,6,62.0,6.0,0.022759450395623684,0.015624932054728115,62.0,0.0,0.0,True,False,True
emotional-badger3298,1,0.0,0,1,0,1,0.0,1.0,0.0,3.015681182456319e-18,,,,False,False,False
empty_estus_flask,1,0.0,0,1,0,1,0.0,1.0,0.0,1.3893674384861781e-18,,,,False,False,False
emus_won_thewar,2,0.0,1,2,1,2,1.0,2.0,0.002184033589275953,0.0016158467606216494,1.0,0.0,0.0,False,False,False
endfeeling9912,1,0.0,0,1,0,1,0.0,1.0,0.0,-1.042761678014878e-18,,,,False,False,False
engori,2,0.0,0,2,0,2,0.0,2.0,0.0,3.63978697285937e-18,,,,False,False,False
enjoyerofbeingextra,1,0.0,0,1,0,1,0.0,1.0,0.0,-2.597939778128482e-18,,,,False,False,False
enough_food_3377,1,0.0,0,1,0,1,0.0,1.0,0.0,-1.902447994134843e-18,,,,False,False,False
esc777,2,0.0,0,2,0,2,0.0,2.0,0.0,2.79967271010971e-19,,,,False,False,False
espimedia,1,0.0,0,1,0,1,0.0,1.0,0.0,-8.605563614563224e-19,,,,False,False,False
etanhwinters12,2,0.0,2,2,2,2,2.0,2.0,0.00044714530680420067,0.013443382224063747,2.0,0.0,0.0,False,False,False
eto2629,1,0.0,0,1,0,1,0.0,1.0,0.0,-1.6805292253958973e-18,,,,False,False,False
evilartorias,2,0.0,1,2,1,2,1.0,2.0,0.0002481613430978208,0.0010470037613918202,1.0,0.0,0.0,False,False,False
evileskimoo,1,0.0,1,1,1,1,1.0,1.0,0.0,1.9828832277830324e-18,1.0,0.0,0.0,False,False,False
excellent_bet_4839,1,0.0,0,1,0,1,0.0,1.0,0.0,-1.639428705514112e-18,,,,False,False,False
exciting-ad2013,1,0.0,0,1,0,1,0.0,1.0,0.0,2.192482190488886e-18,,,,False,False,False
expensive-election-5,1,0.0,4,1,4,1,4.0,1.0,0.0004894081914561984,0.0012041673783725827,4.0,0.0,0.0,True,False,False
expert_antelope_3896,1,0.0,0,1,0,1,0.0,1.0,0.0,-3.710454777722804e-19,,,,False,False,False
explosive_shrew,1,0.0,1,1,1,1,1.0,1.0,0.0,-1.0171934551606809e-17,1.0,0.0,0.0,False,False,False
extension-can-2467,1,0.0,0,1,0,1,0.0,1.0,0.0,-3.1835464879248858e-18,,,,False,False,False
external_prize1798,1,0.0,4,1,4,1,4.0,1.0,0.001022430553370875,-6.236594113042835e-20,4.0,0.0,0.0,True,False,False
extremeanarchist3,1,0.0,0,1,0,1,0.0,1.0,0.0,-2.569547817157579e-19,,,,False,False,False
extremelyawesomecrow,1,0.0,0,1,0,1,0.0,1.0,0.0,-1.1342433021563128e-18,,,,False,False,False
ez_ildor,1,1.0,0,1,0,1,0.0,1.0,0.0,1.1493309062361874e-19,,,,False,False,False
f3nrir096,1,0.0,0,1,0,1,0.0,1.0,0.0,-1.8445211352317874e-19,,,,False,False,False
falcon_kratos_786,1,0.0,0,1,0,1,0.0,1.0,0.0,-2.2023306545054337e-18,,,,False,False,False
famous-upstairs998,1,0.0,0,1,0,1,0.0,1.0,0.0,-3.414226306837448e-18,,,,False,False,False
famoushawk3258,1,1.0,0,1,0,1,0.0,1.0,0.0,-4.2503536433820675e-18,,,,False,False,False
fancycarbonara,1,0.0,0,1,0,1,0.0,1.0,0.0,-1.0314732984545168e-18,,,,False,False,False
fancydeadpool,1,0.0,0,1,0,1,0.0,1.0,0.0,2.344285341223253e-18,,,,False,False,False
fantastic-mrs-fuck,1,0.0,0,1,0,1,0.0,1.0,0.0,1.1658442227128964e-19,,,,False,False,False
farkky,1,1.0,0,1,0,1,0.0,1.0,0.0,-2.7834976954433638e-19,,,,False,False,False
farol23,3,0.6666666666666666,2,2,2,2,4.0,3.0,0.0,0.01120825547032754,4.0,0.0,0.0,False,False,False
farukyildiz1,1,0.0,11,1,11,1,12.0,1.0,0.0015499809221406389,0.011297132516994417,12.0,0.0,0.0,True,False,True
fastenedcarrot,1,0.0,0,1,0,1,0.0,1.0,0.0,2.8578129205332625e-18,,,,False,False,False
fatiguedundead,1,0.0,0,1,0,1,0.0,1.0,0.0,2.9525720991860726e-18,,,,False,False,False
fatsanchezbr,1,0.0,1,1,1,1,1.0,1.0,0.0,1.1256653320411411e-17,1.0,0.0,0.0,False,False,False
fawarus,1,0.0,0,1,0,1,0.0,1.0,0.0,3.345783208385391e-19,,,,False,False,False
few-economist90,1,0.0,0,1,0,1,0.0,1.0,0.0,3.0786377219294216e-18,,,,False,False,False
few-improvement-5655,2,0.0,2,1,2,1,2.0,2.0,7.716292125012671e-05,0.0008354345152987915,2.0,0.0,0.0,False,False,False
few-problem-3185,1,0.0,0,1,0,1,0.0,1.0,0.0,-5.931114759461686e-19,,,,False,False,False
fibonacci0187,1,1.0,1,1,1,1,1.0,1.0,0.0,0.0006769359028206155,1.0,0.0,0.0,False,False,False
figoos,1,0.0,0,1,0,1,0.0,1.0,0.0,1.899790056445687e-18,,,,False,False,False
fish998,1,0.0,0,1,0,1,0.0,1.0,0.0,4.243722980250207e-19,,,,False,False,False
fit_comfortable_9652,1,0.0,0,1,0,1,0.0,1.0,0.0,1.6436737426721323e-18,,,,False,False,False
fizzygoose666,1,0.0,0,1,0,1,0.0,1.0,0.0,-6.904407875478541e-19,,,,False,False,False
flamebaited,4,0.25,1,3,1,3,1.0,4.0,0.0014999766498617196,0.0024655949954724265,1.0,0.0,0.0,False,False,False
flamingbaby,2,0.0,2,2,2,2,2.0,2.0,0.00011376321122372254,0.0014438189150528663,2.0,0.0,0.0,False,False,False
flamingbagofpoop,1,0.0,1,1,1,1,1.0,1.0,4.736784906351082e-06,-1.0762086455669862e-17,1.0,0.0,0.0,False,False,False
flaminspaghetti,1,0.0,0,1,0,1,0.0,1.0,0.0,2.922905732519831e-18,,,,False,False,False
flan-cake,1,0.0,0,1,0,1,0.0,1.0,0.0,1.3358388330692163e-18,,,,False,False,False
flan_firm,1,0.0,1,1,1,1,1.0,1.0,0.0,0.10824018284270252,1.0,0.0,0.0,False,False,False
fluffyjd,2,0.0,1,2,1,2,1.0,2.0,4.35417121610978e-05,0.0022202484276772996,1.0,0.0,0.0,False,False,False
fluid-read-6843,1,0.0,0,1,0,1,0.0,1.0,0.0,-1.5464339457363363e-18,,,,False,False,False
flyingturkeycouchie,1,0.0,0,1,0,1,0.0,1.0,0.0,-2.5205763620195323e-18,,,,False,False,False
flyingturtle04,1,1.0,0,1,0,1,0.0,1.0,0.0,9.946113179832934e-19,,,,False,False,False
foncess,1,0.0,0,1,0,1,0.0,1.0,0.0,-1.6106269301824644e-18,,,,False,False,False
fonglis,1,0.0,0,1,0,1,0.0,1.0,0.0,-3.1322943843955696e-18,,,,False,False,False
force-4842,2,0.0,1,1,1,1,1.0,2.0,0.0,0.0007622829881337636,1.0,0.0,0.0,False,False,False
forcenaive1219,1,0.0,0,1,0,1,0.0,1.0,0.0,1.0038189090692503e-18,,,,False,False,False
foreign_skill6632,1,1.0,1,1,1,1,1.0,1.0,0.0,0.0010008705305655475,1.0,0.0,0.0,False,False,False
forlornhound,2,0.0,0,2,0,2,0.0,2.0,0.0,2.2859603384150262e-18,,,,False,False,False
forlornmemory,1,0.0,0,1,0,1,0.0,1.0,0.0,-2.2290619051789408e-18,,,,False,False,False
former_hat_6890,1,0.0,0,1,0,1,0.0,1.0,0.0,-1.5088225409763594e-18,,,,False,False,False
former_paladin,1,0.0,0,1,0,1,0.0,1.0,0.0,2.786673045869879e-18,,,,False,False,False
forsaken_maximum_215,4,0.0,2,3,2,3,2.0,4.0,0.0017336525384600437,0.0016881462198802637,2.0,0.0,0.0,False,False,False
fosterfl1910,1,0.0,0,1,0,1,0.0,1.0,0.0,-1.9790604760248987e-18,,,,False,False,False
fourmthree,1,0.0,0,1,0,1,0.0,1.0,0.0,-8.404883784003316e-19,,,,False,False,False
fourthwallfixer343,1,1.0,0,1,0,1,0.0,1.0,0.0,1.4626056413528914e-18,,,,False,False,False
foxlostaz,6,0.0,25,4,25,4,29.0,6.0,0.008536898972863693,0.005294303225667299,29.0,0.0,0.0,True,False,True
franc0zzz,1,0.0,1,1,1,1,1.0,1.0,0.0,0.006924653607819935,1.0,0.0,0.0,False,False,False
frankbouch,2,0.5,1,1,1,1,1.0,2.0,0.0,0.0004404143884261822,1.0,0.0,0.0,False,False,False
freddietwenty,1,0.0,3,1,3,1,3.0,1.0,0.00040897222134834993,1.8430222626466364e-18,3.0,0.0,0.0,True,False,False
fredrix06,1,0.0,0,1,0,1,0.0,1.0,0.0,-2.066757475417491e-18,,,,False,False,False
fredsecunda_8,1,0.0,0,1,0,1,0.0,1.0,0.0,-2.0869082795642163e-18,,,,False,False,False
freemarketapeescape,1,0.0,0,1,0,1,0.0,1.0,0.0,-2.632141173053024e-18,,,,False,False,False
freshleg817,1,0.0,0,1,0,1,0.0,1.0,0.0,-1.6396080190675146e-18,,,,False,False,False
freshprinceofrivia,1,0.0,0,1,0,1,0.0,1.0,0.0,5.779395254305997e-19,,,,False,False,False
freyatlast,1,0.0,0,1,0,1,0.0,1.0,0.0,-9.323038697329948e-19,,,,False,False,False
friydis,1,0.0,0,1,0,1,0.0,1.0,0.0,-2.497345020154942e-18,,,,False,False,False
frosty-feathers,1,0.0,0,1,0,1,0.0,1.0,0.0,1.78648802198765e-18,,,,False,False,False
frosty-help-8972,1,0.0,0,1,0,1,0.0,1.0,0.0,8.869778224910323e-19,,,,False,False,False
frozenbudz,2,0.0,0,2,0,2,0.0,2.0,0.0,6.133402841913729e-19,,,,False,False,False
full-hollow-tiche,1,0.0,0,1,0,1,0.0,1.0,0.0,-1.3723611995699581e-19,,,,False,False,False
full_ad9666,1,0.0,1,1,1,1,1.0,1.0,0.0,0.009497359719878149,1.0,0.0,0.0,False,False,False
fume_knight18,1,0.0,0,1,0,1,0.0,1.0,0.0,-2.7632121989879543e-18,,,,False,False,False
fun-performer-3441,1,0.0,0,1,0,1,0.0,1.0,0.0,2.7079025150571553e-18,,,,False,False,False
functionbuilt,11,0.0909090909090909,75,11,75,11,76.0,11.0,0.024165676259826466,0.022315090337292922,76.0,0.0,0.0,True,False,True
fusrodahmus,1,0.0,1,1,1,1,1.0,1.0,0.0,0.0003769426201821089,1.0,0.0,0.0,False,False,False
future-case-1114,1,0.0,0,1,0,1,0.0,1.0,0.0,2.369137296908996e-18,,,,False,False,False
g2boss,2,0.0,1,2,1,2,1.0,2.0,3.5749320047932686e-07,-3.615829012754049e-18,1.0,0.0,0.0,False,False,False
gabbyhobby69,1,0.0,0,1,0,1,0.0,1.0,0.0,5.816421762735351e-20,,,,False,False,False
gabriel-gamer,1,1.0,0,1,0,1,0.0,1.0,0.0,3.907420580986048e-18,,,,False,False,False
galimor,1,0.0,0,1,0,1,0.0,1.0,0.0,-2.3287380421944547e-18,,,,False,False,False
gamerdad520,1,0.0,0,1,0,1,0.0,1.0,0.0,1.8800771547053997e-18,,,,False,False,False
gameshark1997,1,0.0,0,1,0,1,0.0,1.0,0.0,3.527118963835734e-18,,,,False,False,False
gangr3l,1,0.0,0,1,0,1,0.0,1.0,0.0,2.1256137061808562e-18,,,,False,False,False
gappedbyvanka,1,0.0,0,1,0,1,0.0,1.0,0.0,-5.804197108376561e-19,,,,False,False,False
garamil,3,0.0,1,3,1,3,1.0,3.0,0.0009062051335634735,0.10824018284270248,1.0,0.0,0.0,False,False,False
garbagetaste,1,1.0,2,1,2,1,2.0,1.0,7.149864009586537e-07,2.1114117701567554e-17,2.0,0.0,0.0,False,False,False
gasmaskexiitium,12,0.0,14,9,14,9,20.0,12.0,0.006177710644434675,0.0026518440391173487,20.0,0.0,0.0,True,False,True
gastlyperformance,2,0.0,2,2,2,2,2.0,2.0,0.00023925104765935932,0.0003386589217917503,2.0,0.0,0.0,False,False,False
gatornator83,2,0.5,0,2,0,2,0.0,2.0,0.0,2.1013568467607035e-18,,,,False,False,False
gayesss,6,0.3333333333333333,3,4,3,4,4.0,6.0,0.0009398093351439058,0.0011945110977029936,4.0,0.0,0.0,True,False,False
george_90,1,0.0,0,1,0,1,0.0,1.0,0.0,2.4252975221085057e-18,,,,False,False,False
georgebroncoweems,2,0.0,0,1,0,1,0.0,2.0,0.0,2.199492803867478e-18,,,,False,False,False
gerardwayill,4,0.0,2,3,2,3,2.0,4.0,0.002107357231061497,0.0033209849180852167,2.0,0.0,0.0,False,False,False
gerowen,1,1.0,2,1,2,1,2.0,1.0,1.7421835303359198e-05,0.00014427043543632003,2.0,0.0,0.0,False,False,False
gg-679,3,0.3333333333333333,1,3,1,3,1.0,3.0,0.0005529916844791135,0.0008992469416474663,1.0,0.0,0.0,False,False,False
ghostsquid21,1,0.0,0,1,0,1,0.0,1.0,0.0,-2.2386340382712565e-18,,,,False,False,False
gigasnemesis,1,0.0,0,1,0,1,0.0,1.0,0.0,-1.6665409055314445e-18,,,,False,False,False
gingamonk86,1,0.0,0,1,0,1,0.0,1.0,0.0,-2.1457489666770247e-18,,,,False,False,False
ginger_anagram54,1,0.0,0,1,0,1,0.0,1.0,0.0,1.303258813879028e-18,,,,False,False,False
ginger_anagram69,1,0.0,1,1,1,1,1.0,1.0,0.0,0.001792769588067614,1.0,0.0,0.0,False,False,False
givants,1,0.0,0,1,0,1,0.0,1.0,0.0,-1.0167791223705778e-20,,,,False,False,False
glimmerware,2,0.0,0,2,0,2,0.0,2.0,0.0,-4.5638197816636017e-20,,,,False,False,False
globamabinladen69,1,0.0,0,1,0,1,0.0,1.0,0.0,1.9568966542907446e-18,,,,False,False,False
glockens,1,0.0,1,1,1,1,1.0,1.0,0.0,3.3113237776083986e-18,1.0,0.0,0.0,False,False,False
glumandalf,3,0.0,1,3,1,3,1.0,3.0,0.000601870909558158,0.00283350880293503,1.0,0.0,0.0,False,False,False
goatdull5670,1,0.0,0,1,0,1,0.0,1.0,0.0,1.8447211516641093e-18,,,,False,False,False
goatmanboy,1,0.0,0,1,0,1,0.0,1.0,0.0,2.359788145897352e-18,,,,False,False,False
gobbeanz,2,0.0,1,1,1,1,1.0,1.0,0.0,0.0021977281975603313,1.0,0.0,0.0,False,False,False
goblinn_za_goat07,1,1.0,1,1,1,1,1.0,1.0,0.00016069659831260486,-1.4036883591315316e-17,1.0,0.0,0.0,False,False,False
gold_mask_54,1,1.0,1,1,1,1,1.0,1.0,0.0,0.000440414388426181,1.0,0.0,0.0,False,False,False
goldfishpony,1,0.0,0,1,0,1,0.0,1.0,0.0,-3.5382059931820034e-18,,,,False,False,False
goldwood,2,0.0,1,2,1,2,1.0,2.0,0.0002919529222538314,0.0036384096995662365,1.0,0.0,0.0,False,False,False
gosh-darnit-lv,1,0.0,0,1,0,1,0.0,1.0,0.0,-2.570355070596924e-18,,,,False,False,False
gothos,1,0.0,0,1,0,1,0.0,1.0,0.0,1.013562540345972e-18,,,,False,False,False
gravityabuser,3,0.0,1,2,1,2,2.0,3.0,0.00026877384059428763,0.004181601121486706,2.0,0.0,0.0,False,False,False
greatchaosfudge,5,0.0,3,5,3,5,3.0,5.0,0.0008485287537235328,0.0021541497124678254,3.0,0.0,0.0,True,False,False
greenpranger,1,0.0,0,1,0,1,0.0,1.0,0.0,-2.577131273760264e-18,,,,False,False,False
grizzlyonly,1,1.0,0,1,0,1,0.0,1.0,0.0,3.1383405834493835e-18,,,,False,False,False
groundbreakingsir588,2,0.0,9,1,9,1,9.0,1.0,0.0015010292906423154,0.00197780989136989,9.0,0.0,0.0,True,False,True
grrlpants,1,0.0,0,1,0,1,0.0,1.0,0.0,4.35392245705842e-19,,,,False,False,False
guavakoala,1,0.0,0,1,0,1,0.0,1.0,0.0,-4.294023566626496e-18,,,,False,False,False
guccisalad,1,0.0,0,1,0,1,0.0,1.0,0.0,4.915522045468234e-19,,,,False,False,False
gudguyb,1,0.0,0,1,0,1,0.0,1.0,0.0,-3.0458657511990615e-18,,,,False,False,False
guiltyspark449,1,0.0,0,1,0,1,0.0,1.0,0.0,2.4981706317530852e-18,,,,False,False,False
guitarsdontdance,1,0.0,0,1,0,1,0.0,1.0,0.0,-3.486297214462163e-18,,,,False,False,False
h4nku,1,0.0,0,1,0,1,0.0,1.0,0.0,-2.2454780591844305e-18,,,,False,False,False
h8n4s8n66,1,0.0,1,1,1,1,1.0,1.0,0.0,0.00041845771672604457,1.0,0.0,0.0,False,False,False
handyandy58,1,0.0,5,1,5,1,5.0,1.0,0.00046790273634429643,0.001496217255155883,5.0,0.0,0.0,True,False,False
harlequinnova,2,0.0,2,2,2,2,2.0,2.0,0.0010245631427693402,0.0007740170108196352,2.0,0.0,0.0,False,False,False
harsilainen,1,0.0,1,1,1,1,1.0,1.0,0.0008048709988932804,0.004181601121486702,1.0,0.0,0.0,False,False,False
hartman92,1,0.0,0,1,0,1,0.0,1.0,0.0,2.5868478161105434e-18,,,,False,False,False
haunting_cress_7348,1,1.0,0,1,0,1,0.0,1.0,0.0,-1.4689411825158656e-18,,,,False,False,False
hbmilkar,1,0.0,0,1,0,1,0.0,1.0,0.0,2.2678985544833475e-18,,,,False,False,False
heatoverflower,6,0.1666666666666666,3,6,3,6,3.0,6.0,0.0013492063890183591,0.00587927562729362,3.0,0.0,0.0,True,False,False
heisenburgo,1,0.0,0,1,0,1,0.0,1.0,0.0,-2.589814898373896e-18,,,,False,False,False
heliosdisciple,2,0.5,1,2,1,2,1.0,2.0,0.00021826710054387465,0.00024462480394275084,1.0,0.0,0.0,False,False,False
helixishere_,2,0.0,1,1,1,1,2.0,2.0,0.0,0.0007003975893892928,2.0,0.0,0.0,False,False,False
helljumpedhere,4,0.0,2,2,2,2,3.0,4.0,0.0006917493429274975,0.0007900051311055852,3.0,0.0,0.0,False,False,False
hello51128,1,0.0,1,1,1,1,1.0,1.0,0.0,0.0016859400395913633,1.0,0.0,0.0,False,False,False
helmvoncanzis,1,0.0,0,1,0,1,0.0,1.0,0.0,8.598279030630681e-19,,,,False,False,False
helpful_pain5176,1,0.0,0,1,0,1,0.0,1.0,0.0,1.917997239171823e-19,,,,False,False,False
helpie23,2,0.0,1,2,1,2,1.0,2.0,0.00020448611067417496,-3.660939460286302e-18,1.0,0.0,0.0,False,False,False
henchman____21,1,0.0,0,1,0,1,0.0,1.0,0.0,-1.2493601675448936e-18,,,,False,False,False
heripiotr,4,0.0,2,3,2,3,2.0,4.0,0.00020609483007633193,-7.430795666638966e-18,2.0,0.0,0.0,False,False,False
hexnotic,2,0.5,0,2,0,2,0.0,2.0,0.0,-1.0480280284534035e-18,,,,False,False,False
hexogen1c,5,0.4,2,5,2,5,2.0,5.0,0.00032779161560188367,0.00013972669304583346,2.0,0.0,0.0,False,False,False
hexxcellent,1,0.0,1,1,1,1,1.0,1.0,0.0,0.10824018284270252,1.0,0.0,0.0,False,False,False
heywatermelongirl,8,0.25,5,8,5,8,5.0,8.0,0.006364280328530733,0.0039346824812009915,5.0,0.0,0.0,True,True,True
hidroraider,3,0.0,1,2,1,2,1.0,3.0,0.0001354686436244935,-1.972678845684318e-19,1.0,0.0,0.0,False,False,False
hieunguyen990616,1,0.0,0,1,0,1,0.0,1.0,0.0,3.40163961471247e-18,,,,False,False,False
historicalsuccess254,8,0.0,2,8,2,8,3.0,8.0,0.0062082403639860916,0.004365635467358027,3.0,0.0,0.0,False,False,False
hiyupjh,1,1.0,0,1,0,1,0.0,1.0,0.0,3.3237717535502445e-19,,,,False,False,False
hobear,8,0.0,3,7,3,7,4.0,8.0,0.006992805253349312,0.0025285572091427702,4.0,0.0,0.0,True,False,False
hollow_kilo,1,0.0,1,1,1,1,1.0,1.0,1.0102162023544974e-05,0.0014798744014856886,1.0,0.0,0.0,False,False,False
hollow_knick,1,1.0,0,1,0,1,0.0,1.0,0.0,-8.609981656022112e-19,,,,False,False,False
hollowornstein,1,0.0,0,1,0,1,0.0,1.0,0.0,1.901700570800169e-18,,,,False,False,False
hooligans_,1,0.0,0,1,0,1,0.0,1.0,0.0,-2.742121272433564e-18,,,,False,False,False
hoopajoopa,2,0.0,1,1,1,1,2.0,2.0,0.0,0.10824018284270251,2.0,0.0,0.0,False,False,False
hoss9inbg,1,0.0,1,1,1,1,1.0,1.0,0.0,1.4209164996343581e-05,1.0,0.0,0.0,False,False,False
hot_independence6933,7,0.0,3,6,3,6,4.0,7.0,0.002272745655940687,0.011361112857049755,4.0,0.0,0.0,True,False,False
housesubstantial3044,1,0.0,0,1,0,1,0.0,1.0,0.0,-2.818773049571661e-18,,,,False,False,False
howdyini,16,0.0625,6,11,6,11,9.0,16.0,0.007578368644108462,0.016646384508579904,9.0,0.0,0.0,True,False,True
huckleberry-v,5,0.2,1,3,1,3,1.0,5.0,5.8039247283992814e-05,0.0003294716463226303,1.0,0.0,0.0,False,False,False
hugoku257,1,1.0,0,1,0,1,0.0,1.0,0.0,-9.482676783724276e-19,,,,False,False,False
hugsized,1,0.0,0,1,0,1,0.0,1.0,0.0,2.600525628463407e-18,,,,False,False,False
humbuckaroo,1,0.0,0,1,0,1,0.0,1.0,0.0,1.3911500762777948e-19,,,,False,False,False
hungry_information53,1,0.0,0,1,0,1,0.0,1.0,0.0,1.861619813320531e-18,,,,False,False,False
huslwusl,2,0.0,0,2,0,2,0.0,2.0,0.0,-3.721745081595107e-18,,,,False,False,False
i_am_incaned,1,1.0,0,1,0,1,0.0,1.0,0.0,3.1115591950688425e-18,,,,False,False,False
i_venomz_cf,2,0.0,0,2,0,2,0.0,2.0,0.0,-2.654933797694137e-18,,,,False,False,False
i_was_planned,1,1.0,0,1,0,1,0.0,1.0,0.0,-1.758458474834933e-18,,,,False,False,False
iamdante7,1,1.0,0,1,0,1,0.0,1.0,0.0,-1.2231850917967685e-18,,,,False,False,False
iameatingkebabs,1,0.0,2,1,2,1,3.0,1.0,0.00020412861747369564,0.0004250873400508416,3.0,0.0,0.0,False,False,False
ibww,1,0.0,0,1,0,1,0.0,1.0,0.0,1.2388049742030504e-18,,,,False,False,False
icantstopicantst0p,1,0.0,1,1,1,1,1.0,1.0,0.0,0.0035970338112459284,1.0,0.0,0.0,False,False,False
iconicakbar,1,1.0,0,1,0,1,0.0,1.0,0.0,-3.354920006944776e-18,,,,False,False,False
icy-geologist-2679,2,0.0,7,1,7,1,10.0,2.0,0.0004901231778571571,0.0018196904635937707,10.0,0.0,0.0,True,False,False
idkprobablyanything,4,0.5,3,2,3,2,6.0,4.0,0.0009781013965114384,0.0005515131746717507,6.0,0.0,0.0,True,False,False
idpeepthat,1,0.0,1,1,1,1,1.0,1.0,0.0,8.702809833955767e-05,1.0,0.0,0.0,False,False,False
idrawinmargins,1,1.0,0,1,0,1,0.0,1.0,0.0,2.261112678513611e-18,,,,False,False,False
igotnoidea42,7,0.1428571428571428,3,4,3,4,8.0,7.0,0.003879513765919882,0.004830728452132919,8.0,0.0,0.0,True,False,True
ihackedkmart,1,0.0,5,1,5,1,6.0,1.0,0.0004894081914561984,0.011163146643170897,6.0,0.0,0.0,True,False,False
ihadalifeb4thiss,1,0.0,0,1,0,1,0.0,1.0,0.0,-2.182197874533365e-18,,,,False,False,False
ihavenocluewhatzoeva,1,0.0,0,1,0,1,0.0,1.0,0.0,-2.094564692960466e-18,,,,False,False,False
ikhan353,1,0.0,0,1,0,1,0.0,1.0,0.0,-7.073947169870261e-19,,,,False,False,False
illusorywall,32,0.0625,10,24,10,24,11.0,31.0,0.027660112885998966,0.01795646998133651,11.0,0.0,0.0,True,False,True
illustrious_wind6455,3,0.0,2,2,2,2,3.0,3.0,0.0013768262572090352,0.00191535829023252,3.0,0.0,0.0,False,False,False
illustrious_word4130,1,0.0,0,1,0,1,0.0,1.0,0.0,1.1970529511760271e-18,,,,False,False,False
imaginary_bedroom_89,1,0.0,0,1,0,1,0.0,1.0,0.0,-2.4725911375438523e-18,,,,False,False,False
imashortkid,2,0.0,1,2,1,2,1.0,2.0,0.00020448611067417496,-1.1266860232935416e-17,1.0,0.0,0.0,False,False,False
immaculatepizza,1,0.0,0,1,0,1,0.0,1.0,0.0,1.824130098101429e-19,,,,False,False,False
immediate_stable,5,0.0,3,5,3,5,3.0,5.0,0.002002838161210652,0.003231069524347301,3.0,0.0,0.0,True,False,False
imoblivioustothis,1,0.0,0,1,0,1,0.0,1.0,0.0,2.352939164848086e-18,,,,False,False,False
impressive-inside-73,1,0.0,0,1,0,1,0.0,1.0,0.0,1.0926221596195852e-18,,,,False,False,False
impressive_cup_5480,7,0.0,8,7,8,7,9.0,7.0,0.0061471106066396,0.014070125422374097,9.0,0.0,0.0,True,False,True
impspirational,1,0.0,1,1,1,1,1.0,1.0,0.00020448611067417496,-7.444118766330431e-18,1.0,0.0,0.0,False,False,False
ina-perfectworld,1,1.0,1,1,1,1,1.0,1.0,0.0004734890062301296,0.0015616338567542233,1.0,0.0,0.0,False,False,False
inconspicuous_hider,1,0.0,43,1,43,1,43.0,1.0,0.009348583264351075,0.01207374688830977,43.0,0.0,0.0,True,False,True
independent_ad_5644,6,0.0,9,6,9,6,9.0,6.0,0.012313463596789797,0.12691260513183825,9.0,0.0,0.0,True,False,True
individ321,1,0.0,0,1,0,1,0.0,1.0,0.0,-3.497405834238018e-18,,,,False,False,False
indomitus1,1,0.0,0,1,0,1,0.0,1.0,0.0,5.000966231101041e-19,,,,False,False,False
inevitable311,1,0.0,0,1,0,1,0.0,1.0,0.0,-5.456380325028696e-19,,,,False,False,False
ingaz,3,0.0,0,3,0,3,0.0,3.0,0.0,1.615963574132333e-18,,,,False,False,False
ingethel2,2,0.0,1,1,1,1,1.0,2.0,0.0,0.003597033811245933,1.0,0.0,0.0,False,False,False
instanceok3560,10,0.0,2,2,2,2,11.0,10.0,0.0005722526957607295,0.00027631557253748667,11.0,0.0,0.0,False,False,False
instantsoup44,1,0.0,0,1,0,1,0.0,1.0,0.0,3.9002271751324476e-19,,,,False,False,False
intelligent_bug_78,1,0.0,0,1,0,1,0.0,1.0,0.0,-2.207466657288707e-18,,,,False,False,False
intelligent_duck1844,14,0.1428571428571428,7,11,7,11,10.0,14.0,0.005425610459184121,0.003995900499385068,10.0,0.0,0.0,True,False,True
intentionshot5830,1,0.0,0,1,0,1,0.0,1.0,0.0,-2.1369294577052545e-18,,,,False,False,False
interesting-round393,2,0.0,1,1,1,1,1.0,2.0,0.0,0.10824018284270248,1.0,0.0,0.0,False,False,False
interesting_avocado6,1,0.0,0,1,0,1,0.0,1.0,0.0,-3.2534691909481638e-18,,,,False,False,False
interesting_pitch903,2,0.0,0,2,0,2,0.0,2.0,0.0,-4.594832898829181e-19,,,,False,False,False
internationalgroup68,1,0.0,0,1,0,1,0.0,1.0,0.0,-4.5369773807900525e-18,,,,False,False,False
intrepidhedgehog56,1,0.0,11,1,11,1,11.0,1.0,0.001768290344241832,0.01211162407913964,11.0,0.0,0.0,True,False,True
invader_skoodge69,3,0.3333333333333333,1,3,1,3,1.0,3.0,4.661486933756612e-05,0.0021958744149559476,1.0,0.0,0.0,False,False,False
invalidcapcha,1,0.0,0,1,0,1,0.0,1.0,0.0,1.4835308701209194e-18,,,,False,False,False
ironlordrush,1,1.0,0,1,0,1,0.0,1.0,0.0,-1.4711547441359126e-18,,,,False,False,False
isthatabear,2,0.0,1,1,1,1,1.0,2.0,0.0,0.0007703336474288535,1.0,0.0,0.0,False,False,False
ita_itsleo,1,0.0,0,1,0,1,0.0,1.0,0.0,-3.5021789197451965e-18,,,,False,False,False
ithinktherefore_isam,1,0.0,0,1,0,1,0.0,1.0,0.0,-5.708621188384956e-19,,,,False,False,False
itriumiterum,1,0.0,0,1,0,1,0.0,1.0,0.0,-2.0871515800342608e-18,,,,False,False,False
itsame1up,1,0.0,0,1,0,1,0.0,1.0,0.0,-1.0146029885810713e-18,,,,False,False,False
itsmesoloman,1,0.0,2,1,2,1,2.0,1.0,0.0,0.0047729232309301015,2.0,0.0,0.0,False,False,False
j-mac_slipperytoes,2,0.0,3,2,3,2,4.0,2.0,0.0022644158653340515,0.0022299440276962418,4.0,0.0,0.0,True,False,False
jackosepitcosauci,1,0.0,16,1,16,1,16.0,1.0,0.0028311366054465563,0.013690861560353427,16.0,0.0,0.0,True,False,True
jacksilver1410,3,0.3333333333333333,1,1,1,1,2.0,3.0,0.0,0.005517592714803397,2.0,0.0,0.0,False,False,False
jadecornpens,2,0.0,2,2,2,2,2.0,2.0,0.0004995057494006464,0.0023887551847290777,2.0,0.0,0.0,False,False,False
jajanken_bacon,1,0.0,0,1,0,1,0.0,1.0,0.0,1.9601404497584666e-18,,,,False,False,False
jakateja,1,0.0,0,1,0,1,0.0,1.0,0.0,-6.766051259712969e-19,,,,False,False,False
james785757,1,1.0,17,1,17,1,17.0,1.0,0.0015925550944183142,0.00905465317965893,17.0,0.0,0.0,True,False,True
jamey_s,1,0.0,0,1,0,1,0.0,1.0,0.0,2.336881907897439e-18,,,,False,False,False
janderfischer,5,0.2,3,5,3,5,3.0,5.0,0.0007145045757975743,0.0008497809496583194,3.0,0.0,0.0,True,False,False
jarlkulle,1,0.0,0,1,0,1,0.0,1.0,0.0,2.403360852937767e-18,,,,False,False,False
jaykalinka,1,0.0,0,1,0,1,0.0,1.0,0.0,-1.1652758042879072e-19,,,,False,False,False
jazzlike-razzmatazz4,1,1.0,0,1,0,1,0.0,1.0,0.0,-3.317515942404973e-18,,,,False,False,False
jealous-dragonfly-86,1,1.0,0,1,0,1,0.0,1.0,0.0,-1.475347717498257e-18,,,,False,False,False
jeezcakes,1,0.0,1,1,1,1,1.0,1.0,0.0,6.901848820019908e-18,1.0,0.0,0.0,False,False,False
jersey_emt,3,0.0,0,2,0,2,0.0,2.0,0.0,2.8574812602655062e-18,,,,False,False,False
jestersoul,1,0.0,0,1,0,1,0.0,1.0,0.0,-1.5618396308839469e-18,,,,False,False,False
jhaymaker,1,0.0,0,1,0,1,0.0,1.0,0.0,2.1873923305337266e-18,,,,False,False,False
jibsand,1,0.0,0,1,0,1,0.0,1.0,0.0,1.7363899392669063e-19,,,,False,False,False
jijoe6,1,0.0,0,1,0,1,0.0,1.0,0.0,-4.041924826627369e-18,,,,False,False,False
jimbsmithjr,2,0.0,2,2,2,2,2.0,2.0,0.0002974796246756338,0.011078216028513638,2.0,0.0,0.0,False,False,False
jimmysavillespubes,1,0.0,0,1,0,1,0.0,1.0,0.0,4.194568388814906e-18,,,,False,False,False
jish013,1,0.0,0,1,0,1,0.0,1.0,0.0,-2.283774644584055e-18,,,,False,False,False
jjvqboi,2,0.0,0,2,0,2,0.0,2.0,0.0,-1.8917371356929854e-19,,,,False,False,False
jmatt9080,1,0.0,0,1,0,1,0.0,1.0,0.0,1.5645321784294104e-18,,,,False,False,False
jmdxx88,1,0.0,0,1,0,1,0.0,1.0,0.0,-3.977224518951105e-18,,,,False,False,False
joe-064,6,0.1666666666666666,1,2,1,2,4.0,6.0,0.0004549613406829194,0.006184765754605179,4.0,0.0,0.0,False,False,False
johndarksouls923,1,0.0,0,1,0,1,0.0,1.0,0.0,-2.453797264587418e-18,,,,False,False,False
johnny_k97,1,0.0,1,1,1,1,1.0,1.0,0.0,0.001378981774301333,1.0,0.0,0.0,False,False,False
joigebwoin,11,0.1818181818181818,12,6,12,6,16.0,10.0,0.009782656357646915,0.023057276011421164,16.0,0.0,0.0,True,False,True
jollysolaireofastora,1,0.0,0,1,0,1,0.0,1.0,0.0,-2.613455868368935e-19,,,,False,False,False
jonescrusherjones,2,0.0,2,2,2,2,2.0,2.0,0.0002957759946720483,0.00020472626018533868,2.0,0.0,0.0,False,False,False
josef_the_red,4,0.0,1,3,1,3,2.0,4.0,0.00020448611067417496,4.783698727780514e-18,2.0,0.0,0.0,False,False,False
jpb00,4,0.0,4,2,4,2,5.0,4.0,6.806531254061263e-05,0.008399247569921437,5.0,0.0,0.0,True,False,False
jremymillz,1,0.0,0,1,0,1,0.0,1.0,0.0,-1.2409355064775588e-18,,,,False,False,False
jtcordell2188,9,0.2222222222222222,3,5,3,5,7.0,9.0,0.002574768279525943,0.011736597138751225,7.0,0.0,0.0,True,False,True
jtyeetus,6,0.0,6,3,6,3,10.0,6.0,0.005571627538148433,0.007381345643571909,10.0,0.0,0.0,True,False,True
junior_fix_9212,5,0.2,0,5,0,5,0.0,5.0,0.0,-4.0263531129287134e-19,,,,False,False,False
jusrun_away,1,0.0,0,1,0,1,0.0,1.0,0.0,2.855638275670074e-18,,,,False,False,False
just-a-fawn,1,0.0,1,1,1,1,1.0,1.0,0.0,1.4209164996338936e-05,1.0,0.0,0.0,False,False,False
jygglewag,1,0.0,0,1,0,1,0.0,1.0,0.0,-4.722274226429776e-19,,,,False,False,False
jymk,1,0.0,0,1,0,1,0.0,1.0,0.0,4.054248167622881e-19,,,,False,False,False
kalidanoscope,14,0.1428571428571428,2,13,2,13,2.0,14.0,0.002112140121883632,0.004847027359790757,2.0,0.0,0.0,False,False,False
kamimamita_,1,0.0,0,1,0,1,0.0,1.0,0.0,2.394560574168479e-18,,,,False,False,False
kanista17,1,0.0,0,1,0,1,0.0,1.0,0.0,-4.962839867537916e-19,,,,False,False,False
kanra578,1,0.0,0,1,0,1,0.0,1.0,0.0,-2.911491737714864e-18,,,,False,False,False
kanzyn,2,0.0,1,2,1,2,1.0,2.0,0.00023938535661273904,0.005454685218224363,1.0,0.0,0.0,False,False,False
kaspieskigruz,1,0.0,0,1,0,1,0.0,1.0,0.0,3.92606793316417e-18,,,,False,False,False
kat_box_suicide,1,0.0,0,1,0,1,0.0,1.0,0.0,-4.307593909872331e-18,,,,False,False,False
kcs800,1,0.0,1,1,1,1,1.0,1.0,0.0,0.00019001612624151626,1.0,0.0,0.0,False,False,False
kedavrarick,1,0.0,1,1,1,1,1.0,1.0,0.0,0.002048497140645196,1.0,0.0,0.0,False,False,False
keelan_2000,8,0.125,7,8,7,8,7.0,8.0,0.003520102217513685,0.005231462945763351,7.0,0.0,0.0,True,False,True
kenny-kong420,1,0.0,0,1,0,1,0.0,1.0,0.0,-2.149504628640962e-18,,,,False,False,False
keplerowl,5,0.0,13,5,13,5,13.0,5.0,0.0024788578521236526,2.752081219609931e-17,13.0,0.0,0.0,True,False,True
ketaminekhan,1,0.0,0,1,0,1,0.0,1.0,0.0,1.4894678931225082e-19,,,,False,False,False
kevinryan589,50,0.14,14,19,14,19,48.0,50.0,0.023829263553435325,0.036062783654539216,48.0,0.0,0.0,True,False,True
key-software4390,1,0.0,0,1,0,1,0.0,1.0,0.0,2.2228221113506872e-18,,,,False,False,False
khamike,1,0.0,1,1,1,1,1.0,1.0,1.0336071265067394e-05,0.0008992469416474627,1.0,0.0,0.0,False,False,False
kholdbrand,1,0.0,0,1,0,1,0.0,1.0,0.0,-3.350183996843591e-18,,,,False,False,False
kiboshking36,1,1.0,0,1,0,1,0.0,1.0,0.0,1.0467685801540976e-18,,,,False,False,False
kikomir,1,0.0,0,1,0,1,0.0,1.0,0.0,-5.422965053149716e-19,,,,False,False,False
kinch_g,1,0.0,0,1,0,1,0.0,1.0,0.0,2.8693702770058533e-19,,,,False,False,False
kindredmuffin,8,0.0,4,4,4,4,8.0,8.0,0.003110691612363418,0.008468874193466445,8.0,0.0,0.0,True,False,True
kingleoricsword,1,0.0,1,1,1,1,1.0,1.0,0.0,1.301578251551252e-05,1.0,0.0,0.0,False,False,False
kiro-s-terashii,1,0.0,0,1,0,1,0.0,1.0,0.0,-1.326899925118723e-18,,,,False,False,False
kiyuya,2,0.0,1,1,1,1,1.0,2.0,0.0,0.0006888918891085874,1.0,0.0,0.0,False,False,False
kkalwa,1,0.0,0,1,0,1,0.0,1.0,0.0,-2.836143051211814e-18,,,,False,False,False
klutzy-hall-8801,1,0.0,0,1,0,1,0.0,1.0,0.0,-1.3686141011629419e-18,,,,False,False,False
klutzy-magician4881,3,0.0,2,2,2,2,3.0,3.0,0.0,0.009375764495489568,3.0,0.0,0.0,False,False,False
kndbs,1,0.0,0,1,0,1,0.0,1.0,0.0,3.1428477400075353e-18,,,,False,False,False
knightofastora2,1,0.0,0,1,0,1,0.0,1.0,0.0,3.3909725390096785e-18,,,,False,False,False
knightsunny,1,0.0,0,1,0,1,0.0,1.0,0.0,2.9016015086730088e-18,,,,False,False,False
knurla,1,0.0,1,1,1,1,1.0,1.0,0.0,0.0016158467606216492,1.0,0.0,0.0,False,False,False
konohabatman,1,0.0,0,1,0,1,0.0,1.0,0.0,-3.236758443953218e-18,,,,False,False,False
korega_araki_spammer,1,0.0,0,1,0,1,0.0,1.0,0.0,4.262752382279655e-19,,,,False,False,False
krazycrooin,1,0.0,0,1,0,1,0.0,1.0,0.0,1.107563791370064e-18,,,,False,False,False
krazzor_,1,0.0,0,1,0,1,0.0,1.0,0.0,-2.751074300899429e-19,,,,False,False,False
kronosphere,1,0.0,0,1,0,1,0.0,1.0,0.0,-2.088690124962001e-18,,,,False,False,False
krouvy,2,0.0,1,2,1,2,1.0,2.0,0.00020448611067417496,2.287418697580368e-18,1.0,0.0,0.0,False,False,False
kuramaruki,1,0.0,0,1,0,1,0.0,1.0,0.0,-1.4273915035709352e-18,,,,False,False,False
kuro_pouha,1,0.0,0,1,0,1,0.0,1.0,0.0,1.658069812079726e-18,,,,False,False,False
kwernover,1,1.0,0,1,0,1,0.0,1.0,0.0,-1.3596094648367305e-18,,,,False,False,False
kylarox_2,1,0.0,0,1,0,1,0.0,1.0,0.0,2.7452355116516403e-18,,,,False,False,False
kylepatch,5,0.0,2,5,2,5,2.0,5.0,0.0021427111097219943,0.0006032631051463308,2.0,0.0,0.0,False,False,False
l0ngati,1,0.0,0,1,0,1,0.0,1.0,0.0,2.345174092925565e-18,,,,False,False,False
l3g0man_123,4,0.0,2,4,2,4,2.0,4.0,0.0015569165872293235,0.020727050056062814,2.0,0.0,0.0,False,False,False
lacard,2,0.0,0,2,0,2,0.0,2.0,0.0,-2.7329925509314568e-18,,,,False,False,False
lainececilie,1,0.0,0,1,0,1,0.0,1.0,0.0,1.558358485273526e-18,,,,False,False,False
lassipk,1,1.0,0,1,0,1,0.0,1.0,0.0,-2.1130019776960472e-18,,,,False,False,False
last-independence213,1,0.0,0,1,0,1,0.0,1.0,0.0,3.0922560809495215e-18,,,,False,False,False
lastabysswatcher,4,0.25,1,3,1,3,1.0,4.0,0.0015291504837767528,0.0011023584194977964,1.0,0.0,0.0,False,False,False
late_cheesecake4081,1,0.0,0,1,0,1,0.0,1.0,0.0,-1.7454753006439513e-18,,,,False,False,False
laughpuppy23,1,0.0,1,1,1,1,1.0,1.0,7.947499433798865e-05,-3.472256183769115e-18,1.0,0.0,0.0,False,False,False
lavellan03,1,0.0,0,1,0,1,0.0,1.0,0.0,2.0883882348721507e-18,,,,False,False,False
lazulidbabadook,1,0.0,0,1,0,1,0.0,1.0,0.0,-6.482598186167012e-20,,,,False,False,False
lazy-conference-2259,1,0.0,1,1,1,1,1.0,1.0,0.0,0.1082401828427025,1.0,0.0,0.0,False,False,False
lcnielsen,2,0.0,1,2,1,2,1.0,2.0,5.412787524971751e-05,-8.588614593502756e-18,1.0,0.0,0.0,False,False,False
lealbus,1,0.0,0,1,0,1,0.0,1.0,0.0,5.349956530240356e-19,,,,False,False,False
leather-ad2127,2,0.0,1,1,1,1,1.0,2.0,0.0,0.10824018284270251,1.0,0.0,0.0,False,False,False
leather-boot-3617,1,0.0,1,1,1,1,1.0,1.0,0.0,0.0001727559875435049,1.0,0.0,0.0,False,False,False
lebootyeater,1,0.0,0,1,0,1,0.0,1.0,0.0,1.8753277020509837e-18,,,,False,False,False
legal_jedi,1,0.0,0,1,0,1,0.0,1.0,0.0,7.46842044095352e-19,,,,False,False,False
legal_possibility246,1,0.0,0,1,0,1,0.0,1.0,0.0,4.157566827407496e-18,,,,False,False,False
legnaron17,1,0.0,1,1,1,1,1.0,1.0,0.0,0.0036384096995662435,1.0,0.0,0.0,False,False,False
lejust_twist_4955,1,0.0,0,1,0,1,0.0,1.0,0.0,2.5365697749977323e-18,,,,False,False,False
lelouchnegs,1,0.0,0,1,0,1,0.0,1.0,0.0,-1.9266144944575928e-18,,,,False,False,False
lessercaterpillar,2,0.0,1,1,1,1,1.0,2.0,0.0,-6.689225720078826e-18,1.0,0.0,0.0,False,False,False
let_there_be_fire,1,0.0,1,1,1,1,1.0,1.0,1.546797564037316e-05,0.0007648549356476487,1.0,0.0,0.0,False,False,False
letap21,1,0.0,0,1,0,1,0.0,1.0,0.0,7.231901109863596e-19,,,,False,False,False
lexington59,1,0.0,0,1,0,1,0.0,1.0,0.0,1.3652404897943733e-18,,,,False,False,False
lexplua,1,0.0,1,1,1,1,1.0,1.0,0.0,0.006184765754605184,1.0,0.0,0.0,False,False,False
lexyp29,1,0.0,0,1,0,1,0.0,1.0,0.0,4.48279816934161e-20,,,,False,False,False
leyammon,1,1.0,0,1,0,1,0.0,1.0,0.0,6.927627870253709e-19,,,,False,False,False
liberalhellhole,1,0.0,0,1,0,1,0.0,1.0,0.0,-3.645669931823192e-18,,,,False,False,False
life_daikon_157,1,0.0,0,1,0,1,0.0,1.0,0.0,-6.260570698198845e-19,,,,False,False,False
lil_bitch_big_dreams,1,0.0,1,1,1,1,1.0,1.0,0.0,0.10824018284270248,1.0,0.0,0.0,False,False,False
lilbrowhoisontheteam,1,0.0,0,1,0,1,0.0,1.0,0.0,1.609828121771024e-18,,,,False,False,False
lilwhale_mama,1,0.0,1,1,1,1,1.0,1.0,0.0,0.1082401828427025,1.0,0.0,0.0,False,False,False
limp-bonus-4326,1,0.0,0,1,0,1,0.0,1.0,0.0,-7.573113528780279e-19,,,,False,False,False
lionredbigbot,1,0.0,0,1,0,1,0.0,1.0,0.0,2.9740111894017645e-18,,,,False,False,False
lite_sleeper,1,0.0,0,1,0,1,0.0,1.0,0.0,-2.0242224775990263e-18,,,,False,False,False
little_dark_soul,1,0.0,0,1,0,1,0.0,1.0,0.0,5.474519723144949e-19,,,,False,False,False
littleoperation4597,1,0.0,1,1,1,1,1.0,1.0,3.5749320047932686e-07,-1.0604734445907092e-17,1.0,0.0,0.0,False,False,False
livid-truck8558,9,0.1111111111111111,4,8,4,8,4.0,9.0,0.0068225320388787146,0.008794869432432753,4.0,0.0,0.0,True,False,False
living-clue-3892,1,0.0,0,1,0,1,0.0,1.0,0.0,-9.832259169254502e-20,,,,False,False,False
living-tea1898,1,0.0,0,1,0,1,0.0,1.0,0.0,-1.481144200195019e-18,,,,False,False,False
lizardmilitia1990,1,0.0,0,1,0,1,0.0,1.0,0.0,-3.6064932165404376e-18,,,,False,False,False
lmadjoker,1,0.0,0,1,0,1,0.0,1.0,0.0,1.3881109533365773e-18,,,,False,False,False
lmnotreallysure,1,1.0,1,1,1,1,1.0,1.0,0.0,6.896965772359087e-19,1.0,0.0,0.0,False,False,False
logical-magazine-713,3,0.0,0,3,0,3,0.0,3.0,0.0,1.7553595966786287e-18,,,,False,False,False
logical-student4036,2,0.0,0,2,0,2,0.0,2.0,0.0,5.066730308484367e-19,,,,False,False,False
logictrauma,1,0.0,1,1,1,1,1.0,1.0,0.0,0.1082401828427025,1.0,0.0,0.0,False,False,False
logitech_gamer,1,0.0,10,1,10,1,10.0,1.0,0.0006295086031352566,0.02349126640171328,10.0,0.0,0.0,True,False,False
lolthesystem,3,0.0,0,3,0,3,0.0,3.0,0.0,-5.643021125707872e-19,,,,False,False,False
looneywabbit1,1,0.0,0,1,0,1,0.0,1.0,0.0,6.311305591251225e-19,,,,False,False,False
lopsided_caregiver_4,1,0.0,0,1,0,1,0.0,1.0,0.0,2.0940960427029805e-18,,,,False,False,False
loranda,1,0.0,0,1,0,1,0.0,1.0,0.0,2.8460998506682353e-18,,,,False,False,False
lordarrexis,1,0.0,0,1,0,1,0.0,1.0,0.0,2.621325471294088e-18,,,,False,False,False
lordoftheredbeards,1,0.0,0,1,0,1,0.0,1.0,0.0,1.952970473175559e-18,,,,False,False,False
lordpizzaparty,1,0.0,0,1,0,1,0.0,1.0,0.0,-6.740258426392188e-19,,,,False,False,False
lordyorth,1,1.0,0,1,0,1,0.0,1.0,0.0,3.2947503322087056e-18,,,,False,False,False
lorenztico,1,0.0,2,1,2,1,2.0,1.0,0.00014573041074726983,0.00218846540457233,2.0,0.0,0.0,False,False,False
low_method8052,1,0.0,1,1,1,1,1.0,1.0,0.0,0.10824018284270251,1.0,0.0,0.0,False,False,False
lower-management-563,7,0.0,14,4,14,4,20.0,7.0,0.0067292097820498,0.01360051383549608,20.0,0.0,0.0,True,False,True
loxby_0-o,1,0.0,0,1,0,1,0.0,1.0,0.0,-2.0193825950262327e-18,,,,False,False,False
luffytoro19,1,0.0,0,1,0,1,0.0,1.0,0.0,1.891181872715078e-18,,,,False,False,False
luigimario87,1,0.0,1,1,1,1,1.0,1.0,0.0,0.0021977281975603348,1.0,0.0,0.0,False,False,False
lumphonius_bops,1,0.0,0,1,0,1,0.0,1.0,0.0,1.4310409689871946e-18,,,,False,False,False
lunariumsyndrome,1,0.0,1,1,1,1,1.0,1.0,0.00020448611067417496,1.0325892420569107e-17,1.0,0.0,0.0,False,False,False
luqewarm,6,0.1666666666666666,6,5,6,5,7.0,6.0,0.002415196497486428,0.0008934096422429302,7.0,0.0,0.0,True,False,True
luusika,1,0.0,0,1,0,1,0.0,1.0,0.0,-2.862660022614932e-18,,,,False,False,False
lv1fogcloud,4,0.0,3,4,3,4,3.0,4.0,0.002826931510443435,0.0057786874790350775,3.0,0.0,0.0,True,False,False
lyre-code,2,0.0,1,2,1,2,1.0,2.0,0.0002048436038746543,7.128392569064565e-18,1.0,0.0,0.0,False,False,False
m00njunk,1,0.0,1,1,1,1,1.0,1.0,0.0,0.0008255183966812824,1.0,0.0,0.0,False,False,False
m4ximi11i0n,1,0.0,1,1,1,1,1.0,1.0,9.620461860085259e-05,1.898118982740127e-05,1.0,0.0,0.0,False,False,False
madniac007,1,0.0,1,1,1,1,1.0,1.0,0.0,-2.374767394654949e-17,1.0,0.0,0.0,False,False,False
madrigal94md,2,0.5,0,2,0,2,0.0,2.0,0.0,-3.006273710008369e-18,,,,False,False,False
madwarper,4,0.25,2,3,2,3,3.0,4.0,0.0011458892567736381,0.0005621960286080216,3.0,0.0,0.0,False,False,False
mafruti,1,0.0,0,1,0,1,0.0,1.0,0.0,-3.6536978988910224e-18,,,,False,False,False
magister-organi,1,0.0,0,1,0,1,0.0,1.0,0.0,2.900530625309022e-18,,,,False,False,False
magosjoe,4,0.0,0,4,0,4,0.0,4.0,0.0,-2.1558773442062844e-18,,,,False,False,False
mai1564,4,0.25,1,3,1,3,1.0,4.0,0.00010831653073928653,0.000418457716726043,1.0,0.0,0.0,False,False,False
main_treat_9641,1,0.0,0,1,0,1,0.0,1.0,0.0,-1.4006160153752963e-19,,,,False,False,False
mainentrepreneur5806,2,0.5,2,2,2,2,2.0,2.0,9.880216088315063e-05,-6.57886794133534e-18,2.0,0.0,0.0,False,False,False
majestic-bowler-6184,1,0.0,0,1,0,1,0.0,1.0,0.0,-1.5239153591851687e-18,,,,False,False,False
makashiblade,1,0.0,0,1,0,1,0.0,1.0,0.0,1.900901546085059e-18,,,,False,False,False
makjora,2,0.0,2,2,2,2,2.0,2.0,0.0003399566114062034,0.001619535915426332,2.0,0.0,0.0,False,False,False
malachi217,6,0.1666666666666666,4,6,4,6,4.0,6.0,0.010263668766015798,0.00989636292698271,4.0,0.0,0.0,True,False,False
maleficent_memory831,18,0.1111111111111111,6,18,6,18,6.0,18.0,0.015412134058841722,0.013825543282148836,6.0,0.0,0.0,True,False,True
maleficentpianist129,1,0.0,0,1,0,1,0.0,1.0,0.0,2.125345640016338e-18,,,,False,False,False
malzahir,1,0.0,0,1,0,1,0.0,1.0,0.0,-2.552206858311387e-18,,,,False,False,False
mamas_last_mia,2,0.0,1,1,1,1,1.0,2.0,0.0,0.011078216028513645,1.0,0.0,0.0,False,False,False
manthonyjr,3,0.0,1,3,1,3,2.0,3.0,0.00010607798239677479,0.00011155499353806006,2.0,0.0,0.0,False,False,False
mantisk211,1,0.0,1,1,1,1,1.0,1.0,0.0,0.10824018284270248,1.0,0.0,0.0,False,False,False
many_ad_955,3,0.6666666666666666,0,3,0,3,0.0,3.0,0.0,-2.2338310126207652e-18,,,,False,False,False
mareekoe,1,0.0,0,1,0,1,0.0,1.0,0.0,2.364114061773946e-18,,,,False,False,False
masakiel,1,0.0,2,1,2,1,2.0,1.0,7.149864009586537e-07,-4.544227010782002e-18,2.0,0.0,0.0,False,False,False
masoncblevins,1,0.0,0,1,0,1,0.0,1.0,0.0,-1.9971409338369667e-18,,,,False,False,False
massive-big8619,1,0.0,0,1,0,1,0.0,1.0,0.0,4.34468932028425e-19,,,,False,False,False
massive_grab_1874,2,0.5,0,2,0,2,0.0,2.0,0.0,2.738109005759976e-18,,,,False,False,False
masterxenon_,2,0.0,0,2,0,2,0.0,2.0,0.0,-1.7783294519847733e-18,,,,False,False,False
matiaziglesias,1,0.0,0,1,0,1,0.0,1.0,0.0,1.736842224256222e-18,,,,False,False,False
maximillion322,8,0.125,4,6,4,6,6.0,8.0,0.010225871266467079,0.12726078284474168,6.0,0.0,0.0,True,False,True
maximushackimus,1,0.0,0,1,0,1,0.0,1.0,0.0,-3.688758160077657e-19,,,,False,False,False
maxtes2003,1,0.0,0,1,0,1,0.0,1.0,0.0,-2.0954812564610478e-18,,,,False,False,False
maxupsher,2,0.0,1,2,1,2,1.0,2.0,6.0523598841150085e-05,0.001047003761391818,1.0,0.0,0.0,False,False,False
mbones95,2,0.0,1,2,1,2,1.0,2.0,2.9107323362836613e-05,0.0006769359028206163,1.0,0.0,0.0,False,False,False
mc_stimulation,1,0.0,0,1,0,1,0.0,1.0,0.0,-3.537980177544061e-18,,,,False,False,False
mechanicalturkish,1,1.0,0,1,0,1,0.0,1.0,0.0,-3.7005672241869673e-19,,,,False,False,False
mediocregeologist858,2,0.0,1,2,1,2,1.0,2.0,0.00020448611067417496,1.579448612106163e-18,1.0,0.0,0.0,False,False,False
melkor_the_viking,4,0.0,2,4,2,4,2.0,4.0,0.00012152287315876202,0.0005283416684237045,2.0,0.0,0.0,False,False,False
memermanman,1,0.0,0,1,0,1,0.0,1.0,0.0,8.148739183059969e-19,,,,False,False,False
menopickle,2,0.0,3,2,3,2,3.0,2.0,0.001317839759092544,0.00044041438842617884,3.0,0.0,0.0,True,False,False
metalurgency,1,0.0,0,1,0,1,0.0,1.0,0.0,-3.78043991516603e-18,,,,False,False,False
mets1680,1,0.0,1,1,1,1,1.0,1.0,0.0,0.00041845771672604837,1.0,0.0,0.0,False,False,False
mfck,2,0.5,2,2,2,2,2.0,2.0,0.000240588964672495,1.5319279034235273e-05,2.0,0.0,0.0,False,False,False
mick_plays_guitar,1,0.0,2,1,2,1,2.0,1.0,6.9830338493628505e-06,0.004666317613754419,2.0,0.0,0.0,False,False,False
mike_blaster,2,0.0,1,2,1,2,1.0,2.0,0.00020484360387465424,1.0492075704985616e-17,1.0,0.0,0.0,False,False,False
mikehaze91,1,0.0,0,1,0,1,0.0,1.0,0.0,-2.36373827451782e-18,,,,False,False,False
mikeyfromdareddit,1,0.0,0,1,0,1,0.0,1.0,0.0,-1.2210829072621749e-18,,,,False,False,False
milo_fuckface,1,0.0,0,1,0,1,0.0,1.0,0.0,-2.8480447977753946e-18,,,,False,False,False
mindfulreposesupose,2,0.0,1,2,1,2,1.0,2.0,0.0005450076438752484,0.0015039072877090767,1.0,0.0,0.0,False,False,False
minilinny1,2,0.5,1,1,1,1,1.0,2.0,0.0,6.230061400254618e-05,1.0,0.0,0.0,False,False,False
minimum_writing4915,3,0.0,3,3,3,3,3.0,3.0,0.0007968756856863632,0.0017678615468016124,3.0,0.0,0.0,True,False,False
minivansyse,1,0.0,0,1,0,1,0.0,1.0,0.0,-2.0214929429190903e-18,,,,False,False,False
minota11,1,0.0,1,0,1,0,1.0,0.0,0.0,6.134509932794206e-18,1.0,0.0,0.0,False,False,False
mintyarcturus,3,0.0,2,2,2,2,2.0,3.0,0.0010725770995835657,0.004368484170957761,2.0,0.0,0.0,False,False,False
miserable-act-8516,1,0.0,0,1,0,1,0.0,1.0,0.0,-2.570289831650417e-18,,,,False,False,False
misfitt123,1,0.0,0,1,0,1,0.0,1.0,0.0,-2.5303536508791557e-18,,,,False,False,False
mishashule,5,0.2,2,4,2,4,3.0,5.0,0.0018530947243180795,0.002930589910934048,3.0,0.0,0.0,False,False,False
misplacedmutagen,2,0.0,0,2,0,2,0.0,2.0,0.0,-3.0335433427878625e-18,,,,False,False,False
mistacharisma,15,0.2666666666666666,6,11,6,11,7.0,15.0,0.01021343502337392,0.01068411422611322,7.0,0.0,0.0,True,True,True
mixturethis1973,1,0.0,0,1,0,1,0.0,1.0,0.0,3.510398626883877e-18,,,,False,False,False
mobile227,1,0.0,0,1,0,1,0.0,1.0,0.0,1.666432897359173e-19,,,,False,False,False
mohrlex,1,0.0,1,1,1,1,1.0,1.0,0.0,-6.154953516125821e-18,1.0,0.0,0.0,False,False,False
molinela,1,0.0,0,1,0,1,0.0,1.0,0.0,-2.6472964720744518e-18,,,,False,False,False
molkwi,1,0.0,0,1,0,1,0.0,1.0,0.0,3.3430697844372168e-18,,,,False,False,False
mongol_hater,2,0.0,0,2,0,2,0.0,2.0,0.0,6.424357349149332e-19,,,,False,False,False
monty_the_clown,1,0.0,0,1,0,1,0.0,1.0,0.0,-2.525754699125261e-18,,,,False,False,False
moomintroll75,2,0.0,2,2,2,2,2.0,2.0,0.00027614993633834394,0.00018717953531688285,2.0,0.0,0.0,False,False,False
moonboy02,1,0.0,1,1,1,1,1.0,1.0,0.0,-6.9328228450004764e-18,1.0,0.0,0.0,False,False,False
moonlapseofficial,1,0.0,0,1,0,1,0.0,1.0,0.0,-1.9270929930338354e-18,,,,False,False,False
morelikebruce,1,0.0,1,1,1,1,1.0,1.0,0.0,0.003521293716121812,1.0,0.0,0.0,False,False,False
moruzawa,1,0.0,0,1,0,1,0.0,1.0,0.0,-5.776519769922689e-19,,,,False,False,False
mother-ad4841,2,0.0,1,2,1,2,1.0,2.0,0.00020448611067417496,1.5189352164105815e-18,1.0,0.0,0.0,False,False,False
mr_industrial,1,0.0,1,1,1,1,1.0,1.0,0.00040897222134834993,-5.2780019088143136e-18,1.0,0.0,0.0,False,False,False
mr_menril,1,0.0,0,1,0,1,0.0,1.0,0.0,-2.276456260987575e-18,,,,False,False,False
mr_onemoretime,2,0.0,0,2,0,2,0.0,2.0,0.0,3.92025155868916e-19,,,,False,False,False
mrbrownl0w,1,0.0,0,1,0,1,0.0,1.0,0.0,1.751619469452023e-18,,,,False,False,False
mregg1549,1,0.0,0,1,0,1,0.0,1.0,0.0,-7.932280961538771e-19,,,,False,False,False
mrnigel117,2,0.5,2,2,2,2,2.0,2.0,0.00038608537293986913,0.003991881733558065,2.0,0.0,0.0,False,False,False
mrpattywack,1,0.0,1,1,1,1,1.0,1.0,1.3242986213640312e-05,-6.6842904621397525e-18,1.0,0.0,0.0,False,False,False
mrspudtastic,1,0.0,0,1,0,1,0.0,1.0,0.0,-2.02942724878247e-19,,,,False,False,False
msdolly_b,1,0.0,1,1,1,1,1.0,1.0,0.0,0.1082401828427025,1.0,0.0,0.0,False,False,False
muaddabthespiceflow,1,0.0,0,1,0,1,0.0,1.0,0.0,1.831364224010361e-18,,,,False,False,False
mugwuffin_93,1,0.0,0,1,0,1,0.0,1.0,0.0,-2.2502974943084833e-18,,,,False,False,False
mukesh_foo,1,0.0,5,1,5,1,5.0,1.0,0.0004883357118547605,0.0020805681350758677,5.0,0.0,0.0,True,False,False
munchkinman95,1,0.0,2,1,2,1,2.0,1.0,0.0,0.003638409699566235,2.0,0.0,0.0,False,False,False
murky-bus-2191,2,0.0,2,2,2,2,2.0,2.0,0.0008315696279901207,0.1119470756902683,2.0,0.0,0.0,False,False,False
muro_dimattoni,1,0.0,0,1,0,1,0.0,1.0,0.0,-8.40143940872381e-19,,,,False,False,False
mushdog,1,0.0,0,1,0,1,0.0,1.0,0.0,1.8702372672845363e-19,,,,False,False,False
mxlun,1,0.0,0,1,0,1,0.0,1.0,0.0,2.695855171433948e-18,,,,False,False,False
mylittlekafka,2,0.0,0,2,0,2,0.0,2.0,0.0,2.560071000268171e-18,,,,False,False,False
mynky,1,0.0,1,1,1,1,1.0,1.0,0.00020448611067417496,-7.322186728304281e-19,1.0,0.0,0.0,False,False,False
n0t_kas,1,0.0,0,1,0,1,0.0,1.0,0.0,-7.820868330869883e-20,,,,False,False,False
naav11,2,0.0,1,1,1,1,3.0,2.0,0.0,-8.738452493390568e-18,3.0,0.0,0.0,False,False,False
najgi021,2,0.0,0,2,0,2,0.0,2.0,0.0,1.6904500442461935e-18,,,,False,False,False
nata__7,2,0.0,5,2,5,2,5.0,2.0,0.0012026515502582252,0.020769804768669464,5.0,0.0,0.0,True,False,False
nathansanes,1,0.0,0,1,0,1,0.0,1.0,0.0,2.445523458881705e-18,,,,False,False,False
neat-sprinkles8040,1,1.0,0,1,0,1,0.0,1.0,0.0,-1.2524456190256916e-18,,,,False,False,False
neckro23,2,0.0,2,2,2,2,2.0,2.0,0.0007468482145898158,-1.6271138128936828e-17,2.0,0.0,0.0,False,False,False
needsmoreahegao,1,0.0,1,1,1,1,1.0,1.0,0.0,-2.8865149275517852e-18,1.0,0.0,0.0,False,False,False
neloish,3,0.3333333333333333,1,3,1,3,1.0,3.0,8.033992927581494e-05,0.00026471882342245386,1.0,0.0,0.0,False,False,False
neraambizione,6,0.0,13,5,13,5,16.0,6.0,0.0037943472663152285,0.005063999407888754,16.0,0.0,0.0,True,False,True
nerdwerds,3,0.3333333333333333,1,2,1,2,1.0,3.0,0.0006180013587093953,0.002146144298816657,1.0,0.0,0.0,False,False,False
neversunnyinoolacile,3,0.0,2,3,2,3,2.0,3.0,0.0017614635634312771,0.0023121595085490304,2.0,0.0,0.0,False,False,False
new_god_of_eden,2,0.0,7,2,7,2,8.0,2.0,0.0038258751296141404,0.005949747034188088,8.0,0.0,0.0,True,False,True
newbe00,3,0.6666666666666666,1,3,1,3,2.0,3.0,0.000846830063927105,0.006184765754605168,2.0,0.0,0.0,False,False,False
nexetpl,1,0.0,5,1,5,1,5.0,1.0,0.0016695495140174497,0.0057643197625831515,5.0,0.0,0.0,True,False,True
nice-possession5868,1,1.0,0,1,0,1,0.0,1.0,0.0,-1.440748301399982e-18,,,,False,False,False
niceandcrispybanana,1,0.0,0,1,0,1,0.0,1.0,0.0,-1.9827809497300144e-18,,,,False,False,False
nick2473got,2,0.0,5,2,5,2,5.0,2.0,0.0010832489422400405,0.0006208880397330259,5.0,0.0,0.0,True,False,False
nick_humble,1,0.0,0,1,0,1,0.0,1.0,0.0,-1.925193613917054e-18,,,,False,False,False
nickoten,1,0.0,0,1,0,1,0.0,1.0,0.0,-2.927464094995998e-18,,,,False,False,False
nicofdarcyshire,1,0.0,2,1,2,1,2.0,1.0,3.5749320047932686e-07,0.00032831108408117607,2.0,0.0,0.0,False,False,False
nightowl153921,2,0.0,1,1,1,1,1.0,2.0,0.0,0.004590153822548202,1.0,0.0,0.0,False,False,False
nightowlde,1,0.0,0,1,0,1,0.0,1.0,0.0,-9.399979401037026e-19,,,,False,False,False
nimyron,9,0.1111111111111111,8,7,8,7,14.0,9.0,0.004979368944188397,0.002087922832908094,14.0,0.0,0.0,True,False,True
ninjahkin,1,1.0,0,1,0,1,0.0,1.0,0.0,-9.969051140057019e-19,,,,False,False,False
nlghtgrowler,1,0.0,0,1,0,1,0.0,1.0,0.0,2.7861062196796594e-18,,,,False,False,False
nnoseyak_,1,1.0,1,1,1,1,1.0,1.0,5.91894267964674e-05,0.00044040834350730413,1.0,0.0,0.0,False,False,False
no-inspection-808,2,0.5,0,2,0,2,0.0,2.0,0.0,-2.5276208076033565e-18,,,,False,False,False
no-range519,1,0.0,0,1,0,1,0.0,1.0,0.0,3.851359713750315e-20,,,,False,False,False
no-tea-777,1,0.0,0,1,0,1,0.0,1.0,0.0,-1.0605994304893684e-18,,,,False,False,False
no_analyst5945,7,0.1428571428571428,26,6,26,6,29.0,7.0,0.018807352229246902,0.026499580638013776,29.0,0.0,0.0,True,False,True
no_name_canadian,1,0.0,0,1,0,1,0.0,1.0,0.0,-2.1712158654319348e-18,,,,False,False,False
no_personality_1501,2,1.0,5,2,5,2,6.0,2.0,0.001435179589788966,0.0004634616469010887,6.0,0.0,0.0,True,False,False
no_researcher4706,18,0.0,4,9,4,9,10.0,18.0,0.0033719166840564902,0.001707460693770751,10.0,0.0,0.0,True,False,True
no_wallaby8104,33,0.0303030303030303,57,27,57,27,65.0,33.0,0.06320417452295046,0.07020470638972882,65.0,0.0,0.0,True,False,True
noah9942,5,0.0,1,5,1,5,1.0,5.0,1.8133133282408145e-05,-4.635363304671636e-18,1.0,0.0,0.0,False,False,False
noband1536,3,0.0,1,1,1,1,2.0,3.0,0.0,-1.2897969494274235e-17,2.0,0.0,0.0,False,False,False
noblefir666,1,0.0,0,1,0,1,0.0,1.0,0.0,1.8573599780840398e-18,,,,False,False,False
nokil-351-t,1,0.0,0,1,0,1,0.0,1.0,0.0,-8.70773984589864e-19,,,,False,False,False
nokitsu,2,0.0,2,2,2,2,2.0,2.0,0.00012133962267593223,0.00041845771672603254,2.0,0.0,0.0,False,False,False
nonracistlurker,1,0.0,0,1,0,1,0.0,1.0,0.0,1.9805894800258745e-18,,,,False,False,False
noodlintheriver,3,0.0,1,2,1,2,1.0,3.0,0.0004883357118547605,7.313367592192706e-05,1.0,0.0,0.0,False,False,False
nothing_is_simple,1,0.0,0,1,0,1,0.0,1.0,0.0,1.4058725862030411e-18,,,,False,False,False
notpureevil,1,0.0,0,1,0,1,0.0,1.0,0.0,9.534608758688159e-19,,,,False,False,False
notyouraveragecrow,1,0.0,0,1,0,1,0.0,1.0,0.0,-6.324887078372548e-19,,,,False,False,False
nunerrim,1,0.0,0,1,0,1,0.0,1.0,0.0,-7.230307647850493e-19,,,,False,False,False
nworbleinad,1,1.0,4,1,4,1,4.0,1.0,0.0008179444426966999,-1.1141191478531056e-17,4.0,0.0,0.0,True,False,False
nyneenyn,3,0.3333333333333333,0,3,0,3,0.0,3.0,0.0,1.2317506262949268e-18,,,,False,False,False
o2william,3,0.0,1,3,1,3,1.0,3.0,0.000614727030055754,0.0001727559875435059,1.0,0.0,0.0,False,False,False
oak_thehunter,8,0.25,1,8,1,8,1.0,8.0,0.0015763661712852634,8.248342400814168e-05,1.0,0.0,0.0,False,True,False
objective_image6474,1,0.0,0,1,0,1,0.0,1.0,0.0,-1.134440168320814e-18,,,,False,False,False
occidentally20,6,0.1666666666666666,2,5,2,5,2.0,6.0,0.0023333543140453853,0.002217476691033073,2.0,0.0,0.0,False,False,False
odd-frosting-8809,1,0.0,0,1,0,1,0.0,1.0,0.0,-9.303914207855802e-19,,,,False,False,False
odd_edge1390,2,0.5,0,2,0,2,0.0,2.0,0.0,-3.114391353880219e-18,,,,False,False,False
oh_ve,1,1.0,0,1,0,1,0.0,1.0,0.0,-6.684244995508386e-19,,,,False,False,False
ok-operation4919,1,0.0,1,1,1,1,1.0,1.0,0.0,0.00017275598754351237,1.0,0.0,0.0,False,False,False
ok-push2652,5,0.4,2,3,2,3,5.0,5.0,0.0006917493429274975,0.0008657761540728301,5.0,0.0,0.0,False,False,False
ok-responsibility480,1,0.0,1,1,1,1,1.0,1.0,0.0,0.00014097893898708778,1.0,0.0,0.0,False,False,False
ok-yellow3568,1,0.0,0,1,0,1,0.0,1.0,0.0,-1.5681947553285812e-18,,,,False,False,False
old-commercial-6803,11,0.2727272727272727,4,9,4,9,5.0,11.0,0.011379880009949253,0.1120039966068081,5.0,0.0,0.0,True,True,True
old-delay2259,1,0.0,1,1,1,1,1.0,1.0,5.7020165476452635e-06,8.92897263275829e-18,1.0,0.0,0.0,False,False,False
oldladyhater,1,0.0,0,1,0,1,0.0,1.0,0.0,8.887285916281533e-19,,,,False,False,False
oldmoniker,1,0.0,0,1,0,1,0.0,1.0,0.0,1.3706841941397655e-18,,,,False,False,False
omegaprofligate,4,0.0,3,4,3,4,3.0,4.0,0.0016838844185967903,0.004067627199348544,3.0,0.0,0.0,True,False,False
omeomorfismo,1,0.0,0,1,0,1,0.0,1.0,0.0,1.9412247785669486e-19,,,,False,False,False
omgmajk,1,0.0,0,1,0,1,0.0,1.0,0.0,7.462270387952446e-19,,,,False,False,False
omno555,1,0.0,0,1,0,1,0.0,1.0,0.0,-1.0094533587234874e-18,,,,False,False,False
onedanksock,1,1.0,0,1,0,1,0.0,1.0,0.0,-1.732559139292772e-18,,,,False,False,False
onefirefighter1233,1,0.0,0,1,0,1,0.0,1.0,0.0,-1.7904614441830167e-18,,,,False,False,False
onemansquadron,11,0.0909090909090909,72,10,72,10,74.0,11.0,0.026544278298037897,0.06018652722564231,74.0,0.0,0.0,True,False,True
ones0nicpotato,1,0.0,0,1,0,1,0.0,1.0,0.0,-1.4769779351990052e-18,,,,False,False,False
onga-bonga,1,0.0,0,1,0,1,0.0,1.0,0.0,2.2418037985478213e-18,,,,False,False,False
onmylastnoose420,1,0.0,1,1,1,1,1.0,1.0,0.0002048436038746543,5.324596525591963e-18,1.0,0.0,0.0,False,False,False
oodoov45,1,0.0,0,1,0,1,0.0,1.0,0.0,-4.37664217792314e-18,,,,False,False,False
oohevolved2,2,0.0,0,2,0,2,0.0,2.0,0.0,1.459259223253913e-18,,,,False,False,False
operatorpans,1,0.0,0,1,0,1,0.0,1.0,0.0,1.7608511867357812e-18,,,,False,False,False
opposite_night_3224,1,0.0,0,1,0,1,0.0,1.0,0.0,3.9747764257655554e-18,,,,False,False,False
opulentpaving,9,0.0,1,7,1,7,3.0,9.0,0.0014912094205614841,0.006184765754605177,3.0,0.0,0.0,False,False,False
orangeknight87,1,1.0,0,1,0,1,0.0,1.0,0.0,-9.320325894223294e-19,,,,False,False,False
organic-blacksmith87,2,0.0,1,2,1,2,1.0,2.0,0.000953036130693271,0.003597033811245935,1.0,0.0,0.0,False,False,False
organizim,2,0.0,2,2,2,2,2.0,2.0,0.0004096872077493086,-1.6992140279577343e-17,2.0,0.0,0.0,False,False,False
orion0105,1,0.0,0,1,0,1,0.0,1.0,0.0,-2.1843679889485114e-19,,,,False,False,False
ornstein24,1,0.0,0,1,0,1,0.0,1.0,0.0,-2.4433396909849407e-18,,,,False,False,False
oshinds,1,1.0,0,1,0,1,0.0,1.0,0.0,1.2478188154188732e-18,,,,False,False,False
oshiro_kyoko,1,0.0,0,1,0,1,0.0,1.0,0.0,-2.219877425536482e-18,,,,False,False,False
ossawa41,5,0.4,5,5,5,5,5.0,5.0,0.0021723573865348156,0.008738862857741335,5.0,0.0,0.0,True,True,True
otherwise-buddy-9343,7,0.0,3,6,3,6,3.0,7.0,0.0032209307175281978,0.0021901518155797335,3.0,0.0,0.0,True,False,False
otherwise_analysis_9,1,0.0,1,1,1,1,1.0,1.0,0.0,0.003249771603219857,1.0,0.0,0.0,False,False,False
ovento69,2,0.0,1,2,1,2,1.0,2.0,0.0,7.640252460509819e-18,1.0,0.0,0.0,False,False,False
overgrown_fetus1305,4,0.25,1,4,1,4,1.0,4.0,5.6722254476053196e-06,-1.0159531267463036e-17,1.0,0.0,0.0,False,False,False
overkill1507,1,0.0,0,1,0,1,0.0,1.0,0.0,-7.244181532634275e-19,,,,False,False,False
overwatchguy69,1,0.0,1,1,1,1,1.0,1.0,0.0,-7.170081993712196e-18,1.0,0.0,0.0,False,False,False
ovo_de_cupcake,1,0.0,1,1,1,1,1.0,1.0,0.00020448611067417496,1.3757299306135494e-17,1.0,0.0,0.0,False,False,False
own_cantaloupe_1119,1,0.0,0,1,0,1,0.0,1.0,0.0,-2.9622545896428e-18,,,,False,False,False
pain-1n-the-azz4968,1,1.0,0,1,0,1,0.0,1.0,0.0,-4.33238553444574e-18,,,,False,False,False
palanganaagresiva,2,0.5,1,2,1,2,1.0,2.0,0.00020448611067417496,6.048759848337144e-18,1.0,0.0,0.0,False,False,False
pale-ad-8691,1,0.0,0,1,0,1,0.0,1.0,0.0,-6.224396628209228e-20,,,,False,False,False
pale_moose_5565,1,0.0,0,1,0,1,0.0,1.0,0.0,-3.633320074157142e-18,,,,False,False,False
pantego2591,2,0.0,1,2,1,2,1.0,2.0,0.0002048436038746543,3.622274154980143e-18,1.0,0.0,0.0,False,False,False
papajohnny13,1,0.0,1,1,1,1,1.0,1.0,0.0,9.735313136485376e-05,1.0,0.0,0.0,False,False,False
paradise-loser,1,0.0,0,1,0,1,0.0,1.0,0.0,9.221875122690384e-19,,,,False,False,False
parrythemonkey,1,0.0,0,1,0,1,0.0,1.0,0.0,-9.428478091648382e-19,,,,False,False,False
parsleyadventurous92,1,0.0,0,1,0,1,0.0,1.0,0.0,-3.594913042146517e-20,,,,False,False,False
patthew,2,0.0,1,1,1,1,1.0,2.0,0.0,0.009187235394491752,1.0,0.0,0.0,False,False,False
pbro9,1,0.0,1,1,1,1,1.0,1.0,0.0,2.6747544370357848e-17,1.0,0.0,0.0,False,False,False
pcc210,1,0.0,0,1,0,1,0.0,1.0,0.0,3.0949749691181713e-18,,,,False,False,False
pcenginecd,1,0.0,0,1,0,1,0.0,1.0,0.0,4.8998540645417885e-19,,,,False,False,False
pedraza99,1,0.0,0,1,0,1,0.0,1.0,0.0,2.8949630901087084e-18,,,,False,False,False
pelethar,3,0.3333333333333333,3,3,3,3,3.0,3.0,0.0005288496901701161,0.0029581284769739534,3.0,0.0,0.0,True,False,False
pengoui,1,0.0,0,1,0,1,0.0,1.0,0.0,1.7201108304815023e-18,,,,False,False,False
penpenplon,1,0.0,0,1,0,1,0.0,1.0,0.0,6.985376213238634e-19,,,,False,False,False
perfect_garbage_156,2,0.0,0,1,0,1,0.0,2.0,0.0,2.717284690757746e-18,,,,False,False,False
personalaardvark6273,2,0.0,0,2,0,2,0.0,2.0,0.0,-2.2572285652261155e-18,,,,False,False,False
pescarese90,1,0.0,0,1,0,1,0.0,1.0,0.0,2.9682872282422335e-18,,,,False,False,False
pescedalenza50,1,0.0,1,1,1,1,1.0,1.0,0.0,5.180918167657178e-18,1.0,0.0,0.0,False,False,False
phantomdad88,1,0.0,0,1,0,1,0.0,1.0,0.0,1.3111006655707464e-18,,,,False,False,False
phantomphoton619,2,0.0,0,2,0,2,0.0,2.0,0.0,2.5388759415587145e-18,,,,False,False,False
phase_shifter_m,1,0.0,0,1,0,1,0.0,1.0,0.0,-2.0109030285439505e-20,,,,False,False,False
phil166,1,0.0,0,1,0,1,0.0,1.0,0.0,1.0630489192356386e-18,,,,False,False,False
philisophical_onion,1,1.0,1,1,1,1,1.0,1.0,0.0,0.00044041438842617754,1.0,0.0,0.0,False,False,False
philliephonka,1,0.0,0,1,0,1,0.0,1.0,0.0,3.983443681673016e-19,,,,False,False,False
phobit,1,0.0,0,1,0,1,0.0,1.0,0.0,1.4688526367357588e-18,,,,False,False,False
phoenixnyne,2,0.0,0,2,0,2,0.0,2.0,0.0,2.3414504583341096e-20,,,,False,False,False
physical_wealth9959,12,0.1666666666666666,2,12,2,12,2.0,12.0,0.003069058214892676,0.0007224462891149034,2.0,0.0,0.0,False,False,False
pice2803,1,0.0,0,1,0,1,0.0,1.0,0.0,1.0585778640707833e-18,,,,False,False,False
pichael289,3,0.0,0,3,0,3,0.0,3.0,0.0,-1.7237125865903661e-18,,,,False,False,False
picklerick7120,1,0.0,0,1,0,1,0.0,1.0,0.0,-1.0027342115903584e-18,,,,False,False,False
pinminimum1547,6,0.1666666666666666,1,6,1,6,1.0,6.0,0.00020448611067417496,7.99394622672273e-18,1.0,0.0,0.0,False,False,False
pioneeringsystems,1,0.0,0,1,0,1,0.0,1.0,0.0,-2.1046999627218164e-18,,,,False,False,False
pirategaming413,1,0.0,0,1,0,1,0.0,1.0,0.0,-2.219724740744113e-18,,,,False,False,False
piupaut,1,0.0,0,1,0,1,0.0,1.0,0.0,-1.7532392357094016e-18,,,,False,False,False
pkfireice,1,0.0,0,1,0,1,0.0,1.0,0.0,-2.405640734158835e-18,,,,False,False,False
planetsean,11,0.0,40,10,40,10,43.0,11.0,0.015237642165525986,0.022795069345323975,43.0,0.0,0.0,True,False,True
plastic_course_476,2,0.5,0,2,0,2,0.0,2.0,0.0,1.4627606293650047e-18,,,,False,False,False
platinumxperience,1,0.0,1,1,1,1,1.0,1.0,0.0,0.011078216028513641,1.0,0.0,0.0,False,False,False
platypod1,1,0.0,0,1,0,1,0.0,1.0,0.0,7.890071018875865e-19,,,,False,False,False
playerje,1,0.0,0,1,0,1,0.0,1.0,0.0,9.087198190492264e-19,,,,False,False,False
pleasant-hat-6334,6,0.0,4,4,4,4,6.0,5.0,0.001875251855177028,0.0006152209584574923,6.0,0.0,0.0,True,False,True
plusad7522,3,0.0,0,2,0,2,0.0,3.0,0.0,-3.3601746376026002e-18,,,,False,False,False
pmoney10,1,0.0,0,1,0,1,0.0,1.0,0.0,2.2553469538674794e-18,,,,False,False,False
pocketfrisbee,1,1.0,0,1,0,1,0.0,1.0,0.0,-3.3574934102167472e-18,,,,False,False,False
polopul,1,1.0,0,1,0,1,0.0,1.0,0.0,-2.0343987325732806e-18,,,,False,False,False
poorsadboi,1,0.0,0,1,0,1,0.0,1.0,0.0,4.471088006487398e-19,,,,False,False,False
possible_vast_3860,1,0.0,0,1,0,1,0.0,1.0,0.0,2.6968583294277193e-18,,,,False,False,False
practicallyally,1,0.0,0,1,0,1,0.0,1.0,0.0,-4.01857503800482e-18,,,,False,False,False
praisethesun2494,2,0.0,1,1,1,1,1.0,2.0,0.0,0.1082401828427025,1.0,0.0,0.0,False,False,False
prepotente_dom,1,0.0,0,1,0,1,0.0,1.0,0.0,-1.93939533655764e-18,,,,False,False,False
pretty_security2128,1,0.0,0,1,0,1,0.0,1.0,0.0,-7.466208585329e-19,,,,False,False,False
primary_relation1,1,0.0,0,1,0,1,0.0,1.0,0.0,3.2417636258762702e-18,,,,False,False,False
probablyworth,1,0.0,0,1,0,1,0.0,1.0,0.0,2.31682639157816e-18,,,,False,False,False
project_milk,1,0.0,0,1,0,1,0.0,1.0,0.0,-4.495661610439791e-19,,,,False,False,False
proud_firefighter834,1,0.0,0,1,0,1,0.0,1.0,0.0,2.455590318769058e-18,,,,False,False,False
psychological_set173,1,0.0,0,1,0,1,0.0,1.0,0.0,1.9956724142602617e-18,,,,False,False,False
psychologynew3855,2,0.0,1,2,1,2,1.0,2.0,0.00010321850106982394,0.0020484971406451898,1.0,0.0,0.0,False,False,False
pulkov,1,0.0,0,1,0,1,0.0,1.0,0.0,-4.73715676883148e-18,,,,False,False,False
puppy_pikachu_lover1,1,0.0,0,1,0,1,0.0,1.0,0.0,3.1550657922311817e-18,,,,False,False,False
puzzleheaded-run-895,1,0.0,1,1,1,1,1.0,1.0,0.0,0.00027896637036337345,1.0,0.0,0.0,False,False,False
puzzleheaded_rub_788,4,0.0,17,4,17,4,17.0,4.0,0.008568334193268764,0.031547640782809604,17.0,0.0,0.0,True,False,True
pyroskunkz,1,0.0,0,1,0,1,0.0,1.0,0.0,1.2473708575803095e-18,,,,False,False,False
quacksilverlightyear,1,0.0,0,1,0,1,0.0,1.0,0.0,-3.158610228458469e-18,,,,False,False,False
quasar_one,1,0.0,0,1,0,1,0.0,1.0,0.0,-8.307027546261746e-19,,,,False,False,False
quelaag666,2,0.0,24,2,24,2,24.0,2.0,0.006640767563632695,0.009814695306253151,24.0,0.0,0.0,True,False,True
quetzthepyro,2,0.0,1,1,1,1,1.0,2.0,0.0,0.006924653607819933,1.0,0.0,0.0,False,False,False
quilowisp,3,0.0,1,3,1,3,1.0,3.0,1.1439782415338458e-05,-1.2115416436818857e-17,1.0,0.0,0.0,False,False,False
quinnnnnnnnn09,4,0.0,20,3,20,3,20.0,3.0,0.00971759189651941,0.011932787822969332,20.0,0.0,0.0,True,False,True
quirky_land3099,4,0.0,2,2,2,2,2.0,4.0,0.0006462278476352269,0.00675171371767192,2.0,0.0,0.0,False,False,False
quirky_tonight5559,1,0.0,0,1,0,1,0.0,1.0,0.0,2.0591834774255988e-19,,,,False,False,False
r33kp,1,0.0,0,1,0,1,0.0,1.0,0.0,6.653782569311019e-19,,,,False,False,False
racconwithtwoguns,1,1.0,3,1,3,1,3.0,1.0,0.0008243793203053277,1.0966516686796021e-05,3.0,0.0,0.0,True,False,False
rackthejipper69,1,0.0,0,1,0,1,0.0,1.0,0.0,3.2251233815341744e-18,,,,False,False,False
radiant-ask-5716,4,0.0,43,4,43,4,48.0,4.0,0.017422603924010793,0.026976948477390867,48.0,0.0,0.0,True,False,True
radishacceptable5505,3,0.3333333333333333,2,3,2,3,2.0,3.0,0.0006636365651325314,0.0030781336068777783,2.0,0.0,0.0,False,False,False
radoxfriedchicken,1,0.0,1,1,1,1,1.0,1.0,0.0,0.0003499150852520769,1.0,0.0,0.0,False,False,False
raggzzor,1,0.0,0,1,0,1,0.0,1.0,0.0,3.1508504791925412e-18,,,,False,False,False
raider_rocket,1,0.0,0,1,0,1,0.0,1.0,0.0,-2.2592786998526087e-18,,,,False,False,False
rain56,1,0.0,0,1,0,1,0.0,1.0,0.0,-1.1450316273918217e-18,,,,False,False,False
rammipallero,1,0.0,0,1,0,1,0.0,1.0,0.0,-3.624888612655366e-19,,,,False,False,False
random-talking-mug,3,0.0,1,3,1,3,1.0,3.0,0.00020537984367537327,1.6946589745838298e-17,1.0,0.0,0.0,False,False,False
random-user-2811,1,0.0,2,1,2,1,2.0,1.0,0.0,0.11055187171737713,2.0,0.0,0.0,False,False,False
randomness_42,2,0.0,3,2,3,2,3.0,2.0,0.0006878830126952571,0.0015502326811684393,3.0,0.0,0.0,True,False,False
randomwriter3,3,0.0,1,3,1,3,1.0,3.0,0.0005164532613843653,1.4209164996340203e-05,1.0,0.0,0.0,False,False,False
ranger_rick64,3,0.6666666666666666,1,2,1,2,1.0,3.0,0.0,-1.212291543845662e-18,1.0,0.0,0.0,False,False,False
ranma-sensei,1,0.0,0,1,0,1,0.0,1.0,0.0,-2.368148754511836e-18,,,,False,False,False
raptorx754,1,0.0,0,1,0,1,0.0,1.0,0.0,-3.0602780649664586e-18,,,,False,False,False
ratchia,2,1.0,0,2,0,2,0.0,2.0,0.0,5.923128209403825e-19,,,,False,False,False
ratha-lost,1,0.0,0,1,0,1,0.0,1.0,0.0,2.729006021762932e-20,,,,False,False,False
rathosalpha,1,0.0,3,1,3,1,3.0,1.0,0.0004933624012611338,0.0021816536677891183,3.0,0.0,0.0,True,False,False
rattlebag,1,0.0,0,1,0,1,0.0,1.0,0.0,-3.1771795741087037e-18,,,,False,False,False
ravens_quote,3,0.0,1,2,1,2,1.0,3.0,0.0009817492237800913,0.1082401828427025,1.0,0.0,0.0,False,False,False
raxot_op_01,6,0.0,3,2,3,2,6.0,6.0,0.0008955204672007138,0.11100423838806782,6.0,0.0,0.0,True,False,False
ray-aru,1,0.0,0,1,0,1,0.0,1.0,0.0,1.8795142588000102e-18,,,,False,False,False
rayanthemad,3,0.0,1,3,1,3,1.0,3.0,0.00020412861747369564,7.807513229318231e-18,1.0,0.0,0.0,False,False,False
rd-darksouls,11,0.1818181818181818,5,9,5,9,7.0,11.0,0.012984143253721846,0.007046205005614104,7.0,0.0,0.0,True,False,True
rdgoams,2,0.0,0,2,0,2,0.0,2.0,0.0,1.4942983835670108e-18,,,,False,False,False
re1nteraminense,1,0.0,0,1,0,1,0.0,1.0,0.0,-1.6093711217804001e-18,,,,False,False,False
reactiongood5780,1,0.0,1,1,1,1,1.0,1.0,0.0,1.642644431922139e-17,1.0,0.0,0.0,False,False,False
reafe,1,0.0,0,1,0,1,0.0,1.0,0.0,1.5355690281319397e-18,,,,False,False,False
real-report8490,1,1.0,0,1,0,1,0.0,1.0,0.0,-1.0544439606515657e-18,,,,False,False,False
reason222,1,0.0,5,1,5,1,5.0,1.0,0.001361070464914077,0.0036564907178768596,5.0,0.0,0.0,True,False,False
reasonable_bad6313,3,0.0,4,2,4,2,5.0,3.0,0.009090899167486717,0.013712308810651747,5.0,0.0,0.0,True,False,True
reasonably_retarded,2,0.0,14,2,14,2,15.0,2.0,0.010901642287667195,0.006321984631471043,15.0,0.0,0.0,True,False,True
recrudesceeternity,6,0.0,2,6,2,6,2.0,6.0,0.00036107743488655397,0.0001630276387127015,2.0,0.0,0.0,False,False,False
red_hase,1,0.0,1,1,1,1,1.0,1.0,0.0,0.0007648549356476487,1.0,0.0,0.0,False,False,False
reddit-username-01,1,0.0,0,1,0,1,0.0,1.0,0.0,-5.640198837634547e-19,,,,False,False,False
redditormod1337,5,0.0,2,4,2,4,2.0,5.0,0.02638815576844978,0.01269406278913528,2.0,0.0,0.0,False,False,False
redjaron,1,0.0,0,1,0,1,0.0,1.0,0.0,-3.694712916548303e-19,,,,False,False,False
referencenatural87,3,0.0,31,3,31,3,32.0,3.0,0.00454891149042333,0.018507297914496672,32.0,0.0,0.0,True,False,True
referenceunusual8717,1,0.0,1,1,1,1,1.0,1.0,0.0,-1.7617883786180987e-17,1.0,0.0,0.0,False,False,False
reformedshady,3,0.0,1,2,1,2,1.0,3.0,4.797145528833589e-05,9.708110799901674e-05,1.0,0.0,0.0,False,False,False
regular-mechanic-150,1,0.0,0,1,0,1,0.0,1.0,0.0,2.3719649823118637e-18,,,,False,False,False
regyss,3,0.3333333333333333,39,1,39,1,42.0,3.0,0.006489870562807795,0.026349685615449137,42.0,0.0,0.0,True,False,True
reinhardt5,1,0.0,0,1,0,1,0.0,1.0,0.0,2.8189918987920354e-18,,,,False,False,False
relevant_elk_9176,1,0.0,0,1,0,1,0.0,1.0,0.0,1.2270609324429316e-18,,,,False,False,False
relvean,1,0.0,0,1,0,1,0.0,1.0,0.0,1.3418536759446217e-18,,,,False,False,False
remarkable-river-956,1,0.0,1,1,1,1,1.0,1.0,0.0,0.10824018284270254,1.0,0.0,0.0,False,False,False
remarkable_cat2385,1,0.0,0,1,0,1,0.0,1.0,0.0,8.985290970665728e-19,,,,False,False,False
remarkable_teach5979,1,1.0,1,1,1,1,1.0,1.0,0.0,0.10824018284270248,1.0,0.0,0.0,False,False,False
remoteduck5271,2,0.0,1,1,1,1,1.0,2.0,0.0,0.002465594995472416,1.0,0.0,0.0,False,False,False
remotepigeon,2,0.0,2,1,2,1,2.0,2.0,2.502452403355288e-06,9.735313136485668e-05,2.0,0.0,0.0,False,False,False
removeok9595,1,0.0,0,1,0,1,0.0,1.0,0.0,-1.341785585819977e-18,,,,False,False,False
renegadezac,9,0.2222222222222222,10,7,10,7,15.0,9.0,0.004960011850986821,0.013915662790282472,15.0,0.0,0.0,True,False,True
resilien_ce,1,1.0,0,1,0,1,0.0,1.0,0.0,4.1536542339905094e-18,,,,False,False,False
responsible-ease-500,7,0.0,11,6,11,6,14.0,7.0,0.007744910865902449,0.004881746970873007,14.0,0.0,0.0,True,False,True
retroduck120,1,0.0,0,1,0,1,0.0,1.0,0.0,2.4619429892412386e-18,,,,False,False,False
retronotretro,1,0.0,0,1,0,1,0.0,1.0,0.0,1.2101267311323067e-18,,,,False,False,False
reverpridadeiro,1,0.0,0,1,0,1,0.0,1.0,0.0,-2.1037315858172896e-18,,,,False,False,False
revolt_thecult,1,0.0,0,1,0,1,0.0,1.0,0.0,1.3285091549763212e-18,,,,False,False,False
rgivenom,1,0.0,0,1,0,1,0.0,1.0,0.0,2.2046359183317395e-18,,,,False,False,False
rhoadsalive,1,0.0,0,1,0,1,0.0,1.0,0.0,-2.7059393810686012e-18,,,,False,False,False
richard-savana,1,0.0,1,1,1,1,1.0,1.0,9.672404126111614e-05,8.224457088308515e-18,1.0,0.0,0.0,False,False,False
richprofessional7274,1,0.0,1,1,1,1,1.0,1.0,0.0,0.0004404143884261784,1.0,0.0,0.0,False,False,False
rileycsousa,1,0.0,0,1,0,1,0.0,1.0,0.0,-1.750185678741109e-18,,,,False,False,False
ringloud2527,1,0.0,0,1,0,1,0.0,1.0,0.0,-2.0862384905798154e-19,,,,False,False,False
rio3tdmaster,1,0.0,0,1,0,1,0.0,1.0,0.0,-2.4785585819272532e-18,,,,False,False,False
rising_unity,1,0.0,0,1,0,1,0.0,1.0,0.0,-2.0300954714590036e-18,,,,False,False,False
rizzo891,1,1.0,0,1,0,1,0.0,1.0,0.0,-2.4393759497962534e-18,,,,False,False,False
rklamb,7,0.1428571428571428,3,5,3,5,4.0,7.0,0.009980534188592892,0.0016205298316202092,4.0,0.0,0.0,True,False,False
roach_ass69,1,0.0,1,1,1,1,1.0,1.0,0.0,0.0020484971406451906,1.0,0.0,0.0,False,False,False
rob4096,1,0.0,0,1,0,1,0.0,1.0,0.0,-3.418805638623483e-18,,,,False,False,False
robber_tell,10,0.4,3,7,3,7,5.0,10.0,0.0018518539131552381,0.0004015081674532821,5.0,0.0,0.0,True,True,True
robeewankenobee,1,0.0,0,1,0,1,0.0,1.0,0.0,-3.338373290539971e-19,,,,False,False,False
roberto_curiosidades,1,0.0,1,1,1,1,1.0,1.0,0.0,0.003521293716121817,1.0,0.0,0.0,False,False,False
robotninjaanna,1,0.0,0,1,0,1,0.0,1.0,0.0,-3.346098422967733e-19,,,,False,False,False
rockstarcowboy1,2,0.0,1,2,1,2,1.0,2.0,0.0002586791910328976,1.2609477375256125e-17,1.0,0.0,0.0,False,False,False
rogue_and_dagger,2,0.0,0,1,0,1,0.0,1.0,0.0,-1.962340390696227e-18,,,,False,False,False
romanov1313,1,0.0,0,1,0,1,0.0,1.0,0.0,-3.803604092264001e-18,,,,False,False,False
rombledore,1,0.0,0,1,0,1,0.0,1.0,0.0,-8.560349506977582e-19,,,,False,False,False
romuprethia,1,0.0,0,1,0,1,0.0,1.0,0.0,-1.9895149493886035e-19,,,,False,False,False
rootkraut,1,0.0,0,1,0,1,0.0,1.0,0.0,-2.8429406861521913e-18,,,,False,False,False
rorythegeordie,3,0.0,0,3,0,3,0.0,3.0,0.0,3.026569523802925e-18,,,,False,False,False
rothenstien1,6,0.1666666666666666,2,5,2,5,3.0,6.0,0.002754163445847444,0.0011749281658078629,3.0,0.0,0.0,False,False,False
rottenyogurtfr,13,0.0769230769230769,8,8,8,8,11.0,12.0,0.011137671397918976,0.004289868168292501,11.0,0.0,0.0,True,False,True
rough-significance86,1,1.0,0,1,0,1,0.0,1.0,0.0,4.440104930662744e-19,,,,False,False,False
rowan1980,1,0.0,0,1,0,1,0.0,1.0,0.0,9.738008570748405e-20,,,,False,False,False
royal-active-62,3,0.0,2,3,2,3,2.0,3.0,0.0014614822607736523,0.013319841664884069,2.0,0.0,0.0,False,False,False
rudraprastaya9,1,0.0,0,1,0,1,0.0,1.0,0.0,1.3370007373111902e-18,,,,False,False,False
ruffn1ck,1,0.0,1,1,1,1,1.0,1.0,3.217438804313942e-06,6.508841107168968e-18,1.0,0.0,0.0,False,False,False
rulesuch9878,1,0.0,2,1,2,1,2.0,1.0,0.00040861472814787063,3.9197774806975936e-18,2.0,0.0,0.0,False,False,False
runaumok,8,0.0,1,6,1,6,2.0,8.0,9.792845287701675e-05,-1.359863794318677e-18,2.0,0.0,0.0,False,False,False
ruthlessdrengr,1,0.0,0,1,0,1,0.0,1.0,0.0,-3.2180487780005633e-18,,,,False,False,False
ryujin0802,1,0.0,1,1,1,1,1.0,1.0,0.0,0.00949735971987815,1.0,0.0,0.0,False,False,False
sa_insert_name,1,0.0,0,1,0,1,0.0,1.0,0.0,-1.5109726661757915e-18,,,,False,False,False
sadbluejay1588,1,0.0,0,1,0,1,0.0,1.0,0.0,8.745903076092128e-19,,,,False,False,False
safe_ground3725,7,0.0,36,7,36,7,38.0,7.0,0.009178072002740699,0.037288987429036316,38.0,0.0,0.0,True,False,True
safetytheflamewolf,1,0.0,1,1,1,1,1.0,1.0,0.0,-7.480462406507175e-18,1.0,0.0,0.0,False,False,False
saftwlt-sama,1,0.0,2,1,2,1,2.0,1.0,3.5749320047932686e-07,0.0008337963528119469,2.0,0.0,0.0,False,False,False
saiemking,1,0.0,0,1,0,1,0.0,1.0,0.0,2.124873710734048e-19,,,,False,False,False
saint-redfield,1,0.0,1,1,1,1,1.0,1.0,0.0,1.3595425116487544e-17,1.0,0.0,0.0,False,False,False
salailama,1,1.0,0,1,0,1,0.0,1.0,0.0,1.2164234141303496e-18,,,,False,False,False
salty-rhubarb,2,0.0,0,2,0,2,0.0,2.0,0.0,6.10306337411338e-20,,,,False,False,False
salvaged12,1,0.0,1,1,1,1,1.0,1.0,0.0,0.0020484971406451893,1.0,0.0,0.0,False,False,False
sam45458855,15,0.2,17,9,17,9,24.0,15.0,0.007625885646656417,0.00953053896938274,24.0,0.0,0.0,True,False,True
samwyatta17,1,0.0,0,1,0,1,0.0,1.0,0.0,2.4376003895830563e-19,,,,False,False,False
sanguine-sunlight,1,0.0,0,1,0,1,0.0,1.0,0.0,-4.881761694360395e-19,,,,False,False,False
sarahlia,2,0.0,0,2,0,2,0.0,2.0,0.0,-1.918504986256716e-18,,,,False,False,False
sardalone,4,0.0,2,4,2,4,2.0,4.0,0.001361306571242664,0.001412806781285673,2.0,0.0,0.0,False,False,False
sariel_fatalis,1,0.0,0,1,0,1,0.0,1.0,0.0,-1.8298502891475601e-19,,,,False,False,False
sasparillatango,1,0.0,0,1,0,1,0.0,1.0,0.0,-1.9796188513544445e-18,,,,False,False,False
savings-sprinkles-86,2,0.0,1,2,1,2,1.0,2.0,0.00020448611067417496,-4.311838814399871e-18,1.0,0.0,0.0,False,False,False
schadenfreude11,2,0.0,2,2,2,2,2.0,2.0,0.00035162955733728527,0.0021816536677891213,2.0,0.0,0.0,False,False,False
schmeatus69,2,0.5,0,2,0,2,0.0,2.0,0.0,-2.478560669998595e-18,,,,False,False,False
science_bitch_962,3,0.0,0,3,0,3,0.0,3.0,0.0,7.939807432776573e-19,,,,False,False,False
screamingyeti,3,0.0,2,3,2,3,3.0,3.0,0.009268504787443706,0.001953874719510378,3.0,0.0,0.0,False,False,False
sea-internet7645,1,0.0,0,1,0,1,0.0,1.0,0.0,1.617478669251931e-18,,,,False,False,False
seanierox,1,0.0,0,1,0,1,0.0,1.0,0.0,2.644433532009063e-18,,,,False,False,False
seaththescaieless,4,0.0,4,4,4,4,5.0,4.0,0.000858217960424552,0.0003948105274974728,5.0,0.0,0.0,True,False,False
secret-sock7928,1,0.0,1,1,1,1,1.0,1.0,0.0,0.0020484971406451863,1.0,0.0,0.0,False,False,False
secret_shirt_3111,1,0.0,0,1,0,1,0.0,1.0,0.0,4.9377065529218865e-18,,,,False,False,False
sedrech818,4,0.0,2,2,2,2,2.0,4.0,0.0009907438911118806,0.011078216028513617,2.0,0.0,0.0,False,False,False
sehuce,1,0.0,0,1,0,1,0.0,1.0,0.0,-2.7552999407307165e-18,,,,False,False,False
sekiroenjoyer999,1,0.0,0,1,0,1,0.0,1.0,0.0,8.128104962600075e-19,,,,False,False,False
self-comprehensive,4,0.5,3,4,3,4,3.0,4.0,0.0010384507982106363,0.0008753425297313609,3.0,0.0,0.0,True,False,False
semiautomatic-pickle,1,0.0,1,1,1,1,1.0,1.0,0.0,1.4209164996341782e-05,1.0,0.0,0.0,False,False,False
sensitiveegg6529,1,0.0,1,1,1,1,1.0,1.0,0.0,0.002760719379934994,1.0,0.0,0.0,False,False,False
sesspool,1,0.0,0,1,0,1,0.0,1.0,0.0,5.696613084831417e-19,,,,False,False,False
seventhgnome,1,0.0,0,1,0,1,0.0,1.0,0.0,-3.778013752828311e-18,,,,False,False,False
shadoutmapes87,1,0.0,0,1,0,1,0.0,1.0,0.0,2.0684540354835216e-18,,,,False,False,False
shadovan,21,0.0476190476190476,1,4,1,4,19.0,21.0,0.00029123863681993303,0.005690662755524139,19.0,0.0,0.0,False,False,False
shadyjane,1,0.0,0,1,0,1,0.0,1.0,0.0,-1.3153475634985587e-18,,,,False,False,False
shakewell1,1,0.0,0,1,0,1,0.0,1.0,0.0,2.5152471998142453e-18,,,,False,False,False
shakezilla86,1,0.0,0,1,0,1,0.0,1.0,0.0,3.1118997505786877e-18,,,,False,False,False
shaneskery,1,0.0,1,1,1,1,1.0,1.0,0.0,3.7298911067842846e-18,1.0,0.0,0.0,False,False,False
sharkdad20,1,0.0,0,1,0,1,0.0,1.0,0.0,-2.471083951463616e-19,,,,False,False,False
sharp_alfalfa_1571,1,0.0,0,1,0,1,0.0,1.0,0.0,-8.928688428725103e-19,,,,False,False,False
sharp_cut354,1,0.0,0,1,0,1,0.0,1.0,0.0,-1.5183864167308753e-19,,,,False,False,False
she_diddy,1,1.0,0,1,0,1,0.0,1.0,0.0,2.406122567555001e-18,,,,False,False,False
shillerndegeister,1,0.0,1,1,1,1,1.0,1.0,0.0,3.0221280858613786e-18,1.0,0.0,0.0,False,False,False
shiningespeon3,4,0.75,9,4,9,4,10.0,4.0,0.0038096871080715126,0.01280146467455359,10.0,0.0,0.0,True,False,True
shipequal2321,2,0.0,1,2,1,2,1.0,2.0,0.00028890537555547116,6.335749332198916e-05,1.0,0.0,0.0,False,False,False
shistles,2,0.5,1,1,1,1,2.0,2.0,0.0,0.0009877486304909775,2.0,0.0,0.0,False,False,False
shoe710,1,0.0,0,1,0,1,0.0,1.0,0.0,9.670002331762771e-20,,,,False,False,False
shrikebunny,1,1.0,0,1,0,1,0.0,1.0,0.0,3.0244993310813902e-18,,,,False,False,False
shrillexx,1,0.0,1,1,1,1,1.0,1.0,0.0,0.011078216028513645,1.0,0.0,0.0,False,False,False
shunkwon,2,0.0,1,1,1,1,1.0,2.0,0.0,0.0004184577167260449,1.0,0.0,0.0,False,False,False
sicknessvoid,1,1.0,0,1,0,1,0.0,1.0,0.0,-2.5265755269005637e-18,,,,False,False,False
sifusif,3,0.3333333333333333,1,3,1,3,1.0,3.0,3.3068121044337737e-05,0.006184765754605191,1.0,0.0,0.0,False,False,False
sigmar_heldenhammer,3,0.3333333333333333,1,2,1,2,1.0,3.0,0.0012657738277595735,0.0017826735693651475,1.0,0.0,0.0,False,False,False
significant-click967,2,0.0,0,2,0,2,0.0,2.0,0.0,9.77063143571703e-19,,,,False,False,False
significant-pitch838,1,0.0,0,1,0,1,0.0,1.0,0.0,1.9466230688306786e-18,,,,False,False,False
sildurai,1,0.0,0,1,0,1,0.0,1.0,0.0,-1.049656500338582e-18,,,,False,False,False
silent_life69,3,0.3333333333333333,1,2,1,2,1.0,3.0,5.4423006278482234e-05,0.0021958744149559407,1.0,0.0,0.0,False,False,False
silentblade45,6,0.3333333333333333,0,4,0,4,0.0,6.0,0.0,3.111285685547167e-18,,,,False,False,False
silentmovings,1,1.0,0,1,0,1,0.0,1.0,0.0,3.579873536150679e-19,,,,False,False,False
silvanus350,1,0.0,1,1,1,1,1.0,1.0,0.0,0.0035970338112459354,1.0,0.0,0.0,False,False,False
similar-drag-5440,9,0.3333333333333333,2,9,2,9,3.0,9.0,0.004030690630424859,0.006635056715653865,3.0,0.0,0.0,False,True,False
similar-zucchini6486,1,0.0,0,1,0,1,0.0,1.0,0.0,-1.1318350354736267e-18,,,,False,False,False
simpaticolt,1,0.0,1,1,1,1,1.0,1.0,0.0,-6.94446815392851e-18,1.0,0.0,0.0,False,False,False
simpleuser45,5,0.0,1,4,1,4,1.0,5.0,0.0006409627517560064,0.0009877486304909788,1.0,0.0,0.0,False,False,False
simplylotato,1,1.0,0,1,0,1,0.0,1.0,0.0,-2.135504541612541e-20,,,,False,False,False
sinister007007,1,0.0,0,1,0,1,0.0,1.0,0.0,3.0424517986321992e-18,,,,False,False,False
sinmudkip,43,0.0930232558139534,75,39,75,39,87.0,43.0,0.04037004972367543,0.6859380821319875,87.0,0.0,0.0,True,False,True
sir-cyan,2,0.0,0,2,0,2,0.0,2.0,0.0,1.252991591006588e-18,,,,False,False,False
sir_dylan_of_astora,1,0.0,0,1,0,1,0.0,1.0,0.0,-3.967066899905619e-18,,,,False,False,False
sirblueseph,1,0.0,0,1,0,1,0.0,1.0,0.0,1.3169504593673393e-18,,,,False,False,False
sirweenielick,1,0.0,1,1,1,1,1.0,1.0,0.0,0.0014128067812856783,1.0,0.0,0.0,False,False,False
sixthsaintastraea,2,0.0,1,2,1,2,1.0,2.0,1.3436353567539272e-05,-6.876989199354104e-18,1.0,0.0,0.0,False,False,False
sixty2ndstallion,1,0.0,0,1,0,1,0.0,1.0,0.0,-6.067960638857056e-19,,,,False,False,False
sizzalness,1,0.0,0,1,0,1,0.0,1.0,0.0,1.43341849952383e-19,,,,False,False,False
sjbennett85,2,0.0,0,2,0,2,0.0,2.0,0.0,-1.9380414892778128e-18,,,,False,False,False
skeletonarrow08,1,0.0,1,1,1,1,1.0,1.0,0.0,0.006184765754605158,1.0,0.0,0.0,False,False,False
skg1991,1,0.0,0,1,0,1,0.0,1.0,0.0,2.9319114284568994e-18,,,,False,False,False
skilluseclasiusii,1,0.0,0,1,0,1,0.0,1.0,0.0,9.258871708689253e-19,,,,False,False,False
skindwellerofficial,1,0.0,0,1,0,1,0.0,1.0,0.0,1.4283255067389608e-18,,,,False,False,False
skirttall5223,1,0.0,2,1,2,1,2.0,1.0,7.149864009586537e-07,1.571996222638044e-17,2.0,0.0,0.0,False,False,False
skitskurk,2,0.0,0,2,0,2,0.0,2.0,0.0,-2.3505459137275146e-20,,,,False,False,False
skyflareknight,1,0.0,0,1,0,1,0.0,1.0,0.0,-2.6206086015580032e-18,,,,False,False,False
slashnbleed,2,0.5,14,2,14,2,14.0,2.0,0.00597341878355065,0.023591477162329472,14.0,0.0,0.0,True,False,True
slayers13reddit,1,0.0,0,1,0,1,0.0,1.0,0.0,3.1032323996298348e-18,,,,False,False,False
sleep-token,1,0.0,7,1,7,1,7.0,1.0,0.0018605732656663302,0.0005227127318699731,7.0,0.0,0.0,True,False,True
sleepiest_spider,7,0.0,1,6,1,6,1.0,7.0,0.00036912479139632827,0.0006305481674532144,1.0,0.0,0.0,False,False,False
slenderchamp,3,0.0,1,3,1,3,1.0,3.0,1.6748556442456463e-05,-7.14707879737602e-18,1.0,0.0,0.0,False,False,False
slightlydemotivated,1,1.0,1,1,1,1,1.0,1.0,1.6993694637070857e-05,6.08485542408193e-18,1.0,0.0,0.0,False,False,False
sloth39000,1,0.0,2,1,2,1,2.0,1.0,4.006037594847486e-05,0.004181601121486705,2.0,0.0,0.0,False,False,False
smclcz,1,0.0,0,1,0,1,0.0,1.0,0.0,-6.562317177023633e-19,,,,False,False,False
smegmamale1,2,0.5,1,1,1,1,2.0,2.0,0.0,3.543244082145574e-18,2.0,0.0,0.0,False,False,False
smelron3317,7,0.0,6,7,6,7,6.0,7.0,0.0042199400665426864,0.0018496332979409964,6.0,0.0,0.0,True,False,True
smilingfreak,2,0.0,2,2,2,2,2.0,2.0,0.0006917493429274975,0.0063427018891518425,2.0,0.0,0.0,False,False,False
smokestacklight1ng,1,0.0,1,1,1,1,1.0,1.0,0.0,1.9343910483075642e-17,1.0,0.0,0.0,False,False,False
smoothlywarm,1,0.0,0,1,0,1,0.0,1.0,0.0,3.232664994720471e-18,,,,False,False,False
snake_emper0r,1,0.0,0,1,0,1,0.0,1.0,0.0,-3.089024392640065e-18,,,,False,False,False
snolus,1,1.0,1,1,1,1,1.0,1.0,0.0009741689713061657,0.0004404143884261768,1.0,0.0,0.0,False,False,False
snoopets9059,1,0.0,0,1,0,1,0.0,1.0,0.0,3.0854050407444393e-18,,,,False,False,False
snoosketches6618,1,0.0,0,1,0,1,0.0,1.0,0.0,-1.4989033138357886e-18,,,,False,False,False
snow-pax,7,0.4285714285714285,3,5,3,5,4.0,7.0,0.0015319966401353851,0.0008507537943330386,4.0,0.0,0.0,True,True,False
soberhurts,1,0.0,0,1,0,1,0.0,1.0,0.0,6.684060853951779e-19,,,,False,False,False
socialwithdrawal,1,0.0,0,1,0,1,0.0,1.0,0.0,3.4137975390016602e-18,,,,False,False,False
sohade,1,0.0,0,1,0,1,0.0,1.0,0.0,-8.015162083489604e-19,,,,False,False,False
sokalos,3,0.3333333333333333,1,1,1,1,3.0,3.0,0.0,0.0001366184086563934,3.0,0.0,0.0,False,False,False
sokkiejr,3,0.0,2,3,2,3,2.0,3.0,0.0003459011925221099,0.002103302382780313,2.0,0.0,0.0,False,False,False
someonecleve_r,1,0.0,0,1,0,1,0.0,1.0,0.0,-3.2746551121614653e-18,,,,False,False,False
somniac7,6,0.0,0,5,0,5,0.0,6.0,0.0,-1.2164358458780766e-18,,,,False,False,False
son_of_zeus1997,1,1.0,0,1,0,1,0.0,1.0,0.0,1.3515967469788405e-18,,,,False,False,False
sonnylonglegs,3,0.0,1,3,1,3,1.0,3.0,0.0005380756417933566,0.0055175927148033935,1.0,0.0,0.0,False,False,False
sorry-cup9467,1,0.0,1,1,1,1,1.0,1.0,0.0,0.10824018284270247,1.0,0.0,0.0,False,False,False
sorryidontspeakcuck,1,0.0,1,1,1,1,1.0,1.0,0.0,0.00041845771672604533,1.0,0.0,0.0,False,False,False
soulsliken,1,0.0,0,1,0,1,0.0,1.0,0.0,4.995051995213451e-19,,,,False,False,False
souppppppppppp,1,0.0,0,1,0,1,0.0,1.0,0.0,3.0606455211657862e-18,,,,False,False,False
spacewolves26,2,0.0,0,2,0,2,0.0,2.0,0.0,-3.3151561067753443e-18,,,,False,False,False
spaghetp,1,0.0,0,1,0,1,0.0,1.0,0.0,2.924631508839626e-18,,,,False,False,False
specialist-bottle432,1,0.0,0,1,0,1,0.0,1.0,0.0,-3.0582087877840665e-18,,,,False,False,False
spider-gal,1,0.0,0,1,0,1,0.0,1.0,0.0,-2.306563569309676e-18,,,,False,False,False
spidermask,1,0.0,0,1,0,1,0.0,1.0,0.0,-2.8465406529808753e-18,,,,False,False,False
spilledmybeeragain,1,0.0,0,1,0,1,0.0,1.0,0.0,-2.4225019968993535e-18,,,,False,False,False
spindriftprime,6,0.1666666666666666,3,4,3,4,5.0,6.0,0.0013338651507181715,0.006494636511317691,5.0,0.0,0.0,True,False,False
splendidcorydora,3,0.0,0,1,0,1,0.0,3.0,0.0,3.7417588191546157e-19,,,,False,False,False
splendidpunkinbutter,2,0.0,0,2,0,2,0.0,2.0,0.0,-2.8560470299486993e-18,,,,False,False,False
splishy344,5,0.2,3,3,3,3,4.0,5.0,0.00270595102875437,0.00534996540045775,4.0,0.0,0.0,True,False,False
spread_the_butter,2,0.0,4,2,4,2,5.0,2.0,0.0006550317504448991,0.004439467100618259,5.0,0.0,0.0,True,False,False
squidfajita,1,0.0,0,1,0,1,0.0,1.0,0.0,8.91832036501998e-19,,,,False,False,False
squishyofcinder,2,0.0,1,2,1,2,1.0,2.0,0.0005752663228609241,0.10824018284270248,1.0,0.0,0.0,False,False,False
ssj_gandalf,2,0.5,0,2,0,2,0.0,2.0,0.0,2.6624935490220506e-19,,,,False,False,False
standard-roll-6783,6,0.0,11,6,11,6,11.0,6.0,0.007837575681380956,0.013927410553922022,11.0,0.0,0.0,True,False,True
standard_delay_9465,1,0.0,0,1,0,1,0.0,1.0,0.0,3.160134315609892e-18,,,,False,False,False
stantastictypo,1,0.0,1,1,1,1,1.0,1.0,0.0,0.10824018284270251,1.0,0.0,0.0,False,False,False
starkiller0820,1,0.0,0,1,0,1,0.0,1.0,0.0,-1.2819822878912145e-18,,,,False,False,False
starman_77,2,0.0,0,2,0,2,0.0,2.0,0.0,-1.2102752384325768e-18,,,,False,False,False
startingstrengthgoon,1,0.0,1,1,1,1,1.0,1.0,0.0002048436038746543,-5.283048768626995e-19,1.0,0.0,0.0,False,False,False
steef-1995,1,0.0,0,1,0,1,0.0,1.0,0.0,-2.8965368592110482e-18,,,,False,False,False
stefani1034,2,0.5,0,2,0,2,0.0,2.0,0.0,-1.5419175392476069e-18,,,,False,False,False
stesaraiva,2,0.0,1,2,1,2,1.0,2.0,0.0001234618372717281,1.4209164996337748e-05,1.0,0.0,0.0,False,False,False
stickwithplanb,1,0.0,0,1,0,1,0.0,1.0,0.0,6.938679376127621e-20,,,,False,False,False
stillgalaxy99,1,0.0,0,1,0,1,0.0,1.0,0.0,4.556625393803432e-19,,,,False,False,False
stinkus_mcdiddle,2,0.0,3,2,3,2,3.0,2.0,0.0003510433781852924,-3.3524908593924774e-17,3.0,0.0,0.0,True,False,False
stolehtreb,4,0.0,1,3,1,3,1.0,4.0,0.00020448611067417496,1.750341286038737e-17,1.0,0.0,0.0,False,False,False
straight-resolve-527,2,0.0,0,2,0,2,0.0,2.0,0.0,2.1596862220733066e-18,,,,False,False,False
straight_childhood_8,6,0.0,2,6,2,6,4.0,6.0,0.00041612208535793654,-1.425080212471864e-17,4.0,0.0,0.0,False,False,False
strangebible,1,0.0,2,1,2,1,2.0,1.0,1.0102162023544974e-05,0.003894962931927681,2.0,0.0,0.0,False,False,False
strong-philosopher-6,2,0.0,1,2,1,2,1.0,2.0,2.338005531134798e-05,0.0015039072877090752,1.0,0.0,0.0,False,False,False
stunning_district_83,1,0.0,1,1,1,1,1.0,1.0,0.0,1.4209164996339929e-05,1.0,0.0,0.0,False,False,False
subject-creme,2,0.0,0,2,0,2,0.0,2.0,0.0,-1.7701454703642115e-18,,,,False,False,False
subject_swimming6327,2,0.0,4,2,4,2,4.0,2.0,0.000823434258915316,0.006849338799700118,4.0,0.0,0.0,True,False,False
substantial_elk8307,36,0.1666666666666666,9,29,9,29,13.0,36.0,0.02398980126288268,0.011244570520881554,13.0,0.0,0.0,True,False,True
successful_mirror153,1,0.0,3,1,3,1,3.0,1.0,0.00043837931281912127,0.0005824575391880726,3.0,0.0,0.0,True,False,False
suck-my-balls-reddit,1,0.0,0,1,0,1,0.0,1.0,0.0,-2.8728693282925566e-18,,,,False,False,False
suekehiro,3,0.3333333333333333,5,1,5,1,7.0,3.0,0.0007745259520481384,0.0002511300857119867,7.0,0.0,0.0,True,False,False
sunbeef,2,0.0,1,2,1,2,2.0,2.0,9.287620968496798e-06,4.80418262872489e-19,2.0,0.0,0.0,False,False,False
sunbro1992,1,0.0,0,1,0,1,0.0,1.0,0.0,3.8162700083491e-18,,,,False,False,False
sundownkid,14,0.0,10,12,10,12,12.0,14.0,0.017002382411670083,0.041721447990241134,12.0,0.0,0.0,True,False,True
sunnylemonhunk,1,0.0,0,1,0,1,0.0,1.0,0.0,-2.280621976307731e-18,,,,False,False,False
superb-tomorrow-2746,1,0.0,3,0,3,0,3.0,0.0,0.0,0.0061531062268219425,3.0,0.0,0.0,True,False,False
superd00perguyd00d,1,0.0,0,1,0,1,0.0,1.0,0.0,4.1088243525972196e-19,,,,False,False,False
supermarioplush220,2,0.0,1,2,1,2,2.0,2.0,0.0,0.0020484971406451867,2.0,0.0,0.0,False,False,False
supervegeta50,1,1.0,1,1,1,1,1.0,1.0,0.0,0.004590153822548192,1.0,0.0,0.0,False,False,False
surone_,1,1.0,0,1,0,1,0.0,1.0,0.0,-2.1557820744447883e-18,,,,False,False,False
sussy_solaire,1,0.0,0,1,0,1,0.0,1.0,0.0,1.2873197503614588e-18,,,,False,False,False
swimlovesyou,1,0.0,2,1,2,1,2.0,1.0,0.000383202816641158,0.0004661053820909688,2.0,0.0,0.0,False,False,False
swissdeathstar,2,0.0,0,2,0,2,0.0,2.0,0.0,-1.0342531980235273e-18,,,,False,False,False
syfodias,1,1.0,1,1,1,1,1.0,1.0,0.00020520109707513362,1.2486539589802458e-17,1.0,0.0,0.0,False,False,False
symbioticspider,1,0.0,1,1,1,1,1.0,1.0,0.00012006417976048648,0.0032774495604334123,1.0,0.0,0.0,False,False,False
syncope08,1,1.0,0,1,0,1,0.0,1.0,0.0,-1.66692371236886e-18,,,,False,False,False
synonymoustowater,1,0.0,0,1,0,1,0.0,1.0,0.0,2.242220844990793e-19,,,,False,False,False
syratio,1,0.0,0,1,0,1,0.0,1.0,0.0,-4.376561441207921e-18,,,,False,False,False
taha_hermoso,2,0.0,2,1,2,1,2.0,2.0,0.00020412861747369564,0.005690662755524135,2.0,0.0,0.0,False,False,False
tall-ball,1,1.0,1,1,1,1,1.0,1.0,0.0,0.00044041438842617445,1.0,0.0,0.0,False,False,False
tantandc2,1,0.0,0,1,0,1,0.0,1.0,0.0,-7.128676412012865e-19,,,,False,False,False
tarnishedhollow9,1,1.0,0,1,0,1,0.0,1.0,0.0,3.679491857713926e-19,,,,False,False,False
tarnishednightlord,4,0.0,0,4,0,4,0.0,4.0,0.0,-1.861968692570494e-18,,,,False,False,False
tashynut,1,0.0,0,1,0,1,0.0,1.0,0.0,3.0660188540784847e-18,,,,False,False,False
taternaters05,2,0.0,1,1,1,1,1.0,2.0,0.0,0.10824018284270247,1.0,0.0,0.0,False,False,False
taylorg17,1,0.0,0,1,0,1,0.0,1.0,0.0,1.6713529672711381e-18,,,,False,False,False
tdws52s_,4,0.0,0,4,0,4,0.0,4.0,0.0,2.218219526426347e-18,,,,False,False,False
teckrokk,1,0.0,0,1,0,1,0.0,1.0,0.0,2.634641540724151e-18,,,,False,False,False
teepee81,3,0.0,1,3,1,3,1.0,3.0,0.0010115283202551581,0.00012028731479235841,1.0,0.0,0.0,False,False,False
tehwagn3r,3,0.0,2,3,2,3,2.0,3.0,0.00021105614642638067,0.014675249839759598,2.0,0.0,0.0,False,False,False
templemanprime,1,0.0,0,1,0,1,0.0,1.0,0.0,1.865708333081377e-18,,,,False,False,False
temporalacapella,1,1.0,0,1,0,1,0.0,1.0,0.0,-2.7315120235963088e-18,,,,False,False,False
temporary_mix1603,3,0.0,0,3,0,3,0.0,3.0,0.0,-2.095667218956161e-18,,,,False,False,False
tepig132,1,0.0,0,1,0,1,0.0,1.0,0.0,6.104251157244267e-19,,,,False,False,False
terranaform,1,0.0,0,1,0,1,0.0,1.0,0.0,-3.0126451495062654e-18,,,,False,False,False
texjohnson_,1,0.0,1,1,1,1,1.0,1.0,0.0,0.10824018284270247,1.0,0.0,0.0,False,False,False
th0mc4t,3,0.0,8,2,8,2,9.0,2.0,0.0020886956212235698,0.006678962531324427,9.0,0.0,0.0,True,False,True
th1rte3n1334,2,0.0,0,2,0,2,0.0,2.0,0.0,1.5654948888010746e-18,,,,False,False,False
thalude_,1,1.0,0,1,0,1,0.0,1.0,0.0,-3.629886543097153e-18,,,,False,False,False
thatismyfeet,1,0.0,1,1,1,1,1.0,1.0,0.0,0.00218165366778913,1.0,0.0,0.0,False,False,False
thatoneotherguy42,2,0.0,1,2,1,2,1.0,2.0,0.0005519834064152976,0.0003456032536272164,1.0,0.0,0.0,False,False,False
thaygoth-ur,1,0.0,0,1,0,1,0.0,1.0,0.0,1.6200671063784391e-18,,,,False,False,False
the-dark_lord,1,0.0,0,1,0,1,0.0,1.0,0.0,-3.1427299622625793e-18,,,,False,False,False
the_doc12,1,1.0,0,1,0,1,0.0,1.0,0.0,-2.5320087233379436e-18,,,,False,False,False
the_greathe,1,0.0,1,1,1,1,1.0,1.0,0.0,0.0009976013728707131,1.0,0.0,0.0,False,False,False
the_gregbear,24,0.125,19,17,19,17,25.0,24.0,0.01081814386450106,0.012981705712277011,25.0,0.0,0.0,True,False,True
the_mystery_crow,2,0.5,4,2,4,2,4.0,2.0,0.0009195157816418979,0.000833796352811951,4.0,0.0,0.0,True,False,False
thebacklogreviews,2,0.0,1,2,1,2,1.0,2.0,0.0,-7.524942407487677e-18,1.0,0.0,0.0,False,False,False
thebigchil73,3,0.0,1,3,1,3,1.0,3.0,0.0002523892322948962,0.0007087082073977836,1.0,0.0,0.0,False,False,False
thebooneybunes,27,0.2592592592592592,12,21,12,21,26.0,27.0,0.024801130464266127,0.05822121194816184,26.0,0.0,0.0,True,True,True
thechaoskazoo,1,0.0,0,1,0,1,0.0,1.0,0.0,4.825359378902241e-18,,,,False,False,False
thechonkan,4,0.25,1,4,1,4,1.0,4.0,0.0008331839405398614,0.0009388627393987276,1.0,0.0,0.0,False,False,False
thecodedreihan,1,0.0,0,1,0,1,0.0,1.0,0.0,3.226282191477646e-18,,,,False,False,False
thecrookedbox,1,0.0,0,1,0,1,0.0,1.0,0.0,-3.574600060033823e-18,,,,False,False,False
thedarksoul616,2,0.5,1,2,1,2,2.0,2.0,4.233841040970851e-06,0.001065412092343588,2.0,0.0,0.0,False,False,False
thedude1411,2,0.0,0,2,0,2,0.0,2.0,0.0,2.0966020622191547e-18,,,,False,False,False
thefeno,2,0.0,0,2,0,2,0.0,2.0,0.0,2.40795377824709e-18,,,,False,False,False
thegamerhd420,1,0.0,0,1,0,1,0.0,1.0,0.0,-2.0174852177610707e-18,,,,False,False,False
thegoatmanjones,1,0.0,1,1,1,1,1.0,1.0,0.0,0.0029204287710097223,1.0,0.0,0.0,False,False,False
thegreening1996,2,0.0,0,2,0,2,0.0,2.0,0.0,9.747697462731067e-19,,,,False,False,False
thehaight,1,0.0,0,1,0,1,0.0,1.0,0.0,-2.846760197008e-18,,,,False,False,False
theinternetisnice,5,0.0,1,4,1,4,1.0,5.0,0.00010394179187632478,0.002048497140645189,1.0,0.0,0.0,False,False,False
thejafanator,1,0.0,2,1,2,1,2.0,1.0,2.859945603834615e-06,0.00026471882342246557,2.0,0.0,0.0,False,False,False
thelmmortal,3,0.0,2,2,2,2,2.0,3.0,0.00048815696525452085,0.0007069446513310622,2.0,0.0,0.0,False,False,False
thelurkerindark,1,0.0,0,1,0,1,0.0,1.0,0.0,-8.026655110076217e-19,,,,False,False,False
thema03,1,0.0,0,1,0,1,0.0,1.0,0.0,1.1781041810929646e-18,,,,False,False,False
themiracy,1,0.0,1,1,1,1,1.0,1.0,0.0,-1.7943919713743924e-18,1.0,0.0,0.0,False,False,False
themonitors,13,0.0769230769230769,4,11,4,11,5.0,13.0,0.028493888570669833,0.014649600467550412,5.0,0.0,0.0,True,False,True
then_tune_6575,1,0.0,0,1,0,1,0.0,1.0,0.0,4.632648183835935e-19,,,,False,False,False
thenameyouwanted3,4,0.0,0,4,0,4,0.0,4.0,0.0,-2.3716788567433077e-18,,,,False,False,False
theonereborn2021,11,0.1818181818181818,13,11,13,11,14.0,11.0,0.008932589745000191,0.002790987533524528,14.0,0.0,0.0,True,False,True
therealjojenreed,8,0.0,4,8,4,8,4.0,8.0,0.00400998334892962,0.005283921886639989,4.0,0.0,0.0,True,False,False
therealmcnutts,1,0.0,0,1,0,1,0.0,1.0,0.0,1.844724497230375e-18,,,,False,False,False
therivermarquis,1,0.0,0,1,0,1,0.0,1.0,0.0,1.724846476424286e-18,,,,False,False,False
thescrewhead,1,0.0,0,1,0,1,0.0,1.0,0.0,4.674647081115978e-18,,,,False,False,False
theshadowkick,1,0.0,0,1,0,1,0.0,1.0,0.0,-1.9038349002519759e-19,,,,False,False,False
thesingularitystory,13,0.0,14,7,14,7,19.0,13.0,0.0063638284317385895,0.03496600675811612,19.0,0.0,0.0,True,False,True
thesiriuszero,2,0.0,1,1,1,1,1.0,2.0,0.0,0.004590153822548194,1.0,0.0,0.0,False,False,False
thestylemage,1,0.0,1,1,1,1,1.0,1.0,0.0,0.000135197001755038,1.0,0.0,0.0,False,False,False
theunchosen_one,2,0.0,1,2,1,2,1.0,2.0,0.0010207141604214305,9.519417350374468e-05,1.0,0.0,0.0,False,False,False
thevioletbarry,3,0.0,0,2,0,2,0.0,3.0,0.0,1.558854627299217e-18,,,,False,False,False
thewarbug,1,0.0,0,1,0,1,0.0,1.0,0.0,1.3143371164195584e-18,,,,False,False,False
thingsbetw1xt,2,0.0,0,1,0,1,0.0,2.0,0.0,3.18509021741089e-19,,,,False,False,False
thisbaddogxb,4,0.0,1,4,1,4,1.0,4.0,0.003445955526931114,0.0008354345152987811,1.0,0.0,0.0,False,False,False
thiscocaineninja,2,0.0,2,2,2,2,2.0,2.0,0.00021404905378699708,0.00079909285707184,2.0,0.0,0.0,False,False,False
thor11600,1,0.0,0,1,0,1,0.0,1.0,0.0,1.638704647033913e-18,,,,False,False,False
thule777,2,0.5,0,2,0,2,0.0,2.0,0.0,1.1847893160303037e-18,,,,False,False,False
ticklemehoohah,1,0.0,1,0,1,0,1.0,0.0,0.0,2.370377807009118e-06,1.0,0.0,0.0,False,False,False
tiervexx,4,0.25,4,3,4,3,4.0,4.0,0.0019676636437509455,0.014205596752403305,4.0,0.0,0.0,True,False,False
tigereye91,1,0.0,0,1,0,1,0.0,1.0,0.0,2.99898608798175e-18,,,,False,False,False
tigodelgado,1,0.0,0,1,0,1,0.0,1.0,0.0,3.599665524794969e-18,,,,False,False,False
timberwolf721,1,0.0,1,1,1,1,1.0,1.0,0.0,0.0001884923770687044,1.0,0.0,0.0,False,False,False
time_inflation_1882,1,0.0,0,1,0,1,0.0,1.0,0.0,2.8687776032566935e-18,,,,False,False,False
timely_papaya_4425,1,1.0,0,1,0,1,0.0,1.0,0.0,3.6886370842572384e-19,,,,False,False,False
tinenan,1,0.0,2,1,2,1,2.0,1.0,0.0,5.199021918801263e-05,2.0,0.0,0.0,False,False,False
tinynuubi,1,0.0,23,1,23,1,24.0,1.0,0.00031152019889375354,0.015304863233257535,24.0,0.0,0.0,True,False,False
tioralph,1,0.0,0,1,0,1,0.0,1.0,0.0,-1.5489757593459694e-18,,,,False,False,False
titchygren6,1,0.0,0,1,0,1,0.0,1.0,0.0,-1.0398701336486824e-19,,,,False,False,False
tizoc10040,1,0.0,1,1,1,1,1.0,1.0,2.7705723037147834e-06,0.0008706693211224283,1.0,0.0,0.0,False,False,False
tmacdafunkgaud,2,0.0,0,2,0,2,0.0,2.0,0.0,-2.602707363720615e-18,,,,False,False,False
toastgoblin22,3,0.0,1,2,1,2,2.0,3.0,6.593791847983811e-05,0.006184765754605132,2.0,0.0,0.0,False,False,False
todang,1,1.0,1,1,1,1,1.0,1.0,0.00012501111633618633,-1.98322075815354e-18,1.0,0.0,0.0,False,False,False
toihin123,1,1.0,0,1,0,1,0.0,1.0,0.0,2.248570875360984e-18,,,,False,False,False
tolmides,3,0.3333333333333333,0,3,0,3,0.0,3.0,0.0,-2.9047476229836874e-18,,,,False,False,False
tomb-crawler,1,0.0,0,1,0,1,0.0,1.0,0.0,7.258091490280614e-19,,,,False,False,False
tomberrysenior,2,0.0,1,2,1,2,1.0,2.0,6.310069168992345e-05,0.004978178782513124,1.0,0.0,0.0,False,False,False
tomrambo96,1,0.0,0,1,0,1,0.0,1.0,0.0,-8.097777014354941e-19,,,,False,False,False
tony_saufcok,3,0.0,8,3,8,3,8.0,3.0,0.0013303865323576831,0.020221949916591347,8.0,0.0,0.0,True,False,False
top_collar7826,1,0.0,0,1,0,1,0.0,1.0,0.0,-4.609882604851666e-19,,,,False,False,False
topbreath3806,1,0.0,0,1,0,1,0.0,1.0,0.0,-2.410538527238877e-18,,,,False,False,False
torrankaido88,1,0.0,0,1,0,1,0.0,1.0,0.0,1.233311502986636e-18,,,,False,False,False
toughmantough,1,0.0,0,1,0,1,0.0,1.0,0.0,1.4201597408067962e-18,,,,False,False,False
touhoufan125,2,0.0,1,2,1,2,1.0,2.0,0.00021442144253749624,2.3027058500667246e-18,1.0,0.0,0.0,False,False,False
tra1lhawk19,1,1.0,0,1,0,1,0.0,1.0,0.0,-2.2147820572978415e-19,,,,False,False,False
trackingmyliftingpro,1,1.0,0,1,0,1,0.0,1.0,0.0,6.555090257342009e-19,,,,False,False,False
trichlormethiazide,8,0.0,7,7,7,7,8.0,8.0,0.006857557797056736,0.005698694387953028,8.0,0.0,0.0,True,False,True
trick2056,1,0.0,0,1,0,1,0.0,1.0,0.0,7.96782572358285e-20,,,,False,False,False
tricky-trip-3122,1,0.0,0,1,0,1,0.0,1.0,0.0,-8.328876802805254e-19,,,,False,False,False
triel20,1,0.0,0,1,0,1,0.0,1.0,0.0,-2.311377936355041e-18,,,,False,False,False
triglav020,1,0.0,0,1,0,1,0.0,1.0,0.0,-2.536666304089397e-18,,,,False,False,False
troodon_trouble,2,0.5,0,2,0,2,0.0,2.0,0.0,3.032052426178519e-18,,,,False,False,False
trorkin,2,0.0,1,2,1,2,1.0,2.0,0.006363146623744875,0.0023116888746746896,1.0,0.0,0.0,False,False,False
true_winner_6646,1,0.0,0,1,0,1,0.0,1.0,0.0,3.5683525549439697e-19,,,,False,False,False
truekazzeta_45,1,0.0,0,1,0,1,0.0,1.0,0.0,1.9413089470867828e-18,,,,False,False,False
ttayw2cool,2,0.0,0,2,0,2,0.0,2.0,0.0,-9.93525483706203e-19,,,,False,False,False
turiannerevarine,3,0.3333333333333333,2,2,2,2,3.0,3.0,0.0005373307224299769,0.0003378851384947751,3.0,0.0,0.0,False,False,False
twelve20two,1,0.0,0,1,0,1,0.0,1.0,0.0,-1.2000084602311626e-18,,,,False,False,False
twistedhands,1,0.0,1,1,1,1,1.0,1.0,0.0,0.0015039072877090795,1.0,0.0,0.0,False,False,False
twixdog2020,2,0.0,2,2,2,2,2.0,2.0,0.0006586159810605478,0.006463732124968523,2.0,0.0,0.0,False,False,False
twl221,3,0.0,2,2,2,2,3.0,3.0,0.0009883957344432892,0.002395267390978455,3.0,0.0,0.0,False,False,False
ultimate_grass_20,2,0.0,1,2,1,2,1.0,2.0,1.0009809613421152e-05,0.003190998740884373,1.0,0.0,0.0,False,False,False
ultimaterosen,1,0.0,0,1,0,1,0.0,1.0,0.0,7.798480501124201e-19,,,,False,False,False
unbreakablegrass,4,0.0,1,2,1,2,3.0,4.0,0.0004879782186542812,0.0011647672332204219,3.0,0.0,0.0,False,False,False
unclemikey0,3,0.3333333333333333,1,1,1,1,1.0,3.0,0.0,0.005454685218224364,1.0,0.0,0.0,False,False,False
uncomfortableanswers,8,0.125,4,7,4,7,5.0,8.0,0.0027132724160843194,0.017495189928948784,5.0,0.0,0.0,True,False,True
undark_,2,0.0,1,2,1,2,1.0,2.0,0.00010758386446918348,-9.165697302265806e-18,1.0,0.0,0.0,False,False,False
underthat,1,0.0,0,1,0,1,0.0,1.0,0.0,-3.128552873083167e-21,,,,False,False,False
undewed,3,0.3333333333333333,1,2,1,2,3.0,3.0,0.0,6.762422276611507e-05,3.0,0.0,0.0,False,False,False
unlikelytechnology64,3,0.3333333333333333,1,3,1,3,1.0,3.0,0.0004716180814113931,1.4209164996338462e-05,1.0,0.0,0.0,False,False,False
unorthodoxfox,1,0.0,0,1,0,1,0.0,1.0,0.0,1.8719240283620416e-18,,,,False,False,False
unprocessed_sugar,1,0.0,0,1,0,1,0.0,1.0,0.0,1.701463776362833e-18,,,,False,False,False
unsolvedrdmysteries,1,0.0,0,1,0,1,0.0,1.0,0.0,-1.3864957214766446e-18,,,,False,False,False
unsure-cookie-2772,1,0.0,0,1,0,1,0.0,1.0,0.0,-3.250627089727462e-18,,,,False,False,False
upbeatmarionberry626,2,1.0,1,1,1,1,1.0,2.0,0.00016914235218183632,0.0003990032071045893,1.0,0.0,0.0,False,False,False
upspal,1,0.0,0,1,0,1,0.0,1.0,0.0,2.5824915347334172e-18,,,,False,False,False
ursaringtitan,5,0.0,1,2,1,2,3.0,5.0,1.495513222005184e-05,0.00041845771672604533,3.0,0.0,0.0,False,False,False
usedtolurkhard,2,0.5,1,2,1,2,1.0,2.0,4.464215685855745e-05,0.0009877486304909716,1.0,0.0,0.0,False,False,False
usernamenty,3,0.0,1,3,1,3,1.0,3.0,0.0,0.0028335088029350303,1.0,0.0,0.0,False,False,False
usual_improvement108,1,1.0,0,1,0,1,0.0,1.0,0.0,2.973909304117152e-18,,,,False,False,False
usualaffectionate519,2,0.0,1,1,1,1,1.0,2.0,0.0,0.003521293716121808,1.0,0.0,0.0,False,False,False
uvejota,2,0.0,1,2,1,2,1.0,2.0,4.786833954418187e-05,0.002220248427677297,1.0,0.0,0.0,False,False,False
vagina_candle,2,0.0,0,2,0,2,0.0,2.0,0.0,-1.174401586402582e-18,,,,False,False,False
valuable_material_26,1,0.0,1,1,1,1,1.0,1.0,0.0,0.10824018284270254,1.0,0.0,0.0,False,False,False
vanpet1993,1,0.0,0,1,0,1,0.0,1.0,0.0,1.9636130391652382e-18,,,,False,False,False
vasikus3000,1,1.0,0,1,0,1,0.0,1.0,0.0,1.6112297155627955e-18,,,,False,False,False
vasquar,1,0.0,0,1,0,1,0.0,1.0,0.0,-2.1759344385262776e-19,,,,False,False,False
vegsmashed,1,0.0,1,1,1,1,1.0,1.0,0.00020063412143901015,0.0030380229044079292,1.0,0.0,0.0,False,False,False
ventureforth619,1,0.0,0,1,0,1,0.0,1.0,0.0,9.516689678088974e-19,,,,False,False,False
veraldar,1,0.0,0,1,0,1,0.0,1.0,0.0,-3.657439412504521e-18,,,,False,False,False
vergil_171,4,0.0,1,4,1,4,1.0,4.0,0.001511913359593504,0.004590153822548201,1.0,0.0,0.0,False,False,False
vermontcatholic,1,0.0,0,1,0,1,0.0,1.0,0.0,9.674372729909278e-19,,,,False,False,False
verygoodandalsonice,1,0.0,0,1,0,1,0.0,1.0,0.0,2.472021544300336e-18,,,,False,False,False
vf43nyc,1,0.0,0,1,0,1,0.0,1.0,0.0,-1.7322693217461642e-18,,,,False,False,False
vinirwd,2,0.0,3,1,3,1,5.0,2.0,0.0027252453564400414,0.004860041990201215,5.0,0.0,0.0,True,False,True
vinterblot,1,0.0,1,1,1,1,1.0,1.0,0.0,0.0016158467606216388,1.0,0.0,0.0,False,False,False
violet-panther,1,0.0,0,1,0,1,0.0,1.0,0.0,1.6720184852521827e-18,,,,False,False,False
virtus_solitudine,1,0.0,0,1,0,1,0.0,1.0,0.0,2.724731381317789e-18,,,,False,False,False
virus64,1,0.0,0,1,0,1,0.0,1.0,0.0,2.2375310125175163e-18,,,,False,False,False
visiblemammal,2,0.0,1,1,1,1,1.0,2.0,0.0,0.009922088507941951,1.0,0.0,0.0,False,False,False
vladesomo,1,0.0,1,1,1,1,1.0,1.0,6.7098662275507e-05,6.76242227661189e-05,1.0,0.0,0.0,False,False,False
vojaaaaa,4,0.0,2,3,2,3,2.0,4.0,0.003471489709368906,0.00036678832166080774,2.0,0.0,0.0,False,False,False
vukxsh1n,2,0.0,0,2,0,2,0.0,2.0,0.0,4.2731202255369125e-19,,,,False,False,False
vulgarbutfluent,1,0.0,0,1,0,1,0.0,1.0,0.0,2.3822990065196526e-20,,,,False,False,False
vyraneath,1,0.0,0,1,0,1,0.0,1.0,0.0,4.447229874471311e-19,,,,False,False,False
w1ntermu7e,2,0.0,24,2,24,2,24.0,2.0,0.00409122993649895,0.02880903581912394,24.0,0.0,0.0,True,False,True
walking_wallace,1,0.0,0,1,0,1,0.0,1.0,0.0,1.4523246054574663e-18,,,,False,False,False
wanderinggjo,1,0.0,0,1,0,1,0.0,1.0,0.0,-2.7275624054611752e-18,,,,False,False,False
wastedvirus,1,0.0,0,1,0,1,0.0,1.0,0.0,1.2201828524486111e-19,,,,False,False,False
wayjay9,3,0.0,3,2,3,2,3.0,3.0,0.000226373180493218,0.004274532417729734,3.0,0.0,0.0,True,False,False
webrewrbewrb,2,0.0,1,1,1,1,2.0,2.0,0.0,0.00618476575460517,2.0,0.0,0.0,False,False,False
weekend-at-bernies,1,0.0,0,1,0,1,0.0,1.0,0.0,-2.6899534538392613e-18,,,,False,False,False
west_zombie706,43,0.0232558139534883,23,22,23,22,45.0,43.0,0.02067980601723805,0.039194005855613105,45.0,0.0,0.0,True,False,True
westerncrescent,1,0.0,0,1,0,1,0.0,1.0,0.0,2.674819001502949e-19,,,,False,False,False
wetonionring,1,0.0,1,1,1,1,1.0,1.0,0.0,5.330700536542521e-18,1.0,0.0,0.0,False,False,False
whalesexodyssey,1,1.0,0,1,0,1,0.0,1.0,0.0,-1.3086716121172998e-18,,,,False,False,False
whatspaulplaying,4,0.5,2,3,2,3,2.0,4.0,0.0020477541804503133,0.005547207703123173,2.0,0.0,0.0,False,False,False
whenindoubtsoupcan,1,0.0,0,1,0,1,0.0,1.0,0.0,-1.0151444932564094e-18,,,,False,False,False
whiteheatgames,1,0.0,0,1,0,1,0.0,1.0,0.0,-5.472836544806912e-19,,,,False,False,False
whopperman18,2,0.0,1,1,1,1,2.0,2.0,0.0,0.0007990928570718301,2.0,0.0,0.0,False,False,False
why_my_pp_hard_tho,1,0.0,1,1,1,1,1.0,1.0,0.0,0.00204849714064519,1.0,0.0,0.0,False,False,False
whyamiherethisispain,1,0.0,1,1,1,1,1.0,1.0,3.5749320047932686e-07,8.19487015946668e-18,1.0,0.0,0.0,False,False,False
wicked_genitals,1,0.0,0,1,0,1,0.0,1.0,0.0,-3.3860941760856157e-18,,,,False,False,False
wigbold,1,0.0,0,1,0,1,0.0,1.0,0.0,-2.164353486635337e-18,,,,False,False,False
wiggedy-wack,2,0.5,0,2,0,2,0.0,2.0,0.0,3.3644683649303865e-18,,,,False,False,False
wiggity_whack69,4,0.0,0,4,0,4,0.0,4.0,0.0,-1.7028147445490823e-18,,,,False,False,False
wigglin_harry,2,0.0,1,2,1,2,1.0,2.0,0.0,2.803217534255354e-18,1.0,0.0,0.0,False,False,False
wilahelm_wulfreyn,7,0.2857142857142857,1,6,1,6,3.0,7.0,1.4593254182337195e-05,-1.014381884552214e-17,3.0,0.0,0.0,False,False,False
willnotfightinww3,1,0.0,0,1,0,1,0.0,1.0,0.0,1.0299169375596558e-18,,,,False,False,False
winter-law5778,2,0.0,1,2,1,2,1.0,2.0,0.0004883357118547605,1.4209164996338506e-05,1.0,0.0,0.0,False,False,False
winter-macaroon-5871,1,1.0,0,1,0,1,0.0,1.0,0.0,-9.142100429238159e-19,,,,False,False,False
winterlu,3,0.0,0,3,0,3,0.0,3.0,0.0,-1.5318183970287878e-19,,,,False,False,False
witty-emergency8869,3,0.0,1,1,1,1,2.0,3.0,0.0,0.0002871449094710102,2.0,0.0,0.0,False,False,False
wizardrous,5,0.0,2,4,2,4,2.0,5.0,0.0010945220363575356,0.002693857189772244,2.0,0.0,0.0,False,False,False
wonderful_west3188,2,0.0,1,1,1,1,1.0,2.0,0.0,0.00030831901945757535,1.0,0.0,0.0,False,False,False
wonka515,1,0.0,1,1,1,1,1.0,1.0,0.0,0.1082401828427025,1.0,0.0,0.0,False,False,False
wotensgamble,1,0.0,0,1,0,1,0.0,1.0,0.0,-2.723081028527436e-18,,,,False,False,False
writers_block_,2,0.0,2,2,2,2,2.0,2.0,0.00025957487439382557,-1.1163364375491145e-17,2.0,0.0,0.0,False,False,False
wrothlobster,1,0.0,0,1,0,1,0.0,1.0,0.0,1.9177352300719845e-18,,,,False,False,False
wwisbestzeldagame,2,0.0,2,2,2,2,2.0,2.0,0.0003334416189581491,0.0031407492622526805,2.0,0.0,0.0,False,False,False
x4_dna_4x,3,0.0,5,2,5,2,5.0,3.0,0.0013447269166106696,0.006569774970876082,5.0,0.0,0.0,True,False,False
xdanxlei,1,0.0,0,1,0,1,0.0,1.0,0.0,-2.0425699243582408e-18,,,,False,False,False
xdnoza,1,0.0,1,1,1,1,1.0,1.0,8.937330011983172e-07,-4.556721006504829e-18,1.0,0.0,0.0,False,False,False
xeonon,1,0.0,1,1,1,1,1.0,1.0,1.0292825063800618e-05,-5.6894124401728775e-18,1.0,0.0,0.0,False,False,False
xhugglesx,1,0.0,0,1,0,1,0.0,1.0,0.0,-1.5099924186967188e-18,,,,False,False,False
xill47,1,0.0,0,1,0,1,0.0,1.0,0.0,-2.9757027338831254e-18,,,,False,False,False
xobeloot,12,0.25,3,8,3,8,7.0,12.0,0.0031478705094028234,0.013357122093699169,7.0,0.0,0.0,True,True,True
xsomnier,2,0.0,1,2,1,2,1.0,2.0,0.0,0.10824018284270248,1.0,0.0,0.0,False,False,False
xtagtv,5,0.2,1,4,1,4,1.0,5.0,0.0008748610268099365,0.00032947164632263123,1.0,0.0,0.0,False,False,False
xxandrew01xx,1,0.0,0,1,0,1,0.0,1.0,0.0,2.063150190379062e-18,,,,False,False,False
yab0ifiddlesticks,2,0.5,0,2,0,2,0.0,2.0,0.0,-4.1222452361238136e-18,,,,False,False,False
yandro_pontes,1,0.0,0,1,0,1,0.0,1.0,0.0,-1.4811748935650884e-18,,,,False,False,False
yasanoo,3,0.3333333333333333,1,2,1,2,2.0,3.0,0.0,0.001774379351245428,2.0,0.0,0.0,False,False,False
yatterer,1,0.0,0,1,0,1,0.0,1.0,0.0,3.0846067436391325e-18,,,,False,False,False
yellowadidas,1,0.0,1,1,1,1,1.0,1.0,0.0,-1.131069832100479e-17,1.0,0.0,0.0,False,False,False
yellowvevo,2,0.0,1,2,1,2,1.0,2.0,2.502452403355288e-06,3.2714281306042432e-18,1.0,0.0,0.0,False,False,False
ygypt,1,0.0,0,1,0,1,0.0,1.0,0.0,-1.2911857039007638e-18,,,,False,False,False
yodasketamin3,1,0.0,0,1,0,1,0.0,1.0,0.0,-1.753645487852584e-18,,,,False,False,False
youcallweshouldwhat,1,0.0,0,1,0,1,0.0,1.0,0.0,-3.917738807019463e-19,,,,False,False,False
your_nose,1,0.0,0,1,0,1,0.0,1.0,0.0,-3.2788792394144562e-18,,,,False,False,False
yulebsunni,2,0.0,2,2,2,2,2.0,2.0,0.0007006544424017115,0.004590153822548205,2.0,0.0,0.0,False,False,False
yuucuu,1,0.0,1,1,1,1,2.0,1.0,0.0,1.648242078305953e-17,2.0,0.0,0.0,False,False,False
zappsmithbrannigan,1,0.0,1,1,1,1,1.0,1.0,0.00014118498827263415,5.299551555318953e-18,1.0,0.0,0.0,False,False,False
zazanel,1,0.0,1,1,1,1,1.0,1.0,0.0005083607218520862,0.0022416256363704474,1.0,0.0,0.0,False,False,False
zealousideal_slip121,1,0.0,0,1,0,1,0.0,1.0,0.0,3.9873961393511616e-18,,,,False,False,False
zekekrabs,1,0.0,1,1,1,1,1.0,1.0,0.0,0.1082401828427025,1.0,0.0,0.0,False,False,False
zeltarruin,5,0.2,1,1,1,1,5.0,5.0,0.0,0.000987748630490976,5.0,0.0,0.0,False,False,False
zendrix1,4,0.0,1,4,1,4,1.0,4.0,0.00043808452279110694,0.0030380229044079266,1.0,0.0,0.0,False,False,False
zerofantasia,1,0.0,1,1,1,1,1.0,1.0,2.5533774209892774e-05,-4.265505314074348e-18,1.0,0.0,0.0,False,False,False
zerogravitas365,1,0.0,0,1,0,1,0.0,1.0,0.0,3.079136322825165e-18,,,,False,False,False
zestyclose-safe-4346,1,0.0,0,1,0,1,0.0,1.0,0.0,2.5783410071583307e-18,,,,False,False,False
zgillet,1,1.0,0,1,0,1,0.0,1.0,0.0,8.828334047870006e-19,,,,False,False,False
zharken,1,0.0,0,1,0,1,0.0,1.0,0.0,2.204485383930489e-18,,,,False,False,False
zhoviz,1,0.0,0,1,0,1,0.0,1.0,0.0,-2.848146336583416e-18,,,,False,False,False
zhrimb,1,1.0,0,1,0,1,0.0,1.0,0.0,1.0772347853796386e-18,,,,False,False,False
zirulain,2,0.0,1,1,1,1,1.0,2.0,0.0,-9.193925185521411e-18,1.0,0.0,0.0,False,False,False
zizwizwee,1,0.0,2,1,2,1,2.0,1.0,0.00040897222134834993,-4.044128047515445e-18,2.0,0.0,0.0,False,False,False
zylo90_,4,0.25,1,3,1,3,1.0,4.0,0.0008475743145940527,0.006184765754605172,1.0,0.0,0.0,False,False,False
