Id,comments,toxicity_rate,in_degree,out_degree,in_uwdeg,out_uwdeg,in_wdeg,out_wdeg,betweenness,eigenvector,replies_received,toxic_replies_received,toxic_replies_rate,opinion_leader,toxic_hub,toxic_bridge
-_-nomaidens-_-,1,0.0,0,1,0,1,0.0,1.0,0.0,-6.960006530005789e-20,,,,False,False,False
-gui-,2,0.0,0,2,0,2,0.0,2.0,0.0,2.477319127600089e-19,,,,False,False,False
-mast,1,0.0,0,1,0,1,0.0,1.0,0.0,1.8839702674773137e-19,,,,False,False,False
-soggy-potato-,3,0.0,2,2,2,2,3.0,3.0,0.0001570172256768763,0.0018332266280827556,3.0,0.0,0.0,False,False,False
-titan-reign-,1,0.0,0,1,0,1,0.0,1.0,0.0,-5.602261143612968e-20,,,,False,False,False
-xenomorph-79,1,0.0,0,1,0,1,0.0,1.0,0.0,-2.393435428428361e-19,,,,False,False,False
0317zkykjhaa,1,0.0,0,1,0,1,0.0,1.0,0.0,2.321796970640971e-19,,,,False,False,False
115_zombie_slayer,1,0.0,0,1,0,1,0.0,1.0,0.0,1.082604766576229e-20,,,,False,False,False
1cysn1p3r,1,0.0,1,1,1,1,1.0,1.0,0.0003325217285276312,1.4560072277150085e-18,1.0,0.0,0.0,False,False,False
1dollardadaxe,1,0.0,0,1,0,1,0.0,1.0,0.0,2.673489321036652e-19,,,,False,False,False
28smalls,1,0.0,0,1,0,1,0.0,1.0,0.0,-3.187197843494439e-19,,,,False,False,False
2injuries4heatstroke,2,0.0,1,1,1,1,1.0,2.0,0.0,3.30447794196479e-18,1.0,0.0,0.0,False,False,False
3rdmachina,29,0.2413793103448276,6,24,6,24,10.0,29.0,0.024721286867015736,0.014302441782466601,10.0,0.0,0.0,True,False,True
3xslide,1,0.0,0,1,0,1,0.0,1.0,0.0,6.196345329012935e-19,,,,False,False,False
402playboi,6,0.1666666666666666,0,6,0,6,0.0,6.0,0.0,6.226348232138391e-19,,,,False,False,False
4thduck,2,0.0,0,2,0,2,0.0,2.0,0.0,1.6294289799433072e-19,,,,False,False,False
5255clone,2,0.0,0,2,0,2,0.0,2.0,0.0,-6.467910974997233e-19,,,,False,False,False
_afterburner0_,2,0.0,1,2,1,2,1.0,2.0,0.0014437921071888539,7.110898972129116e-06,1.0,0.0,0.0,False,False,False
_c_o_,1,0.0,0,1,0,1,0.0,1.0,0.0,-7.377847593601358e-20,,,,False,False,False
_cognitio_,2,0.0,0,2,0,2,0.0,2.0,0.0,-1.7773765497661796e-19,,,,False,False,False
_dank_souls,1,0.0,1,1,1,1,1.0,1.0,0.0,0.0858598896632048,1.0,0.0,0.0,False,False,False
_heathcliff_,1,0.0,1,1,1,1,1.0,1.0,0.0,0.0002572189733080789,1.0,0.0,0.0,False,False,False
_hoodieproxy_,1,0.0,0,1,0,1,0.0,1.0,0.0,5.756170640657198e-19,,,,False,False,False
_idekbro,1,0.0,0,1,0,1,0.0,1.0,0.0,2.889918758647682e-19,,,,False,False,False
_iome,3,0.3333333333333333,3,3,3,3,3.0,3.0,0.0008564209490037932,0.003367036444949046,3.0,0.0,0.0,True,False,False
_r0h1th_,8,0.375,4,3,4,3,6.0,8.0,0.0005173795278500414,0.003956423007003603,6.0,0.0,0.0,True,False,False
_snoot_loops_,1,0.0,0,1,0,1,0.0,1.0,0.0,8.952546312585542e-20,,,,False,False,False
a_b_b_o,2,0.0,0,2,0,2,0.0,2.0,0.0,-3.1178874613136055e-19,,,,False,False,False
a_depression69,1,0.0,0,1,0,1,0.0,1.0,0.0,1.5746965577361144e-19,,,,False,False,False
a_joan_baez_tattoo,1,0.0,3,1,3,1,3.0,1.0,4.466190662210058e-05,0.0022328917760589674,3.0,0.0,0.0,True,False,False
a_town_called_malus,1,0.0,0,1,0,1,0.0,1.0,0.0,1.3012312380198509e-19,,,,False,False,False
aaquin,1,0.0,0,1,0,1,0.0,1.0,0.0,-3.617078649407896e-19,,,,False,False,False
abrams_warthog,5,0.0,4,5,4,5,4.0,5.0,0.001357983606004673,0.08616025224257262,4.0,0.0,0.0,True,False,False
abramswatson,7,0.2857142857142857,4,5,4,5,4.0,7.0,0.0029682945934166923,0.0012088789907300783,4.0,0.0,0.0,True,True,False
absoium,1,0.0,0,1,0,1,0.0,1.0,0.0,7.657042562602822e-19,,,,False,False,False
absolute011,1,0.0,0,1,0,1,0.0,1.0,0.0,4.796410984296844e-19,,,,False,False,False
abyss_watcher_,1,0.0,1,1,1,1,1.0,1.0,0.0,0.00402596203142921,1.0,0.0,0.0,False,False,False
abyssalmidir,1,0.0,5,1,5,1,5.0,1.0,7.5688767786860415e-06,0.00011501345190505974,5.0,0.0,0.0,True,False,False
abyssazaur,4,0.0,0,4,0,4,0.0,4.0,0.0,5.284105122264537e-19,,,,False,False,False
acceptable-bid8861,1,0.0,0,1,0,1,0.0,1.0,0.0,-7.323967234857358e-20,,,,False,False,False
acceptable-tooth-105,2,0.0,13,2,13,2,13.0,2.0,0.002488647233762574,0.01763004525975222,13.0,0.0,0.0,True,False,True
acceptablelock951,5,0.4,41,3,41,3,42.0,4.0,0.009060825094483199,0.012916735311257727,42.0,0.0,0.0,True,True,True
accomplished-emu1883,1,0.0,0,1,0,1,0.0,1.0,0.0,6.283811411217407e-19,,,,False,False,False
accomplished_pea5717,4,0.0,4,4,4,4,4.0,4.0,0.0011414323456871377,0.005784794874301145,4.0,0.0,0.0,True,False,False
accomplished_pool922,3,0.0,5,2,5,2,6.0,3.0,0.0008368749899414063,0.0019389180689894123,6.0,0.0,0.0,True,False,False
accomplishedlove6169,3,0.3333333333333333,0,3,0,3,0.0,3.0,0.0,5.619290309557375e-20,,,,False,False,False
accomplishedpath5172,2,0.5,2,2,2,2,2.0,2.0,0.0001578941287112084,1.8383112675863e-05,2.0,0.0,0.0,False,False,False
accomplishedsource84,5,0.0,4,2,4,2,7.0,5.0,0.0010109165485892042,0.004261433694190172,7.0,0.0,0.0,True,False,False
achira_boy_95,1,0.0,1,1,1,1,1.0,1.0,0.0001568108955511511,0.00033302069450682705,1.0,0.0,0.0,False,False,False
acquaintence64,1,0.0,0,1,0,1,0.0,1.0,0.0,3.374331979517697e-19,,,,False,False,False
acrobatic-macaron-81,1,0.0,0,1,0,1,0.0,1.0,0.0,2.5433058158911226e-19,,,,False,False,False
acrobatic-stock-1721,2,0.5,0,2,0,2,0.0,2.0,0.0,-3.3684280561369276e-19,,,,False,False,False
activekindnessliving,1,0.0,0,1,0,1,0.0,1.0,0.0,1.244815630891882e-19,,,,False,False,False
adamjeff,3,0.3333333333333333,2,3,2,3,2.0,3.0,0.0005585991269485728,0.00044259922911339634,2.0,0.0,0.0,False,False,False
additional-egg-5018,1,0.0,0,1,0,1,0.0,1.0,0.0,-1.1939010799632144e-19,,,,False,False,False
adinternational5277,12,0.0833333333333333,10,10,10,10,13.0,12.0,0.006740477656271905,0.006111575813394123,13.0,0.0,0.0,True,False,True
adoninator,2,0.0,0,2,0,2,0.0,2.0,0.0,-7.379828227677381e-19,,,,False,False,False
adventurous-abies154,1,0.0,0,1,0,1,0.0,1.0,0.0,-3.7426214899252333e-19,,,,False,False,False
adventurous-score157,1,0.0,1,1,1,1,1.0,1.0,2.063301257251988e-07,6.637384749125876e-21,1.0,0.0,0.0,False,False,False
adware12345,1,0.0,0,1,0,1,0.0,1.0,0.0,4.3314918723678315e-19,,,,False,False,False
aeonjuscomall,1,0.0,0,1,0,1,0.0,1.0,0.0,4.102823963430943e-19,,,,False,False,False
aerodynamicbeats,2,0.0,3,2,3,2,3.0,2.0,0.0002197777932999229,0.007086648769582699,3.0,0.0,0.0,True,False,False
aesircomplex,1,0.0,0,1,0,1,0.0,1.0,0.0,2.6192790075755776e-19,,,,False,False,False
aflyingsqueegee,1,0.0,0,1,0,1,0.0,1.0,0.0,5.223507268246867e-19,,,,False,False,False
afro_cal,4,0.5,8,3,8,3,8.0,4.0,0.002765521604555636,0.002226177926438227,8.0,0.0,0.0,True,False,True
afterglow882,3,0.0,4,3,4,3,5.0,3.0,0.0017005503182450238,0.007362285317140905,5.0,0.0,0.0,True,False,True
ag_9029,1,0.0,0,1,0,1,0.0,1.0,0.0,5.772073795941199e-19,,,,False,False,False
agarwaen323,3,0.0,1,3,1,3,1.0,3.0,0.001168089952417609,0.0022276825860930477,1.0,0.0,0.0,False,False,False
aggravating-dot132,1,0.0,1,1,1,1,1.0,1.0,0.0,0.005678475621427681,1.0,0.0,0.0,False,False,False
aggressive_ad7524,1,1.0,1,1,1,1,1.0,1.0,0.0,0.004860210714251495,1.0,0.0,0.0,False,False,False
aggressive_row_9677,1,1.0,0,1,0,1,0.0,1.0,0.0,4.092163107636497e-19,,,,False,False,False
aggressivefeckless,1,0.0,1,1,1,1,1.0,1.0,0.0,0.08585988966320482,1.0,0.0,0.0,False,False,False
agile_resource94,1,0.0,0,1,0,1,0.0,1.0,0.0,2.3397409138747195e-19,,,,False,False,False
agilerefuse7986,1,1.0,1,1,1,1,1.0,1.0,0.0,3.7993277637476654e-19,1.0,0.0,0.0,False,False,False
agitated-ticket8812,9,0.3333333333333333,13,6,13,6,18.0,9.0,0.011849828440279231,0.016768432142183248,18.0,0.0,0.0,True,True,True
agitated_dependent54,3,0.0,1,1,1,1,2.0,3.0,0.0,0.004860210714251492,2.0,0.0,0.0,False,False,False
aguzy,1,0.0,1,1,1,1,1.0,1.0,0.0004022813250907491,0.00034334064985824873,1.0,0.0,0.0,False,False,False
ahorrlbletime,1,0.0,0,1,0,1,0.0,1.0,0.0,6.362434860492466e-20,,,,False,False,False
airmanprobie,2,0.0,0,2,0,2,0.0,2.0,0.0,4.0618182177628917e-19,,,,False,False,False
alarming-damage2192,1,0.0,1,1,1,1,1.0,1.0,0.0,0.0019075064876117643,1.0,0.0,0.0,False,False,False
alarming_version_865,1,0.0,0,1,0,1,0.0,1.0,0.0,6.792174244441077e-19,,,,False,False,False
alba7or,1,0.0,0,1,0,1,0.0,1.0,0.0,2.3986522587040346e-19,,,,False,False,False
albibas,3,0.0,1,3,1,3,1.0,3.0,0.00015320568404432675,0.0006533579028844349,1.0,0.0,0.0,False,False,False
albireo_9989,1,0.0,0,1,0,1,0.0,1.0,0.0,6.827299474434249e-19,,,,False,False,False
alejandr0t,1,0.0,1,1,1,1,1.0,1.0,0.0,2.7219120558740398e-05,1.0,0.0,0.0,False,False,False
alela_7789,5,0.2,1,5,1,5,1.0,5.0,0.0031430895818963063,0.0005942215846685507,1.0,0.0,0.0,False,False,False
alert-principle-2726,8,0.125,2,8,2,8,2.0,8.0,0.005332275555854078,0.0026974913038416213,2.0,0.0,0.0,False,False,False
alert-rain-9103,1,0.0,1,1,1,1,1.0,1.0,2.063301257251988e-07,1.209604247349429e-18,1.0,0.0,0.0,False,False,False
alexshin1,2,0.0,0,2,0,2,0.0,2.0,0.0,-4.997370975834915e-19,,,,False,False,False
alexvictor97,1,0.0,0,1,0,1,0.0,1.0,0.0,-5.782773281656931e-20,,,,False,False,False
alexw1495,3,0.6666666666666666,4,3,4,3,4.0,3.0,0.004955141831878489,0.010276113189269043,4.0,0.0,0.0,True,False,False
alexzas,1,0.0,0,1,0,1,0.0,1.0,0.0,-6.118355471161364e-19,,,,False,False,False
alita87,3,0.0,1,1,1,1,3.0,3.0,0.0,0.08585988966320482,3.0,0.0,0.0,False,False,False
allahuakbar10101,1,0.0,1,1,1,1,1.0,1.0,0.00015908052693412828,1.578481091573977e-18,1.0,0.0,0.0,False,False,False
almondahmannalex,1,0.0,0,1,0,1,0.0,1.0,0.0,-2.8925001312103424e-19,,,,False,False,False
alraky,1,0.0,0,1,0,1,0.0,1.0,0.0,-3.5369079078073e-20,,,,False,False,False
alternative_life1,1,0.0,1,1,1,1,1.0,1.0,0.0,0.00012123734617247429,1.0,0.0,0.0,False,False,False
altruistic-duty3997,1,1.0,0,1,0,1,0.0,1.0,0.0,8.59518193807948e-20,,,,False,False,False
altruistic-tip-4304,2,0.0,0,2,0,2,0.0,2.0,0.0,-3.329016595893095e-20,,,,False,False,False
aluminumgoliath,3,0.3333333333333333,1,1,1,1,3.0,3.0,0.0,0.0002695308153109788,3.0,0.0,0.0,False,False,False
americanwitness,1,0.0,0,1,0,1,0.0,1.0,0.0,-2.5998053899627843e-19,,,,False,False,False
amirali_p_,1,0.0,1,1,1,1,1.0,1.0,0.0,0.0005916208693882883,1.0,0.0,0.0,False,False,False
ammie_ferreria,2,0.0,0,2,0,2,0.0,2.0,0.0,1.094974166044608e-19,,,,False,False,False
amopro,3,0.0,1,3,1,3,1.0,3.0,0.00037646994739819775,1.9907036248454096e-05,1.0,0.0,0.0,False,False,False
amouraxnostagia78,1,0.0,0,1,0,1,0.0,1.0,0.0,-5.026624737991109e-19,,,,False,False,False
anaishagamestudio,1,1.0,0,1,0,1,0.0,1.0,0.0,6.048920286838033e-19,,,,False,False,False
anchors26,1,0.0,0,1,0,1,0.0,1.0,0.0,1.8889811127068398e-19,,,,False,False,False
anderson135267890104,1,0.0,0,1,0,1,0.0,1.0,0.0,8.502339651085447e-19,,,,False,False,False
andiox,1,0.0,0,1,0,1,0.0,1.0,0.0,2.4875424556871043e-19,,,,False,False,False
andrealombax,2,0.0,0,2,0,2,0.0,2.0,0.0,6.153406588573583e-19,,,,False,False,False
andrease03,2,0.0,10,2,10,2,10.0,2.0,0.00236290862669,0.00392295685321036,10.0,0.0,0.0,True,False,True
androjen31,1,0.0,0,1,0,1,0.0,1.0,0.0,-1.720652417419309e-19,,,,False,False,False
andumssssssssss,1,0.0,0,1,0,1,0.0,1.0,0.0,-2.233861875850677e-19,,,,False,False,False
andymuzik,1,0.0,2,1,2,1,2.0,1.0,2.063301257251988e-07,1.1900350201305457e-18,2.0,0.0,0.0,False,False,False
anexistinglad,1,0.0,0,1,0,1,0.0,1.0,0.0,2.0210806300725507e-19,,,,False,False,False
angel_dusts20,1,0.0,0,1,0,1,0.0,1.0,0.0,-1.360046735093498e-19,,,,False,False,False
angsty_apocolypse,1,0.0,2,1,2,1,2.0,1.0,0.0001568108955511511,9.491749274249442e-05,2.0,0.0,0.0,False,False,False
angusdwilliams,1,0.0,0,1,0,1,0.0,1.0,0.0,-1.7205905915206256e-19,,,,False,False,False
animatedluminescence,1,0.0,0,1,0,1,0.0,1.0,0.0,6.050196321591864e-20,,,,False,False,False
annoying_person42069,1,0.0,0,1,0,1,0.0,1.0,0.0,3.1828518860851427e-19,,,,False,False,False
anntss,1,0.0,0,1,0,1,0.0,1.0,0.0,-1.1553495886214834e-19,,,,False,False,False
annual_principle_832,1,0.0,1,1,1,1,1.0,1.0,0.0,0.004391516460797014,1.0,0.0,0.0,False,False,False
anome97,9,0.1111111111111111,48,9,48,9,49.0,9.0,0.022781372379354008,0.019409767411003826,49.0,0.0,0.0,True,False,True
anonnnnn462,6,0.1666666666666666,6,6,6,6,6.0,6.0,0.005906936882683924,0.018482965709227018,6.0,0.0,0.0,True,False,True
anonssr,1,0.0,1,1,1,1,1.0,1.0,2.063301257251988e-07,-1.3889212076047002e-18,1.0,0.0,0.0,False,False,False
anonymousestory,1,0.0,0,1,0,1,0.0,1.0,0.0,-5.569808254668714e-19,,,,False,False,False
another_saint,1,0.0,0,1,0,1,0.0,1.0,0.0,-3.8182628807081676e-19,,,,False,False,False
anti-fanny,6,0.3333333333333333,3,4,3,4,3.0,5.0,0.0020151833675140333,0.0013332123740114998,3.0,0.0,0.0,True,True,False
anti_social-media,1,0.0,1,1,1,1,1.0,1.0,0.0,1.1392890587373754e-18,1.0,0.0,0.0,False,False,False
antiqueboysenberry22,1,0.0,0,1,0,1,0.0,1.0,0.0,2.0089635587037266e-19,,,,False,False,False
antsinmyeyesjohnson8,1,0.0,0,1,0,1,0.0,1.0,0.0,3.0278859836020725e-19,,,,False,False,False
any_secret4784,1,0.0,3,1,3,1,4.0,1.0,0.0004710516770306289,0.00402596203142922,4.0,0.0,0.0,True,False,False
anywheregeneral7764,1,0.0,1,1,1,1,1.0,1.0,0.0001572235558026015,1.0181109184511971e-18,1.0,0.0,0.0,False,False,False
apocalypse_0415,2,0.0,1,2,1,2,1.0,2.0,3.448741433364472e-05,0.003367036444949026,1.0,0.0,0.0,False,False,False
app1elele,1,0.0,3,1,3,1,3.0,1.0,1.2379807543511927e-06,-1.496210634380106e-18,3.0,0.0,0.0,True,False,False
apprehensivecloud202,1,0.0,0,1,0,1,0.0,1.0,0.0,-2.847983242080593e-19,,,,False,False,False
appropriate_hat_6844,5,0.0,2,4,2,4,2.0,5.0,0.002334320905960797,0.0076487049453488895,2.0,0.0,0.0,False,False,False
archer2902,1,1.0,0,1,0,1,0.0,1.0,0.0,2.4038134209616645e-19,,,,False,False,False
archive_keeper37,1,0.0,0,1,0,1,0.0,1.0,0.0,-1.3672600308559674e-19,,,,False,False,False
arionei,1,0.0,0,1,0,1,0.0,1.0,0.0,3.921140497908507e-19,,,,False,False,False
arkansas-orthodox,2,0.0,1,1,1,1,1.0,2.0,0.0,0.00025721897330807766,1.0,0.0,0.0,False,False,False
arosonom,2,0.0,1,2,1,2,1.0,2.0,0.00036623597316222785,0.08585988966320482,1.0,0.0,0.0,False,False,False
arrathem,1,0.0,1,1,1,1,1.0,1.0,0.0001572235558026015,7.518447998392468e-21,1.0,0.0,0.0,False,False,False
arrivederci_gorlami,1,0.0,0,1,0,1,0.0,1.0,0.0,5.241878433724009e-19,,,,False,False,False
artofizanagi,2,0.0,14,2,14,2,15.0,2.0,0.0021114290628116983,0.006009917171146342,15.0,0.0,0.0,True,False,True
artorias_erebus679,1,0.0,1,1,1,1,1.0,1.0,0.0,0.001820435769026746,1.0,0.0,0.0,False,False,False
artoriasabyssking,1,0.0,0,1,0,1,0.0,1.0,0.0,4.571378145129362e-19,,,,False,False,False
asetrisk,1,0.0,0,1,0,1,0.0,1.0,0.0,3.590201353812661e-19,,,,False,False,False
ashamed-victory-4245,6,0.0,6,5,6,5,11.0,6.0,0.001853449533287978,0.0011922808177546934,11.0,0.0,0.0,True,False,True
ashamed-web-3495,9,0.0,5,7,5,7,7.0,9.0,0.0025548340188110566,0.04987007807969301,7.0,0.0,0.0,True,False,True
ashenknightreborn,2,0.5,0,2,0,2,0.0,2.0,0.0,7.493309974271866e-19,,,,False,False,False
ashimaru-q,1,1.0,0,1,0,1,0.0,1.0,0.0,2.2688141861826177e-19,,,,False,False,False
ashura_eidolon,1,1.0,1,1,1,1,1.0,1.0,0.0,-3.206194618378508e-20,1.0,0.0,0.0,False,False,False
ashylarry25,7,0.0,0,4,0,4,0.0,7.0,0.0,-2.6529581051354e-19,,,,False,False,False
asleep-ad7059,1,0.0,0,1,0,1,0.0,1.0,0.0,4.011203837456785e-19,,,,False,False,False
aspiringadonis,2,0.0,1,1,1,1,2.0,2.0,0.0,0.0069090767443200155,2.0,0.0,0.0,False,False,False
assignmentvisual5594,2,0.0,0,2,0,2,0.0,2.0,0.0,-3.2928296623385846e-19,,,,False,False,False
assistanthot265,1,0.0,1,1,1,1,1.0,1.0,0.0,0.08585988966320483,1.0,0.0,0.0,False,False,False
astewisk,1,0.0,0,1,0,1,0.0,1.0,0.0,-4.175448167607297e-19,,,,False,False,False
atomicgearworks1,7,0.0,7,7,7,7,8.0,7.0,0.0070951818492838185,0.003145370879235359,8.0,0.0,0.0,True,False,True
attackinggin,1,0.0,0,1,0,1,0.0,1.0,0.0,1.986128033932261e-20,,,,False,False,False
attractedtoghosts,1,0.0,0,1,0,1,0.0,1.0,0.0,1.6785082953882117e-19,,,,False,False,False
auntarie,1,0.0,0,1,0,1,0.0,1.0,0.0,-7.676532023383982e-20,,,,False,False,False
aurafrost,1,0.0,0,1,0,1,0.0,1.0,0.0,-5.082191469902299e-20,,,,False,False,False
authoruk,1,0.0,1,1,1,1,2.0,1.0,0.0,0.00026953081531097756,2.0,0.0,0.0,False,False,False
autistic_giraffe2022,2,0.5,5,2,5,2,5.0,2.0,0.005189056187527964,0.009010974901579578,5.0,0.0,0.0,True,False,True
automoderator,13,0.0,0,13,0,13,0.0,13.0,0.0,4.2588997156691706e-19,,,,False,False,False
avalondarkttar,3,0.3333333333333333,2,3,2,3,2.0,3.0,0.0011082741076254383,0.0035814733564590185,2.0,0.0,0.0,False,False,False
averagehoarder,2,0.0,6,2,6,2,7.0,2.0,0.00036860876960806763,3.665925623402839e-05,7.0,0.0,0.0,True,False,False
averagejun,19,0.0,29,16,29,16,32.0,19.0,0.03264995624395574,0.10863973974155144,32.0,0.0,0.0,True,False,True
aware-news-1344,1,0.0,1,1,1,1,1.0,1.0,0.00015722355580260146,1.0312049809918388e-18,1.0,0.0,0.0,False,False,False
awesomeness0104,1,0.0,0,1,0,1,0.0,1.0,0.0,5.355257589401102e-19,,,,False,False,False
awolfx9,2,0.0,0,2,0,2,0.0,2.0,0.0,3.2406845413728104e-20,,,,False,False,False
axle69,2,0.5,1,1,1,1,1.0,2.0,0.0,0.00567847562142768,1.0,0.0,0.0,False,False,False
aydashtee,5,0.2,3,4,3,4,3.0,5.0,0.003474688556137564,0.00036835137342065377,3.0,0.0,0.0,True,False,False
aye_okami,2,0.0,0,2,0,2,0.0,2.0,0.0,5.256664493496967e-19,,,,False,False,False
aymj,2,0.0,1,2,1,2,1.0,2.0,0.0002905324675092442,8.411159170462574e-19,1.0,0.0,0.0,False,False,False
ayoissathroway,1,0.0,0,1,0,1,0.0,1.0,0.0,5.811959548946201e-19,,,,False,False,False
ayoubkun94,1,0.0,0,1,0,1,0.0,1.0,0.0,1.9684577522891117e-19,,,,False,False,False
ayy223,1,0.0,0,1,0,1,0.0,1.0,0.0,-3.1692141908425326e-19,,,,False,False,False
azatras,2,0.0,7,2,7,2,7.0,2.0,0.0030870569570580885,0.03547038035734533,7.0,0.0,0.0,True,False,True
azdata_security,1,0.0,0,1,0,1,0.0,1.0,0.0,1.6872619482335905e-19,,,,False,False,False
azrioael,1,0.0,0,1,0,1,0.0,1.0,0.0,-5.650927396359123e-19,,,,False,False,False
azzavhar,1,0.0,0,1,0,1,0.0,1.0,0.0,5.69081929413272e-19,,,,False,False,False
b-kong,1,0.0,0,1,0,1,0.0,1.0,0.0,8.59544232732019e-20,,,,False,False,False
b00b_saib0t,2,0.0,0,2,0,2,0.0,2.0,0.0,1.7850734022317563e-19,,,,False,False,False
b_e_e_p_b_o_o_p,1,0.0,0,1,0,1,0.0,1.0,0.0,7.30215308256251e-20,,,,False,False,False
bachoonk,1,0.0,0,1,0,1,0.0,1.0,0.0,4.717158323223912e-19,,,,False,False,False
baconbacksunday,1,1.0,0,1,0,1,0.0,1.0,0.0,-4.81551652665175e-19,,,,False,False,False
balanceshanging,9,0.2222222222222222,6,8,6,8,9.0,9.0,0.002472641259907998,0.018006624614227563,9.0,0.0,0.0,True,False,True
baldsweatywraith,2,0.5,7,2,7,2,7.0,2.0,0.0010779876533189721,0.0013774077386035821,7.0,0.0,0.0,True,False,False
ballingalot,1,0.0,1,1,1,1,1.0,1.0,0.0,-9.650698080953054e-19,1.0,0.0,0.0,False,False,False
balor51,2,0.0,1,2,1,2,1.0,2.0,0.0001572235558026015,9.26734310324407e-19,1.0,0.0,0.0,False,False,False
balsco,1,0.0,0,1,0,1,0.0,1.0,0.0,-4.959591912921237e-19,,,,False,False,False
ban_the_undead1,2,0.5,1,2,1,2,1.0,2.0,5.305484425701029e-05,0.00690907674432001,1.0,0.0,0.0,False,False,False
bananamelonjuice,1,0.0,0,1,0,1,0.0,1.0,0.0,-3.7979342275031484e-19,,,,False,False,False
banxy85,4,0.0,2,3,2,3,4.0,4.0,0.00018070437505690349,-1.3167542593884168e-18,4.0,0.0,0.0,False,False,False
baron_von_d,2,0.0,2,2,2,2,2.0,2.0,0.0016907408994620175,0.005014078605386548,2.0,0.0,0.0,False,False,False
baronblue012,1,0.0,0,1,0,1,0.0,1.0,0.0,-3.449492042745886e-19,,,,False,False,False
baronloyd,6,0.0,19,4,19,4,20.0,6.0,0.008674443662886753,0.029102833680547627,20.0,0.0,0.0,True,False,True
bas_thc,1,0.0,0,1,0,1,0.0,1.0,0.0,-1.3406195822791404e-19,,,,False,False,False
bassguru82,2,0.0,11,2,11,2,11.0,2.0,0.0019154627745966585,0.0004318179896455896,11.0,0.0,0.0,True,False,True
bassistheplace246,1,0.0,0,1,0,1,0.0,1.0,0.0,-2.4560637140379025e-19,,,,False,False,False
batsmen222,1,0.0,1,1,1,1,1.0,1.0,0.000372424105412702,0.0018204357690267512,1.0,0.0,0.0,False,False,False
bayl0z,3,0.6666666666666666,1,2,1,2,2.0,3.0,0.0,8.1079795905282e-05,2.0,0.0,0.0,False,False,False
bearchr01,1,0.0,0,1,0,1,0.0,1.0,0.0,-3.2258220615119843e-19,,,,False,False,False
beautiful_film2563,2,0.5,0,2,0,2,0.0,2.0,0.0,-7.102860934506367e-19,,,,False,False,False
beeboycubed,1,0.0,0,1,0,1,0.0,1.0,0.0,-5.100143831077677e-19,,,,False,False,False
beerbearbomb,1,0.0,0,1,0,1,0.0,1.0,0.0,6.723978493956335e-20,,,,False,False,False
beginnernaught,1,0.0,0,1,0,1,0.0,1.0,0.0,-6.189516032559621e-20,,,,False,False,False
beginning-analyst393,6,0.0,2,5,2,5,4.0,6.0,0.007558437025398168,0.002250977709285548,4.0,0.0,0.0,False,False,False
begun101,1,0.0,0,1,0,1,0.0,1.0,0.0,-7.353529002570269e-19,,,,False,False,False
bella-wthhybl,1,0.0,0,1,0,1,0.0,1.0,0.0,-3.262783822916827e-19,,,,False,False,False
bellefrog,2,0.0,1,1,1,1,1.0,2.0,0.0,0.0056784756214276755,1.0,0.0,0.0,False,False,False
bellmonk,1,0.0,0,1,0,1,0.0,1.0,0.0,-3.9075072614919347e-19,,,,False,False,False
beneficial-tank-7396,1,0.0,0,1,0,1,0.0,1.0,0.0,2.6633629928868866e-19,,,,False,False,False
benjvida,1,0.0,0,1,0,1,0.0,1.0,0.0,2.872755077909323e-19,,,,False,False,False
beobe714,1,0.0,0,1,0,1,0.0,1.0,0.0,-9.740172586436404e-20,,,,False,False,False
beptobismolbutbetter,2,1.0,0,2,0,2,0.0,2.0,0.0,5.037977467103911e-19,,,,False,False,False
beranir,2,0.0,5,1,5,1,6.0,2.0,0.00031792434736291065,0.0010294322050213036,6.0,0.0,0.0,True,False,False
bertgil423,1,1.0,2,1,2,1,2.0,1.0,5.306153212201614e-05,0.004025962031429214,2.0,0.0,0.0,False,False,False
best-consequence-68,1,0.0,0,1,0,1,0.0,1.0,0.0,-7.334868938128369e-21,,,,False,False,False
better-object6578,1,1.0,0,1,0,1,0.0,1.0,0.0,-9.84294880715567e-20,,,,False,False,False
bewarethebeam,1,0.0,0,1,0,1,0.0,1.0,0.0,5.575683494986321e-19,,,,False,False,False
beyney,1,0.0,0,1,0,1,0.0,1.0,0.0,-3.0639979296550896e-19,,,,False,False,False
beyondbaste,1,1.0,0,1,0,1,0.0,1.0,0.0,3.675394753931071e-19,,,,False,False,False
biaesplosa666,1,0.0,0,1,0,1,0.0,1.0,0.0,1.7012088993425602e-20,,,,False,False,False
big-examination8554,3,0.0,2,3,2,3,3.0,3.0,0.0007559953559000931,0.00015640168790857832,3.0,0.0,0.0,False,False,False
big_foundation_362,1,0.0,0,1,0,1,0.0,1.0,0.0,1.1540269042961136e-20,,,,False,False,False
bigaids1400,16,0.1875,14,11,14,11,18.0,16.0,0.0051258033067722855,0.037554469222176784,18.0,0.0,0.0,True,False,True
bigballsnosack,2,0.0,0,2,0,2,0.0,2.0,0.0,-3.836867358476899e-19,,,,False,False,False
bigboi_meatbag,2,0.0,5,2,5,2,6.0,2.0,0.000496556524284818,0.0008091532607440617,6.0,0.0,0.0,True,False,False
bigdaeh,1,0.0,0,1,0,1,0.0,1.0,0.0,4.629425841235289e-19,,,,False,False,False
bigrayiii420,1,0.0,0,1,0,1,0.0,1.0,0.0,2.3403174897067376e-19,,,,False,False,False
biker_overheaven,1,0.0,0,1,0,1,0.0,1.0,0.0,-1.0430435066868896e-19,,,,False,False,False
bill_brasky01,1,0.0,0,1,0,1,0.0,1.0,0.0,1.2235270844955438e-19,,,,False,False,False
biotankboy,1,0.0,0,1,0,1,0.0,1.0,0.0,1.2104090658495924e-19,,,,False,False,False
birdiedahoonter,1,0.0,1,1,1,1,1.0,1.0,0.0,0.006909076744320012,1.0,0.0,0.0,False,False,False
bismopepto,1,0.0,0,1,0,1,0.0,1.0,0.0,5.1446524618496e-19,,,,False,False,False
bitemiie,1,0.0,0,1,0,1,0.0,1.0,0.0,2.466771074935582e-19,,,,False,False,False
bitter_degree,1,0.0,0,1,0,1,0.0,1.0,0.0,3.369585804433124e-19,,,,False,False,False
bjd533,1,0.0,0,1,0,1,0.0,1.0,0.0,-2.93308312136972e-19,,,,False,False,False
bjholmes3,1,1.0,0,1,0,1,0.0,1.0,0.0,-1.892880162997116e-19,,,,False,False,False
bkf0308,3,0.0,2,2,2,2,3.0,3.0,0.0018840368951539624,3.666287041435814e-05,3.0,0.0,0.0,False,False,False
blackbatsmom,6,0.0,3,6,3,6,3.0,6.0,0.0007190983153420352,0.0033000062692098067,3.0,0.0,0.0,True,False,False
blackblade-nex,2,0.0,0,2,0,2,0.0,2.0,0.0,-5.774133383896089e-19,,,,False,False,False
blackhawkrogueninjax,2,0.0,1,2,1,2,2.0,2.0,5.374890372161605e-05,0.003096760052880823,2.0,0.0,0.0,False,False,False
blacklion9065,2,0.0,1,1,1,1,2.0,2.0,0.0,0.006909076744320009,2.0,0.0,0.0,False,False,False
blacksteel_3880,2,0.0,1,2,1,2,1.0,2.0,2.063301257251988e-07,-1.4943447787012618e-19,1.0,0.0,0.0,False,False,False
blackvelvetbliss,1,0.0,0,1,0,1,0.0,1.0,0.0,8.23760510466552e-20,,,,False,False,False
blahaj_kell_of_trans,1,0.0,1,1,1,1,1.0,1.0,2.063301257251988e-07,5.787602645504673e-20,1.0,0.0,0.0,False,False,False
blakesoner,1,0.0,2,1,2,1,2.0,1.0,2.4759615087023854e-06,6.652110842962466e-09,2.0,0.0,0.0,False,False,False
blankcrusader1,3,0.0,5,2,5,2,5.0,3.0,0.0023260979755583156,0.004103876519041981,5.0,0.0,0.0,True,False,True
blazeofgloreee,1,0.0,0,1,0,1,0.0,1.0,0.0,-1.6091233534750706e-19,,,,False,False,False
blighttowncitizen,2,0.0,1,1,1,1,2.0,2.0,0.0,0.008709097879795472,2.0,0.0,0.0,False,False,False
blxcktxe,1,1.0,1,1,1,1,1.0,1.0,0.0,0.008709097879795477,1.0,0.0,0.0,False,False,False
bobarctor44,1,0.0,1,1,1,1,1.0,1.0,0.0,0.0009537319363782222,1.0,0.0,0.0,False,False,False
bobblee20,1,0.0,1,1,1,1,2.0,1.0,0.0,-4.190994551187881e-19,2.0,0.0,0.0,False,False,False
bobbyc8754,1,0.0,1,1,1,1,1.0,1.0,0.00015722355580260146,1.0890489842243869e-18,1.0,0.0,0.0,False,False,False
bobsparksbsforshort,1,1.0,0,1,0,1,0.0,1.0,0.0,-1.3557965924154083e-19,,,,False,False,False
bojackludwig,3,0.0,0,3,0,3,0.0,3.0,0.0,-4.164877948846978e-19,,,,False,False,False
bollowminz,1,0.0,1,0,1,0,1.0,0.0,0.0,-6.927501746280883e-19,1.0,0.0,0.0,False,False,False
bolski66,1,0.0,0,1,0,1,0.0,1.0,0.0,-2.690555685936865e-19,,,,False,False,False
boltron_blu,1,0.0,0,1,0,1,0.0,1.0,0.0,-5.097975263283586e-19,,,,False,False,False
bom360,1,0.0,0,1,0,1,0.0,1.0,0.0,1.3146179437159908e-19,,,,False,False,False
bonezoneaustin,1,0.0,0,0,0,0,0.0,0.0,0.0,-4.582907798330954e-19,,,,False,False,False
boobatitty,2,0.0,1,1,1,1,1.0,2.0,0.0,4.666043905608841e-06,1.0,0.0,0.0,False,False,False
bork9128,2,1.0,1,1,1,1,1.0,2.0,0.0,0.0014384584072468375,1.0,0.0,0.0,False,False,False
bosskiller2112,1,0.0,1,1,1,1,1.0,1.0,0.0,0.08585988966320483,1.0,0.0,0.0,False,False,False
bossuter,2,0.0,0,2,0,2,0.0,2.0,0.0,-1.4065376697230094e-19,,,,False,False,False
bostonrob423,1,0.0,1,1,1,1,1.0,1.0,0.0,-3.6567210795388694e-19,1.0,0.0,0.0,False,False,False
both-juggernaut9230,2,0.0,0,2,0,2,0.0,2.0,0.0,-5.524483255761204e-19,,,,False,False,False
both-prize-2986,3,0.6666666666666666,1,2,1,2,1.0,3.0,3.885884034491243e-06,0.0003242807373323274,1.0,0.0,0.0,False,False,False
bottledouble8544,1,1.0,0,1,0,1,0.0,1.0,0.0,3.857167107820742e-19,,,,False,False,False
boty_boi2370,1,0.0,0,1,0,1,0.0,1.0,0.0,-1.934495657678041e-19,,,,False,False,False
bowserthebomb,1,0.0,1,1,1,1,1.0,1.0,0.0,0.006909076744320013,1.0,0.0,0.0,False,False,False
bowshatter,1,0.0,0,1,0,1,0.0,1.0,0.0,-3.169794948512495e-19,,,,False,False,False
boxman21-,2,0.0,0,2,0,2,0.0,2.0,0.0,-4.590974069504124e-19,,,,False,False,False
brandonmont182,2,0.0,0,1,0,1,0.0,1.0,0.0,-7.883926687389182e-19,,,,False,False,False
breakfastburglar,4,0.0,2,4,2,4,2.0,4.0,0.0003469805319534263,0.004860210714251497,2.0,0.0,0.0,False,False,False
brez800,2,0.0,2,2,2,2,3.0,2.0,0.0006821617840017948,0.0007778903340449515,3.0,0.0,0.0,False,False,False
brianrampage,1,0.0,2,1,2,1,2.0,1.0,0.00013274393784181877,3.55510547243172e-19,2.0,0.0,0.0,False,False,False
brief-ad5774,5,0.0,3,4,3,4,4.0,5.0,0.0005226079323332832,9.168062462562725e-05,4.0,0.0,0.0,True,False,False
brief_bug_,4,0.25,12,3,12,3,14.0,4.0,0.0029649565434586916,0.004373889592563329,14.0,0.0,0.0,True,False,True
brilove945,5,0.0,3,3,3,3,5.0,5.0,0.0030425443949639035,0.006223589639871417,5.0,0.0,0.0,True,False,True
brimfromhyattcourt2,4,0.25,1,4,1,4,1.0,4.0,0.0010734644111286137,1.825417124243674e-05,1.0,0.0,0.0,False,False,False
bro-im-done,1,0.0,0,1,0,1,0.0,1.0,0.0,1.128557462378234e-19,,,,False,False,False
brodeyquest,5,0.4,1,4,1,4,1.0,5.0,0.0004946991460583874,0.0009537319363782226,1.0,0.0,0.0,False,False,False
brokenlandmine,1,0.0,0,1,0,1,0.0,1.0,0.0,6.862248965149261e-20,,,,False,False,False
bromknight,1,0.0,0,1,0,1,0.0,1.0,0.0,2.924994767049446e-19,,,,False,False,False
broserk42,23,0.0434782608695652,14,16,14,16,20.0,23.0,0.012380159822454847,0.14682995973199084,20.0,0.0,0.0,True,False,True
brushedtundra36,3,0.0,0,3,0,3,0.0,3.0,0.0,-4.336066391407373e-19,,,,False,False,False
bttm_in_training,19,0.2105263157894736,15,12,15,12,24.0,19.0,0.013563451546299433,0.0021175967096202257,24.0,0.0,0.0,True,False,True
bud_bones,2,0.0,0,2,0,2,0.0,2.0,0.0,2.2466984660875704e-19,,,,False,False,False
budzergo,1,0.0,0,1,0,1,0.0,1.0,0.0,3.428850360099498e-19,,,,False,False,False
bunny117,3,0.3333333333333333,2,3,2,3,2.0,3.0,0.0010775676031601427,0.019228428747374526,2.0,0.0,0.0,False,False,False
bunny_hops11,1,0.0,0,1,0,1,0.0,1.0,0.0,-3.4468883127659347e-19,,,,False,False,False
burdened_by_btech212,2,0.0,1,1,1,1,1.0,2.0,0.0,0.006909076744320009,1.0,0.0,0.0,False,False,False
business-armadillo35,1,1.0,0,1,0,1,0.0,1.0,0.0,2.992167124425479e-20,,,,False,False,False
butterfly-cluster,2,0.5,0,2,0,2,0.0,2.0,0.0,4.0095339119152344e-19,,,,False,False,False
butterflyno521,1,0.0,0,1,0,1,0.0,1.0,0.0,-3.001953180898826e-19,,,,False,False,False
butters1013,2,1.0,0,2,0,2,0.0,2.0,0.0,-5.975336598331557e-19,,,,False,False,False
buttoneyes98,1,0.0,0,1,0,1,0.0,1.0,0.0,9.793785557305991e-20,,,,False,False,False
buttspencer2137,4,0.0,1,3,1,3,1.0,4.0,1.1919986120467199e-05,5.750133434725279e-06,1.0,0.0,0.0,False,False,False
buzzard41,1,1.0,0,1,0,1,0.0,1.0,0.0,4.471329301014814e-19,,,,False,False,False
bvrdy,1,0.0,0,1,0,1,0.0,1.0,0.0,-5.896890581492152e-19,,,,False,False,False
c0smic_lizard,3,0.0,1,3,1,3,2.0,3.0,0.0010887336592026186,0.0011026220827778186,2.0,0.0,0.0,False,False,False
ca_waves,12,0.0833333333333333,7,9,7,9,9.0,12.0,0.008150369564086102,0.024687839361839537,9.0,0.0,0.0,True,False,True
cadaclysm,1,0.0,0,1,0,1,0.0,1.0,0.0,-5.144695057764636e-19,,,,False,False,False
caiomrobeiro,1,0.0,0,1,0,1,0.0,1.0,0.0,-5.33135696181988e-19,,,,False,False,False
calamit4s,1,0.0,0,1,0,1,0.0,1.0,0.0,1.3487522694718192e-19,,,,False,False,False
calazor0,7,0.1428571428571428,7,6,7,6,7.0,6.0,0.0044265956059520535,0.006086271744905174,7.0,0.0,0.0,True,False,True
calm-service2585,1,1.0,0,1,0,1,0.0,1.0,0.0,-6.730865173270237e-19,,,,False,False,False
cameronkc09,1,0.0,1,1,1,1,1.0,1.0,0.00010201147735784795,0.0023598296507518807,1.0,0.0,0.0,False,False,False
candid_ladder_2147,1,0.0,0,1,0,1,0.0,1.0,0.0,-4.3622697396142756e-20,,,,False,False,False
capital-value8479,5,0.0,3,5,3,5,4.0,5.0,0.0010916827998435946,0.01129432163336814,4.0,0.0,0.0,True,False,False
capricorn9924,1,0.0,0,1,0,1,0.0,1.0,0.0,-6.916205645245232e-19,,,,False,False,False
captain_crumpet47,1,0.0,9,1,9,1,9.0,1.0,0.0019386108688888876,0.003944857360848372,9.0,0.0,0.0,True,False,True
captain_wavy666,2,0.0,1,1,1,1,1.0,2.0,0.0,0.08585988966320483,1.0,0.0,0.0,False,False,False
captainknottz,1,0.0,1,1,1,1,1.0,1.0,0.0,7.501045649404413e-05,1.0,0.0,0.0,False,False,False
capybaradlvry,2,1.0,0,2,0,2,0.0,2.0,0.0,5.809529505196154e-20,,,,False,False,False
carapils14,1,0.0,0,1,0,1,0.0,1.0,0.0,-7.226109403353462e-19,,,,False,False,False
carbonera99,6,0.3333333333333333,1,3,1,3,2.0,6.0,0.0012775078016129782,0.004860210714251494,2.0,0.0,0.0,False,True,False
cardsonthetable02,8,0.125,10,4,10,4,16.0,8.0,0.005684894764852735,0.031228781693680298,16.0,0.0,0.0,True,False,True
careful-border-3273,1,0.0,0,1,0,1,0.0,1.0,0.0,-3.596043940743436e-19,,,,False,False,False
careful-thanks1788,4,0.5,1,3,1,3,1.0,4.0,0.001170187249438358,0.00690907674432002,1.0,0.0,0.0,False,False,False
careless-platform-80,3,0.6666666666666666,0,3,0,3,0.0,3.0,0.0,3.541525718291112e-19,,,,False,False,False
careless_apricot_697,1,0.0,1,1,1,1,1.0,1.0,0.0,8.84058809272128e-19,1.0,0.0,0.0,False,False,False
carelessad5822,1,0.0,0,1,0,1,0.0,1.0,0.0,-4.330666373633968e-19,,,,False,False,False
cassiusgray,2,0.0,1,1,1,1,1.0,2.0,0.0,0.0007856284215385638,1.0,0.0,0.0,False,False,False
catobsession7808,1,0.0,2,1,2,1,2.0,1.0,0.0001571203907397389,0.010928372696416128,2.0,0.0,0.0,False,False,False
catsiannyandor,1,1.0,0,1,0,1,0.0,1.0,0.0,1.7854543605194828e-20,,,,False,False,False
cauliflowerstrong220,1,0.0,0,1,0,1,0.0,1.0,0.0,5.865890409729434e-19,,,,False,False,False
celestialcimmerian,2,0.0,1,1,1,1,1.0,2.0,0.0,1.0293790619250076e-05,1.0,0.0,0.0,False,False,False
celtic_crown,37,0.1891891891891892,23,24,23,24,40.0,37.0,0.02993064374781388,0.03818474783555026,40.0,0.0,0.0,True,False,True
certain-nerve-9761,36,0.0833333333333333,21,19,21,19,37.0,34.0,0.020539820734134684,0.02055610744851577,37.0,0.0,0.0,True,False,True
ch-mouser,1,0.0,0,1,0,1,0.0,1.0,0.0,5.049809599657148e-19,,,,False,False,False
chaldeamashu,1,0.0,0,1,0,1,0.0,1.0,0.0,2.2998805096023186e-19,,,,False,False,False
championshiphorror95,1,0.0,1,1,1,1,1.0,1.0,0.0,0.0056784756214276755,1.0,0.0,0.0,False,False,False
championshipok1358,3,0.3333333333333333,2,3,2,3,2.0,3.0,0.0025415979651627054,0.008852513662941559,2.0,0.0,0.0,False,False,False
chaosvii_pso2,1,0.0,0,1,0,1,0.0,1.0,0.0,-3.876366391379343e-19,,,,False,False,False
chaotic_cy,1,1.0,0,1,0,1,0.0,1.0,0.0,2.2129424063545973e-19,,,,False,False,False
chargingwookie,2,0.5,0,2,0,2,0.0,2.0,0.0,2.3981110829662874e-19,,,,False,False,False
charnamelessone,1,0.0,5,1,5,1,5.0,1.0,0.0008013398882455183,0.001022696503581908,5.0,0.0,0.0,True,False,False
cheese4every1,2,0.5,0,2,0,2,0.0,2.0,0.0,2.266572676727031e-19,,,,False,False,False
cheesecake1734,2,0.0,1,1,1,1,2.0,2.0,0.0,0.0011042847246059678,2.0,0.0,0.0,False,False,False
cheesycheese01,1,0.0,0,1,0,1,0.0,1.0,0.0,1.9867708620855495e-19,,,,False,False,False
chefjunior4337,1,1.0,0,1,0,1,0.0,1.0,0.0,1.309677117604721e-19,,,,False,False,False
chemicalmedia6106,2,0.0,1,1,1,1,2.0,2.0,0.0,0.004779987927842824,2.0,0.0,0.0,False,False,False
chernoboggo,1,0.0,0,1,0,1,0.0,1.0,0.0,-4.929980749438594e-19,,,,False,False,False
cherry_dreams_6,1,0.0,0,1,0,1,0.0,1.0,0.0,-1.6779758631177492e-19,,,,False,False,False
chickie69,1,0.0,0,1,0,1,0.0,1.0,0.0,5.320917234652231e-20,,,,False,False,False
chicoovejagamepl,5,0.2,8,4,8,4,10.0,5.0,0.002469436645984463,0.0006370117970651639,10.0,0.0,0.0,True,False,True
chiliwithbean,2,0.0,1,2,1,2,1.0,2.0,2.063301257251988e-07,-1.838834967876939e-18,1.0,0.0,0.0,False,False,False
chin0crix,1,0.0,0,1,0,1,0.0,1.0,0.0,-5.839859529213914e-19,,,,False,False,False
chlorophyllmatic,8,0.25,6,5,6,5,9.0,8.0,0.007959803584972572,0.005235934712440478,9.0,0.0,0.0,True,False,True
choicehuckleberry918,1,0.0,0,1,0,1,0.0,1.0,0.0,2.496282682064002e-19,,,,False,False,False
choosingpoorlyftw,1,0.0,1,1,1,1,2.0,1.0,0.0,-2.214978930386686e-18,2.0,0.0,0.0,False,False,False
chrisnolliedelves,3,0.3333333333333333,1,1,1,1,3.0,3.0,0.0,3.515604642702914e-20,3.0,0.0,0.0,False,False,False
chromecosmonaut,1,0.0,1,1,1,1,1.0,1.0,0.0,0.0004963243078497833,1.0,0.0,0.0,False,False,False
chroniclesofsarnia,1,0.0,1,1,1,1,1.0,1.0,6.780237187025283e-06,3.4464534471084165e-05,1.0,0.0,0.0,False,False,False
chronobolt77,6,0.3333333333333333,2,6,2,6,2.0,6.0,0.0003156850923595542,1.682156822344744e-18,2.0,0.0,0.0,False,False,False
chunkyfunkyrunky,1,0.0,0,1,0,1,0.0,1.0,0.0,2.6553904169696823e-19,,,,False,False,False
chuzcoles,3,0.0,1,2,1,2,2.0,3.0,0.0,0.0008938787694945255,2.0,0.0,0.0,False,False,False
cinder999,1,0.0,0,1,0,1,0.0,1.0,0.0,1.2377953074206604e-19,,,,False,False,False
cirman,1,1.0,0,1,0,1,0.0,1.0,0.0,4.598724043875159e-19,,,,False,False,False
cirrusdash,1,0.0,1,1,1,1,1.0,1.0,0.0001572235558026015,-1.3313805219833182e-18,1.0,0.0,0.0,False,False,False
cisco-nintendoswitch,1,0.0,1,1,1,1,1.0,1.0,4.686068287948533e-06,1.2918141499347914e-19,1.0,0.0,0.0,False,False,False
civil_bat1473,1,0.0,0,1,0,1,0.0,1.0,0.0,-3.9798626514215426e-20,,,,False,False,False
civilmath812,1,0.0,0,1,0,1,0.0,1.0,0.0,3.3440246507070076e-19,,,,False,False,False
ck1ing,1,0.0,0,1,0,1,0.0,1.0,0.0,1.5710607426430802e-19,,,,False,False,False
clickshot,1,0.0,0,1,0,1,0.0,1.0,0.0,4.081323851605127e-19,,,,False,False,False
clintmcelroyofficial,1,0.0,0,1,0,1,0.0,1.0,0.0,-4.3313128010985344e-19,,,,False,False,False
cloud11092,1,0.0,0,1,0,1,0.0,1.0,0.0,4.93423201222242e-19,,,,False,False,False
cloudykuma,1,0.0,1,1,1,1,1.0,1.0,0.0003172122408164757,0.0018204357690267505,1.0,0.0,0.0,False,False,False
coathanger_abortions,1,0.0,0,1,0,1,0.0,1.0,0.0,4.468084496069708e-20,,,,False,False,False
cobras_chairbug,4,0.25,0,4,0,4,0.0,4.0,0.0,-4.1037311326427027e-22,,,,False,False,False
cocacolanepobaby,1,0.0,0,1,0,1,0.0,1.0,0.0,6.785147922586996e-19,,,,False,False,False
coddyapp,1,0.0,0,1,0,1,0.0,1.0,0.0,3.22237354771622e-19,,,,False,False,False
codenamemyke,1,1.0,0,1,0,1,0.0,1.0,0.0,3.814984356423556e-19,,,,False,False,False
coldwargodlol,2,0.0,5,1,5,1,5.0,1.0,0.0005434481246194277,0.0004494105753423131,5.0,0.0,0.0,True,False,False
colefield,4,0.0,2,3,2,3,2.0,4.0,0.0015545385088447836,0.00040694008116876247,2.0,0.0,0.0,False,False,False
colonelderp,1,0.0,0,1,0,1,0.0,1.0,0.0,6.648062530772955e-19,,,,False,False,False
colorovfire,3,0.0,1,3,1,3,1.0,3.0,0.00036616719645365275,4.512772307411117e-06,1.0,0.0,0.0,False,False,False
comiccon,1,0.0,1,1,1,1,1.0,1.0,0.0,0.0002512979028048528,1.0,0.0,0.0,False,False,False
commazim,2,0.0,1,1,1,1,2.0,2.0,0.0,0.006909076744320014,2.0,0.0,0.0,False,False,False
commercial-low-153,1,0.0,0,1,0,1,0.0,1.0,0.0,2.886320337570665e-19,,,,False,False,False
commercialcontext289,1,0.0,0,1,0,1,0.0,1.0,0.0,1.3635706281955265e-19,,,,False,False,False
competitive-ad-4055,1,0.0,0,1,0,1,0.0,1.0,0.0,2.4910797971648197e-20,,,,False,False,False
competitive-row6376,1,0.0,0,1,0,1,0.0,1.0,0.0,1.576788564525249e-19,,,,False,False,False
confectionlong,2,0.0,1,2,1,2,1.0,2.0,0.0,6.433868387412195e-07,1.0,0.0,0.0,False,False,False
confident-vanilla-28,2,0.0,0,2,0,2,0.0,2.0,0.0,1.1158550592368743e-19,,,,False,False,False
conget,1,0.0,0,1,0,1,0.0,1.0,0.0,-9.222291727445664e-19,,,,False,False,False
conscious_tap297,1,0.0,2,0,2,0,2.0,0.0,0.0,0.00040034741916828847,2.0,0.0,0.0,False,False,False
consistent-tap-4255,1,0.0,0,1,0,1,0.0,1.0,0.0,7.583820490917905e-19,,,,False,False,False
constant-mongoose515,1,0.0,0,1,0,1,0.0,1.0,0.0,-7.76299261087094e-19,,,,False,False,False
constant-research422,1,0.0,0,1,0,1,0.0,1.0,0.0,2.5575102502170788e-20,,,,False,False,False
cookiereptile,4,0.25,2,4,2,4,2.0,4.0,0.00031485977185665337,-4.990731750522124e-18,2.0,0.0,0.0,False,False,False
cooljohn231,2,0.0,1,2,1,2,1.0,2.0,5.591546407152887e-06,0.0005916208693882879,1.0,0.0,0.0,False,False,False
coraclaw,7,0.0,3,6,3,6,5.0,7.0,0.0013327830705839466,0.002547745131019137,5.0,0.0,0.0,True,False,True
correct_stay_6948,1,0.0,0,1,0,1,0.0,1.0,0.0,-4.539391831888874e-19,,,,False,False,False
cousbooze,1,0.0,0,1,0,1,0.0,1.0,0.0,2.87479415453795e-19,,,,False,False,False
cptgigglez,1,0.0,1,1,1,1,1.0,1.0,0.0,0.0001718302938743741,1.0,0.0,0.0,False,False,False
cranberry_juice_01,2,0.0,0,2,0,2,0.0,2.0,0.0,4.806577545991319e-19,,,,False,False,False
cranfabulous,2,0.0,1,2,1,2,1.0,2.0,5.948841408200354e-05,0.08585988966320483,1.0,0.0,0.0,False,False,False
crasherpistol,1,0.0,0,1,0,1,0.0,1.0,0.0,-2.096610966710228e-19,,,,False,False,False
crashtard,1,0.0,0,1,0,1,0.0,1.0,0.0,9.097716761475705e-19,,,,False,False,False
crass-ely-,10,0.0,9,8,9,8,9.0,10.0,0.01555517093305489,0.10059531421689885,9.0,0.0,0.0,True,False,True
crazicalcgm,1,0.0,0,1,0,1,0.0,1.0,0.0,4.363837901432481e-19,,,,False,False,False
crazynick5586,16,0.5,74,12,74,12,90.0,16.0,0.01670081378296288,0.03450240298830901,90.0,0.0,0.0,True,True,True
creepernsidelink,1,0.0,0,1,0,1,0.0,1.0,0.0,-3.0035780651784204e-20,,,,False,False,False
crem_flandango,1,0.0,0,1,0,1,0.0,1.0,0.0,1.438364542396331e-19,,,,False,False,False
criminallyloony,1,0.0,1,1,1,1,1.0,1.0,0.0004196936524266058,0.0007778903340449519,1.0,0.0,0.0,False,False,False
cringe_1031,1,0.0,2,1,2,1,2.0,1.0,0.0,0.006045404943873172,2.0,0.0,0.0,False,False,False
crishofer,1,0.0,0,1,0,1,0.0,1.0,0.0,5.058893973581639e-19,,,,False,False,False
crooked_cricket,1,0.0,0,1,0,1,0.0,1.0,0.0,-3.552590173489944e-19,,,,False,False,False
crtwenty,2,0.0,0,2,0,2,0.0,2.0,0.0,6.677315791884465e-19,,,,False,False,False
crunchy-leaf,8,0.0,1,7,1,7,1.0,8.0,0.0006456936805194778,0.00028075497090230774,1.0,0.0,0.0,False,False,False
cs-10,1,0.0,0,1,0,1,0.0,1.0,0.0,5.498291409359643e-19,,,,False,False,False
cthulhua90,1,0.0,0,1,0,1,0.0,1.0,0.0,1.9945560295679533e-19,,,,False,False,False
cuackduck,1,0.0,0,1,0,1,0.0,1.0,0.0,-7.609252505377208e-20,,,,False,False,False
cuba_pants,1,0.0,1,1,1,1,1.0,1.0,0.0,0.0022919095931830686,1.0,0.0,0.0,False,False,False
cumbojumbo,1,1.0,0,1,0,1,0.0,1.0,0.0,7.648571237554201e-20,,,,False,False,False
curious_ad2011,1,0.0,1,1,1,1,1.0,1.0,2.063301257251988e-07,-3.349369476914214e-18,1.0,0.0,0.0,False,False,False
curious_criticism445,1,0.0,0,1,0,1,0.0,1.0,0.0,3.1168051155376533e-19,,,,False,False,False
currentmeat9490,2,0.0,1,1,1,1,1.0,2.0,0.0,0.0014375578241109406,1.0,0.0,0.0,False,False,False
cute_yesterday_2288,2,0.0,0,2,0,2,0.0,2.0,0.0,5.2305809281885553e-20,,,,False,False,False
cutestepbro,1,0.0,0,1,0,1,0.0,1.0,0.0,-1.1098356629291477e-19,,,,False,False,False
cyb3r5ku11,1,0.0,0,1,0,1,0.0,1.0,0.0,2.974067089840926e-19,,,,False,False,False
cyber_yaksha,1,0.0,0,1,0,1,0.0,1.0,0.0,-8.422562688084613e-20,,,,False,False,False
cyberchivalry,1,0.0,0,1,0,1,0.0,1.0,0.0,-5.674943675647957e-19,,,,False,False,False
cyberkrevel,2,0.0,1,1,1,1,1.0,2.0,0.0,0.0001517552513323841,1.0,0.0,0.0,False,False,False
cyberout47,1,1.0,0,1,0,1,0.0,1.0,0.0,-6.824617814151474e-20,,,,False,False,False
d4c_,1,0.0,0,1,0,1,0.0,1.0,0.0,2.0558028139259698e-20,,,,False,False,False
da7mii,2,0.0,3,2,3,2,3.0,2.0,0.0003212864537045892,1.4760749403400152e-18,3.0,0.0,0.0,True,False,False
dagulsky,1,0.0,0,1,0,1,0.0,1.0,0.0,2.3318877569923265e-19,,,,False,False,False
dailydescent,1,0.0,2,1,2,1,2.0,1.0,0.00023796507445257643,2.4630109464896993e-18,2.0,0.0,0.0,False,False,False
daltron3001,2,0.5,1,2,1,2,1.0,2.0,1.2379807543511927e-06,1.8775636346503837e-05,1.0,0.0,0.0,False,False,False
daniel21020,1,0.0,0,1,0,1,0.0,1.0,0.0,-5.611795346692316e-19,,,,False,False,False
danielh1204,1,0.0,0,1,0,1,0.0,1.0,0.0,-3.787524876263971e-20,,,,False,False,False
danmsauro,1,0.0,0,1,0,1,0.0,1.0,0.0,1.358829621773694e-19,,,,False,False,False
dante4sparda,1,0.0,0,1,0,1,0.0,1.0,0.0,3.3376047961240705e-19,,,,False,False,False
daoj91,1,1.0,0,1,0,1,0.0,1.0,0.0,-3.502863044272111e-19,,,,False,False,False
darealkrkchnia,1,1.0,0,1,0,1,0.0,1.0,0.0,-3.720613812745617e-19,,,,False,False,False
darh1407,6,0.0,3,3,3,3,5.0,6.0,0.0028169169618230843,0.0006457913029363543,5.0,0.0,0.0,True,False,True
dariusstrada,1,1.0,0,1,0,1,0.0,1.0,0.0,3.9509220199193266e-19,,,,False,False,False
dark1402,1,0.0,0,1,0,1,0.0,1.0,0.0,2.7467778590996385e-19,,,,False,False,False
darkangelmeg,1,0.0,0,1,0,1,0.0,1.0,0.0,-4.558601291624459e-19,,,,False,False,False
darkk_vox,1,0.0,0,1,0,1,0.0,1.0,0.0,-1.4497636197669146e-19,,,,False,False,False
darkknight8381,1,1.0,0,1,0,1,0.0,1.0,0.0,-4.711525677794469e-19,,,,False,False,False
darkkuroi1,1,1.0,1,1,1,1,1.0,1.0,0.0,0.006909076744320013,1.0,0.0,0.0,False,False,False
darkprince_007,2,0.5,1,2,1,2,1.0,2.0,0.0007328846065759061,0.00028335119185550337,1.0,0.0,0.0,False,False,False
darksidert,4,0.0,1,3,1,3,1.0,4.0,0.00032372852842740824,4.512772307410457e-06,1.0,0.0,0.0,False,False,False
darkstools,2,0.0,0,2,0,2,0.0,2.0,0.0,-1.6269916285426549e-19,,,,False,False,False
darth_shao-lin,1,0.0,0,1,0,1,0.0,1.0,0.0,2.7357890750045924e-20,,,,False,False,False
darthgodemperor,1,0.0,0,1,0,1,0.0,1.0,0.0,-2.523358838130576e-19,,,,False,False,False
darthomix,1,0.0,0,1,0,1,0.0,1.0,0.0,1.8271100992486644e-19,,,,False,False,False
dashendirekt,1,0.0,0,1,0,1,0.0,1.0,0.0,-1.174847104474419e-19,,,,False,False,False
dasummerofgeorge,1,0.0,0,1,0,1,0.0,1.0,0.0,-4.47911348794586e-19,,,,False,False,False
dat_scrub,1,0.0,0,1,0,1,0.0,1.0,0.0,1.256560937470076e-19,,,,False,False,False
dataveindevil,1,0.0,1,1,1,1,1.0,1.0,0.0,0.0006544994178289757,1.0,0.0,0.0,False,False,False
davidsgundams,3,0.0,7,3,7,3,7.0,3.0,0.001036424041100823,0.00021575003703075285,7.0,0.0,0.0,True,False,False
day-grand,1,0.0,0,1,0,1,0.0,1.0,0.0,3.6921606046642683e-19,,,,False,False,False
dbam44,1,0.0,0,1,0,1,0.0,1.0,0.0,-1.4953534378479713e-19,,,,False,False,False
dboutch,2,0.0,0,1,0,1,0.0,1.0,0.0,5.524703357547461e-19,,,,False,False,False
ddom1203,1,0.0,0,1,0,1,0.0,1.0,0.0,-1.0514155150206204e-19,,,,False,False,False
dduru12,1,1.0,0,1,0,1,0.0,1.0,0.0,-8.19083276419098e-20,,,,False,False,False
deadriderofdead,4,0.0,2,2,2,2,4.0,4.0,0.0007148037594287801,0.003719033590714159,4.0,0.0,0.0,False,False,False
deathkreator18,1,0.0,0,1,0,1,0.0,1.0,0.0,2.4022367579979717e-19,,,,False,False,False
deboard1967,1,0.0,0,1,0,1,0.0,1.0,0.0,-7.804414681288693e-19,,,,False,False,False
defalt404,2,1.0,1,2,1,2,2.0,2.0,7.850861283843815e-05,1.5576788072811126e-18,2.0,0.0,0.0,False,False,False
defeated_drow,2,0.5,3,2,3,2,3.0,2.0,0.0005077911370328861,7.943777368154509e-06,3.0,0.0,0.0,True,False,False
defenseform,1,0.0,0,1,0,1,0.0,1.0,0.0,-1.687469409379464e-19,,,,False,False,False
defiant-purchase868,23,0.2608695652173913,11,9,11,9,27.0,23.0,0.013164550242053671,0.011301397157861104,27.0,0.0,0.0,True,True,True
definitionbusy4769,1,0.0,1,1,1,1,1.0,1.0,0.0001572235558026015,-4.3899699806040265e-19,1.0,0.0,0.0,False,False,False
degenerateshikikan,2,0.0,2,1,2,1,3.0,2.0,0.0,0.09678826235962099,3.0,0.0,0.0,False,False,False
dekutree13,1,0.0,5,1,5,1,6.0,1.0,0.0012692483059401974,0.0008775393094430987,6.0,0.0,0.0,True,False,True
delicious-air7396,2,0.0,1,2,1,2,1.0,2.0,0.0005194698941317704,0.0002695308153109801,1.0,0.0,0.0,False,False,False
delicious_effect_838,4,0.25,2,2,2,2,4.0,4.0,0.0005232531988391041,0.0008040765285682776,4.0,0.0,0.0,False,False,False
demascusred,1,1.0,0,1,0,1,0.0,1.0,0.0,2.1284581723637592e-19,,,,False,False,False
dementedarego_fish,1,1.0,1,1,1,1,1.0,1.0,1.0958314927230255e-05,0.0001006414721285884,1.0,0.0,0.0,False,False,False
demonheart146,1,1.0,0,1,0,1,0.0,1.0,0.0,-3.631558926733898e-19,,,,False,False,False
dependent_solution37,1,0.0,0,1,0,1,0.0,1.0,0.0,-3.7340082348894754e-19,,,,False,False,False
depressed_tarnished,3,0.0,1,2,1,2,1.0,3.0,4.467906930807742e-05,0.0004203887272700438,1.0,0.0,0.0,False,False,False
derpatoffice,3,0.3333333333333333,1,3,1,3,1.0,3.0,0.00015763621605405188,-2.7611185857272637e-19,1.0,0.0,0.0,False,False,False
desert-seagull,3,0.0,2,3,2,3,2.0,3.0,0.0005419011574019763,0.00110428472460597,2.0,0.0,0.0,False,False,False
desert_walker267,1,0.0,0,1,0,1,0.0,1.0,0.0,4.754355994132303e-19,,,,False,False,False
designer_band2416,1,0.0,5,1,5,1,5.0,1.0,0.00029014289233765826,0.002685177151011095,5.0,0.0,0.0,True,False,False
desperate-project-69,1,1.0,0,1,0,1,0.0,1.0,0.0,-1.1147709424453141e-19,,,,False,False,False
desperate-quarter-65,1,0.0,0,1,0,1,0.0,1.0,0.0,4.155198907953194e-19,,,,False,False,False
destinyistodie,1,0.0,0,1,0,1,0.0,1.0,0.0,-3.6624140183511797e-19,,,,False,False,False
deva_way,4,0.0,3,2,3,2,5.0,4.0,0.0006822638352204022,0.0020916153258348238,5.0,0.0,0.0,True,False,False
dhanilow15,1,1.0,0,1,0,1,0.0,1.0,0.0,5.097513129603509e-19,,,,False,False,False
dia_eli,1,0.0,0,1,0,1,0.0,1.0,0.0,-2.625338669397057e-19,,,,False,False,False
diamondborealis,2,0.0,1,2,1,2,1.0,2.0,2.3520897439366495e-05,0.00033197122664842135,1.0,0.0,0.0,False,False,False
differenceplenty772,2,0.0,0,2,0,2,0.0,2.0,0.0,1.9392378071933733e-19,,,,False,False,False
differencepretend,5,0.4,3,3,3,3,5.0,5.0,0.0025186205340890174,0.0009702535793364518,5.0,0.0,0.0,True,True,True
different-address-79,1,0.0,0,1,0,1,0.0,1.0,0.0,7.685058324545478e-19,,,,False,False,False
different-set8042,1,0.0,0,1,0,1,0.0,1.0,0.0,-9.418719427970681e-21,,,,False,False,False
different_beach_2917,1,0.0,0,1,0,1,0.0,1.0,0.0,1.088543674135725e-19,,,,False,False,False
difficult-spirit3808,1,1.0,0,1,0,1,0.0,1.0,0.0,-3.8992436033164568e-19,,,,False,False,False
diglett3,1,1.0,0,1,0,1,0.0,1.0,0.0,-2.926487595746809e-20,,,,False,False,False
dildobaggins4663,1,0.0,3,1,3,1,3.0,1.0,0.0008865000052434053,9.31756244327489e-06,3.0,0.0,0.0,True,False,False
dingleburry315,1,0.0,0,1,0,1,0.0,1.0,0.0,-2.2234196360644363e-19,,,,False,False,False
dingushanglebort,1,0.0,1,1,1,1,1.0,1.0,0.0,0.0040259620314292135,1.0,0.0,0.0,False,False,False
dino_cvn,1,0.0,0,1,0,1,0.0,1.0,0.0,5.126859546082779e-19,,,,False,False,False
direct_town792,2,0.0,0,2,0,2,0.0,2.0,0.0,2.5259137407239744e-19,,,,False,False,False
disasterpiece420,1,0.0,0,1,0,1,0.0,1.0,0.0,2.960741101372973e-19,,,,False,False,False
disastrous-air9768,1,0.0,0,1,0,1,0.0,1.0,0.0,6.398269189273474e-19,,,,False,False,False
disastrous-art7134,1,1.0,0,1,0,1,0.0,1.0,0.0,-6.403857848567e-19,,,,False,False,False
discipleofdeceit666,2,0.0,3,2,3,2,3.0,2.0,0.002188161432125038,0.0885963562205454,3.0,0.0,0.0,True,False,False
disciplinedmadness,3,0.3333333333333333,2,2,2,2,2.0,3.0,6.189903771755963e-07,-4.190081143736249e-18,2.0,0.0,0.0,False,False,False
distinct-office-609,3,0.0,3,3,3,3,3.0,3.0,0.0007903658870459941,-1.5545862621258248e-18,3.0,0.0,0.0,True,False,False
dm_your_thicc_ass,4,0.25,25,4,25,4,26.0,4.0,0.00628551046905276,0.014986521882796314,26.0,0.0,0.0,True,False,True
dmls666,1,1.0,0,1,0,1,0.0,1.0,0.0,3.6967183279697917e-19,,,,False,False,False
donnystorm,2,0.5,2,2,2,2,2.0,2.0,0.00010402037383518428,0.0005536738678696185,2.0,0.0,0.0,False,False,False
dontpeeoncarl,1,0.0,0,1,0,1,0.0,1.0,0.0,3.214229925692242e-20,,,,False,False,False
donttouchit17,1,0.0,0,1,0,1,0.0,1.0,0.0,-1.3987768581754955e-19,,,,False,False,False
dontwannabehere5,2,0.5,2,2,2,2,2.0,2.0,5.159418030023028e-05,0.001591064952775148,2.0,0.0,0.0,False,False,False
doonerthesooner,2,0.0,0,2,0,2,0.0,2.0,0.0,6.992591580402562e-19,,,,False,False,False
dooshcauqian,1,0.0,1,1,1,1,1.0,1.0,0.0,0.002291909593183067,1.0,0.0,0.0,False,False,False
double-ad-1482,2,1.0,2,2,2,2,3.0,2.0,7.221554400381958e-07,9.643842576683185e-19,3.0,0.0,0.0,False,False,False
doublesummon,11,0.0,5,6,5,6,8.0,11.0,0.004163821295484554,0.008087393294420602,8.0,0.0,0.0,True,False,True
doughnutstrange9824,1,0.0,0,1,0,1,0.0,1.0,0.0,-6.646013981529751e-19,,,,False,False,False
douglasdamm,1,0.0,0,1,0,1,0.0,1.0,0.0,-6.318556857729618e-19,,,,False,False,False
doviculus24,1,0.0,0,1,0,1,0.0,1.0,0.0,1.0268087771046904e-20,,,,False,False,False
download_pal,3,0.0,3,3,3,3,3.0,3.0,0.0016550741559314573,5.5867512768235864e-05,3.0,0.0,0.0,True,False,False
dr_just_some_guy,2,0.0,0,2,0,2,0.0,2.0,0.0,-3.356377286347477e-19,,,,False,False,False
dracoapprentice9,1,0.0,0,1,0,1,0.0,1.0,0.0,4.047600287376617e-19,,,,False,False,False
drag0nflame76,1,0.0,0,1,0,1,0.0,1.0,0.0,3.222626943586974e-19,,,,False,False,False
dragonmz,1,0.0,0,1,0,1,0.0,1.0,0.0,5.896017760124776e-19,,,,False,False,False
drakeskulled_reaper,1,0.0,0,1,0,1,0.0,1.0,0.0,2.6722242505904086e-19,,,,False,False,False
drama-weekly,1,1.0,0,1,0,1,0.0,1.0,0.0,-7.046728954496487e-20,,,,False,False,False
dramatic_rabbit3269,1,0.0,0,1,0,1,0.0,1.0,0.0,5.676301033512432e-19,,,,False,False,False
drazian,1,0.0,0,1,0,1,0.0,1.0,0.0,-6.106665055442385e-19,,,,False,False,False
drdre19899,2,0.0,1,2,1,2,1.0,2.0,0.00028206587604285205,2.031160544858176e-05,1.0,0.0,0.0,False,False,False
dreamboatm,1,0.0,0,1,0,1,0.0,1.0,0.0,-4.897667225151744e-19,,,,False,False,False
dreamcazman,1,0.0,1,1,1,1,1.0,1.0,0.0,0.0014375578241109404,1.0,0.0,0.0,False,False,False
dreddeadshinobi,3,0.0,1,2,1,2,2.0,2.0,0.0,-8.289267232852783e-19,2.0,0.0,0.0,False,False,False
drhorrible-26,3,0.6666666666666666,1,2,1,2,2.0,3.0,0.000759530629742846,0.0056784756214276685,2.0,0.0,0.0,False,False,False
drizzitdude,15,0.4,3,7,3,7,6.0,15.0,0.0015979503455378068,0.0026081662552320884,6.0,0.0,0.0,True,True,True
drjubei,1,0.0,0,1,0,1,0.0,1.0,0.0,3.044303786758832e-19,,,,False,False,False
drkrffxx,1,0.0,0,1,0,1,0.0,1.0,0.0,-1.9389853791476707e-19,,,,False,False,False
drkshape,1,0.0,0,1,0,1,0.0,1.0,0.0,-5.568372052336778e-19,,,,False,False,False
drose349,1,0.0,0,1,0,1,0.0,1.0,0.0,-1.1364657533748005e-18,,,,False,False,False
drumsndweed93,4,0.0,2,2,2,2,3.0,4.0,0.0002958045207369941,0.0007535432811578614,3.0,0.0,0.0,False,False,False
drumtome2,2,0.0,2,2,2,2,2.0,2.0,1.701855090579812e-05,0.011992989877466005,2.0,0.0,0.0,False,False,False
dry-huckleberry-6282,2,0.0,1,2,1,2,1.0,2.0,6.189903771755963e-07,0.0002888858565421055,1.0,0.0,0.0,False,False,False
dry-introduction-491,1,0.0,0,1,0,1,0.0,1.0,0.0,3.899829462848442e-19,,,,False,False,False
due-firefighter5771,1,0.0,2,1,2,1,2.0,1.0,1.2990446463217695e-05,0.0006664374503170785,2.0,0.0,0.0,False,False,False
due_conversation9589,1,0.0,0,1,0,1,0.0,1.0,0.0,-4.2814143243960208e-19,,,,False,False,False
dukepookie,2,0.5,0,2,0,2,0.0,2.0,0.0,-6.909505908931699e-19,,,,False,False,False
dullahan_knight,1,0.0,0,1,0,1,0.0,1.0,0.0,4.587663177997757e-19,,,,False,False,False
dust514fan,1,0.0,0,1,0,1,0.0,1.0,0.0,-3.17665324298118e-19,,,,False,False,False
dustybunnie14,2,0.0,0,2,0,2,0.0,2.0,0.0,6.053051670240634e-19,,,,False,False,False
dutydazzling4648,2,0.0,0,2,0,2,0.0,2.0,0.0,-2.480177820983868e-19,,,,False,False,False
dynast_king_,1,0.0,1,1,1,1,1.0,1.0,0.0,0.0069090767443200085,1.0,0.0,0.0,False,False,False
e457on3,1,1.0,0,1,0,1,0.0,1.0,0.0,-5.718831510427761e-19,,,,False,False,False
e_xotics,1,0.0,1,1,1,1,1.0,1.0,0.0,-4.516504426045494e-19,1.0,0.0,0.0,False,False,False
ear_cheese,1,0.0,1,1,1,1,1.0,1.0,0.0,1.28614559550626e-18,1.0,0.0,0.0,False,False,False
early_emu_5798,1,0.0,0,1,0,1,0.0,1.0,0.0,1.24700443315177e-19,,,,False,False,False
eastern-pace7070,1,1.0,1,1,1,1,1.0,1.0,2.9182446083534117e-06,-1.2795948077995194e-18,1.0,0.0,0.0,False,False,False
eastern_repeat3347,1,0.0,0,1,0,1,0.0,1.0,0.0,-7.969962649396019e-19,,,,False,False,False
eat_play_masterbate,1,0.0,0,1,0,1,0.0,1.0,0.0,6.450418014188166e-19,,,,False,False,False
eclorian,1,0.0,1,1,1,1,1.0,1.0,0.0,1.652164295823175e-05,1.0,0.0,0.0,False,False,False
economy_set_314,3,0.0,3,2,3,2,3.0,3.0,0.0006991246585244621,0.00026055108612066337,3.0,0.0,0.0,True,False,False
ecstatic-let-7677,1,0.0,1,1,1,1,1.0,1.0,0.00011192552330389917,0.0002572189733080785,1.0,0.0,0.0,False,False,False
edapanda,1,0.0,1,1,1,1,1.0,1.0,0.00036644230328795305,0.0011931527962433842,1.0,0.0,0.0,False,False,False
edindzeko1,1,0.0,0,1,0,1,0.0,1.0,0.0,2.3147742183837955e-19,,,,False,False,False
educational_act_4237,1,0.0,1,1,1,1,1.0,1.0,2.063301257251988e-07,4.0213406235404956e-19,1.0,0.0,0.0,False,False,False
effem38,1,0.0,0,1,0,1,0.0,1.0,0.0,7.787326314137675e-19,,,,False,False,False
efficient-resist-831,4,0.75,1,3,1,3,2.0,4.0,9.767930158339769e-06,1.7456392672249161e-06,2.0,0.0,0.0,False,False,False
efficient_ant_7279,2,0.5,0,2,0,2,0.0,2.0,0.0,6.807320431282871e-19,,,,False,False,False
efficient_rhubarb_88,1,0.0,1,1,1,1,1.0,1.0,0.0001572235558026015,-7.750540976229242e-19,1.0,0.0,0.0,False,False,False
eirineftis,3,0.3333333333333333,1,2,1,2,2.0,3.0,0.0002226532145505323,0.002616411507936341,2.0,0.0,0.0,False,False,False
el_galant,1,0.0,0,1,0,1,0.0,1.0,0.0,-4.2060355973184827e-19,,,,False,False,False
elden_wang,2,0.0,2,2,2,2,3.0,2.0,0.0005871829816729766,0.00010763252879698321,3.0,0.0,0.0,False,False,False
electrical-car-2482,2,0.5,0,2,0,2,0.0,2.0,0.0,2.356760557531558e-19,,,,False,False,False
electrical-rain-4251,1,0.0,0,1,0,1,0.0,1.0,0.0,3.0485931923785704e-19,,,,False,False,False
electricalbricklayer,2,0.0,11,2,11,2,12.0,2.0,0.0031577069891383265,0.01882273918346624,12.0,0.0,0.0,True,False,True
electricalstore8271,3,0.0,0,3,0,3,0.0,3.0,0.0,-5.546701982566486e-19,,,,False,False,False
elegant_amphibian363,1,0.0,1,1,1,1,1.0,1.0,0.0,0.08585988966320486,1.0,0.0,0.0,False,False,False
elfarmax,2,0.5,0,2,0,2,0.0,2.0,0.0,-1.0150918324510874e-19,,,,False,False,False
eligamer3645,1,0.0,0,1,0,1,0.0,1.0,0.0,6.389560242750185e-19,,,,False,False,False
elle_0,1,0.0,0,1,0,1,0.0,1.0,0.0,1.2875708558331644e-19,,,,False,False,False
ellie_celestial,2,0.0,1,1,1,1,2.0,2.0,0.0,7.816606479535734e-05,2.0,0.0,0.0,False,False,False
elmu678,3,0.0,1,2,1,2,1.0,3.0,1.031650628625994e-06,0.00026588257618059683,1.0,0.0,0.0,False,False,False
elsuperinutil,1,1.0,0,1,0,1,0.0,1.0,0.0,4.466549473491483e-19,,,,False,False,False
elunesprodigy,1,0.0,1,1,1,1,2.0,1.0,0.0,0.0011931527962433883,2.0,0.0,0.0,False,False,False
elyonadanthir,1,0.0,0,1,0,1,0.0,1.0,0.0,2.566235767556887e-19,,,,False,False,False
em222ri22ki,1,0.0,0,1,0,1,0.0,1.0,0.0,1.2992169411731445e-19,,,,False,False,False
embarrassed-cat-9864,2,0.5,3,2,3,2,3.0,2.0,0.0007038765643879323,0.004956781622397602,3.0,0.0,0.0,True,False,False
embarrassed-pay3250,1,0.0,0,1,0,1,0.0,1.0,0.0,-5.334910045710005e-19,,,,False,False,False
embarrassed_plant497,2,0.0,1,1,1,1,2.0,2.0,0.0,-1.3712298865662251e-19,2.0,0.0,0.0,False,False,False
embarrassed_shake281,1,0.0,0,1,0,1,0.0,1.0,0.0,-1.5625365947738453e-19,,,,False,False,False
emerald_digger,1,0.0,2,1,2,1,2.0,1.0,0.0003573449460382202,0.00014268318557817688,2.0,0.0,0.0,False,False,False
emmalita_huntress,1,0.0,0,1,0,1,0.0,1.0,0.0,3.671233572715774e-19,,,,False,False,False
emml_,1,0.0,0,1,0,1,0.0,1.0,0.0,-9.916074082503185e-20,,,,False,False,False
emolch78,2,0.0,1,2,1,2,1.0,2.0,0.00025373711450575186,0.0002807549709023103,1.0,0.0,0.0,False,False,False
endswithnu,3,0.0,2,2,2,2,2.0,3.0,0.0013948095323743103,0.005011965965583879,2.0,0.0,0.0,False,False,False
ensaru4,2,0.0,0,2,0,2,0.0,2.0,0.0,-5.48890765994847e-19,,,,False,False,False
entire_mouse_1055,1,0.0,0,1,0,1,0.0,1.0,0.0,-9.311481067181738e-20,,,,False,False,False
environmental-ad3110,1,0.0,1,1,1,1,1.0,1.0,0.0,5.497907583212895e-08,1.0,0.0,0.0,False,False,False
environmental_will82,1,0.0,0,1,0,1,0.0,1.0,0.0,-2.5893728975953284e-19,,,,False,False,False
environmentalride900,1,0.0,0,1,0,1,0.0,1.0,0.0,5.0098229883389e-19,,,,False,False,False
enxchiol,1,0.0,1,1,1,1,1.0,1.0,0.0,0.0069090767443200155,1.0,0.0,0.0,False,False,False
equal-country3302,2,1.0,1,2,1,2,1.0,2.0,0.00015722355580260146,-1.1784621922041016e-18,1.0,0.0,0.0,False,False,False
equal-dragonfly-1244,1,0.0,0,1,0,1,0.0,1.0,0.0,2.5953122658417593e-19,,,,False,False,False
equalglittering,3,0.0,1,1,1,1,3.0,3.0,0.0,0.004391516460797011,3.0,0.0,0.0,False,False,False
equivalent_rock_6530,1,1.0,0,1,0,1,0.0,1.0,0.0,6.478717574207424e-19,,,,False,False,False
erekkudla,1,1.0,0,1,0,1,0.0,1.0,0.0,-6.451643981483375e-19,,,,False,False,False
ergotthae,4,0.25,1,3,1,3,1.0,4.0,8.414916637213418e-05,0.00042075323502436743,1.0,0.0,0.0,False,False,False
erisnoir1,1,1.0,1,1,1,1,1.0,1.0,4.126602514503976e-07,2.450091113431538e-19,1.0,0.0,0.0,False,False,False
erkenwald217,3,0.0,0,3,0,3,0.0,3.0,0.0,3.263921169130462e-19,,,,False,False,False
eryade-the0821,1,0.0,0,1,0,1,0.0,1.0,0.0,1.436482613905138e-19,,,,False,False,False
es21007,3,0.6666666666666666,1,1,1,1,2.0,3.0,0.0,0.0010372945526406128,2.0,0.0,0.0,False,False,False
eschus2,1,0.0,0,1,0,1,0.0,1.0,0.0,6.357086095552609e-19,,,,False,False,False
esemvii,1,0.0,1,1,1,1,1.0,1.0,0.0,1.8273424472303707e-18,1.0,0.0,0.0,False,False,False
esnake113,1,0.0,0,1,0,1,0.0,1.0,0.0,-4.67439566375957e-19,,,,False,False,False
eternalanrete,1,0.0,0,1,0,1,0.0,1.0,0.0,6.575706628795555e-19,,,,False,False,False
eternallust13,1,0.0,0,1,0,1,0.0,1.0,0.0,8.978875104766809e-20,,,,False,False,False
ettreddittroll,19,0.1052631578947368,6,17,6,17,6.0,19.0,0.006101938197406784,0.0034773265912827634,6.0,0.0,0.0,True,False,True
euan343,1,0.0,0,1,0,1,0.0,1.0,0.0,-1.996428736763419e-19,,,,False,False,False
ev768,2,0.5,1,2,1,2,1.0,2.0,0.00031573300353321854,0.012702767574285874,1.0,0.0,0.0,False,False,False
evolvedcactus19,1,0.0,0,1,0,1,0.0,1.0,0.0,-6.000145218197604e-19,,,,False,False,False
exaggeratedpw,1,1.0,0,1,0,1,0.0,1.0,0.0,7.686677970170815e-19,,,,False,False,False
exaltedblade666,1,0.0,0,1,0,1,0.0,1.0,0.0,1.030648111484806e-21,,,,False,False,False
excalibur90210,2,0.0,0,1,0,1,0.0,2.0,0.0,4.0255670123548395e-21,,,,False,False,False
exculpation,1,0.0,1,1,1,1,1.0,1.0,0.00036644230328795305,0.002616411507936339,1.0,0.0,0.0,False,False,False
exodusfailsafe,7,0.1428571428571428,3,6,3,6,3.0,7.0,0.0008292605362071778,0.004622958643998949,3.0,0.0,0.0,True,False,False
expensive-meat9395,1,0.0,2,1,2,1,2.0,1.0,3.1352353866148065e-06,0.0005536738678696193,2.0,0.0,0.0,False,False,False
expensive_ad_8450,1,0.0,0,1,0,1,0.0,1.0,0.0,-2.4510723121161895e-19,,,,False,False,False
expensive_past_9430,1,1.0,0,1,0,1,0.0,1.0,0.0,-2.3466547641213836e-20,,,,False,False,False
explosive_dynamitko,1,0.0,0,1,0,1,0.0,1.0,0.0,-3.481916264913668e-19,,,,False,False,False
extension_future5001,1,0.0,1,1,1,1,1.0,1.0,0.0,0.002736466557340539,1.0,0.0,0.0,False,False,False
extension_idea8651,1,0.0,0,1,0,1,0.0,1.0,0.0,-4.590544317218631e-19,,,,False,False,False
external_paramedic20,1,0.0,0,1,0,1,0.0,1.0,0.0,-1.7435177862087095e-20,,,,False,False,False
ez_ildor,1,0.0,0,1,0,1,0.0,1.0,0.0,3.1439432634586327e-19,,,,False,False,False
ezben,1,0.0,0,1,0,1,0.0,1.0,0.0,4.2886674544205976e-19,,,,False,False,False
fabiofn16,9,0.0,21,5,21,5,27.0,9.0,0.005932447722785185,0.0061723708976086245,27.0,0.0,0.0,True,False,True
facelesshumanface,4,0.0,2,2,2,2,4.0,4.0,0.0014792964156765838,0.0008054180384639609,4.0,0.0,0.0,False,False,False
facetiousbeard,1,0.0,1,1,1,1,1.0,1.0,0.0,1.0293790619251064e-05,1.0,0.0,0.0,False,False,False
fairest_opinion158,1,0.0,0,1,0,1,0.0,1.0,0.0,5.926076456768531e-19,,,,False,False,False
falcon-excellent,1,0.0,0,1,0,1,0.0,1.0,0.0,-1.2447203809810724e-19,,,,False,False,False
falconoflight777,2,0.0,0,2,0,2,0.0,2.0,0.0,6.403173858340711e-19,,,,False,False,False
falconoverall7166,1,0.0,0,1,0,1,0.0,1.0,0.0,-7.086269671079588e-20,,,,False,False,False
falcormoor,3,0.0,8,3,8,3,8.0,3.0,0.0011300599842592257,0.00151544630963403,8.0,0.0,0.0,True,False,True
faloin67,2,0.0,1,1,1,1,1.0,2.0,0.0,0.006909076744320016,1.0,0.0,0.0,False,False,False
familiar_amoeba_8212,1,0.0,3,1,3,1,3.0,1.0,0.0003140344513537526,0.011108334059854797,3.0,0.0,0.0,True,False,False
fantasticacadia5819,3,0.0,2,1,2,1,3.0,3.0,0.0,0.09678826235962094,3.0,0.0,0.0,False,False,False
fastenedcarrot,1,0.0,0,1,0,1,0.0,1.0,0.0,-8.608125208262197e-20,,,,False,False,False
fate_lind,1,1.0,0,1,0,1,0.0,1.0,0.0,-5.734796513854697e-19,,,,False,False,False
fearless-dust-2073,2,0.0,1,2,1,2,1.0,2.0,0.00017540076842085858,0.001692861844378799,1.0,0.0,0.0,False,False,False
fearless_quail4105,1,1.0,0,1,0,1,0.0,1.0,0.0,6.708225409092922e-19,,,,False,False,False
feeling_tennis_8495,1,0.0,0,1,0,1,0.0,1.0,0.0,-4.3352716066462444e-19,,,,False,False,False
felth88,2,0.0,0,2,0,2,0.0,2.0,0.0,5.841262027464431e-19,,,,False,False,False
feltmez,1,0.0,0,1,0,1,0.0,1.0,0.0,7.294346205140735e-19,,,,False,False,False
feng_smith,3,0.0,2,3,2,3,2.0,3.0,0.0011636315086498265,0.00010426042859756924,2.0,0.0,0.0,False,False,False
fenrircoyote,2,0.0,0,2,0,2,0.0,2.0,0.0,-1.4700612978883903e-20,,,,False,False,False
ferfykins,1,0.0,1,1,1,1,1.0,1.0,0.0,0.0033958222291100176,1.0,0.0,0.0,False,False,False
fewhovercraft2996,1,0.0,0,1,0,1,0.0,1.0,0.0,2.1418030259734977e-19,,,,False,False,False
fewprofit2320,1,0.0,0,1,0,1,0.0,1.0,0.0,4.1878111554580327e-19,,,,False,False,False
fickle-cress-3407,1,0.0,0,1,0,1,0.0,1.0,0.0,1.3850821086690352e-19,,,,False,False,False
fideriti,1,1.0,0,1,0,1,0.0,1.0,0.0,-2.0756663073957609e-19,,,,False,False,False
fierce-gaia,1,0.0,0,1,0,1,0.0,1.0,0.0,-3.232680069773654e-20,,,,False,False,False
filipino_spice,2,0.0,2,1,2,1,3.0,1.0,0.00036644230328795305,2.361678228823726e-06,3.0,0.0,0.0,False,False,False
filteredgenius,1,0.0,0,1,0,1,0.0,1.0,0.0,-3.098318888237038e-19,,,,False,False,False
final_werewolf_7586,4,0.0,1,4,1,4,1.0,4.0,2.464284412234754e-05,0.0006186147487121311,1.0,0.0,0.0,False,False,False
financial_half_6741,1,0.0,1,1,1,1,1.0,1.0,0.0,-5.606730577469394e-18,1.0,0.0,0.0,False,False,False
fine_ad_255,3,0.0,2,1,2,1,3.0,3.0,0.0,1.9498837880531927e-18,3.0,0.0,0.0,False,False,False
fine_cut1542,1,0.0,2,1,2,1,2.0,1.0,7.870414698381023e-05,0.0018821750586509192,2.0,0.0,0.0,False,False,False
fishing-for-birdie93,1,0.0,0,1,0,1,0.0,1.0,0.0,2.336804311993331e-19,,,,False,False,False
fit-firefighter8752,4,0.25,2,3,2,3,3.0,4.0,0.003705884041158722,3.228713103635064e-06,3.0,0.0,0.0,False,False,False
fit_technician8455,1,0.0,0,1,0,1,0.0,1.0,0.0,4.703939438419189e-19,,,,False,False,False
flaky-motor-8142,1,0.0,0,1,0,1,0.0,1.0,0.0,-8.758206243611692e-21,,,,False,False,False
flame_surfboards,1,0.0,0,1,0,1,0.0,1.0,0.0,-4.474552802561261e-19,,,,False,False,False
flamebaited,2,0.0,1,1,1,1,1.0,2.0,0.0,0.0002467883358440005,1.0,0.0,0.0,False,False,False
flashy_degree_3633,1,0.0,0,1,0,1,0.0,1.0,0.0,6.765082228011536e-19,,,,False,False,False
flatwormlost3358,4,0.0,4,2,4,2,6.0,4.0,0.0008366686598156811,0.002269661591620103,6.0,0.0,0.0,True,False,False
fletcher-wordy,1,0.0,1,1,1,1,1.0,1.0,0.0,0.004860210714251489,1.0,0.0,0.0,False,False,False
flightless_i_guess,1,0.0,0,1,0,1,0.0,1.0,0.0,1.177356588566948e-19,,,,False,False,False
flint_vorselon,1,0.0,1,1,1,1,1.0,1.0,0.0,0.012702767574285869,1.0,0.0,0.0,False,False,False
flippo6969,1,0.0,0,1,0,1,0.0,1.0,0.0,4.967043056880808e-19,,,,False,False,False
fluffy_somewhere4305,1,0.0,0,1,0,1,0.0,1.0,0.0,6.015698262235211e-20,,,,False,False,False
fluffywuffyvolibear,1,0.0,1,1,1,1,1.0,1.0,3.0949518858779817e-07,6.93688246918882e-19,1.0,0.0,0.0,False,False,False
fluid-tap5115,4,0.5,5,3,5,3,7.0,4.0,0.0009936858854925573,0.0007469673011136858,7.0,0.0,0.0,True,False,False
fluid_chair8351,6,0.0,39,3,39,3,42.0,6.0,0.010467310932268015,0.015578095523983248,42.0,0.0,0.0,True,False,True
flyingfuckingretard,1,0.0,0,1,0,1,0.0,1.0,0.0,3.5579779189387297e-19,,,,False,False,False
flyinrhyno,3,0.3333333333333333,2,2,2,2,2.0,3.0,0.00020955056290045365,0.004895095784446428,2.0,0.0,0.0,False,False,False
fnordcol,2,0.0,0,2,0,2,0.0,2.0,0.0,2.8400288488065625e-19,,,,False,False,False
fondue4kill,2,0.5,0,2,0,2,0.0,2.0,0.0,2.085462453307746e-20,,,,False,False,False
fonktron3000,1,0.0,0,1,0,1,0.0,1.0,0.0,-1.4333192037595446e-19,,,,False,False,False
fonzalonz,2,0.0,1,1,1,1,2.0,2.0,0.0,1.8555792205809445e-18,2.0,0.0,0.0,False,False,False
foolingaroundtown,1,0.0,0,1,0,1,0.0,1.0,0.0,3.493717310873062e-19,,,,False,False,False
foreign-flight-7531,2,1.0,0,2,0,2,0.0,2.0,0.0,-5.85185425641536e-19,,,,False,False,False
foreign-membership-3,1,0.0,0,1,0,1,0.0,1.0,0.0,8.460668163760409e-19,,,,False,False,False
former_hat_6890,1,0.0,2,1,2,1,2.0,1.0,0.00020519306287792671,0.0016984743058578414,2.0,0.0,0.0,False,False,False
forrneus,1,0.0,4,1,4,1,4.0,1.0,0.0005453437634685457,0.009704437652856893,4.0,0.0,0.0,True,False,False
forsaken_market5985,1,0.0,0,1,0,1,0.0,1.0,0.0,-2.7741664806481984e-20,,,,False,False,False
forsakenentity,1,0.0,0,1,0,1,0.0,1.0,0.0,2.9557018542091294e-19,,,,False,False,False
fortrattatouille,1,0.0,0,1,0,1,0.0,1.0,0.0,3.0527061303797782e-19,,,,False,False,False
forwardgoldforever,3,0.3333333333333333,2,1,2,1,4.0,3.0,1.0935677594503716e-05,0.019050304262162792,4.0,0.0,0.0,False,False,False
foxhead666,1,0.0,0,1,0,1,0.0,1.0,0.0,7.698827663278532e-19,,,,False,False,False
fragrant-lynx-3559,6,0.0,61,2,61,2,71.0,2.0,0.009695831699817635,0.10142429384378167,71.0,0.0,0.0,True,False,True
fragrant-spirit-5428,1,0.0,0,1,0,1,0.0,1.0,0.0,-4.556010946166186e-19,,,,False,False,False
frankbouch,5,0.0,3,5,3,5,6.0,5.0,0.003149904329943417,0.0008128475420973051,6.0,0.0,0.0,True,False,True
frankiid,1,0.0,1,1,1,1,1.0,1.0,0.0,0.00870909787979548,1.0,0.0,0.0,False,False,False
frankypro14,1,0.0,0,1,0,1,0.0,1.0,0.0,5.682358503216172e-19,,,,False,False,False
frenzied_anarchist,1,0.0,0,1,0,1,0.0,1.0,0.0,-1.5495216881896575e-19,,,,False,False,False
frequent-magician866,3,0.0,2,2,2,2,2.0,3.0,1.031650628625994e-06,-2.6289365431232687e-19,2.0,0.0,0.0,False,False,False
freyalster,2,0.0,1,1,1,1,1.0,2.0,0.0,0.0858598896632048,1.0,0.0,0.0,False,False,False
friendlylog2171,1,0.0,0,1,0,1,0.0,1.0,0.0,-1.7744559754217494e-19,,,,False,False,False
frings08,1,0.0,0,1,0,1,0.0,1.0,0.0,-1.0516275928962203e-19,,,,False,False,False
front-explanation308,1,1.0,0,1,0,1,0.0,1.0,0.0,7.777577390527022e-20,,,,False,False,False
frostbaka,3,0.0,2,3,2,3,2.0,3.0,0.000272778221679328,1.9874040934365127e-18,2.0,0.0,0.0,False,False,False
frosty-carry9606,1,0.0,0,1,0,1,0.0,1.0,0.0,-4.487929679912022e-19,,,,False,False,False
frosty_silver389,1,0.0,0,1,0,1,0.0,1.0,0.0,-8.189454306370438e-19,,,,False,False,False
fryingpanlover,1,0.0,0,1,0,1,0.0,1.0,0.0,-1.031318737502395e-19,,,,False,False,False
fugginipad,2,0.0,0,2,0,2,0.0,2.0,0.0,-1.1076361965148496e-19,,,,False,False,False
fullmetalcos,2,0.0,0,2,0,2,0.0,2.0,0.0,3.534310394071844e-19,,,,False,False,False
fullnatural8187,1,0.0,0,1,0,1,0.0,1.0,0.0,5.749651225799953e-19,,,,False,False,False
fullview360,1,1.0,0,1,0,1,0.0,1.0,0.0,1.3250665003931082e-19,,,,False,False,False
fullymoistcookie,1,0.0,0,1,0,1,0.0,1.0,0.0,3.093536686529478e-19,,,,False,False,False
fun-emotion3660,22,0.0454545454545454,16,16,16,16,24.0,20.0,0.007523827326489758,0.002020867450353076,24.0,0.0,0.0,True,False,True
fun-statement9619,4,0.0,6,4,6,4,6.0,4.0,0.0018813180863623627,4.3194879197878427e-07,6.0,0.0,0.0,True,False,True
fun_agency2771,1,0.0,1,1,1,1,1.0,1.0,0.00016135015831710546,-1.2123867400848057e-18,1.0,0.0,0.0,False,False,False
funwolf333,1,0.0,1,1,1,1,1.0,1.0,0.0,0.0069090767443200155,1.0,0.0,0.0,False,False,False
futaba_medjedp5r,2,0.0,2,2,2,2,2.0,2.0,0.000314447111605203,-4.873741474867544e-19,2.0,0.0,0.0,False,False,False
fwdslashdash,1,0.0,0,1,0,1,0.0,1.0,0.0,5.8673591198067145e-19,,,,False,False,False
fwufikins,1,0.0,0,1,0,1,0.0,1.0,0.0,-3.3070445087597977e-19,,,,False,False,False
fyl_bot,1,0.0,0,1,0,1,0.0,1.0,0.0,-5.184025142372492e-19,,,,False,False,False
fyrise,1,0.0,0,1,0,1,0.0,1.0,0.0,-4.582365054049144e-19,,,,False,False,False
g0rdomaster,1,0.0,0,1,0,1,0.0,1.0,0.0,2.1098142035474406e-19,,,,False,False,False
g_schatten,1,0.0,0,1,0,1,0.0,1.0,0.0,-2.2436107935435637e-19,,,,False,False,False
gabitheprogrammer,2,0.5,0,2,0,2,0.0,2.0,0.0,-6.9395087916167e-19,,,,False,False,False
gailardiag,1,0.0,0,1,0,1,0.0,1.0,0.0,-7.436673017262998e-19,,,,False,False,False
galactuswill,1,0.0,0,1,0,1,0.0,1.0,0.0,4.838297573958783e-19,,,,False,False,False
gallantxthief,1,0.0,0,1,0,1,0.0,1.0,0.0,1.8028108864987419e-19,,,,False,False,False
gallifrey_lord,1,0.0,0,1,0,1,0.0,1.0,0.0,-5.598852865792517e-19,,,,False,False,False
gamelifeofficial,1,1.0,0,1,0,1,0.0,1.0,0.0,-3.23431855124905e-19,,,,False,False,False
gamer0613,1,0.0,0,1,0,1,0.0,1.0,0.0,4.455810811476004e-19,,,,False,False,False
gamercat20,1,0.0,0,1,0,1,0.0,1.0,0.0,1.9191225944121968e-19,,,,False,False,False
gamergramps62,1,0.0,0,1,0,1,0.0,1.0,0.0,1.213184322854588e-19,,,,False,False,False
gamerton123,1,0.0,0,1,0,1,0.0,1.0,0.0,7.501396171211166e-19,,,,False,False,False
gamesbrainiac,2,0.0,1,2,1,2,1.0,2.0,0.0001572235558026015,1.4734252899334808e-18,1.0,0.0,0.0,False,False,False
ganelo-san,1,0.0,0,1,0,1,0.0,1.0,0.0,4.4194763073658985e-19,,,,False,False,False
garguno,1,0.0,0,1,0,1,0.0,1.0,0.0,8.855797261795254e-20,,,,False,False,False
garionorb,1,1.0,0,1,0,1,0.0,1.0,0.0,4.1772946582461122e-19,,,,False,False,False
garynevilleisared,2,0.5,1,2,1,2,1.0,2.0,0.0005914883526713423,0.0007778903340449508,1.0,0.0,0.0,False,False,False
gaschlerm,1,0.0,0,1,0,1,0.0,1.0,0.0,-1.2242411808952769e-19,,,,False,False,False
gavaboo,2,0.5,1,2,1,2,1.0,2.0,0.003945108357739393,0.0019075064876117648,1.0,0.0,0.0,False,False,False
gaymerguy47,1,0.0,0,1,0,1,0.0,1.0,0.0,2.125196964711058e-19,,,,False,False,False
gdjoe,2,0.5,1,2,1,2,1.0,2.0,0.003509318139805643,0.0005473736342538546,1.0,0.0,0.0,False,False,False
gentle_jock,1,0.0,0,1,0,1,0.0,1.0,0.0,-2.072032213036888e-19,,,,False,False,False
geosel,2,0.0,1,1,1,1,2.0,2.0,0.0,0.08585988966320486,2.0,0.0,0.0,False,False,False
gg-679,2,0.0,2,2,2,2,2.0,2.0,0.00037281614999698227,0.00035403708043182296,2.0,0.0,0.0,False,False,False
gh0stofearth,1,0.0,0,1,0,1,0.0,1.0,0.0,2.7499632462038934e-19,,,,False,False,False
ghanaguy404error,1,0.0,0,1,0,1,0.0,1.0,0.0,1.4912459393746024e-19,,,,False,False,False
ghost20097,1,0.0,0,1,0,1,0.0,1.0,0.0,3.899175586230892e-19,,,,False,False,False
ghost_of_skalitz,5,0.0,1,5,1,5,1.0,5.0,0.0001926499173539472,4.370090152921182e-05,1.0,0.0,0.0,False,False,False
gillygoblin,1,0.0,0,1,0,1,0.0,1.0,0.0,-3.861598134061953e-19,,,,False,False,False
gingerlyrough,3,0.0,3,3,3,3,3.0,3.0,0.00020941197728563393,4.37013459829576e-19,3.0,0.0,0.0,True,False,False
giorgos_vast_26,2,0.0,0,2,0,2,0.0,2.0,0.0,-1.0542923193425638e-19,,,,False,False,False
glass-mushroom7163,1,0.0,1,1,1,1,1.0,1.0,0.0,0.0011042847246059678,1.0,0.0,0.0,False,False,False
glena92,1,0.0,0,1,0,1,0.0,1.0,0.0,-8.005912574790554e-20,,,,False,False,False
glitchyguy_404,4,0.0,1,2,1,2,2.0,4.0,0.00035564242362118466,0.006909076744320011,2.0,0.0,0.0,False,False,False
glittering-rabbit899,2,0.0,9,2,9,2,9.0,2.0,0.0018475068036236662,0.007121251914416572,9.0,0.0,0.0,True,False,True
gloomy_ad_2185,4,0.0,2,4,2,4,3.0,4.0,0.0004935432649991266,0.0004693280446149384,3.0,0.0,0.0,False,False,False
gloveable1736,6,0.0,2,4,2,4,3.0,6.0,0.0019096472668000703,0.004391516460797013,3.0,0.0,0.0,False,False,False
gmbrother,2,0.0,0,2,0,2,0.0,2.0,0.0,-5.061106124924841e-19,,,,False,False,False
goatrealistic2102,1,0.0,0,1,0,1,0.0,1.0,0.0,-4.688048459595936e-19,,,,False,False,False
godtier-69,1,0.0,1,1,1,1,1.0,1.0,0.0,-1.858257977962441e-18,1.0,0.0,0.0,False,False,False
goldfishpony,4,0.0,0,4,0,4,0.0,4.0,0.0,-2.281383927529126e-20,,,,False,False,False
gon_snow,1,0.0,0,1,0,1,0.0,1.0,0.0,-2.1859977588331017e-19,,,,False,False,False
gordonthecat,1,0.0,0,1,0,1,0.0,1.0,0.0,-5.422865644074855e-19,,,,False,False,False
gotacoolname,1,0.0,0,1,0,1,0.0,1.0,0.0,-2.193198505517727e-19,,,,False,False,False
graham47_,1,1.0,0,1,0,1,0.0,1.0,0.0,5.818889128879675e-20,,,,False,False,False
grand-function-2081,1,0.0,0,1,0,1,0.0,1.0,0.0,-1.0131842369684018e-18,,,,False,False,False
grand-lemon-1532,1,0.0,0,1,0,1,0.0,1.0,0.0,-4.605791825336759e-19,,,,False,False,False
greatandmightykevins,1,0.0,1,1,1,1,1.0,1.0,0.0,0.004514722040166168,1.0,0.0,0.0,False,False,False
grenadeleg,2,0.5,5,2,5,2,6.0,2.0,0.0006923560541744993,0.00015958022764630986,6.0,0.0,0.0,True,False,False
griffinhimself,1,1.0,2,1,2,1,2.0,1.0,2.063301257251988e-07,8.323975214071729e-08,2.0,0.0,0.0,False,False,False
grimgrincorpseborn,1,0.0,0,1,0,1,0.0,1.0,0.0,-1.155719861105961e-18,,,,False,False,False
grimmchild22,1,0.0,0,1,0,1,0.0,1.0,0.0,1.3564142168789882e-19,,,,False,False,False
grimreefer213,1,0.0,0,1,0,1,0.0,1.0,0.0,-5.518251114613388e-19,,,,False,False,False
gronstalker12,1,0.0,4,1,4,1,4.0,1.0,0.0004345226791798637,0.002517097516542147,4.0,0.0,0.0,True,False,False
grotesquelyobese,3,0.0,1,3,1,3,1.0,3.0,0.00012016211232490219,0.0002807549709023097,1.0,0.0,0.0,False,False,False
growiemowie,1,0.0,0,1,0,1,0.0,1.0,0.0,-2.7592974526715425e-19,,,,False,False,False
grumpyghost00,1,0.0,0,1,0,1,0.0,1.0,0.0,-1.2937333516989996e-19,,,,False,False,False
guaridadegoro099,1,0.0,0,1,0,1,0.0,1.0,0.0,-6.004907650426856e-19,,,,False,False,False
guitarjunkie1980,3,0.0,1,3,1,3,1.0,3.0,2.3727964458397862e-06,-5.541459625152624e-19,1.0,0.0,0.0,False,False,False
gullible-buy-6278,1,0.0,0,1,0,1,0.0,1.0,0.0,-2.6482825512021886e-19,,,,False,False,False
gulliblecommittee667,2,0.0,9,2,9,2,9.0,2.0,0.008220193155428443,0.0012272619044038648,9.0,0.0,0.0,True,False,True
guninho141,2,0.5,1,2,1,2,1.0,2.0,2.6965709891603133e-05,0.0004203887272700441,1.0,0.0,0.0,False,False,False
guppie_xtreme,1,0.0,1,1,1,1,1.0,1.0,0.0,1.6130422181119673e-18,1.0,0.0,0.0,False,False,False
gurru222,1,0.0,0,1,0,1,0.0,1.0,0.0,2.319144597006827e-19,,,,False,False,False
gutsthe_chad,1,0.0,7,1,7,1,7.0,1.0,0.0008737589172912725,7.560003183558556e-08,7.0,0.0,0.0,True,False,False
h1veleader,10,0.0,4,5,4,5,9.0,10.0,0.0020387670665837875,0.0007966105638335822,9.0,0.0,0.0,True,False,True
h4v0c7848,1,1.0,0,1,0,1,0.0,1.0,0.0,4.7630105545888215e-19,,,,False,False,False
hadern_77,1,0.0,0,1,0,1,0.0,1.0,0.0,-1.1351469770575593e-19,,,,False,False,False
hadesdivision,1,0.0,1,1,1,1,1.0,1.0,0.0003718297388377993,4.396919336790231e-19,1.0,0.0,0.0,False,False,False
halyoran,2,0.5,0,2,0,2,0.0,2.0,0.0,-4.6330901794625415e-19,,,,False,False,False
hamlerhead,5,0.2,6,4,6,4,8.0,5.0,0.006530954186025043,0.006214966317329885,8.0,0.0,0.0,True,False,True
hamptont2010,2,0.0,1,2,1,2,1.0,2.0,0.0001572235558026015,1.1351006505345259e-18,1.0,0.0,0.0,False,False,False
handofsargeras,1,0.0,0,1,0,1,0.0,1.0,0.0,-2.302221247262946e-19,,,,False,False,False
hansthescurvyboi,2,0.0,0,2,0,2,0.0,2.0,0.0,5.719397732437355e-19,,,,False,False,False
haroldperidolle,1,0.0,0,1,0,1,0.0,1.0,0.0,2.283257020710204e-19,,,,False,False,False
harverydent,1,0.0,0,1,0,1,0.0,1.0,0.0,1.552010999933226e-19,,,,False,False,False
hassan_dislogical,1,0.0,1,1,1,1,1.0,1.0,0.0,0.08585988966320485,1.0,0.0,0.0,False,False,False
hasyahshin,2,0.0,2,2,2,2,2.0,2.0,0.00014192978240779144,0.0026947970493749014,2.0,0.0,0.0,False,False,False
haunting-draft-632,1,0.0,7,1,7,1,9.0,1.0,0.0008881939847257218,0.0039676820350666815,9.0,0.0,0.0,True,False,False
hausmeistermito-o,3,0.0,1,3,1,3,1.0,3.0,0.00045759616901419023,0.0024705036664996204,1.0,0.0,0.0,False,False,False
hazardtree,1,1.0,0,1,0,1,0.0,1.0,0.0,-9.914478675779224e-20,,,,False,False,False
healersheal,2,0.5,1,2,1,2,1.0,2.0,0.0003851051421504422,0.0026164115079363418,1.0,0.0,0.0,False,False,False
healthy-ad6851,2,0.5,0,2,0,2,0.0,2.0,0.0,-2.96578873566326e-19,,,,False,False,False
hearts-heroes,3,0.0,1,3,1,3,1.0,3.0,0.0006768685975066033,1.1859530148654769e-06,1.0,0.0,0.0,False,False,False
heartsinharmony,1,0.0,1,1,1,1,1.0,1.0,0.00011876447692716492,-5.756929652393563e-19,1.0,0.0,0.0,False,False,False
heated13shot,1,0.0,0,1,0,1,0.0,1.0,0.0,-8.217857998856795e-19,,,,False,False,False
heavy_chains,1,0.0,0,1,0,1,0.0,1.0,0.0,-1.266958307644704e-19,,,,False,False,False
heavy_designer5940,2,0.0,1,1,1,1,1.0,2.0,0.0,7.501045649404001e-05,1.0,0.0,0.0,False,False,False
heavy_play_7339,1,0.0,0,1,0,1,0.0,1.0,0.0,-4.1401356255588374e-19,,,,False,False,False
heavy_rate1582,1,1.0,0,1,0,1,0.0,1.0,0.0,-4.785907047158148e-19,,,,False,False,False
heavyarms3111,1,0.0,0,1,0,1,0.0,1.0,0.0,-1.1564191036506168e-19,,,,False,False,False
hefty-field-4024,1,0.0,0,1,0,1,0.0,1.0,0.0,3.8251034167112627e-19,,,,False,False,False
helioshorribledude,1,1.0,0,1,0,1,0.0,1.0,0.0,2.876275810532987e-19,,,,False,False,False
hellyeahlesgo,1,0.0,0,1,0,1,0.0,1.0,0.0,1.4069470118134523e-19,,,,False,False,False
hentaimaster501,1,0.0,0,1,0,1,0.0,1.0,0.0,6.338792692884072e-19,,,,False,False,False
hermitking91,2,0.0,1,2,1,2,1.0,2.0,0.00022569525503002782,0.005678475621427675,1.0,0.0,0.0,False,False,False
herr-trigger86,1,0.0,2,1,2,1,2.0,1.0,0.00015742988592832668,-1.9277751376394764e-18,2.0,0.0,0.0,False,False,False
hesjustacook,2,0.0,1,2,1,2,1.0,2.0,6.784986054998324e-05,-5.167947191004909e-19,1.0,0.0,0.0,False,False,False
hiddenmango522,1,0.0,0,1,0,1,0.0,1.0,0.0,5.693016641551153e-19,,,,False,False,False
hidoraart,1,0.0,0,1,0,1,0.0,1.0,0.0,7.651640295202334e-20,,,,False,False,False
hihellome,3,0.0,0,3,0,3,0.0,3.0,0.0,-1.7230052944334807e-19,,,,False,False,False
hippiebathday,1,0.0,0,1,0,1,0.0,1.0,0.0,-2.9740213353784324e-19,,,,False,False,False
hispanic_titantic03,1,0.0,0,1,0,1,0.0,1.0,0.0,-7.515804152085469e-20,,,,False,False,False
historicgamer18,1,0.0,1,1,1,1,1.0,1.0,5.325134913865336e-05,9.901102273400701e-05,1.0,0.0,0.0,False,False,False
hollowcap456,1,0.0,1,1,1,1,1.0,1.0,0.0,2.7219120558740835e-05,1.0,0.0,0.0,False,False,False
hollowsi,1,0.0,0,1,0,1,0.0,1.0,0.0,-3.4652251406621793e-19,,,,False,False,False
holyerr0r,1,0.0,5,1,5,1,5.0,1.0,0.0003145846650223531,5.637451439187378e-05,5.0,0.0,0.0,True,False,False
holyknightpozo,1,0.0,0,1,0,1,0.0,1.0,0.0,1.6350931928519368e-19,,,,False,False,False
hoodedkr0w,3,0.3333333333333333,1,2,1,2,1.0,3.0,0.00016511457748534782,0.004391516460797012,1.0,0.0,0.0,False,False,False
hopeful_meeting_7248,1,0.0,1,1,1,1,1.0,1.0,0.0,0.0014384584072468386,1.0,0.0,0.0,False,False,False
hot_bookkeeper_8512,2,0.0,1,2,1,2,1.0,2.0,0.0001572235558026015,3.467112088204877e-19,1.0,0.0,0.0,False,False,False
hotneighbor420,1,0.0,0,1,0,1,0.0,1.0,0.0,1.8887245295983581e-19,,,,False,False,False
housesniper,1,0.0,0,1,0,1,0.0,1.0,0.0,-6.39087333578595e-19,,,,False,False,False
houstonastros1980,3,0.0,2,3,2,3,2.0,3.0,0.0025693930028399246,0.0011213977191243199,2.0,0.0,0.0,False,False,False
hugo_t4,1,1.0,0,1,0,1,0.0,1.0,0.0,1.0215427712664791e-19,,,,False,False,False
humble-pie3060,1,0.0,0,1,0,1,0.0,1.0,0.0,8.128950779429011e-20,,,,False,False,False
humbleconversation42,13,0.1538461538461538,13,12,13,12,13.0,13.0,0.008899109492713272,0.024330015441454023,13.0,0.0,0.0,True,False,True
huntersfuneral,2,0.0,2,2,2,2,2.0,2.0,0.00024808541195382944,-1.0926281367993546e-18,2.0,0.0,0.0,False,False,False
hurtf33lings,2,0.0,1,2,1,2,1.0,2.0,0.0003672278450244776,0.003367036444949024,1.0,0.0,0.0,False,False,False
hush_1984,1,0.0,0,1,0,1,0.0,1.0,0.0,-1.436541135156516e-19,,,,False,False,False
hush_and_sleep,1,0.0,0,1,0,1,0.0,1.0,0.0,-4.4020731548495e-19,,,,False,False,False
hyperfixed,37,0.1891891891891892,27,29,27,29,29.0,37.0,0.04082470512274889,0.031630386829699264,29.0,0.0,0.0,True,False,True
hyperion_9,1,0.0,0,1,0,1,0.0,1.0,0.0,-6.003468610505593e-19,,,,False,False,False
i_am_a_pan_fear_me,1,0.0,0,1,0,1,0.0,1.0,0.0,2.8917735878001964e-19,,,,False,False,False
iamspareuserperson,12,0.0833333333333333,2,9,2,9,3.0,12.0,0.0011183213815215327,0.0009525137414870659,3.0,0.0,0.0,False,False,False
iamthelibrary,1,0.0,0,1,0,1,0.0,1.0,0.0,5.657333660265741e-19,,,,False,False,False
iamwolfe_fu-red_it,1,0.0,0,1,0,1,0.0,1.0,0.0,3.5411343709142975e-19,,,,False,False,False
iarcticfire,1,0.0,0,1,0,1,0.0,1.0,0.0,5.619604143661852e-19,,,,False,False,False
iareprogrammer,1,0.0,1,1,1,1,1.0,1.0,0.0002380131146646869,0.0009537319363782185,1.0,0.0,0.0,False,False,False
icirian_lazarel,1,0.0,0,1,0,1,0.0,1.0,0.0,-5.029332879154516e-19,,,,False,False,False
icy-macaron-2534,1,0.0,0,1,0,1,0.0,1.0,0.0,5.107679678071278e-19,,,,False,False,False
iggloovortex,1,0.0,3,1,3,1,3.0,1.0,0.00015701722567687632,0.0006266918417137532,3.0,0.0,0.0,True,False,False
ignarian96,1,0.0,0,1,0,1,0.0,1.0,0.0,-3.341892892038893e-19,,,,False,False,False
igniscorazon,2,0.0,8,2,8,2,9.0,2.0,0.0017226955200095998,0.0007457290925529316,9.0,0.0,0.0,True,False,True
iguanabewithyou,1,0.0,0,1,0,1,0.0,1.0,0.0,-4.390758337905757e-19,,,,False,False,False
ihaveaquesttoattend,1,1.0,0,1,0,1,0.0,1.0,0.0,3.1274551331408974e-19,,,,False,False,False
ihax4snax,2,0.0,1,1,1,1,2.0,2.0,0.0,2.2964543985396092e-18,2.0,0.0,0.0,False,False,False
ikatashy,1,1.0,0,1,0,1,0.0,1.0,0.0,-1.4679747743509644e-21,,,,False,False,False
ikwarriors,3,0.0,5,3,5,3,6.0,3.0,0.0031508119730751308,0.02244849071924233,6.0,0.0,0.0,True,False,True
ilikekittensandstuf,1,0.0,0,1,0,1,0.0,1.0,0.0,-2.0363740920992635e-19,,,,False,False,False
ill-muscle945,3,0.0,8,3,8,3,8.0,3.0,0.002317817904638649,0.000611428369378604,8.0,0.0,0.0,True,False,True
ill_confidence_7342,1,0.0,1,1,1,1,1.0,1.0,5.374890372161605e-05,0.003096760052880824,1.0,0.0,0.0,False,False,False
illokonereum,3,0.0,0,3,0,3,0.0,3.0,0.0,5.01656535377674e-19,,,,False,False,False
illustrious-bit-5441,5,0.0,3,3,3,3,6.0,5.0,0.0027729588420239014,0.003249705517331091,6.0,0.0,0.0,True,False,True
ilovespagety,2,0.0,2,2,2,2,2.0,2.0,0.0006535262751077639,0.08585988966320483,2.0,0.0,0.0,False,False,False
im_alzaea,2,0.0,2,1,2,1,3.0,2.0,1.4099225257888584e-06,4.5077839389692365e-05,3.0,0.0,0.0,False,False,False
im_chris_james,1,0.0,0,1,0,1,0.0,1.0,0.0,-2.6878324843291463e-19,,,,False,False,False
imaginary-ground6401,1,0.0,0,1,0,1,0.0,1.0,0.0,-1.865597572414258e-19,,,,False,False,False
immrr0b0t0,1,0.0,4,1,4,1,4.0,1.0,0.000629312827209109,0.0034267732068823478,4.0,0.0,0.0,True,False,False
imocaris,1,0.0,1,1,1,1,1.0,1.0,0.0,0.0004425992291133959,1.0,0.0,0.0,False,False,False
impassable_banana,1,0.0,1,1,1,1,1.0,1.0,0.0,0.0032571884845518833,1.0,0.0,0.0,False,False,False
impossible-sky4256,1,0.0,0,1,0,1,0.0,1.0,0.0,1.7328581388674334e-19,,,,False,False,False
impossible_kale2886,2,0.0,0,2,0,2,0.0,2.0,0.0,-4.436887677369826e-19,,,,False,False,False
impressive-sun-9332,2,0.0,1,2,1,2,1.0,2.0,0.00015742988592832668,-1.1267294658886888e-18,1.0,0.0,0.0,False,False,False
imupoffadatthang,1,0.0,0,1,0,1,0.0,1.0,0.0,-2.61260866603406e-19,,,,False,False,False
imustbust,1,0.0,1,1,1,1,1.0,1.0,0.00015722355580260152,-4.2035164135172254e-20,1.0,0.0,0.0,False,False,False
incurious_jettsy,3,0.0,1,3,1,3,1.0,3.0,0.0006658268109276766,0.001907506487611766,1.0,0.0,0.0,False,False,False
independencedear92,1,0.0,0,1,0,1,0.0,1.0,0.0,-1.6349829249934697e-20,,,,False,False,False
independentcash8767,1,0.0,0,1,0,1,0.0,1.0,0.0,2.629429385905545e-19,,,,False,False,False
inevitable_bobcat742,1,0.0,0,1,0,1,0.0,1.0,0.0,1.6114493118526263e-19,,,,False,False,False
infernalbam,1,0.0,0,1,0,1,0.0,1.0,0.0,-8.178589011893113e-19,,,,False,False,False
infinite-ad786,1,0.0,0,1,0,1,0.0,1.0,0.0,-2.32326116440175e-19,,,,False,False,False
infinite_ad_3897,1,0.0,0,1,0,1,0.0,1.0,0.0,4.756840834876975e-21,,,,False,False,False
inflatable_bridge,1,0.0,2,1,2,1,2.0,1.0,0.0001576362160540519,-2.3437389289156536e-18,2.0,0.0,0.0,False,False,False
ingloriousblaster,3,0.0,2,2,2,2,2.0,3.0,6.189903771755963e-07,3.892052312615262e-18,2.0,0.0,0.0,False,False,False
inmate9000,1,0.0,0,1,0,1,0.0,1.0,0.0,6.109502299397731e-19,,,,False,False,False
inmerens,1,0.0,1,1,1,1,1.0,1.0,0.0,0.08585988966320483,1.0,0.0,0.0,False,False,False
inner_alarm_4049,1,0.0,0,1,0,1,0.0,1.0,0.0,-3.4021557975412127e-19,,,,False,False,False
innuendobot5001,4,0.25,1,4,1,4,1.0,4.0,0.00015722355580260152,-5.010101710852984e-19,1.0,0.0,0.0,False,False,False
insanelysmart,1,0.0,0,1,0,1,0.0,1.0,0.0,3.0482390183520195e-19,,,,False,False,False
insanitycrimson,2,0.5,1,2,1,2,1.0,2.0,0.002131074617741564,0.008709097879795479,1.0,0.0,0.0,False,False,False
inside_cod7111,1,0.0,0,1,0,1,0.0,1.0,0.0,-5.939279464074882e-19,,,,False,False,False
instancenew9305,4,0.25,20,4,20,4,20.0,4.0,0.006819178266943657,0.0038994232254839457,20.0,0.0,0.0,True,False,True
instinctualize,1,0.0,0,1,0,1,0.0,1.0,0.0,-5.619310806823126e-19,,,,False,False,False
intelligent_war8054,1,0.0,0,1,0,1,0.0,1.0,0.0,5.770218602627634e-20,,,,False,False,False
interesting-land6413,1,0.0,0,1,0,1,0.0,1.0,0.0,3.5812779227852497e-19,,,,False,False,False
interesting-pause749,1,0.0,1,1,1,1,1.0,1.0,0.0,1.0708242195175884e-18,1.0,0.0,0.0,False,False,False
interesting-speed736,2,0.0,3,2,3,2,4.0,2.0,0.0003711707020024889,4.517651767279957e-05,4.0,0.0,0.0,True,False,False
interesting_hyena805,1,0.0,1,1,1,1,1.0,1.0,0.0,1.2519734965918647e-18,1.0,0.0,0.0,False,False,False
internetindividual81,1,0.0,0,1,0,1,0.0,1.0,0.0,-4.77457577098076e-19,,,,False,False,False
inv4der_x_zimmx2,1,1.0,0,1,0,1,0.0,1.0,0.0,-2.6901691379220224e-20,,,,False,False,False
iommiisgod666,1,0.0,0,1,0,1,0.0,1.0,0.0,4.183285278859223e-19,,,,False,False,False
ironlord20,1,0.0,0,1,0,1,0.0,1.0,0.0,6.593797685808657e-20,,,,False,False,False
ironstark113,5,0.0,4,5,4,5,5.0,5.0,0.0030534890750206667,0.003305691280685933,5.0,0.0,0.0,True,False,True
irpforfun,1,0.0,0,1,0,1,0.0,1.0,0.0,2.6446369886449832e-20,,,,False,False,False
irradiated_gnome,10,0.2,3,8,3,8,4.0,10.0,0.0026053051745839545,0.014402934488723382,4.0,0.0,0.0,True,False,False
isaacmagalhaes,1,0.0,0,1,0,1,0.0,1.0,0.0,5.653948665795411e-19,,,,False,False,False
isaaczoldyck95,1,0.0,0,1,0,1,0.0,1.0,0.0,2.5082615035040686e-20,,,,False,False,False
isc_arias,1,0.0,0,1,0,1,0.0,1.0,0.0,-3.2929640504842167e-19,,,,False,False,False
itaylor04,3,0.3333333333333333,1,3,1,3,1.0,3.0,4.598214230447287e-06,1.4195910010207482e-18,1.0,0.0,0.0,False,False,False
itgohard,1,0.0,0,1,0,1,0.0,1.0,0.0,8.85035845944605e-20,,,,False,False,False
ithinkimlame,4,0.0,5,3,5,3,5.0,4.0,0.0028257275889637698,0.0002833791270186282,5.0,0.0,0.0,True,False,True
its_marz,2,0.0,0,2,0,2,0.0,2.0,0.0,2.815188814771672e-19,,,,False,False,False
itsanart,1,0.0,0,1,0,1,0.0,1.0,0.0,5.873230940532097e-20,,,,False,False,False
itsshaggymf,1,0.0,0,1,0,1,0.0,1.0,0.0,2.9311077691164774e-19,,,,False,False,False
itzgbby,3,0.0,6,2,6,2,8.0,3.0,0.0017460664586002226,0.003521246604909786,8.0,0.0,0.0,True,False,True
iukmus,1,1.0,0,1,0,1,0.0,1.0,0.0,-1.3383955382217946e-19,,,,False,False,False
ivanoho,2,0.0,1,2,1,2,1.0,2.0,0.0001572235558026015,2.1607355018024174e-18,1.0,0.0,0.0,False,False,False
izanagi32,1,0.0,0,1,0,1,0.0,1.0,0.0,7.570023126468447e-19,,,,False,False,False
izzyus_champion_9483,1,0.0,0,1,0,1,0.0,1.0,0.0,9.212509071663966e-20,,,,False,False,False
j0j0388,2,0.0,0,2,0,2,0.0,2.0,0.0,-1.9064750164497657e-19,,,,False,False,False
jachyra4,1,0.0,0,1,0,1,0.0,1.0,0.0,-2.7599083244460764e-19,,,,False,False,False
jagenigma,5,0.4,3,5,3,5,3.0,5.0,0.0014815160648519769,0.00014751272763565028,3.0,0.0,0.0,True,True,False
jakes331,1,0.0,0,1,0,1,0.0,1.0,0.0,2.6639481319901017e-19,,,,False,False,False
jandrovenger181,1,0.0,0,1,0,1,0.0,1.0,0.0,1.6449740959664945e-19,,,,False,False,False
jareddrake86,4,0.5,0,4,0,4,0.0,4.0,0.0,6.948573640744564e-19,,,,False,False,False
jaristic,1,0.0,0,1,0,1,0.0,1.0,0.0,-4.790665046791532e-19,,,,False,False,False
jarkous224,1,0.0,0,1,0,1,0.0,1.0,0.0,-3.2214517376919633e-19,,,,False,False,False
jarpwanderson,1,0.0,0,1,0,1,0.0,1.0,0.0,3.3865107950171414e-19,,,,False,False,False
jaruxius,2,0.0,0,2,0,2,0.0,2.0,0.0,-9.647371068633328e-20,,,,False,False,False
jason1004,5,0.0,1,3,1,3,3.0,5.0,0.0029085340092587127,0.0002695308153109803,3.0,0.0,0.0,False,False,False
jay_daewi,1,0.0,0,1,0,1,0.0,1.0,0.0,4.716062337211544e-19,,,,False,False,False
jaydeebottom,1,0.0,0,1,0,1,0.0,1.0,0.0,3.4362189522971753e-19,,,,False,False,False
jayj9nine,1,0.0,0,1,0,1,0.0,1.0,0.0,-2.3605188658532497e-19,,,,False,False,False
jaylightning230,1,0.0,0,1,0,1,0.0,1.0,0.0,3.6856933991815216e-19,,,,False,False,False
jaypexd,3,0.0,1,3,1,3,1.0,3.0,0.0001572235558026015,-3.0071481718908673e-19,1.0,0.0,0.0,False,False,False
jcthd,1,0.0,0,1,0,1,0.0,1.0,0.0,-1.2853935077959433e-19,,,,False,False,False
jdl03,2,0.0,2,2,2,2,2.0,2.0,0.00016420439172297073,-8.449697793716624e-19,2.0,0.0,0.0,False,False,False
jealous_kick_7880,1,0.0,0,1,0,1,0.0,1.0,0.0,-1.7915851135329993e-19,,,,False,False,False
jecct91,1,0.0,0,1,0,1,0.0,1.0,0.0,-5.153795351620486e-19,,,,False,False,False
jefe_wizen,2,0.0,0,2,0,2,0.0,2.0,0.0,-6.452302091306351e-19,,,,False,False,False
jenliv36,1,0.0,0,1,0,1,0.0,1.0,0.0,-3.6072095666255394e-19,,,,False,False,False
jenn_ftw,1,0.0,1,1,1,1,1.0,1.0,2.7756314532080315e-06,-2.3155358217712627e-18,1.0,0.0,0.0,False,False,False
jenzinstate,2,0.5,0,2,0,2,0.0,2.0,0.0,3.2851289378169674e-19,,,,False,False,False
jeoxs,1,0.0,3,1,3,1,4.0,1.0,0.0003338680629440211,0.0006620800320174517,4.0,0.0,0.0,True,False,False
jerry2556,2,0.0,1,1,1,1,1.0,2.0,0.0,0.006909076744320015,1.0,0.0,0.0,False,False,False
jffr363,1,0.0,1,1,1,1,1.0,1.0,2.063301257251988e-07,8.993782841674186e-20,1.0,0.0,0.0,False,False,False
jhoney1,1,0.0,0,1,0,1,0.0,1.0,0.0,5.74033078146284e-19,,,,False,False,False
jim-mack-16,1,0.0,0,1,0,1,0.0,1.0,0.0,5.029689523100202e-19,,,,False,False,False
jimmyjames0100,6,0.1666666666666666,1,4,1,4,1.0,5.0,0.004705691734575314,0.004391516460797011,1.0,0.0,0.0,False,False,False
jinz-o,2,0.0,0,2,0,2,0.0,2.0,0.0,-3.101630607875214e-19,,,,False,False,False
jiryathia,2,0.5,1,2,1,2,1.0,2.0,6.293831422696116e-05,-1.2865122271405232e-18,1.0,0.0,0.0,False,False,False
jklemeshov,1,0.0,0,1,0,1,0.0,1.0,0.0,-3.549593110699231e-19,,,,False,False,False
jobekkah,2,0.0,2,1,2,1,3.0,2.0,0.0001570172256768763,0.0026164115079363426,3.0,0.0,0.0,False,False,False
joe2822,5,0.0,3,5,3,5,4.0,5.0,0.002044102201263858,0.0005658203130749067,4.0,0.0,0.0,True,False,False
joe_6699,3,0.0,1,3,1,3,1.0,3.0,7.793812422238036e-05,0.00042038872727004405,1.0,0.0,0.0,False,False,False
joeyflowz84,1,0.0,1,1,1,1,1.0,1.0,0.0,0.08585988966320482,1.0,0.0,0.0,False,False,False
jolly-case-7190,7,0.1428571428571428,2,5,2,5,3.0,7.0,0.0007239759564223185,0.006680646483278248,3.0,0.0,0.0,False,False,False
jollylink,2,0.0,0,2,0,2,0.0,2.0,0.0,-7.915233508177863e-19,,,,False,False,False
jonathangoss183,1,1.0,0,1,0,1,0.0,1.0,0.0,4.637283136142095e-19,,,,False,False,False
jordanfarq2,1,0.0,0,1,0,1,0.0,1.0,0.0,1.1401193562438074e-19,,,,False,False,False
joshualukacs1,2,0.0,1,2,1,2,1.0,2.0,0.0011005648906182103,1.216528025164238e-18,1.0,0.0,0.0,False,False,False
journey2thaeast,15,0.0666666666666666,8,9,8,9,15.0,14.0,0.011937137700585685,0.0998006064254374,15.0,0.0,0.0,True,False,True
jplion123,1,0.0,0,1,0,1,0.0,1.0,0.0,5.2921688919648333e-20,,,,False,False,False
juche__necromancer,2,0.0,30,2,30,2,31.0,2.0,0.006788809153375609,0.0020875586432345353,31.0,0.0,0.0,True,False,True
jugeboss,1,0.0,0,1,0,1,0.0,1.0,0.0,-2.391197266409332e-19,,,,False,False,False
juggler_ghost,2,0.0,1,1,1,1,1.0,2.0,0.0,0.006909076744320012,1.0,0.0,0.0,False,False,False
jujuuyuyu,2,0.5,0,2,0,2,0.0,2.0,0.0,3.181982890758075e-20,,,,False,False,False
julikrpr93,1,0.0,0,1,0,1,0.0,1.0,0.0,-5.318269477088503e-19,,,,False,False,False
jumpbeautiful6889,1,0.0,1,1,1,1,1.0,1.0,0.0,7.81660647953581e-05,1.0,0.0,0.0,False,False,False
jumpingcrow,2,0.0,1,1,1,1,1.0,2.0,0.0,0.08585988966320485,1.0,0.0,0.0,False,False,False
jumpth,1,0.0,1,1,1,1,1.0,1.0,0.00014366360246422194,0.0003433406498582476,1.0,0.0,0.0,False,False,False
junior_activity_5011,1,0.0,0,1,0,1,0.0,1.0,0.0,-4.3605357655705e-19,,,,False,False,False
jusafuto,1,0.0,1,1,1,1,1.0,1.0,9.849561561255652e-06,0.00042002963842485875,1.0,0.0,0.0,False,False,False
just-a-guyyyyyy,1,0.0,0,1,0,1,0.0,1.0,0.0,6.860304645595824e-19,,,,False,False,False
just_a_anime_fan,1,0.0,0,1,0,1,0.0,1.0,0.0,-2.3940714061335314e-19,,,,False,False,False
justasimplewanderer,5,0.0,3,2,3,2,6.0,5.0,0.0005519250623655731,0.008149611869219402,6.0,0.0,0.0,True,False,False
justasmallwarpstorm,1,0.0,0,1,0,1,0.0,1.0,0.0,-1.4347786602993678e-19,,,,False,False,False
justgavinbennett,1,0.0,1,1,1,1,1.0,1.0,0.0,-1.7707334961376144e-19,1.0,0.0,0.0,False,False,False
jxa66,2,0.0,0,2,0,2,0.0,2.0,0.0,2.952674378317821e-19,,,,False,False,False
k00ls0x,7,0.0,1,5,1,5,3.0,7.0,0.0016397872360320738,0.0002707741773806212,3.0,0.0,0.0,False,False,False
k1ng_of_revenge13,5,0.0,1,5,1,5,1.0,5.0,0.0001572235558026015,9.808682942977825e-19,1.0,0.0,0.0,False,False,False
kai_wen22,1,0.0,0,1,0,1,0.0,1.0,0.0,-5.740041479102548e-19,,,,False,False,False
kaiju-special-sauce,1,0.0,0,1,0,1,0.0,1.0,0.0,1.65861623807775e-19,,,,False,False,False
kairo_04,7,0.0,3,6,3,6,4.0,7.0,0.0008325346324249844,1.3714795334970572e-05,4.0,0.0,0.0,True,False,False
kairoshs,1,0.0,0,1,0,1,0.0,1.0,0.0,4.959156030814238e-19,,,,False,False,False
kaitivere,1,0.0,0,1,0,1,0.0,1.0,0.0,-2.677093622481729e-19,,,,False,False,False
kaitotheramenbandit,2,0.5,0,2,0,2,0.0,2.0,0.0,1.448313132095159e-19,,,,False,False,False
kakaarottt,1,0.0,0,1,0,1,0.0,1.0,0.0,-2.2806024688551876e-19,,,,False,False,False
kalbalinor,1,0.0,1,1,1,1,1.0,1.0,0.0,0.0013918373974767257,1.0,0.0,0.0,False,False,False
kalimut,2,0.0,0,2,0,2,0.0,2.0,0.0,5.2437407134148295e-19,,,,False,False,False
kalxto,1,1.0,0,1,0,1,0.0,1.0,0.0,-1.5566925200518218e-19,,,,False,False,False
kamui_han,2,0.0,0,2,0,2,0.0,2.0,0.0,-5.010337802615978e-19,,,,False,False,False
kanyewon2020,1,0.0,0,1,0,1,0.0,1.0,0.0,9.363788114712446e-19,,,,False,False,False
kanzyn,2,0.0,1,1,1,1,2.0,2.0,0.0,0.004860210714251501,2.0,0.0,0.0,False,False,False
kar_kar444,2,0.0,1,2,1,2,1.0,2.0,0.0035474355930548763,0.0009298604959514715,1.0,0.0,0.0,False,False,False
karmicrotal0,2,0.0,1,2,1,2,1.0,2.0,5.76078623646796e-06,0.0005884169572068497,1.0,0.0,0.0,False,False,False
kashkadavr,1,0.0,0,1,0,1,0.0,1.0,0.0,-5.7788038100247775e-19,,,,False,False,False
kchan7777,1,0.0,1,1,1,1,1.0,1.0,0.00015681089555115112,0.0001518662380334579,1.0,0.0,0.0,False,False,False
kdogeric84,3,0.0,0,3,0,3,0.0,3.0,0.0,-4.697511377407308e-19,,,,False,False,False
keepforgettingname6,2,0.0,4,2,4,2,4.0,2.0,1.2379807543511927e-06,-5.286092466394533e-19,4.0,0.0,0.0,True,False,False
keerin,1,1.0,0,1,0,1,0.0,1.0,0.0,-4.1834222032960958e-19,,,,False,False,False
kehrplaste,1,0.0,1,1,1,1,1.0,1.0,0.0,0.006909076744320012,1.0,0.0,0.0,False,False,False
kerakk19,2,0.0,1,2,1,2,1.0,2.0,0.00025844118281323193,0.00020081432418734413,1.0,0.0,0.0,False,False,False
ketchupmaster009,1,0.0,0,1,0,1,0.0,1.0,0.0,-4.832057671733899e-19,,,,False,False,False
key-storm-9781,1,0.0,1,1,1,1,1.0,1.0,0.0,0.0014384584072468364,1.0,0.0,0.0,False,False,False
key_row_632,1,0.0,0,1,0,1,0.0,1.0,0.0,3.9020225474261723e-19,,,,False,False,False
kh_ram,5,0.0,22,2,22,2,22.0,3.0,0.003084302315486711,0.018346356767828295,22.0,0.0,0.0,True,False,True
khalman,1,0.0,0,1,0,1,0.0,1.0,0.0,-3.6350212761054503e-19,,,,False,False,False
kianhr104,2,0.0,1,2,1,2,1.0,2.0,0.0,-4.0252500394391953e-19,1.0,0.0,0.0,False,False,False
kickinator1998,1,0.0,1,1,1,1,1.0,1.0,0.0,7.201843939866273e-05,1.0,0.0,0.0,False,False,False
kidd_ikarus,1,0.0,0,1,0,1,0.0,1.0,0.0,3.832748750014106e-19,,,,False,False,False
killer-klown1204,1,0.0,0,1,0,1,0.0,1.0,0.0,4.954618488160557e-19,,,,False,False,False
king_arachnid99,1,0.0,0,1,0,1,0.0,1.0,0.0,4.058716953627379e-19,,,,False,False,False
kingdomkey12601,1,0.0,1,1,1,1,1.0,1.0,0.0,0.0016722262423607616,1.0,0.0,0.0,False,False,False
kingdomovguts,1,0.0,0,1,0,1,0.0,1.0,0.0,3.2518776847056364e-20,,,,False,False,False
kingoftrans,1,1.0,0,1,0,1,0.0,1.0,0.0,4.088052282072938e-19,,,,False,False,False
kingxdmnd,2,0.5,1,2,1,2,1.0,2.0,8.782785685035962e-06,-4.539382766883474e-19,1.0,0.0,0.0,False,False,False
kinkyamra,1,0.0,0,1,0,1,0.0,1.0,0.0,-6.406309492648158e-19,,,,False,False,False
kira887,1,0.0,0,1,0,1,0.0,1.0,0.0,1.195269857716881e-19,,,,False,False,False
kissitandwink,1,0.0,1,1,1,1,1.0,1.0,1.331689019784721e-06,1.443206649735903e-18,1.0,0.0,0.0,False,False,False
kittatro,1,0.0,0,1,0,1,0.0,1.0,0.0,1.526134702200969e-19,,,,False,False,False
kitty_kisses2,1,0.0,0,1,0,1,0.0,1.0,0.0,1.725741225483146e-19,,,,False,False,False
kiwinatingwizard,1,0.0,0,1,0,1,0.0,1.0,0.0,5.315496350933335e-19,,,,False,False,False
kiwizoomerr,3,0.0,21,3,21,3,21.0,3.0,0.0011168856035630734,0.0046481305112138546,21.0,0.0,0.0,True,False,False
knight_aeterna,1,0.0,7,1,7,1,7.0,1.0,0.005068100346273744,0.003253456100202383,7.0,0.0,0.0,True,False,True
kolosovski,1,0.0,1,0,1,0,1.0,0.0,0.0,-1.4640008202056628e-18,1.0,0.0,0.0,False,False,False
konskydusic,1,0.0,6,1,6,1,6.0,1.0,0.0013823022093516879,0.008046642215039732,6.0,0.0,0.0,True,False,True
kont2ku,2,0.0,0,2,0,2,0.0,2.0,0.0,2.938916873721848e-19,,,,False,False,False
kovz88,1,0.0,0,1,0,1,0.0,1.0,0.0,-6.428871429098301e-19,,,,False,False,False
kratos_1-048596,2,0.5,0,2,0,2,0.0,2.0,0.0,-4.762037951807802e-19,,,,False,False,False
krellington,2,0.0,0,2,0,2,0.0,2.0,0.0,-5.053388884954477e-19,,,,False,False,False
kreu2009,1,0.0,1,1,1,1,1.0,1.0,0.0,0.0025475555241454063,1.0,0.0,0.0,False,False,False
kurumi_tokisaki_simp,2,0.0,0,2,0,2,0.0,2.0,0.0,1.6099900595901703e-19,,,,False,False,False
l0rd_azrael,1,0.0,0,1,0,1,0.0,1.0,0.0,-2.1410013827471396e-19,,,,False,False,False
l0serpr0_,1,0.0,0,1,0,1,0.0,1.0,0.0,-3.6990300428597483e-19,,,,False,False,False
l11l1,1,0.0,5,1,5,1,5.0,1.0,0.00026867290776623535,0.0007846122176423919,5.0,0.0,0.0,True,False,False
ladyhks,1,0.0,0,1,0,1,0.0,1.0,0.0,-8.818514085602549e-21,,,,False,False,False
ladykazura,2,0.0,1,2,1,2,1.0,2.0,0.0003890997518433615,7.943777368151136e-06,1.0,0.0,0.0,False,False,False
lainlain,1,0.0,1,1,1,1,1.0,1.0,0.0,0.002616411507936341,1.0,0.0,0.0,False,False,False
laptop-hdx,1,0.0,0,1,0,1,0.0,1.0,0.0,-2.811690099011908e-19,,,,False,False,False
latter-rate-5036,1,0.0,0,1,0,1,0.0,1.0,0.0,4.795362370928787e-19,,,,False,False,False
lazarpopi,2,0.0,1,2,1,2,1.0,2.0,0.00012671962893994748,0.0004918606788134407,1.0,0.0,0.0,False,False,False
lazyraptor7,1,0.0,0,1,0,1,0.0,1.0,0.0,-5.238558568161813e-19,,,,False,False,False
lazysleepe,1,0.0,0,1,0,1,0.0,1.0,0.0,-5.582368153330614e-19,,,,False,False,False
lbcmoswant3d,1,0.0,0,1,0,1,0.0,1.0,0.0,-6.343933725216095e-19,,,,False,False,False
lbd119,1,0.0,1,1,1,1,1.0,1.0,0.0,0.0009537319363782207,1.0,0.0,0.0,False,False,False
le_egg3,1,0.0,0,1,0,1,0.0,1.0,0.0,-2.777438507187781e-19,,,,False,False,False
leafburgerz,1,0.0,0,1,0,1,0.0,1.0,0.0,4.826440673905764e-19,,,,False,False,False
leather_ad1887,1,1.0,2,1,2,1,2.0,1.0,0.0001591738667529087,2.7460981177433234e-05,2.0,0.0,0.0,False,False,False
legitimate-bet-8331,1,1.0,0,1,0,1,0.0,1.0,0.0,4.483959647383222e-19,,,,False,False,False
lejust_twist_4955,1,0.0,0,1,0,1,0.0,1.0,0.0,1.7571284739355039e-19,,,,False,False,False
lengthilegsfabulous3,1,0.0,0,1,0,1,0.0,1.0,0.0,5.006292664384451e-19,,,,False,False,False
leonard-church2,1,1.0,0,1,0,1,0.0,1.0,0.0,-4.2682503756254515e-19,,,,False,False,False
leonidaspera,2,0.0,1,2,1,2,1.0,2.0,0.00015722355580260152,1.531595682835538e-18,1.0,0.0,0.0,False,False,False
leorob88,1,0.0,1,1,1,1,1.0,1.0,0.0,1.6521642958231506e-05,1.0,0.0,0.0,False,False,False
leosnake0577,1,0.0,13,1,13,1,13.0,1.0,0.006827741101187788,0.028811660602910818,13.0,0.0,0.0,True,False,True
lepnutty,1,0.0,0,1,0,1,0.0,1.0,0.0,-4.259440447806968e-20,,,,False,False,False
lepontif11,4,0.0,1,4,1,4,2.0,4.0,0.00015763621605405188,-1.2828267489664788e-19,2.0,0.0,0.0,False,False,False
lesservalkyrie,4,0.25,4,3,4,3,4.0,4.0,0.007109489344213993,0.011044249079811125,4.0,0.0,0.0,True,False,False
lesuperhun,4,0.25,3,3,3,3,3.0,4.0,0.0007792201836941842,0.00369376085574414,3.0,0.0,0.0,True,False,False
letthemlive,1,0.0,1,1,1,1,1.0,1.0,0.0,2.5619995504303944e-19,1.0,0.0,0.0,False,False,False
leviathanhamster,1,1.0,0,1,0,1,0.0,1.0,0.0,6.151193152419174e-20,,,,False,False,False
lexglad,4,0.0,3,3,3,3,3.0,4.0,0.00679416369380779,0.0014401768172128777,3.0,0.0,0.0,True,False,False
lexhcaulfield,1,0.0,8,1,8,1,8.0,1.0,0.0007957342366584139,0.0004429516303364674,8.0,0.0,0.0,True,False,False
lexrios,3,0.3333333333333333,1,1,1,1,2.0,3.0,0.0,-2.9921545634182315e-18,2.0,0.0,0.0,False,False,False
libtheologyconnolly,1,0.0,0,1,0,1,0.0,1.0,0.0,-2.512337501216094e-19,,,,False,False,False
lichy757,3,0.0,1,1,1,1,2.0,3.0,0.0,9.507509374432192e-05,2.0,0.0,0.0,False,False,False
liesofp-modteam,6,0.0,0,4,0,4,0.0,5.0,0.0,-6.091722485832304e-20,,,,False,False,False
life-thing4124,1,0.0,0,1,0,1,0.0,1.0,0.0,-1.1100736347884302e-19,,,,False,False,False
life_temperature795,1,0.0,0,1,0,1,0.0,1.0,0.0,1.6544449590301646e-19,,,,False,False,False
light_pro2313,1,0.0,0,1,0,1,0.0,1.0,0.0,1.3570051954440963e-19,,,,False,False,False
likkleone54,1,1.0,0,1,0,1,0.0,1.0,0.0,4.511806944686142e-19,,,,False,False,False
lilzey7,1,0.0,0,1,0,1,0.0,1.0,0.0,-1.5958905356692526e-19,,,,False,False,False
limgravelogger,3,0.0,1,3,1,3,1.0,3.0,7.892127308988854e-05,1.635996476291499e-18,1.0,0.0,0.0,False,False,False
lindbluete,2,0.0,1,1,1,1,1.0,2.0,0.0,0.0002512979028048522,1.0,0.0,0.0,False,False,False
link10103,1,0.0,0,1,0,1,0.0,1.0,0.0,7.810669481380502e-20,,,,False,False,False
little-marionberry-5,1,0.0,0,1,0,1,0.0,1.0,0.0,-4.644814394071341e-19,,,,False,False,False
littleartistboyo,6,0.3333333333333333,3,5,3,5,3.0,6.0,0.004542239735898133,0.010935114375781079,3.0,0.0,0.0,True,True,False
littlebitafraid,1,0.0,0,1,0,1,0.0,1.0,0.0,3.152609997884358e-19,,,,False,False,False
littlemaintenance874,4,0.0,5,4,5,4,5.0,4.0,0.0019158840254869922,0.020015133294799252,5.0,0.0,0.0,True,False,True
littleoperation4597,4,0.25,1,4,1,4,1.0,4.0,7.129247528925245e-05,1.745639267224985e-06,1.0,0.0,0.0,False,False,False
littlestpetshopboy,2,0.0,1,1,1,1,1.0,2.0,0.0,0.08585988966320482,1.0,0.0,0.0,False,False,False
livelaughlogic,1,0.0,0,1,0,1,0.0,1.0,0.0,-6.882805143736014e-19,,,,False,False,False
livid-airline2563,4,0.0,1,1,1,1,3.0,4.0,0.0,0.012702767574285867,3.0,0.0,0.0,False,False,False
living_unit_5453,1,0.0,1,1,1,1,1.0,1.0,0.0,4.782432749459277e-05,1.0,0.0,0.0,False,False,False
lkasjdf0,1,1.0,0,1,0,1,0.0,1.0,0.0,-2.0517225310115285e-19,,,,False,False,False
llllll3glte,3,0.3333333333333333,1,3,1,3,1.0,3.0,0.00015742988592832668,4.079098576165007e-19,1.0,0.0,0.0,False,False,False
logangrey1673,1,0.0,0,1,0,1,0.0,1.0,0.0,-4.937648279004943e-19,,,,False,False,False
logical_leader8724,1,0.0,1,1,1,1,1.0,1.0,0.0,0.002134310639149044,1.0,0.0,0.0,False,False,False
lolmysterior,2,0.0,2,0,2,0,2.0,0.0,0.0,4.891052758928446e-06,2.0,0.0,0.0,False,False,False
lone-frequency,6,0.1666666666666666,1,6,1,6,1.0,6.0,8.8338784429365e-05,7.205280331830982e-19,1.0,0.0,0.0,False,False,False
lonely-form9585,3,0.0,1,3,1,3,1.0,3.0,0.00017735776101327573,0.0006544994178289761,1.0,0.0,0.0,False,False,False
lonelychell,1,0.0,0,1,0,1,0.0,1.0,0.0,4.941307794486123e-19,,,,False,False,False
longandwindingrhode,1,0.0,1,1,1,1,1.0,1.0,0.0,-7.878203010948337e-19,1.0,0.0,0.0,False,False,False
loquaciousmendacious,1,0.0,2,1,2,1,2.0,1.0,0.0012830958188654157,0.0001434157831460844,2.0,0.0,0.0,False,False,False
lord-gehrman,1,0.0,0,1,0,1,0.0,1.0,0.0,2.126307641017574e-19,,,,False,False,False
lord_despairagus,1,0.0,0,1,0,1,0.0,1.0,0.0,7.796863247565306e-19,,,,False,False,False
lord_majima,1,0.0,1,1,1,1,1.0,1.0,0.0,0.00010139376104051005,1.0,0.0,0.0,False,False,False
lord_nightraven,32,0.3125,15,23,15,23,27.0,32.0,0.0181926048495544,0.017542945033817512,27.0,0.0,0.0,True,True,True
lordavocador121,1,1.0,0,1,0,1,0.0,1.0,0.0,-3.3642939496971684e-19,,,,False,False,False
lorddonnos,1,0.0,0,1,0,1,0.0,1.0,0.0,-5.339075066843782e-19,,,,False,False,False
lost_nthe_sauce,1,0.0,0,1,0,1,0.0,1.0,0.0,2.2926127092168215e-19,,,,False,False,False
lostsoulno1981,3,0.0,2,2,2,2,2.0,3.0,0.00109380144018194,0.008709097879795472,2.0,0.0,0.0,False,False,False
low-education1349,1,0.0,0,1,0,1,0.0,1.0,0.0,3.812299377294152e-19,,,,False,False,False
lower-pipe2589,1,1.0,0,1,0,1,0.0,1.0,0.0,-4.323863647371467e-19,,,,False,False,False
lpedraja2002,1,0.0,0,1,0,1,0.0,1.0,0.0,4.5585859169548766e-20,,,,False,False,False
lrexyl,1,0.0,0,1,0,1,0.0,1.0,0.0,7.438232075100055e-20,,,,False,False,False
lroy4116,1,0.0,1,1,1,1,1.0,1.0,0.0001572235558026015,-1.2278311191571353e-18,1.0,0.0,0.0,False,False,False
lubedupnoob,4,0.0,1,3,1,3,1.0,4.0,0.0015993825287842006,3.1737340278025375e-06,1.0,0.0,0.0,False,False,False
lucastreet,2,0.0,1,1,1,1,2.0,2.0,0.0,0.08585988966320483,2.0,0.0,0.0,False,False,False
lucifer32336,1,1.0,0,1,0,1,0.0,1.0,0.0,-9.489284481021786e-19,,,,False,False,False
lucky_louch,31,0.0967741935483871,6,23,6,23,9.0,31.0,0.01242234157094375,0.004555101211902943,9.0,0.0,0.0,True,False,True
luckyblueguy,1,0.0,0,1,0,1,0.0,1.0,0.0,1.7961108677001414e-19,,,,False,False,False
luckynumber-bot,1,0.0,0,1,0,1,0.0,1.0,0.0,3.7836685876776827e-19,,,,False,False,False
luckysounds,1,1.0,0,1,0,1,0.0,1.0,0.0,5.212220322366531e-19,,,,False,False,False
luffykent,1,0.0,3,1,3,1,3.0,1.0,0.0003138281212280274,0.0003496393189200184,3.0,0.0,0.0,True,False,False
luffyspants,1,0.0,1,1,1,1,1.0,1.0,0.00015722355580260146,1.9394996140628054e-19,1.0,0.0,0.0,False,False,False
lunai5444,3,0.3333333333333333,0,3,0,3,0.0,3.0,0.0,2.1938045592483486e-19,,,,False,False,False
lunarando57,1,1.0,0,1,0,1,0.0,1.0,0.0,1.688696375155467e-19,,,,False,False,False
lunarhostility,2,0.0,1,1,1,1,1.0,2.0,0.0,-2.4366702910607056e-18,1.0,0.0,0.0,False,False,False
lunaticdancer,1,0.0,1,1,1,1,1.0,1.0,0.00015722355580260146,-6.95721871533307e-19,1.0,0.0,0.0,False,False,False
lurieelcari,1,0.0,0,1,0,1,0.0,1.0,0.0,5.74740060920196e-20,,,,False,False,False
lutius-a1c,1,0.0,0,1,0,1,0.0,1.0,0.0,-2.7108426519410977e-19,,,,False,False,False
luxisaudron,1,0.0,2,1,2,1,2.0,1.0,0.0006523962070549142,1.6910096188970926e-18,2.0,0.0,0.0,False,False,False
lyfesugsdye,4,0.25,1,3,1,3,2.0,4.0,8.344252290835897e-06,6.433868387411214e-07,2.0,0.0,0.0,False,False,False
m0bron,1,0.0,0,1,0,1,0.0,1.0,0.0,-1.5310124235497917e-19,,,,False,False,False
m_o_d_leon,3,0.0,0,3,0,3,0.0,3.0,0.0,-2.9434605252115052e-19,,,,False,False,False
macaroni_ho,1,0.0,0,1,0,1,0.0,1.0,0.0,-6.348456524115024e-20,,,,False,False,False
macdaddyremade,1,0.0,0,1,0,1,0.0,1.0,0.0,1.204713779753918e-19,,,,False,False,False
macdonalds-micmac,1,0.0,0,1,0,1,0.0,1.0,0.0,3.638384006387827e-19,,,,False,False,False
machoogabacho,3,0.0,3,3,3,3,3.0,3.0,0.0020292261006704857,0.08729744748731576,3.0,0.0,0.0,True,False,False
macpzesst,1,0.0,0,1,0,1,0.0,1.0,0.0,5.284004529498693e-19,,,,False,False,False
madcrabrave,3,0.0,1,2,1,2,1.0,2.0,0.0,1.6031172820746062e-19,1.0,0.0,0.0,False,False,False
madmaticus,1,0.0,0,1,0,1,0.0,1.0,0.0,-8.032580321143975e-19,,,,False,False,False
madmax1513,2,0.0,6,2,6,2,7.0,2.0,0.001295410666580461,0.0013500024644738583,7.0,0.0,0.0,True,False,True
madvillains,1,0.0,0,1,0,1,0.0,1.0,0.0,-3.9230072070180174e-19,,,,False,False,False
magic_walabi,1,1.0,0,1,0,1,0.0,1.0,0.0,-7.499916302938151e-19,,,,False,False,False
main-background,5,0.0,2,5,2,5,2.0,5.0,0.005574018035590135,0.00047445176597359014,2.0,0.0,0.0,False,False,False
major-dig655,1,1.0,0,1,0,1,0.0,1.0,0.0,2.7167738851468846e-19,,,,False,False,False
malabingo,2,0.0,1,1,1,1,2.0,2.0,0.0,0.005678475621427675,2.0,0.0,0.0,False,False,False
maleficent-yogurt514,1,0.0,0,1,0,1,0.0,1.0,0.0,-2.46184003516258e-19,,,,False,False,False
malefictekx,30,0.1,65,26,65,26,75.0,29.0,0.029293946185790416,0.044613530655929434,75.0,0.0,0.0,True,False,True
malixhous,3,0.0,1,3,1,3,1.0,3.0,0.00047538460967085804,2.6985413588406053e-18,1.0,0.0,0.0,False,False,False
mammoth-attempt-7316,1,1.0,1,1,1,1,1.0,1.0,0.0,0.0009537319363782221,1.0,0.0,0.0,False,False,False
manwalkingupsidedown,1,0.0,0,1,0,1,0.0,1.0,0.0,4.061622033986755e-19,,,,False,False,False
marco050199,1,0.0,0,1,0,1,0.0,1.0,0.0,-2.833937666586931e-20,,,,False,False,False
marcos_9-11,2,0.0,0,2,0,2,0.0,2.0,0.0,3.5431270623741507e-19,,,,False,False,False
marinervalleyaudio,1,0.0,0,1,0,1,0.0,1.0,0.0,-2.656039165963434e-19,,,,False,False,False
marios_facade,1,0.0,0,1,0,1,0.0,1.0,0.0,5.677380576539011e-19,,,,False,False,False
marraneitor69,1,0.0,1,1,1,1,1.0,1.0,0.00015722355580260152,2.3499493180993906e-18,1.0,0.0,0.0,False,False,False
marrslow,1,0.0,0,1,0,1,0.0,1.0,0.0,2.7174689569267795e-21,,,,False,False,False
marshallmattersnot,1,0.0,0,1,0,1,0.0,1.0,0.0,-1.8704682484235177e-19,,,,False,False,False
masamune28590,1,0.0,0,1,0,1,0.0,1.0,0.0,-3.538585553195812e-19,,,,False,False,False
masoncblevins,1,0.0,0,1,0,1,0.0,1.0,0.0,2.8196265197749915e-19,,,,False,False,False
mastagibbetts,2,0.0,1,1,1,1,1.0,2.0,0.0,0.00038063218252244355,1.0,0.0,0.0,False,False,False
mastery7pyke,1,1.0,2,1,2,1,2.0,1.0,0.0001570172256768763,0.0003310692859240803,2.0,0.0,0.0,False,False,False
mate626,1,0.0,0,1,0,1,0.0,1.0,0.0,-1.1903839035171742e-19,,,,False,False,False
material-one3874,1,1.0,0,1,0,1,0.0,1.0,0.0,4.616962831334243e-19,,,,False,False,False
mattchamp98,1,1.0,0,1,0,1,0.0,1.0,0.0,4.196283454025371e-19,,,,False,False,False
mattemattics117,1,0.0,0,1,0,1,0.0,1.0,0.0,-4.964769259222185e-19,,,,False,False,False
mattzee_,1,0.0,1,1,1,1,1.0,1.0,3.7139422630535785e-06,-9.419278539961607e-19,1.0,0.0,0.0,False,False,False
maverickjoe17,1,0.0,1,1,1,1,1.0,1.0,0.0,5.4979075833986204e-08,1.0,0.0,0.0,False,False,False
mavrickindigo,1,0.0,1,1,1,1,1.0,1.0,0.0,5.49790758331332e-08,1.0,0.0,0.0,False,False,False
max_orangeblue,2,0.0,2,2,2,2,2.0,2.0,0.0005232531988391041,0.007022850945250959,2.0,0.0,0.0,False,False,False
maxdragonslayer,1,0.0,0,1,0,1,0.0,1.0,0.0,-3.1353451145249847e-19,,,,False,False,False
maxhaydenchiz,1,0.0,1,1,1,1,1.0,1.0,0.0,0.0002008143241873448,1.0,0.0,0.0,False,False,False
maximum_gur_5388,7,0.1428571428571428,1,5,1,5,3.0,7.0,0.00034311504895780424,0.001438458407246836,3.0,0.0,0.0,False,False,False
mcconde99,1,0.0,0,1,0,1,0.0,1.0,0.0,4.457280435315295e-19,,,,False,False,False
mccuish,6,0.0,2,6,2,6,2.0,6.0,0.001580632299558127,0.0007907001282393245,2.0,0.0,0.0,False,False,False
meatmybeat42069,2,0.0,1,2,1,2,1.0,2.0,0.0019509861008863813,8.219726429041349e-05,1.0,0.0,0.0,False,False,False
meawman,1,0.0,2,1,2,1,2.0,1.0,4.4165769585352206e-05,0.003395822229110021,2.0,0.0,0.0,False,False,False
medical-paramedic800,4,0.5,1,4,1,4,1.0,4.0,0.0010081657456302625,0.0026010800647052984,1.0,0.0,0.0,False,False,False
medicallow9797,1,0.0,0,1,0,1,0.0,1.0,0.0,6.311601581599075e-19,,,,False,False,False
medinovzky,1,0.0,1,1,1,1,1.0,1.0,0.0,0.0002572189733080774,1.0,0.0,0.0,False,False,False
megagamer432,1,0.0,1,1,1,1,1.0,1.0,0.0,0.00010064147212859055,1.0,0.0,0.0,False,False,False
megamanx195,2,0.0,1,1,1,1,2.0,2.0,0.0,0.00035403708043182204,2.0,0.0,0.0,False,False,False
megantron1998,1,0.0,0,1,0,1,0.0,1.0,0.0,6.894692484064885e-19,,,,False,False,False
meggido2k3,2,0.0,0,2,0,2,0.0,2.0,0.0,-6.890446463462748e-19,,,,False,False,False
meghdoot_memes,3,0.0,0,3,0,3,0.0,3.0,0.0,1.5693379244523486e-19,,,,False,False,False
melancholyfrog_,1,0.0,0,1,0,1,0.0,1.0,0.0,-8.778556090023364e-19,,,,False,False,False
melodic-hat-2875,1,0.0,1,1,1,1,1.0,1.0,0.0001572235558026015,2.688505355528427e-19,1.0,0.0,0.0,False,False,False
melonfrog,1,0.0,1,1,1,1,1.0,1.0,0.0,0.012803919147667847,1.0,0.0,0.0,False,False,False
meme-enthusiast420,1,0.0,0,1,0,1,0.0,1.0,0.0,-1.1995617941054852e-20,,,,False,False,False
memelordo_owo,1,1.0,0,1,0,1,0.0,1.0,0.0,1.0503140460929751e-19,,,,False,False,False
meolla_reio,1,0.0,2,1,2,1,2.0,1.0,0.00021024358522756534,1.225378161588463e-18,2.0,0.0,0.0,False,False,False
meowjoker,1,0.0,0,1,0,1,0.0,1.0,0.0,1.4652574856045425e-19,,,,False,False,False
mercuryf0x,1,0.0,1,1,1,1,1.0,1.0,0.0,0.000265882576180597,1.0,0.0,0.0,False,False,False
metalgoat9,1,0.0,0,1,0,1,0.0,1.0,0.0,-4.6223220694562326e-20,,,,False,False,False
methodadmirable4220,6,0.0,6,6,6,6,8.0,6.0,0.0026942806125753774,8.087422998253524e-05,8.0,0.0,0.0,True,False,True
mfawsk,1,0.0,0,1,0,1,0.0,1.0,0.0,2.843659313523159e-19,,,,False,False,False
mfluder63,5,0.0,1,5,1,5,1.0,5.0,0.0011542234675098648,0.00026953081531098027,1.0,0.0,0.0,False,False,False
mharrisggg,2,0.0,0,2,0,2,0.0,2.0,0.0,1.4019201741165548e-19,,,,False,False,False
michael1023jr,1,0.0,0,1,0,1,0.0,1.0,0.0,3.367652023960328e-19,,,,False,False,False
michael_braham,1,0.0,1,1,1,1,1.0,1.0,0.0,0.08585988966320483,1.0,0.0,0.0,False,False,False
miel120,2,0.0,1,2,1,2,2.0,2.0,0.0001572235558026015,3.561149318176324e-18,2.0,0.0,0.0,False,False,False
mikisayaka33,3,0.0,2,2,2,2,2.0,3.0,5.117448835748791e-05,5.5945720115179456e-05,2.0,0.0,0.0,False,False,False
mikko420,1,0.0,0,1,0,1,0.0,1.0,0.0,3.5398987324090502e-19,,,,False,False,False
milesdl92,1,0.0,0,1,0,1,0.0,1.0,0.0,3.8081600562052775e-19,,,,False,False,False
mindlessly-scrolling,2,0.0,6,2,6,2,6.0,2.0,0.0015306305926429762,0.0029753261697269312,6.0,0.0,0.0,True,False,True
mindstormer98,2,0.0,1,1,1,1,1.0,2.0,0.0,0.0002657075261612953,1.0,0.0,0.0,False,False,False
minimum-platform518,1,0.0,1,1,1,1,1.0,1.0,0.0,0.00015175525133238492,1.0,0.0,0.0,False,False,False
mirageofstars,1,0.0,0,1,0,1,0.0,1.0,0.0,-1.7278233132262765e-21,,,,False,False,False
mission-sleep-3825,8,0.0,5,6,5,6,8.0,8.0,0.0048868942612257495,0.016167331380888113,8.0,0.0,0.0,True,False,True
mister_utopia,1,0.0,0,1,0,1,0.0,1.0,0.0,-4.651893073863269e-20,,,,False,False,False
mkanes,2,0.0,1,2,1,2,1.0,2.0,0.0,0.0033670364449490298,1.0,0.0,0.0,False,False,False
mkmischief,1,0.0,0,1,0,1,0.0,1.0,0.0,-3.814546636468316e-19,,,,False,False,False
mmarkusz97,1,0.0,0,1,0,1,0.0,1.0,0.0,-1.0562457261705082e-19,,,,False,False,False
mo_mo1,1,0.0,0,1,0,1,0.0,1.0,0.0,-1.345702444369502e-19,,,,False,False,False
mojoryan2003,1,0.0,0,1,0,1,0.0,1.0,0.0,8.266026167147476e-19,,,,False,False,False
mokod0,1,0.0,0,1,0,1,0.0,1.0,0.0,5.366790900213454e-19,,,,False,False,False
momentofzehn,5,0.2,9,4,9,4,10.0,5.0,0.00280638240800258,0.03504404393163727,10.0,0.0,0.0,True,False,True
monke_enjoyer,2,0.0,1,1,1,1,2.0,2.0,0.0,0.004779987927842823,2.0,0.0,0.0,False,False,False
monkegoesbrbrb,3,0.0,2,2,2,2,3.0,3.0,0.0005522941640349259,0.0008128475420973038,3.0,0.0,0.0,False,False,False
montysrevenge,1,0.0,1,1,1,1,1.0,1.0,0.0,0.08585988966320482,1.0,0.0,0.0,False,False,False
moppre,1,0.0,0,1,0,1,0.0,1.0,0.0,3.9116643945854104e-19,,,,False,False,False
mostpopularpenguin,1,0.0,3,1,3,1,3.0,1.0,0.000681201486059199,5.941058172281255e-05,3.0,0.0,0.0,True,False,False
motor_medium6281,1,0.0,0,1,0,1,0.0,1.0,0.0,3.91523984983648e-19,,,,False,False,False
mountain968,2,0.5,0,2,0,2,0.0,2.0,0.0,4.735338741772423e-19,,,,False,False,False
mouselyng5,1,0.0,0,1,0,1,0.0,1.0,0.0,-4.795361311770867e-19,,,,False,False,False
mr_biscuithead,1,0.0,0,1,0,1,0.0,1.0,0.0,2.9907724533746333e-19,,,,False,False,False
mrali11,104,0.0,72,59,72,59,131.0,104.0,0.04463594597520588,0.6745670977523742,131.0,0.0,0.0,True,False,True
mranxiolytic,1,0.0,0,1,0,1,0.0,1.0,0.0,3.0830737824756243e-19,,,,False,False,False
mrbigc83,1,0.0,0,1,0,1,0.0,1.0,0.0,-1.6742203668320115e-19,,,,False,False,False
mrblank_0,1,0.0,0,1,0,1,0.0,1.0,0.0,-3.306985069175354e-19,,,,False,False,False
mrbluepumpkin,1,0.0,2,1,2,1,2.0,1.0,0.0009389078571776057,7.201843939866383e-05,2.0,0.0,0.0,False,False,False
mrcowabs,3,0.0,4,3,4,3,4.0,3.0,0.0012287698075606412,0.009002627581085,4.0,0.0,0.0,True,False,False
mrdannn,2,0.0,2,2,2,2,2.0,2.0,0.00016377971282556078,0.09678826235962096,2.0,0.0,0.0,False,False,False
mrdudeguy420,2,0.0,1,2,1,2,1.0,2.0,2.579126571564985e-06,1.0293790619250095e-05,1.0,0.0,0.0,False,False,False
mrfatherlord,1,0.0,0,1,0,1,0.0,1.0,0.0,-5.75864820416129e-20,,,,False,False,False
mrfpv116,1,0.0,0,1,0,1,0.0,1.0,0.0,5.19317940102993e-19,,,,False,False,False
mrheadshot0,1,0.0,0,1,0,1,0.0,1.0,0.0,3.8686332075620556e-19,,,,False,False,False
mrlightninbolt,1,0.0,0,1,0,1,0.0,1.0,0.0,-3.433061955410251e-19,,,,False,False,False
mrmetalhead-343,1,1.0,0,1,0,1,0.0,1.0,0.0,-2.6034155062639115e-20,,,,False,False,False
mrtt3,4,0.0,1,4,1,4,1.0,4.0,0.00025254272249872146,-3.4951312119610614e-18,1.0,0.0,0.0,False,False,False
muhammadrayan_1,1,0.0,0,1,0,1,0.0,1.0,0.0,3.4527143896114025e-19,,,,False,False,False
mukuchi,1,0.0,0,1,0,1,0.0,1.0,0.0,3.3645890164992363e-19,,,,False,False,False
mulan_solo,2,0.0,11,2,11,2,11.0,2.0,0.002046322788876025,0.0027469774483657246,11.0,0.0,0.0,True,False,True
mushinronja,1,0.0,0,1,0,1,0.0,1.0,0.0,4.961985062619524e-19,,,,False,False,False
mykytagnosis,1,1.0,1,1,1,1,1.0,1.0,0.0,0.008709097879795468,1.0,0.0,0.0,False,False,False
mynamjeff38,2,0.0,0,2,0,2,0.0,2.0,0.0,7.514736398719497e-19,,,,False,False,False
mysterious-bet4832,4,0.0,2,2,2,2,2.0,4.0,0.00026978708758231814,0.002291909593183067,2.0,0.0,0.0,False,False,False
mythikhal,1,0.0,1,1,1,1,1.0,1.0,0.0,-2.24095966773519e-18,1.0,0.0,0.0,False,False,False
mz1bz,1,1.0,1,1,1,1,1.0,1.0,1.808175063162906e-05,3.344004115278482e-20,1.0,0.0,0.0,False,False,False
n0mp,1,0.0,1,1,1,1,1.0,1.0,0.0,-1.6298587688611845e-18,1.0,0.0,0.0,False,False,False
nacitrex,2,0.0,0,2,0,2,0.0,2.0,0.0,5.641435713165687e-20,,,,False,False,False
nagash321,2,0.0,1,2,1,2,1.0,2.0,4.126602514503976e-07,-9.237129510557194e-19,1.0,0.0,0.0,False,False,False
naive-asparagus-5983,1,0.0,0,1,0,1,0.0,1.0,0.0,-3.7118005084540616e-19,,,,False,False,False
narkanin,1,0.0,0,1,0,1,0.0,1.0,0.0,-5.025499173856143e-19,,,,False,False,False
narrowacanthaceae385,1,1.0,0,1,0,1,0.0,1.0,0.0,-2.5544135367434962e-20,,,,False,False,False
narwhalprudent6323,1,1.0,0,1,0,1,0.0,1.0,0.0,6.038313176835867e-19,,,,False,False,False
nathuskyru,1,0.0,2,1,2,1,2.0,1.0,0.00017036969144600426,0.009902250676038855,2.0,0.0,0.0,False,False,False
naturalbartoni,1,0.0,0,1,0,1,0.0,1.0,0.0,3.847319922109684e-19,,,,False,False,False
nbjest,1,0.0,0,1,0,1,0.0,1.0,0.0,-2.3859500758595543e-19,,,,False,False,False
nearby-drawing-249,2,0.5,1,1,1,1,1.0,2.0,0.0,0.002134310639149046,1.0,0.0,0.0,False,False,False
necessary-ad8829,2,0.5,0,2,0,2,0.0,2.0,0.0,2.7551075469521816e-19,,,,False,False,False
negative-ice9431,2,0.0,0,2,0,2,0.0,2.0,0.0,-5.854154381633625e-20,,,,False,False,False
negativelymagnetic,2,0.0,5,1,5,1,6.0,1.0,0.0005481674614030919,0.009839472532563415,6.0,0.0,0.0,True,False,False
nemebro17,1,0.0,0,1,0,1,0.0,1.0,0.0,-3.100199182606119e-19,,,,False,False,False
neosoul08,1,0.0,2,1,2,1,2.0,1.0,8.253205029007952e-07,0.0005916208693882908,2.0,0.0,0.0,False,False,False
neovii2009,1,0.0,0,1,0,1,0.0,1.0,0.0,5.063161061392491e-19,,,,False,False,False
neptuneblue19,4,0.0,2,4,2,4,2.0,4.0,0.005238090456476452,0.00018632641217700957,2.0,0.0,0.0,False,False,False
neveronlyadream,1,0.0,0,1,0,1,0.0,1.0,0.0,-3.720152972651656e-19,,,,False,False,False
new-butterscotch-792,1,0.0,0,1,0,1,0.0,1.0,0.0,3.34168718837152e-19,,,,False,False,False
new-marionberry3282,1,0.0,1,1,1,1,1.0,1.0,0.0,-1.2709043713877802e-18,1.0,0.0,0.0,False,False,False
new_devil6,1,0.0,0,1,0,1,0.0,1.0,0.0,-2.3242086906879365e-19,,,,False,False,False
newbaf,1,0.0,0,1,0,1,0.0,1.0,0.0,1.7055431538349056e-19,,,,False,False,False
newscultural,1,0.0,0,1,0,1,0.0,1.0,0.0,-1.3310439712113942e-19,,,,False,False,False
newt_the,4,0.25,1,3,1,3,2.0,4.0,0.00015763621605405188,2.218025238524046e-18,2.0,0.0,0.0,False,False,False
next_bath2655,1,0.0,0,1,0,1,0.0,1.0,0.0,3.512918912667645e-19,,,,False,False,False
nextlvlretention,1,0.0,0,1,0,1,0.0,1.0,0.0,-1.42820382566545e-19,,,,False,False,False
niccagedd,1,0.0,0,1,0,1,0.0,1.0,0.0,-2.382297174241891e-19,,,,False,False,False
nicccccccccccc,7,0.0,3,3,3,3,8.0,7.0,0.0011087904385551218,0.0027815289162427728,8.0,0.0,0.0,True,False,False
nice-kaleidoscope-35,1,0.0,0,1,0,1,0.0,1.0,0.0,-7.165071766721659e-20,,,,False,False,False
nicknamesareconfusng,9,0.3333333333333333,5,8,5,8,5.0,9.0,0.005409576993395032,0.0034783496286492858,5.0,0.0,0.0,True,True,True
nicoznya,4,0.0,3,3,3,3,4.0,4.0,0.001046093737426758,0.0006141197674322728,4.0,0.0,0.0,True,False,False
nidal_nib_amaso,1,1.0,0,1,0,1,0.0,1.0,0.0,4.869566655514011e-19,,,,False,False,False
night_stalker652,3,0.3333333333333333,1,2,1,2,1.0,3.0,0.0001568108955511511,3.005978690947207e-07,1.0,0.0,0.0,False,False,False
nightcloud2011,1,0.0,0,1,0,1,0.0,1.0,0.0,4.583452208971078e-19,,,,False,False,False
nightmareknight25807,1,0.0,0,1,0,1,0.0,1.0,0.0,-4.481390419279522e-19,,,,False,False,False
nightrider1861,1,0.0,0,1,0,1,0.0,1.0,0.0,-2.180789499736917e-19,,,,False,False,False
nighttarot,1,0.0,1,1,1,1,1.0,1.0,0.0,3.612964170897169e-18,1.0,0.0,0.0,False,False,False
niklaus15,3,0.3333333333333333,0,3,0,3,0.0,3.0,0.0,4.237566117684218e-19,,,,False,False,False
ninobe,1,0.0,0,1,0,1,0.0,1.0,0.0,5.86801246512312e-21,,,,False,False,False
nintendeion,1,1.0,0,1,0,1,0.0,1.0,0.0,-5.035144532977136e-19,,,,False,False,False
no-examination9266,21,0.1904761904761904,164,18,164,18,174.0,21.0,0.05836030674986442,0.06842392767868516,174.0,0.0,0.0,True,False,True
no-permission1716,2,0.5,1,1,1,1,1.0,2.0,0.0,1.0293790619250777e-05,1.0,0.0,0.0,False,False,False
no_giraffe_2236,1,0.0,0,1,0,1,0.0,1.0,0.0,-7.20471957861708e-20,,,,False,False,False
no_gur_5912,1,0.0,0,1,0,1,0.0,1.0,0.0,-2.650316627368731e-19,,,,False,False,False
no_mercy_4_potatoes,1,0.0,0,1,0,1,0.0,1.0,0.0,-1.4315787730926239e-19,,,,False,False,False
no_mountain_8720,1,1.0,0,1,0,1,0.0,1.0,0.0,1.695136734861518e-19,,,,False,False,False
no_pen_7548,3,0.0,1,3,1,3,1.0,3.0,0.00028182512864822205,0.002359829650751881,1.0,0.0,0.0,False,False,False
no_presence_318,2,0.0,1,1,1,1,1.0,2.0,0.0,0.00025721897330807387,1.0,0.0,0.0,False,False,False
no_uh3,4,0.0,2,2,2,2,3.0,4.0,0.00036644230328795305,0.007022850945250965,3.0,0.0,0.0,False,False,False
noah_the_boi29,3,0.3333333333333333,0,3,0,3,0.0,3.0,0.0,-4.1394704297240244e-19,,,,False,False,False
noblehalo,12,0.0,3,7,3,7,5.0,12.0,0.00152419044154966,0.104548622309441,5.0,0.0,0.0,True,False,True
nobodyinc1,2,0.0,0,2,0,2,0.0,2.0,0.0,1.8478250690765275e-20,,,,False,False,False
noirproxy1,4,0.25,3,3,3,3,4.0,4.0,0.0005519880574643022,0.0022328917760589665,4.0,0.0,0.0,True,False,False
nolanbentine,1,0.0,0,1,0,1,0.0,1.0,0.0,2.0230248240281253e-19,,,,False,False,False
nolewdsonmain,1,0.0,0,1,0,1,0.0,1.0,0.0,-3.5341085838234985e-19,,,,False,False,False
nomadicax,1,0.0,0,1,0,1,0.0,1.0,0.0,-1.0014714678711832e-20,,,,False,False,False
nomadmp5,1,0.0,0,1,0,1,0.0,1.0,0.0,3.860627129075061e-19,,,,False,False,False
nomerdzki,2,0.0,0,2,0,2,0.0,2.0,0.0,2.044369103835556e-21,,,,False,False,False
nometal427,2,0.0,2,1,2,1,3.0,2.0,0.00020611732684226077,0.002918788307399242,3.0,0.0,0.0,False,False,False
nonlethalrtard,1,0.0,0,1,0,1,0.0,1.0,0.0,4.22103216212379e-20,,,,False,False,False
noob4head,1,0.0,0,1,0,1,0.0,1.0,0.0,-3.2212549163982385e-19,,,,False,False,False
noorganization3359,1,0.0,0,1,0,1,0.0,1.0,0.0,6.845553451978614e-19,,,,False,False,False
nooutside9839,1,0.0,0,1,0,1,0.0,1.0,0.0,3.8535930681704923e-19,,,,False,False,False
nopersonknowswhoiam,2,0.0,0,2,0,2,0.0,2.0,0.0,-8.914375985383265e-20,,,,False,False,False
nordicsleeve98,7,0.0,12,6,12,6,13.0,7.0,0.0030128185939525616,0.005133173896113317,13.0,0.0,0.0,True,False,True
norecommendation3841,1,0.0,0,1,0,1,0.0,1.0,0.0,-5.062067979161863e-19,,,,False,False,False
norian_fernaral,1,1.0,0,1,0,1,0.0,1.0,0.0,-3.166641604154137e-19,,,,False,False,False
northernsimpleton,2,0.0,0,1,0,1,0.0,2.0,0.0,1.9230171565328107e-19,,,,False,False,False
nos9684,1,0.0,3,1,3,1,3.0,1.0,0.00032762227265716514,0.00044259922911339585,3.0,0.0,0.0,True,False,False
noshinare_nira,1,0.0,6,1,6,1,6.0,1.0,0.00036685496353940344,0.00037573677215909057,6.0,0.0,0.0,True,False,False
notenoughtime4it,1,0.0,1,1,1,1,1.0,1.0,0.0,0.08585988966320483,1.0,0.0,0.0,False,False,False
notfabmelo,1,0.0,0,1,0,1,0.0,1.0,0.0,1.6284156975314302e-19,,,,False,False,False
nothingtoshow1984,1,0.0,0,1,0,1,0.0,1.0,0.0,5.473656596084887e-19,,,,False,False,False
notsolegitgiby,1,0.0,0,1,0,1,0.0,1.0,0.0,-4.700602884853673e-19,,,,False,False,False
nousevaangel,1,0.0,1,1,1,1,1.0,1.0,0.0,0.0858598896632048,1.0,0.0,0.0,False,False,False
numerous-source-9698,1,0.0,0,1,0,1,0.0,1.0,0.0,-1.6132126180101497e-20,,,,False,False,False
numerousdinner3006,1,0.0,3,1,3,1,4.0,1.0,0.00031403445135375264,3.606891095006653e-05,4.0,0.0,0.0,True,False,False
oasystole,1,0.0,0,1,0,1,0.0,1.0,0.0,-3.2219208469217873e-19,,,,False,False,False
obiwancannoli69,1,0.0,1,1,1,1,1.0,1.0,0.0001572235558026015,7.252982202223414e-19,1.0,0.0,0.0,False,False,False
obiwanpump,1,0.0,0,1,0,1,0.0,1.0,0.0,-2.3962635893922573e-19,,,,False,False,False
objectivepair2707,4,0.0,9,4,9,4,12.0,4.0,0.004487942177742949,0.022145405417696582,12.0,0.0,0.0,True,False,True
objectpresent9963,1,0.0,0,1,0,1,0.0,1.0,0.0,5.143362497305439e-19,,,,False,False,False
obsessivegamer32,11,0.0,3,11,3,11,3.0,11.0,0.0010240223069313856,5.351404567899368e-05,3.0,0.0,0.0,True,False,False
ocelotx98,1,1.0,0,1,0,1,0.0,1.0,0.0,-3.1630827935873237e-19,,,,False,False,False
odd-weird508,1,0.0,1,1,1,1,1.0,1.0,0.0,6.721238615763965e-19,1.0,0.0,0.0,False,False,False
odd_whis,4,0.25,2,4,2,4,2.0,4.0,0.0013205939037884448,0.008497175306078379,2.0,0.0,0.0,False,False,False
oddlyrelevantusrnme,1,0.0,0,1,0,1,0.0,1.0,0.0,-6.52631550035445e-19,,,,False,False,False
ogriofa17,1,0.0,4,0,4,0,4.0,0.0,0.0,0.0010142512230934104,4.0,0.0,0.0,True,False,False
oh_doyle,1,0.0,2,1,2,1,2.0,1.0,0.000560452847019448,0.0058019628372850286,2.0,0.0,0.0,False,False,False
ok-ad-3459,1,0.0,0,1,0,1,0.0,1.0,0.0,-4.236949495720396e-19,,,,False,False,False
ok-armadillo6824,1,0.0,0,1,0,1,0.0,1.0,0.0,-3.3995774033431415e-19,,,,False,False,False
ok-childhood-8724,4,0.0,1,3,1,3,2.0,3.0,7.923076827847634e-05,1.1020917256481066e-18,2.0,0.0,0.0,False,False,False
ok-detail4461,25,0.12,9,14,9,14,17.0,25.0,0.006570319035258677,0.008675927079474966,17.0,0.0,0.0,True,False,True
ok-enthusiasm-255,4,0.0,2,2,2,2,4.0,4.0,0.00027621810108236573,0.08589562456771532,4.0,0.0,0.0,False,False,False
ok-faithlessness9300,1,0.0,0,1,0,1,0.0,1.0,0.0,-5.458229039920568e-19,,,,False,False,False
ok_command_279,2,0.5,1,2,1,2,1.0,2.0,4.126602514503976e-07,-1.5705430441581482e-18,1.0,0.0,0.0,False,False,False
ok_list5839,1,1.0,0,1,0,1,0.0,1.0,0.0,4.880530332053848e-19,,,,False,False,False
ok_university2951,1,0.0,0,1,0,1,0.0,1.0,0.0,1.1797585168143007e-19,,,,False,False,False
okstuff381,1,0.0,0,1,0,1,0.0,1.0,0.0,2.2751527762792936e-19,,,,False,False,False
okweekend6198,5,0.2,1,5,1,5,1.0,5.0,9.948256138060871e-05,-1.1530851916966357e-18,1.0,0.0,0.0,False,False,False
oldassgamer808-,2,0.5,1,1,1,1,1.0,2.0,0.0,0.08585988966320479,1.0,0.0,0.0,False,False,False
oldmanregret,4,0.0,4,3,4,3,4.0,4.0,0.0009166502404961021,0.005731989667106672,4.0,0.0,0.0,True,False,False
olympiaimperial,2,0.0,1,2,1,2,1.0,2.0,6.885059629914773e-05,0.0023957858526401925,1.0,0.0,0.0,False,False,False
omardude1,2,0.0,0,2,0,2,0.0,2.0,0.0,2.5144155159924234e-19,,,,False,False,False
one-silly-fox,1,0.0,0,1,0,1,0.0,1.0,0.0,-7.75458611578415e-20,,,,False,False,False
one_bet9863,1,1.0,1,1,1,1,1.0,1.0,0.0,0.004391516460797014,1.0,0.0,0.0,False,False,False
one_random_id,1,0.0,0,1,0,1,0.0,1.0,0.0,-1.234827781410831e-19,,,,False,False,False
oni-kong65,1,0.0,0,1,0,1,0.0,1.0,0.0,-5.092531772015934e-19,,,,False,False,False
oniwuff,1,0.0,0,1,0,1,0.0,1.0,0.0,-5.091571185918236e-19,,,,False,False,False
only-success5798,1,0.0,1,1,1,1,1.0,1.0,0.0002160504939152742,-6.610428711269341e-19,1.0,0.0,0.0,False,False,False
only1schematic,2,0.0,0,2,0,2,0.0,2.0,0.0,4.0730673201593005e-19,,,,False,False,False
onlyrawsauce,3,0.3333333333333333,2,3,2,3,2.0,3.0,0.0006591214887199104,0.0026526195341144785,2.0,0.0,0.0,False,False,False
oofer420,5,0.2,1,2,1,2,4.0,5.0,0.0,0.0026164115079363426,4.0,0.0,0.0,False,False,False
operationdifferent20,2,1.0,2,2,2,2,2.0,2.0,0.00067985776426453,0.00342248262035074,2.0,0.0,0.0,False,False,False
optimal_cancel1658,1,0.0,0,1,0,1,0.0,1.0,0.0,-5.251743709571637e-19,,,,False,False,False
ordinarysuit2314,1,0.0,0,1,0,1,0.0,1.0,0.0,4.614512676022205e-19,,,,False,False,False
organic-water-,1,0.0,0,1,0,1,0.0,1.0,0.0,2.6993382462558395e-20,,,,False,False,False
organickeynesianbean,1,0.0,1,1,1,1,1.0,1.0,5.15825314312997e-07,-1.2456307603280643e-18,1.0,0.0,0.0,False,False,False
orimis,2,0.0,1,1,1,1,1.0,2.0,0.0,3.436785826756523e-19,1.0,0.0,0.0,False,False,False
other-purpose3411,1,0.0,0,1,0,1,0.0,1.0,0.0,1.814080520954881e-19,,,,False,False,False
otherwisemei0,3,0.0,1,3,1,3,1.0,3.0,0.0001574298859283267,2.9250258058679304e-19,1.0,0.0,0.0,False,False,False
outcast_bos,1,0.0,0,1,0,1,0.0,1.0,0.0,-2.2543401997366658e-20,,,,False,False,False
outrageous_increase1,1,0.0,0,1,0,1,0.0,1.0,0.0,3.67038254520083e-19,,,,False,False,False
overall-doctor-6219,4,0.0,2,4,2,4,2.0,4.0,0.001878379733732565,0.00336703644494902,2.0,0.0,0.0,False,False,False
painterburning,1,0.0,0,1,0,1,0.0,1.0,0.0,-2.6545252737441162e-20,,,,False,False,False
pak256,1,0.0,0,1,0,1,0.0,1.0,0.0,1.6601186632470028e-19,,,,False,False,False
paladinprime,1,0.0,0,1,0,1,0.0,1.0,0.0,1.1079268962542263e-19,,,,False,False,False
paleontologistok2824,1,0.0,0,1,0,1,0.0,1.0,0.0,-2.4666982712858863e-19,,,,False,False,False
pandanielusmaximus,2,0.0,1,1,1,1,2.0,2.0,0.0,0.08585988966320483,2.0,0.0,0.0,False,False,False
pandiumking,1,0.0,0,1,0,1,0.0,1.0,0.0,6.486881578022504e-20,,,,False,False,False
pandorakin564,1,0.0,0,1,0,1,0.0,1.0,0.0,5.681939608428888e-19,,,,False,False,False
pankejx,1,0.0,0,1,0,1,0.0,1.0,0.0,4.425275142769627e-19,,,,False,False,False
papanak94,1,1.0,2,1,2,1,2.0,1.0,0.0001570172256768763,0.00043561860804752436,2.0,0.0,0.0,False,False,False
papazangief,1,0.0,0,1,0,1,0.0,1.0,0.0,-3.5596257142924057e-19,,,,False,False,False
papu7w7,1,1.0,0,1,0,1,0.0,1.0,0.0,-3.6405129622912506e-19,,,,False,False,False
parzival2600,2,0.0,0,2,0,2,0.0,2.0,0.0,3.4140860713237254e-20,,,,False,False,False
pasaniusventris,2,0.0,0,2,0,2,0.0,2.0,0.0,-4.50479863653807e-19,,,,False,False,False
pashanina,5,0.0,3,4,3,4,5.0,5.0,0.0012618135801012217,0.00434999597152057,5.0,0.0,0.0,True,False,True
passtheblunt,1,1.0,0,1,0,1,0.0,1.0,0.0,5.070439744092689e-19,,,,False,False,False
past-dirt2844,2,0.0,1,1,1,1,1.0,2.0,0.0,3.173734027801973e-06,1.0,0.0,0.0,False,False,False
patterson_ls,1,0.0,0,1,0,1,0.0,1.0,0.0,-2.0704608177487423e-19,,,,False,False,False
paynekillerod,1,0.0,0,1,0,1,0.0,1.0,0.0,3.2310976098038687e-19,,,,False,False,False
peedagon311,3,0.0,1,1,1,1,2.0,3.0,0.0,0.0858598896632048,2.0,0.0,0.0,False,False,False
pelethar,3,0.0,11,3,11,3,11.0,3.0,0.002449846736075966,0.02043565438008882,11.0,0.0,0.0,True,False,True
perfect_river_7599,1,0.0,0,1,0,1,0.0,1.0,0.0,-4.950342372873515e-19,,,,False,False,False
pertrey,1,0.0,0,1,0,1,0.0,1.0,0.0,5.514126878711725e-19,,,,False,False,False
pfannkuchenw,2,0.0,1,1,1,1,1.0,2.0,0.0,0.00015175525133238391,1.0,0.0,0.0,False,False,False
phantasosx,1,0.0,1,1,1,1,1.0,1.0,0.0,-3.477102555151654e-19,1.0,0.0,0.0,False,False,False
pharaoh23-,2,0.0,1,2,1,2,1.0,2.0,4.126602514503976e-07,1.1160459565404226e-18,1.0,0.0,0.0,False,False,False
phigene,2,0.0,1,2,1,2,1.0,2.0,6.835143926037712e-05,0.004779987927842824,1.0,0.0,0.0,False,False,False
phistykups,1,0.0,2,1,2,1,2.0,1.0,0.00017108894025133484,4.766999890879315e-19,2.0,0.0,0.0,False,False,False
phoenix0fredd,5,0.0,3,2,3,2,6.0,5.0,0.001349539195725039,0.001850566961788486,6.0,0.0,0.0,True,False,True
photographstrange285,6,0.1666666666666666,1,4,1,4,2.0,6.0,0.0003753035941618784,0.0002572189733080798,2.0,0.0,0.0,False,False,False
physical-midnight994,1,0.0,0,1,0,1,0.0,1.0,0.0,3.2515137819919614e-19,,,,False,False,False
piece-of-cheeze,1,0.0,1,1,1,1,1.0,1.0,3.555657981686774e-05,0.0003617791616576827,1.0,0.0,0.0,False,False,False
pill0wzx,1,0.0,1,1,1,1,1.0,1.0,5.776528634476885e-05,7.943777368150714e-06,1.0,0.0,0.0,False,False,False
pinkkushthedank,1,0.0,1,1,1,1,1.0,1.0,2.8712720166443822e-05,0.0001403433560322705,1.0,0.0,0.0,False,False,False
pitiful-wolverine-97,1,0.0,0,1,0,1,0.0,1.0,0.0,2.8541758068248398e-19,,,,False,False,False
pitiful_ad_4472,48,0.125,95,37,95,37,122.0,48.0,0.042101975065272454,0.05428187557480228,122.0,0.0,0.0,True,False,True
piyushbagate789,1,0.0,0,1,0,1,0.0,1.0,0.0,-4.026714521230288e-20,,,,False,False,False
pizza_guy_2468,1,0.0,0,1,0,1,0.0,1.0,0.0,1.2829602562485683e-19,,,,False,False,False
pizzaguy1977,1,0.0,1,1,1,1,1.0,1.0,0.0001572235558026015,7.022400453953206e-19,1.0,0.0,0.0,False,False,False
pizzatiger,2,0.5,1,1,1,1,2.0,2.0,0.0,-1.4097168253964559e-18,2.0,0.0,0.0,False,False,False
plasmatiic,1,0.0,1,1,1,1,1.0,1.0,0.0,0.000893878769494526,1.0,0.0,0.0,False,False,False
play_destiny,2,0.0,1,2,1,2,1.0,2.0,0.0014704554079769951,0.00034963931892002044,1.0,0.0,0.0,False,False,False
playful-tangerine274,2,0.5,1,1,1,1,2.0,2.0,0.0,0.00486021071425149,2.0,0.0,0.0,False,False,False
pleasant-hat-6334,4,0.25,10,3,10,3,13.0,4.0,0.005309805832708878,2.493476943158267e-05,13.0,0.0,0.0,True,False,True
plenty-specific74,1,0.0,0,1,0,1,0.0,1.0,0.0,1.5398867435524576e-20,,,,False,False,False
plorby,1,1.0,0,1,0,1,0.0,1.0,0.0,-4.8065645659474224e-20,,,,False,False,False
plusperformer8829,1,1.0,0,1,0,1,0.0,1.0,0.0,6.47791867831904e-19,,,,False,False,False
pohihihi,1,0.0,0,1,0,1,0.0,1.0,0.0,3.741357104000125e-19,,,,False,False,False
point-overall,1,0.0,0,1,0,1,0.0,1.0,0.0,-4.804412622930798e-19,,,,False,False,False
poison_cat_,2,0.0,0,2,0,2,0.0,2.0,0.0,8.355564843226339e-19,,,,False,False,False
poonsidon,1,0.0,0,1,0,1,0.0,1.0,0.0,4.706500901409689e-19,,,,False,False,False
poopdick420shitcock,2,0.5,1,1,1,1,1.0,2.0,0.0,0.0033670364449490285,1.0,0.0,0.0,False,False,False
poopdoot,2,0.5,0,2,0,2,0.0,2.0,0.0,7.060244300138827e-20,,,,False,False,False
popinevitable280,1,0.0,0,1,0,1,0.0,1.0,0.0,-2.731482556044257e-19,,,,False,False,False
possible-unit-6608,1,0.0,1,1,1,1,1.0,1.0,1.6506410058015904e-06,8.459533305655764e-19,1.0,0.0,0.0,False,False,False
possible_artist3941,5,0.2,2,5,2,5,2.0,5.0,0.00017606741375786157,2.536932912941204e-18,2.0,0.0,0.0,False,False,False
poundt0wnn,1,0.0,0,1,0,1,0.0,1.0,0.0,3.9686889517078283e-19,,,,False,False,False
powerfowl,1,0.0,0,1,0,1,0.0,1.0,0.0,-2.647036261787771e-19,,,,False,False,False
ppbuttfart-,1,0.0,0,1,0,1,0.0,1.0,0.0,2.8496217030469497e-19,,,,False,False,False
pr0j3ct_02,3,0.0,2,2,2,2,2.0,2.0,0.004231344796307156,0.08833039332970447,2.0,0.0,0.0,False,False,False
practical_lem,1,0.0,0,1,0,1,0.0,1.0,0.0,-4.405418119746659e-19,,,,False,False,False
prady87,1,0.0,1,1,1,1,1.0,1.0,2.84391689957899e-06,-2.1307929662331761e-19,1.0,0.0,0.0,False,False,False
pragmojo,1,0.0,0,1,0,1,0.0,1.0,0.0,6.644362922486363e-19,,,,False,False,False
present-ad4357,1,0.0,0,1,0,1,0.0,1.0,0.0,-1.7930153159862067e-19,,,,False,False,False
prestigious-show6459,1,0.0,0,1,0,1,0.0,1.0,0.0,-3.033249365140293e-20,,,,False,False,False
pretend-wishbone-679,1,0.0,0,1,0,1,0.0,1.0,0.0,8.1525849902817175e-19,,,,False,False,False
prettyintroduction49,1,0.0,0,1,0,1,0.0,1.0,0.0,1.1788420168421496e-19,,,,False,False,False
prettytoeslikeahoe,2,0.0,6,2,6,2,6.0,2.0,0.0021499459010436597,0.006622752593067472,6.0,0.0,0.0,True,False,True
prettyyyprettygood,1,0.0,0,1,0,1,0.0,1.0,0.0,-2.3795318265240177e-19,,,,False,False,False
prevay,1,0.0,1,1,1,1,1.0,1.0,0.0,7.943777368150611e-06,1.0,0.0,0.0,False,False,False
previous-act7323,1,0.0,1,1,1,1,1.0,1.0,0.0,0.004779987927842825,1.0,0.0,0.0,False,False,False
primezeta1,1,0.0,0,1,0,1,0.0,1.0,0.0,-2.552846662651972e-19,,,,False,False,False
prior-outcome6956,1,0.0,4,1,4,1,4.0,1.0,0.00036685496353940344,6.539817164918098e-07,4.0,0.0,0.0,True,False,False
probably_poopin_1219,2,0.5,0,2,0,2,0.0,2.0,0.0,-3.981884035660654e-19,,,,False,False,False
proctor-47,1,0.0,0,1,0,1,0.0,1.0,0.0,-4.210622904990878e-20,,,,False,False,False
professional-law-852,2,0.5,1,2,1,2,1.0,2.0,0.0008469167494615773,0.002470503666499623,1.0,0.0,0.0,False,False,False
professional_boss438,18,0.0,94,17,94,17,97.0,18.0,0.031073648730243156,0.02645346985193127,97.0,0.0,0.0,True,False,True
professional_pin_148,1,1.0,0,1,0,1,0.0,1.0,0.0,2.556324851989448e-20,,,,False,False,False
professor_boaty,1,0.0,1,1,1,1,1.0,1.0,8.887154340298626e-05,1.8775636346503214e-05,1.0,0.0,0.0,False,False,False
professor_jefe,1,0.0,1,1,1,1,1.0,1.0,0.0,0.0002572189733080795,1.0,0.0,0.0,False,False,False
prune_terrible,3,0.3333333333333333,2,2,2,2,2.0,3.0,0.0007312339655701045,0.005773550715171992,2.0,0.0,0.0,False,False,False
pseakenny,1,0.0,0,1,0,1,0.0,1.0,0.0,-1.966383828521216e-19,,,,False,False,False
pstagni93,1,1.0,0,1,0,1,0.0,1.0,0.0,1.216071595700124e-19,,,,False,False,False
psychofischi,2,0.0,0,2,0,2,0.0,2.0,0.0,-3.153590410031092e-19,,,,False,False,False
psychological_lab203,2,0.0,1,1,1,1,1.0,2.0,0.0,0.0007778903340449516,1.0,0.0,0.0,False,False,False
puppetsmind,5,0.2,1,4,1,4,2.0,5.0,0.0001095610631528786,5.249332180346771e-19,2.0,0.0,0.0,False,False,False
pure_black_coffee,2,0.0,1,1,1,1,2.0,2.0,0.0,0.0009537319363782214,2.0,0.0,0.0,False,False,False
purple-puma,1,0.0,0,1,0,1,0.0,1.0,0.0,4.417806759200207e-19,,,,False,False,False
purplewin248,1,0.0,0,1,0,1,0.0,1.0,0.0,7.14264777550524e-19,,,,False,False,False
pussycharlatan,1,0.0,0,1,0,1,0.0,1.0,0.0,-5.82858753389995e-20,,,,False,False,False
puzzleheaded-cut1036,5,0.0,2,4,2,4,4.0,5.0,0.0008156991328691111,0.00020412120441394856,4.0,0.0,0.0,False,False,False
pv___tv,1,1.0,0,1,0,1,0.0,1.0,0.0,5.685535609708501e-19,,,,False,False,False
pyrostark,1,1.0,0,1,0,1,0.0,1.0,0.0,-3.674964829656434e-19,,,,False,False,False
qcpezcore,5,0.2,5,5,5,5,6.0,5.0,0.0017243902209850884,0.003302827487837993,6.0,0.0,0.0,True,False,True
qkwn,9,0.1111111111111111,1,2,1,2,8.0,9.0,6.137772091630073e-05,0.00015699493671155878,8.0,0.0,0.0,False,False,False
qrio44,1,0.0,0,1,0,1,0.0,1.0,0.0,1.8484292492483928e-19,,,,False,False,False
qroztq,1,0.0,0,1,0,1,0.0,1.0,0.0,-6.632158935688476e-19,,,,False,False,False
queasy-contact5063,1,0.0,1,1,1,1,1.0,1.0,0.0,0.008709097879795472,1.0,0.0,0.0,False,False,False
quenquen14320,1,0.0,0,1,0,1,0.0,1.0,0.0,2.673123271345605e-19,,,,False,False,False
quiet-constant-6587,1,1.0,0,1,0,1,0.0,1.0,0.0,4.189475249003587e-19,,,,False,False,False
quintilius36,2,0.0,3,2,3,2,3.0,2.0,0.000387319221617063,0.0006751729009722095,3.0,0.0,0.0,True,False,False
quintrillion,1,0.0,0,1,0,1,0.0,1.0,0.0,-9.932732925312526e-21,,,,False,False,False
quirky_image_5598,2,0.0,0,1,0,1,0.0,2.0,0.0,2.8897504244566556e-19,,,,False,False,False
qwuack9190,1,0.0,0,1,0,1,0.0,1.0,0.0,-1.1149798596397354e-21,,,,False,False,False
rabbitewi,1,0.0,0,1,0,1,0.0,1.0,0.0,1.4734291958867278e-19,,,,False,False,False
rabbitslayre,1,0.0,1,1,1,1,1.0,1.0,0.0,1.8775636346503922e-05,1.0,0.0,0.0,False,False,False
radiant-fig-9458,3,0.3333333333333333,5,3,5,3,7.0,3.0,0.001966945649619979,0.007877407612458046,7.0,0.0,0.0,True,False,True
radiantvariation50,8,0.125,1,1,1,1,8.0,8.0,0.0,0.08585988966320485,8.0,0.0,0.0,False,False,False
radoxfriedchicken,1,0.0,0,1,0,1,0.0,1.0,0.0,7.462018080160471e-19,,,,False,False,False
raginghound12,1,0.0,0,1,0,1,0.0,1.0,0.0,-2.970463608546275e-20,,,,False,False,False
rainbowgoddamndash,1,0.0,0,1,0,1,0.0,1.0,0.0,-8.579904617673599e-19,,,,False,False,False
raloris,7,0.1428571428571428,1,5,1,5,2.0,7.0,0.0015719621029478396,0.004860210714251494,2.0,0.0,0.0,False,False,False
rambo_calrissian1923,3,0.0,3,2,3,2,3.0,3.0,0.0002076295142550632,0.004536760459364321,3.0,0.0,0.0,True,False,False
rando_kalrissian,1,0.0,0,1,0,1,0.0,1.0,0.0,3.27142732134167e-19,,,,False,False,False
random7900,6,0.0,1,2,1,2,5.0,6.0,6.36889977032921e-05,0.0011026220827778147,5.0,0.0,0.0,False,False,False
randomperson2112,3,0.0,2,1,2,1,3.0,3.0,3.825274874971136e-05,0.0009537319363782181,3.0,0.0,0.0,False,False,False
raniagus,1,0.0,0,1,0,1,0.0,1.0,0.0,3.5065755630400517e-19,,,,False,False,False
ranshand,1,0.0,0,1,0,1,0.0,1.0,0.0,-8.608006598865661e-19,,,,False,False,False
rappyfan,1,0.0,1,1,1,1,1.0,1.0,0.0,0.08585988966320485,1.0,0.0,0.0,False,False,False
rapunzellooksnice,1,0.0,0,1,0,1,0.0,1.0,0.0,-4.967283509363965e-20,,,,False,False,False
rapunzelmadara69,1,0.0,0,1,0,1,0.0,1.0,0.0,-3.3135332965068406e-19,,,,False,False,False
rare-day-1492,3,0.3333333333333333,3,3,3,3,4.0,3.0,0.0009931356718239567,0.00044291219927835993,4.0,0.0,0.0,True,False,False
rasako56,1,0.0,0,1,0,1,0.0,1.0,0.0,-1.7210578925667352e-19,,,,False,False,False
rascallyrose,1,1.0,0,1,0,1,0.0,1.0,0.0,5.604836924243158e-19,,,,False,False,False
rathosalpha,2,0.0,1,2,1,2,1.0,2.0,0.0001572235558026015,3.584144347558642e-19,1.0,0.0,0.0,False,False,False
rattlehead_69,1,0.0,1,1,1,1,1.0,1.0,0.0001572235558026015,-4.886287087947671e-19,1.0,0.0,0.0,False,False,False
rave4208,3,0.0,0,2,0,2,0.0,3.0,0.0,-4.1693452285901156e-19,,,,False,False,False
ravinglt0,1,1.0,9,1,9,1,10.0,1.0,0.0003674739539165791,0.0029904760847293747,10.0,0.0,0.0,True,False,False
raychram,5,0.6,3,3,3,3,4.0,5.0,0.001959216988161187,0.0034234109593409027,4.0,0.0,0.0,True,True,False
rayley789,3,0.6666666666666666,1,3,1,3,1.0,3.0,2.2314603097180262e-05,0.00036692932244549245,1.0,0.0,0.0,False,False,False
readevius1274,1,0.0,0,1,0,1,0.0,1.0,0.0,4.901509382793692e-20,,,,False,False,False
ready-sort-1494,1,1.0,0,1,0,1,0.0,1.0,0.0,1.826608874205353e-19,,,,False,False,False
ready_round9034,1,0.0,0,1,0,1,0.0,1.0,0.0,5.610913386147099e-19,,,,False,False,False
real_korokii,1,0.0,2,1,2,1,2.0,1.0,4.115106978927857e-05,0.01185823319236758,2.0,0.0,0.0,False,False,False
realistic-layer6001,2,0.0,1,2,1,2,2.0,2.0,0.0,0.08585988966320482,2.0,0.0,0.0,False,False,False
reanimatedself,1,0.0,0,1,0,1,0.0,1.0,0.0,-1.6323374016689939e-19,,,,False,False,False
rebel_kraken,2,0.0,0,1,0,1,0.0,2.0,0.0,5.60978437942495e-19,,,,False,False,False
recent-hamster7930,1,0.0,1,1,1,1,1.0,1.0,0.00031857371411970695,-1.0177844388850147e-18,1.0,0.0,0.0,False,False,False
recksss,1,0.0,0,1,0,1,0.0,1.0,0.0,-3.3937059290178883e-19,,,,False,False,False
redditrejectedmyname,1,0.0,2,1,2,1,2.0,1.0,0.0001568108955511511,0.00022637426592622272,2.0,0.0,0.0,False,False,False
redgargloly,1,0.0,0,1,0,1,0.0,1.0,0.0,5.951635254788263e-19,,,,False,False,False
redhmangaiha,4,0.0,1,3,1,3,1.0,4.0,0.0010596168982033953,0.00011169449048872396,1.0,0.0,0.0,False,False,False
redraven77,1,0.0,0,1,0,1,0.0,1.0,0.0,-3.6998323432422163e-19,,,,False,False,False
redroses711,1,1.0,0,1,0,1,0.0,1.0,0.0,-5.885728736242974e-19,,,,False,False,False
redskynl,2,0.5,0,2,0,2,0.0,2.0,0.0,-7.352475903930874e-20,,,,False,False,False
regimind,1,0.0,0,1,0,1,0.0,1.0,0.0,3.952934077735569e-19,,,,False,False,False
regkat,5,0.2,4,4,4,4,6.0,5.0,0.0022423071395318867,0.0020889339418046896,6.0,0.0,0.0,True,False,True
rejka26lol,1,0.0,0,1,0,1,0.0,1.0,0.0,4.8269677517864425e-19,,,,False,False,False
relevant_ric_flair,4,0.5,1,4,1,4,1.0,4.0,0.0001572235558026015,-2.7739787521245226e-18,1.0,0.0,0.0,False,False,False
remarkable-appeal-44,1,0.0,0,1,0,1,0.0,1.0,0.0,-2.9780096978417525e-19,,,,False,False,False
remarkable-clerk-646,1,0.0,0,1,0,1,0.0,1.0,0.0,3.932611677821901e-19,,,,False,False,False
remarkable_sea_5109,1,0.0,0,1,0,1,0.0,1.0,0.0,-4.901524561734649e-19,,,,False,False,False
remote-truth-2774,1,0.0,0,1,0,1,0.0,1.0,0.0,-6.297708112798761e-19,,,,False,False,False
remypon,1,1.0,0,1,0,1,0.0,1.0,0.0,-5.975013432741827e-19,,,,False,False,False
rep2019,1,0.0,2,1,2,1,2.0,1.0,0.0001570172256768763,0.00329345534215968,2.0,0.0,0.0,False,False,False
repulsive_doubt_8504,2,0.0,1,1,1,1,2.0,2.0,0.0,0.01868873264623611,2.0,0.0,0.0,False,False,False
reservoirbaws,2,0.0,0,2,0,2,0.0,2.0,0.0,-4.274724760262878e-19,,,,False,False,False
resident-papaya5585,2,0.0,1,1,1,1,2.0,2.0,0.0,-1.8311205463249544e-18,2.0,0.0,0.0,False,False,False
resofights,1,0.0,0,1,0,1,0.0,1.0,0.0,7.289598227830412e-20,,,,False,False,False
resolutetiger19,2,0.5,0,2,0,2,0.0,2.0,0.0,4.3816709677314325e-19,,,,False,False,False
respectablegrimer,1,0.0,0,1,0,1,0.0,1.0,0.0,-2.2919165179013167e-19,,,,False,False,False
respercaine_657,1,1.0,0,1,0,1,0.0,1.0,0.0,6.629336229965754e-19,,,,False,False,False
responsible_put911,2,1.0,2,2,2,2,2.0,2.0,0.0005943765293114271,0.0008649957620491716,2.0,0.0,0.0,False,False,False
responsible_you8668,1,0.0,0,1,0,1,0.0,1.0,0.0,3.0867297535063054e-19,,,,False,False,False
reverse_gamer_,1,0.0,1,0,1,0,1.0,0.0,0.0,0.00025356151805493946,1.0,0.0,0.0,False,False,False
rey__mcscriff,1,0.0,0,1,0,1,0.0,1.0,0.0,3.9212847548234026e-19,,,,False,False,False
ribblesplash,1,0.0,0,1,0,1,0.0,1.0,0.0,-2.5084811754521273e-19,,,,False,False,False
rich_recipe_4276,2,0.0,0,2,0,2,0.0,2.0,0.0,7.016735880804979e-19,,,,False,False,False
richyrich723,2,0.0,2,2,2,2,2.0,2.0,0.0014227800497541646,5.2262996397345884e-08,2.0,0.0,0.0,False,False,False
riddimbee,1,0.0,0,1,0,1,0.0,1.0,0.0,-7.826016911397859e-19,,,,False,False,False
rigeltheraptor,1,0.0,3,1,3,1,3.0,1.0,0.00024941706080974617,0.005678475621427675,3.0,0.0,0.0,True,False,False
right_ad4097,1,0.0,0,1,0,1,0.0,1.0,0.0,-4.491513521195222e-19,,,,False,False,False
rimegu,2,0.0,0,2,0,2,0.0,2.0,0.0,-1.793798631725415e-19,,,,False,False,False
rin111839,2,0.0,0,2,0,2,0.0,2.0,0.0,1.2348025273860723e-19,,,,False,False,False
ritschirathil,1,0.0,0,1,0,1,0.0,1.0,0.0,1.5724607800727643e-19,,,,False,False,False
rivenley,1,0.0,1,1,1,1,1.0,1.0,0.0,-4.315189444661242e-19,1.0,0.0,0.0,False,False,False
rjwalker1269,1,0.0,0,1,0,1,0.0,1.0,0.0,-6.520019160545447e-19,,,,False,False,False
rmonsuave,1,0.0,0,1,0,1,0.0,1.0,0.0,4.755105471627187e-19,,,,False,False,False
rmrehfeldt,1,0.0,0,1,0,1,0.0,1.0,0.0,3.9239439498161733e-19,,,,False,False,False
robbanks99,1,0.0,0,1,0,1,0.0,1.0,0.0,-2.274071965800408e-20,,,,False,False,False
robogeek342,1,1.0,0,1,0,1,0.0,1.0,0.0,-2.0371047734390402e-19,,,,False,False,False
rockinalex07021,1,0.0,1,1,1,1,1.0,1.0,0.0,0.0006533579028844355,1.0,0.0,0.0,False,False,False
rockmuncherrick,1,0.0,0,1,0,1,0.0,1.0,0.0,-1.8771511522378273e-19,,,,False,False,False
roclot,1,0.0,0,1,0,1,0.0,1.0,0.0,6.705651737547924e-20,,,,False,False,False
rodozero,1,0.0,1,1,1,1,1.0,1.0,0.0001572235558026015,4.367596986337293e-19,1.0,0.0,0.0,False,False,False
rohanxi,1,0.0,2,1,2,1,2.0,1.0,0.0,6.207332608886059e-05,2.0,0.0,0.0,False,False,False
rombopterix,1,0.0,1,1,1,1,1.0,1.0,0.0,0.08585988966320482,1.0,0.0,0.0,False,False,False
ronimushines,2,0.0,1,2,1,2,1.0,2.0,2.063301257251988e-07,-4.449635627669688e-19,1.0,0.0,0.0,False,False,False
ronskadawd,1,0.0,0,1,0,1,0.0,1.0,0.0,-3.136896741235907e-19,,,,False,False,False
roonill_wazlib,1,0.0,0,1,0,1,0.0,1.0,0.0,6.41651022029704e-19,,,,False,False,False
roselina_black,2,0.0,0,2,0,2,0.0,2.0,0.0,2.3411622224289567e-19,,,,False,False,False
rotating_balls69,1,0.0,0,1,0,1,0.0,1.0,0.0,1.3429510765868987e-19,,,,False,False,False
roughpay1850,1,0.0,0,1,0,1,0.0,1.0,0.0,-1.1836233965514432e-19,,,,False,False,False
rover7,1,1.0,0,1,0,1,0.0,1.0,0.0,2.344460408536026e-19,,,,False,False,False
rowan1980,1,0.0,0,1,0,1,0.0,1.0,0.0,4.633500769725605e-19,,,,False,False,False
royal-lengthiness582,1,0.0,0,1,0,1,0.0,1.0,0.0,-5.102629023424966e-19,,,,False,False,False
rrlimarj_,1,0.0,0,1,0,1,0.0,1.0,0.0,2.2267234565898503e-19,,,,False,False,False
rslashbootypatrol,1,0.0,0,1,0,1,0.0,1.0,0.0,-1.5457982083653658e-19,,,,False,False,False
rsrxciii,1,0.0,0,1,0,1,0.0,1.0,0.0,5.310037250428814e-19,,,,False,False,False
ruafaolgaiscioch,1,0.0,1,1,1,1,1.0,1.0,0.0001572235558026015,2.5361518936863717e-18,1.0,0.0,0.0,False,False,False
rudney_dongerfield,1,0.0,2,1,2,1,2.0,1.0,0.00015701722567687632,0.0005797799637157544,2.0,0.0,0.0,False,False,False
rustyxktown,1,0.0,1,1,1,1,1.0,1.0,0.0001572235558026015,-2.661034374976019e-18,1.0,0.0,0.0,False,False,False
rxmkha,4,0.0,11,2,11,2,17.0,4.0,0.0019327792119168492,0.006317340235191854,17.0,0.0,0.0,True,False,True
rymas1,1,0.0,0,1,0,1,0.0,1.0,0.0,3.687235816455898e-19,,,,False,False,False
sabahorn,1,1.0,1,1,1,1,1.0,1.0,0.0,0.0001538678911350513,1.0,0.0,0.0,False,False,False
sad-event6847,7,0.1428571428571428,1,6,1,6,1.0,7.0,0.00011311557880679914,-1.4190655741951687e-18,1.0,0.0,0.0,False,False,False
sad-panda-,1,1.0,1,1,1,1,1.0,1.0,0.0,0.0004918606788134387,1.0,0.0,0.0,False,False,False
sad_bet_1144,1,0.0,1,1,1,1,1.0,1.0,0.0,0.0006533579028844341,1.0,0.0,0.0,False,False,False
sad_clue1018,4,0.25,7,4,7,4,7.0,4.0,0.0018775076798338375,0.0038643542625921316,7.0,0.0,0.0,True,False,True
sad_finding3342,3,0.0,2,3,2,3,3.0,3.0,6.920264206709402e-05,0.0008043418592878382,3.0,0.0,0.0,False,False,False
safe-ad-2454,1,1.0,0,1,0,1,0.0,1.0,0.0,8.54719455953833e-20,,,,False,False,False
sagnikk,1,0.0,0,1,0,1,0.0,1.0,0.0,6.078863334666708e-19,,,,False,False,False
sailapprehensive2632,3,0.0,1,1,1,1,3.0,3.0,0.0,0.0011042847246059673,3.0,0.0,0.0,False,False,False
saintsxd,1,0.0,1,1,1,1,1.0,1.0,0.0,1.0231750178959673e-18,1.0,0.0,0.0,False,False,False
salamanticormorant,1,0.0,0,1,0,1,0.0,1.0,0.0,-2.0916106254386792e-19,,,,False,False,False
saleen12121212,1,0.0,1,1,1,1,1.0,1.0,0.0,0.0858598896632048,1.0,0.0,0.0,False,False,False
salomon341,1,0.0,1,1,1,1,1.0,1.0,0.0,0.002243978020575352,1.0,0.0,0.0,False,False,False
salt-internal7384,1,0.0,0,1,0,1,0.0,1.0,0.0,1.169927117128714e-19,,,,False,False,False
saltmastaflex,2,0.0,0,2,0,2,0.0,2.0,0.0,-6.906231321332113e-19,,,,False,False,False
saltytrex_,12,0.0,12,7,12,7,19.0,10.0,0.004228680929046622,0.018540245566841057,19.0,0.0,0.0,True,False,True
salucia,1,0.0,0,1,0,1,0.0,1.0,0.0,3.9490090427173484e-19,,,,False,False,False
samallistar,4,0.25,2,4,2,4,2.0,4.0,0.0028919637017262028,3.842706154742756e-05,2.0,0.0,0.0,False,False,False
samandre14,7,0.2857142857142857,31,6,31,6,31.0,7.0,0.009766917845372805,0.008034920787912452,31.0,0.0,0.0,True,True,True
samelogic137,1,0.0,0,1,0,1,0.0,1.0,0.0,3.6483369042363474e-19,,,,False,False,False
sammyswatching,1,0.0,0,1,0,1,0.0,1.0,0.0,2.283923036799056e-19,,,,False,False,False
sanam_bewafa,1,0.0,0,1,0,1,0.0,1.0,0.0,-6.697422390451436e-20,,,,False,False,False
sandman4999,4,0.0,4,4,4,4,4.0,4.0,0.00589715715112965,0.00029685134572891007,4.0,0.0,0.0,True,False,False
saneneanderthall,1,0.0,1,1,1,1,1.0,1.0,0.0,3.606891095006729e-05,1.0,0.0,0.0,False,False,False
sanrobot,1,0.0,1,1,1,1,1.0,1.0,0.0,1.1230852923826517e-18,1.0,0.0,0.0,False,False,False
santifpelayo,1,0.0,0,1,0,1,0.0,1.0,0.0,5.881002145733476e-21,,,,False,False,False
saucesoffieri,1,0.0,0,1,0,1,0.0,1.0,0.0,-3.7072567323547637e-19,,,,False,False,False
saver_spenta_mainyu,5,0.0,3,5,3,5,3.0,5.0,0.0011388912936709293,0.00042043863117304474,3.0,0.0,0.0,True,False,False
savings_ad2469,1,0.0,0,1,0,1,0.0,1.0,0.0,-5.280701032313434e-19,,,,False,False,False
sb5tcm8t,1,0.0,0,1,0,1,0.0,1.0,0.0,-2.4816095429643363e-19,,,,False,False,False
scalesghost,2,0.0,2,2,2,2,2.0,2.0,0.000427363193296934,6.958408541526553e-18,2.0,0.0,0.0,False,False,False
scallionrepulsive833,1,0.0,0,1,0,1,0.0,1.0,0.0,5.093397132389293e-19,,,,False,False,False
scared3vil,1,0.0,0,1,0,1,0.0,1.0,0.0,3.423226005887515e-19,,,,False,False,False
scared_confidence_13,1,0.0,1,1,1,1,1.0,1.0,0.0,-1.1710790043184549e-18,1.0,0.0,0.0,False,False,False
scarkun,1,1.0,0,1,0,1,0.0,1.0,0.0,3.024725878869356e-19,,,,False,False,False
scarparanger,1,0.0,0,1,0,1,0.0,1.0,0.0,3.901045722231998e-19,,,,False,False,False
scary-ad4471,22,0.0,11,12,11,12,18.0,22.0,0.01965346689825321,0.008662864362098722,18.0,0.0,0.0,True,False,True
schmoolecka,1,0.0,1,1,1,1,1.0,1.0,0.0,0.00014055497952293266,1.0,0.0,0.0,False,False,False
scholeszz,5,0.4,1,2,1,2,3.0,5.0,0.0002717742105616332,0.002232891776058969,3.0,0.0,0.0,False,False,False
sciencemaniac245,2,0.0,1,1,1,1,2.0,2.0,0.0,0.012702767574285874,2.0,0.0,0.0,False,False,False
scourge1300,1,0.0,0,1,0,1,0.0,1.0,0.0,-5.352251748910417e-19,,,,False,False,False
scurramouch,1,0.0,0,1,0,1,0.0,1.0,0.0,4.481758049253461e-19,,,,False,False,False
sea-entrepreneur6630,1,0.0,0,1,0,1,0.0,1.0,0.0,-1.4532113849985022e-19,,,,False,False,False
sea_construction947,5,0.2,5,5,5,5,5.0,5.0,0.0026889162187924078,4.106096331685405e-07,5.0,0.0,0.0,True,False,True
seanph25,1,0.0,0,1,0,1,0.0,1.0,0.0,2.1023726326579483e-19,,,,False,False,False
seapart5458,3,0.0,1,2,1,2,1.0,3.0,2.063301257251988e-07,-1.0724570411492946e-19,1.0,0.0,0.0,False,False,False
seaworthinessdry1531,1,0.0,0,1,0,1,0.0,1.0,0.0,-4.272140174870022e-19,,,,False,False,False
sejast44,1,0.0,0,1,0,1,0.0,1.0,0.0,6.158589202884005e-19,,,,False,False,False
senior-squidoo,1,0.0,1,1,1,1,1.0,1.0,2.4375418269944785e-05,0.0003144493304297855,1.0,0.0,0.0,False,False,False
sensitive-cattle-852,3,0.3333333333333333,1,1,1,1,2.0,3.0,0.0,0.008709097879795477,2.0,0.0,0.0,False,False,False
sentenza_mpr,3,0.0,2,2,2,2,2.0,3.0,0.0005342361784566026,0.006443426694373483,2.0,0.0,0.0,False,False,False
separate-bag2415,2,0.0,3,2,3,2,4.0,2.0,0.001266175766031541,3.545506208040892e-05,4.0,0.0,0.0,True,False,False
sephirosu88,1,0.0,0,1,0,1,0.0,1.0,0.0,6.526690231596813e-20,,,,False,False,False
seraloro,1,0.0,0,1,0,1,0.0,1.0,0.0,-1.1231001006521195e-19,,,,False,False,False
seravaxx123,2,0.0,0,2,0,2,0.0,2.0,0.0,7.364785582524392e-21,,,,False,False,False
serceraugh,1,0.0,0,1,0,1,0.0,1.0,0.0,8.717080636987354e-20,,,,False,False,False
serenitymiyazaki,1,0.0,0,1,0,1,0.0,1.0,0.0,-3.498506422801437e-19,,,,False,False,False
sesameme,1,0.0,0,1,0,1,0.0,1.0,0.0,-6.657826600756108e-19,,,,False,False,False
sezth_,1,0.0,0,1,0,1,0.0,1.0,0.0,1.1166773814548926e-19,,,,False,False,False
sfwxmadhatter,1,1.0,0,1,0,1,0.0,1.0,0.0,-5.391448126718578e-19,,,,False,False,False
shadeslayer2112,1,0.0,2,1,2,1,2.0,1.0,0.0,0.0022328917760589696,2.0,0.0,0.0,False,False,False
shadow22441,1,0.0,0,1,0,1,0.0,1.0,0.0,-1.6597758832143012e-19,,,,False,False,False
shadowking02__,1,0.0,0,1,0,1,0.0,1.0,0.0,-5.207056331181376e-19,,,,False,False,False
shaggyshamrock,1,0.0,0,1,0,1,0.0,1.0,0.0,-4.47259644998831e-19,,,,False,False,False
shakezilla86,2,0.0,2,1,2,1,3.0,2.0,0.0006578235517076664,0.005658946038132106,3.0,0.0,0.0,False,False,False
shallot-medium,1,0.0,0,1,0,1,0.0,1.0,0.0,2.91282460394817e-19,,,,False,False,False
sharddkaine197,1,0.0,0,1,0,1,0.0,1.0,0.0,1.867725205583772e-19,,,,False,False,False
shardgunner,2,0.5,0,2,0,2,0.0,2.0,0.0,-3.6692661787802657e-19,,,,False,False,False
sharp_government_350,12,0.3333333333333333,5,8,5,8,8.0,12.0,0.0030012632515982927,0.09422416458663162,8.0,0.0,0.0,True,True,True
sharp_store_6628,1,1.0,1,1,1,1,1.0,1.0,1.6506410058015904e-06,6.038891670337199e-05,1.0,0.0,0.0,False,False,False
sharpenedperspective,3,0.0,1,2,1,2,3.0,3.0,0.0,0.00012123734617247532,3.0,0.0,0.0,False,False,False
shartingsoldier,3,0.0,1,1,1,1,3.0,3.0,0.0,0.00010234403998308883,3.0,0.0,0.0,False,False,False
shawnthemaster,1,0.0,31,1,31,1,31.0,1.0,0.003718949547542445,0.004300497534916272,31.0,0.0,0.0,True,False,True
sheth1984,4,0.0,2,4,2,4,2.0,4.0,0.0002662675534617567,-9.8207805381751e-19,2.0,0.0,0.0,False,False,False
shewhohates,1,0.0,0,1,0,1,0.0,1.0,0.0,1.8567657934340607e-19,,,,False,False,False
shinobu420,1,0.0,0,1,0,1,0.0,1.0,0.0,3.0761988957532398e-19,,,,False,False,False
shinyabsoleon,5,0.2,5,5,5,5,7.0,5.0,0.0007553028187614027,3.1434669469658953e-18,7.0,0.0,0.0,True,False,False
shiyuu_later,1,0.0,1,1,1,1,1.0,1.0,0.0,0.000491860678813441,1.0,0.0,0.0,False,False,False
shlongdaddy3,1,0.0,0,1,0,1,0.0,1.0,0.0,2.5981760773309855e-19,,,,False,False,False
shockkzzz,1,0.0,0,1,0,1,0.0,1.0,0.0,-2.3353343604330824e-20,,,,False,False,False
shoddy-tune3998,1,0.0,2,1,2,1,2.0,1.0,5.692190401704408e-05,0.002949432202443167,2.0,0.0,0.0,False,False,False
shokedxzap,2,0.0,1,2,1,2,1.0,2.0,0.00036664863341367824,0.004391516460797012,1.0,0.0,0.0,False,False,False
showtunescreamer,1,0.0,0,1,0,1,0.0,1.0,0.0,-6.885781588952791e-19,,,,False,False,False
shrekman68,1,0.0,0,1,0,1,0.0,1.0,0.0,-3.9279008858494624e-19,,,,False,False,False
shuren616,1,0.0,0,1,0,1,0.0,1.0,0.0,-1.8868248607394385e-19,,,,False,False,False
shuske_,1,0.0,0,1,0,1,0.0,1.0,0.0,-3.178733259825714e-19,,,,False,False,False
shybeams,1,0.0,0,1,0,1,0.0,1.0,0.0,-3.53813512561927e-22,,,,False,False,False
sicknick08,1,0.0,0,1,0,1,0.0,1.0,0.0,4.687090849706613e-19,,,,False,False,False
sicseph,1,0.0,0,1,0,1,0.0,1.0,0.0,4.432590207319811e-19,,,,False,False,False
sideeyeswide,3,0.0,1,1,1,1,2.0,2.0,0.0,0.08585988966320485,2.0,0.0,0.0,False,False,False
significant_play6782,3,0.3333333333333333,1,2,1,2,3.0,3.0,0.0,0.001692861844378797,3.0,0.0,0.0,False,False,False
sikedpsyc,2,0.0,1,2,1,2,1.0,2.0,0.00018325089533742506,0.0002695308153109768,1.0,0.0,0.0,False,False,False
silcoofzaun,2,0.0,1,1,1,1,1.0,2.0,0.0,0.0004481894328701301,1.0,0.0,0.0,False,False,False
silent_finger2813,1,0.0,0,1,0,1,0.0,1.0,0.0,2.9792189107306023e-19,,,,False,False,False
silent_sinder,1,0.0,0,1,0,1,0.0,1.0,0.0,-4.425244300871428e-19,,,,False,False,False
silly-pepper8620,2,0.0,0,2,0,2,0.0,2.0,0.0,-5.500740172601953e-19,,,,False,False,False
silly_run_283,2,0.5,1,2,1,2,1.0,2.0,5.020699725979837e-05,-8.570944870967632e-19,1.0,0.0,0.0,False,False,False
silversnakebtr,2,0.0,1,1,1,1,1.0,2.0,0.0,0.08585988966320483,1.0,0.0,0.0,False,False,False
silversoul007,1,0.0,0,1,0,1,0.0,1.0,0.0,-7.662538262234228e-19,,,,False,False,False
simplygibberish,1,1.0,0,1,0,1,0.0,1.0,0.0,4.803214999620519e-19,,,,False,False,False
sin_tax-error,1,0.0,0,1,0,1,0.0,1.0,0.0,-3.84936608971641e-19,,,,False,False,False
sina76sol,1,0.0,0,1,0,1,0.0,1.0,0.0,6.895660779017701e-19,,,,False,False,False
sinisphere,1,0.0,0,1,0,1,0.0,1.0,0.0,-5.000631584365211e-19,,,,False,False,False
sinissurreal,4,0.0,1,3,1,3,3.0,4.0,0.00015722355580260152,1.2303529334173174e-18,3.0,0.0,0.0,False,False,False
sinnnn,1,0.0,0,1,0,1,0.0,1.0,0.0,2.934959727894022e-19,,,,False,False,False
sintachi123,2,0.0,1,2,1,2,1.0,2.0,0.00013119521205905423,0.0022328917760589674,1.0,0.0,0.0,False,False,False
sioluishere,10,0.3,2,7,2,7,4.0,10.0,0.0005069917218206694,0.006452063810858546,4.0,0.0,0.0,False,False,False
sir-drewid,3,0.0,1,3,1,3,1.0,3.0,2.6931412364470736e-05,6.433868387406317e-07,1.0,0.0,0.0,False,False,False
sir_crocodile3,1,0.0,0,1,0,1,0.0,1.0,0.0,4.0288738061921646e-19,,,,False,False,False
sirglizzeth,1,0.0,0,1,0,1,0.0,1.0,0.0,6.650917096834086e-19,,,,False,False,False
siriusblackbeard,1,0.0,0,1,0,1,0.0,1.0,0.0,-6.495308679985981e-19,,,,False,False,False
sirmacnaught,2,0.0,0,2,0,2,0.0,2.0,0.0,2.8110636239251766e-19,,,,False,False,False
sister-golden-hair,1,1.0,0,1,0,1,0.0,1.0,0.0,3.590012478624255e-19,,,,False,False,False
sizemaleficent9178,1,1.0,0,1,0,1,0.0,1.0,0.0,-5.2834708912337175e-20,,,,False,False,False
skeletist,5,0.0,1,5,1,5,1.0,5.0,0.00044049698082904,0.0004357367683959005,1.0,0.0,0.0,False,False,False
skybandicoot109,3,0.0,0,2,0,2,0.0,3.0,0.0,-3.5626062419369785e-21,,,,False,False,False
skylarka91,1,0.0,1,1,1,1,1.0,1.0,0.0,0.0858598896632048,1.0,0.0,0.0,False,False,False
skylinne,1,0.0,1,1,1,1,1.0,1.0,0.0,-2.1725882672700263e-18,1.0,0.0,0.0,False,False,False
slashdotsyndrome,1,0.0,0,1,0,1,0.0,1.0,0.0,-5.784232632347636e-19,,,,False,False,False
slatersan13,1,0.0,0,1,0,1,0.0,1.0,0.0,2.743180607880861e-19,,,,False,False,False
sleeper4gent,1,0.0,0,1,0,1,0.0,1.0,0.0,1.0777258990821343e-19,,,,False,False,False
sleepy_glow,1,0.0,0,1,0,1,0.0,1.0,0.0,4.848349778405475e-19,,,,False,False,False
slight-welder-1482,1,0.0,0,1,0,1,0.0,1.0,0.0,-4.1067637457099163e-19,,,,False,False,False
slight_ad_5074,1,0.0,2,1,2,1,2.0,1.0,5.445969040668997e-06,5.179593043465099e-05,2.0,0.0,0.0,False,False,False
slychansf,4,0.25,3,2,3,2,5.0,4.0,0.0003954316859523435,-1.5009462064755725e-18,5.0,0.0,0.0,True,False,False
smaaaashbros,1,0.0,0,1,0,1,0.0,1.0,0.0,-2.2881358042075614e-19,,,,False,False,False
small_bipedal_cat,2,0.0,2,2,2,2,2.0,2.0,0.00023645432408107787,1.9486340751959398e-19,2.0,0.0,0.0,False,False,False
smcupp17,1,0.0,0,1,0,1,0.0,1.0,0.0,5.97340106680268e-19,,,,False,False,False
smeth_killbirds,13,0.2307692307692307,47,8,47,8,51.0,13.0,0.015378882663604161,0.02149933235323861,51.0,0.0,0.0,True,False,True
smithbc001,1,0.0,0,1,0,1,0.0,1.0,0.0,7.319215879762245e-19,,,,False,False,False
smokymetal060,1,1.0,0,1,0,1,0.0,1.0,0.0,-4.2380261757171756e-19,,,,False,False,False
smrkto,1,0.0,3,1,3,1,3.0,1.0,1.2916265870397441e-05,2.5337967735294073e-06,3.0,0.0,0.0,True,False,False
sneakpeekbot,1,0.0,0,1,0,1,0.0,1.0,0.0,-1.859863028935381e-19,,,,False,False,False
sneakygandalf12,1,0.0,2,1,2,1,2.0,1.0,2.063301257251988e-07,3.2066135977093362e-18,2.0,0.0,0.0,False,False,False
snoo96346,1,1.0,0,1,0,1,0.0,1.0,0.0,-1.2409163569233073e-19,,,,False,False,False
snoo_75864,1,0.0,0,1,0,1,0.0,1.0,0.0,6.738519766930863e-19,,,,False,False,False
snoobunnies8031,1,0.0,0,1,0,1,0.0,1.0,0.0,1.1968417290790936e-19,,,,False,False,False
snoochocolates229,1,0.0,0,1,0,1,0.0,1.0,0.0,1.825916921100125e-20,,,,False,False,False
so_long_astoria,17,0.2352941176470588,7,14,7,14,9.0,16.0,0.009303300523562244,0.013138018317045306,9.0,0.0,0.0,True,False,True
so_rainy,8,0.0,3,4,3,4,7.0,8.0,0.00022662112376313457,0.025339037489070848,7.0,0.0,0.0,True,False,False
societysucksjay,1,0.0,0,1,0,1,0.0,1.0,0.0,-2.9460791911736674e-20,,,,False,False,False
soft-error1108,1,0.0,0,1,0,1,0.0,1.0,0.0,-8.317978168163715e-19,,,,False,False,False
softie_socks8,1,0.0,0,1,0,1,0.0,1.0,0.0,1.332799226050219e-19,,,,False,False,False
softshark,1,0.0,0,1,0,1,0.0,1.0,0.0,6.469514950452644e-19,,,,False,False,False
soggy_elder_berry,1,0.0,0,1,0,1,0.0,1.0,0.0,1.7887521576718242e-19,,,,False,False,False
sol_sin_eri-aku,6,0.0,7,5,7,5,11.0,6.0,0.0024950107560919466,0.001974347947933288,11.0,0.0,0.0,True,False,True
solid-dog2619,1,0.0,0,1,0,1,0.0,1.0,0.0,-4.543442485854744e-19,,,,False,False,False
solid-quiet5035,3,0.0,0,3,0,3,0.0,3.0,0.0,-4.996522067557097e-19,,,,False,False,False
solidpeyo,1,0.0,0,1,0,1,0.0,1.0,0.0,1.0450500646462002e-19,,,,False,False,False
some_guy554,3,0.0,0,3,0,3,0.0,3.0,0.0,-1.3983365552250888e-19,,,,False,False,False
soph-a-x,1,0.0,0,1,0,1,0.0,1.0,0.0,-2.4617690898798098e-20,,,,False,False,False
sorasz5,1,0.0,0,1,0,1,0.0,1.0,0.0,-1.6869545657610603e-19,,,,False,False,False
sorry97,2,0.0,0,2,0,2,0.0,2.0,0.0,5.427581554768376e-19,,,,False,False,False
soulenigma88,1,0.0,0,1,0,1,0.0,1.0,0.0,-7.35293577334506e-19,,,,False,False,False
soulreaverdan,2,0.0,0,2,0,2,0.0,2.0,0.0,-6.651209309306334e-19,,,,False,False,False
soundzlike---,1,0.0,0,1,0,1,0.0,1.0,0.0,-2.608011110252569e-19,,,,False,False,False
sovelissfiremane,1,0.0,1,1,1,1,1.0,1.0,0.00015722355580260146,-9.27633991580864e-19,1.0,0.0,0.0,False,False,False
sp1kefallsteve,8,0.0,4,6,4,6,5.0,8.0,0.0018479940161205068,0.01330014405722816,5.0,0.0,0.0,True,False,True
space_shuttle07,1,0.0,1,1,1,1,1.0,1.0,0.00010044097271602233,-3.948987652908802e-19,1.0,0.0,0.0,False,False,False
spacecaptainflapjack,1,0.0,0,1,0,1,0.0,1.0,0.0,-2.215529805764948e-19,,,,False,False,False
spare-image-647,3,0.0,0,3,0,3,0.0,3.0,0.0,-7.22822410754848e-19,,,,False,False,False
sparkson109,1,0.0,0,1,0,1,0.0,1.0,0.0,-4.999327510569359e-19,,,,False,False,False
spauni,1,1.0,0,1,0,1,0.0,1.0,0.0,-4.588238179197467e-19,,,,False,False,False
specialist-tea-5049,8,0.0,1,8,1,8,1.0,8.0,0.00022434024281000535,-7.258371398285164e-19,1.0,0.0,0.0,False,False,False
specific-parfait-795,1,0.0,1,1,1,1,1.0,1.0,0.0,0.004779987927842823,1.0,0.0,0.0,False,False,False
specifictemporary877,1,0.0,0,1,0,1,0.0,1.0,0.0,6.534064905849954e-19,,,,False,False,False
spehx,1,0.0,0,1,0,1,0.0,1.0,0.0,5.705870374543207e-19,,,,False,False,False
spencur1,1,0.0,0,1,0,1,0.0,1.0,0.0,6.242404204549476e-19,,,,False,False,False
sphickthos,1,0.0,2,1,2,1,2.0,1.0,0.00031444711160520303,2.300747148518541e-18,2.0,0.0,0.0,False,False,False
spiritedamphibian114,5,0.0,1,5,1,5,1.0,5.0,0.00031774839361680616,-4.247608458827166e-20,1.0,0.0,0.0,False,False,False
spiritjuice,2,0.0,2,2,2,2,2.0,2.0,0.0008695321671402647,0.0008319264614195189,2.0,0.0,0.0,False,False,False
spiritual-bear3066,4,0.25,2,4,2,4,2.0,4.0,0.0008246955131700359,0.000349183847177649,2.0,0.0,0.0,False,False,False
spiritual_network805,1,0.0,3,1,3,1,3.0,1.0,6.144383118188684e-05,0.0032555882796408745,3.0,0.0,0.0,True,False,False
spooky_wa,1,0.0,0,1,0,1,0.0,1.0,0.0,-4.97499899048687e-19,,,,False,False,False
spork-in-your-rye,2,0.5,1,2,1,2,1.0,2.0,0.0,-9.40388539212225e-19,1.0,0.0,0.0,False,False,False
sprucemoose12,1,0.0,0,1,0,1,0.0,1.0,0.0,-1.369171738625824e-19,,,,False,False,False
sprungusbungus,2,0.0,0,2,0,2,0.0,2.0,0.0,5.525043211843386e-19,,,,False,False,False
sqquares,1,0.0,0,1,0,1,0.0,1.0,0.0,4.495389460300898e-19,,,,False,False,False
squidyj,1,0.0,0,1,0,1,0.0,1.0,0.0,-3.9737697996819875e-19,,,,False,False,False
srmaggot6,2,0.0,0,2,0,2,0.0,2.0,0.0,1.1977342270555777e-19,,,,False,False,False
ssj2_future_gohan,1,0.0,0,1,0,1,0.0,1.0,0.0,-3.5307196823973645e-19,,,,False,False,False
stahls,1,0.0,0,1,0,1,0.0,1.0,0.0,-3.1288094844648217e-19,,,,False,False,False
stairway2evan,1,1.0,0,1,0,1,0.0,1.0,0.0,3.2867539703483192e-19,,,,False,False,False
stakesishigh516,2,0.5,1,2,1,2,1.0,2.0,0.0001572235558026015,-1.6106531572124146e-18,1.0,0.0,0.0,False,False,False
stanislas_biliby,1,0.0,1,1,1,1,1.0,1.0,0.0,0.08585988966320485,1.0,0.0,0.0,False,False,False
star3ruby3,1,0.0,2,1,2,1,2.0,1.0,0.0003136217911023022,0.08725086896984326,2.0,0.0,0.0,False,False,False
starktangent1,1,0.0,0,1,0,1,0.0,1.0,0.0,4.749082800160738e-19,,,,False,False,False
stationitchy5159,1,0.0,0,1,0,1,0.0,1.0,0.0,3.3318622356227823e-19,,,,False,False,False
steakdabait,2,1.0,0,2,0,2,0.0,2.0,0.0,4.431733806730037e-19,,,,False,False,False
stevenomes,1,0.0,0,1,0,1,0.0,1.0,0.0,4.725050668370496e-19,,,,False,False,False
stevon_wonder,1,1.0,0,1,0,1,0.0,1.0,0.0,2.4418547820113324e-19,,,,False,False,False
stfuneckbeard,3,0.0,1,2,1,2,2.0,3.0,7.565437943257289e-07,0.0002355428773252374,2.0,0.0,0.0,False,False,False
sticky_fingers18,1,0.0,1,1,1,1,1.0,1.0,0.0,0.0002512979028048535,1.0,0.0,0.0,False,False,False
sticky_h,3,0.0,1,2,1,2,1.0,3.0,0.0,0.08585988966320483,1.0,0.0,0.0,False,False,False
stinky__person,3,0.0,0,3,0,3,0.0,3.0,0.0,-4.669101742006676e-19,,,,False,False,False
strange_ice1515,1,0.0,1,1,1,1,1.0,1.0,0.00015722355580260146,-2.41633127938896e-18,1.0,0.0,0.0,False,False,False
streetwormz,2,0.0,0,2,0,2,0.0,2.0,0.0,8.545935691730717e-20,,,,False,False,False
striking-ad6524,3,0.0,1,3,1,3,1.0,3.0,0.00015722355580260146,5.3553105512625865e-20,1.0,0.0,0.0,False,False,False
striking_ad2188,1,0.0,1,1,1,1,1.0,1.0,0.00015722355580260152,-1.0524952648603828e-18,1.0,0.0,0.0,False,False,False
stronkzer,5,0.2,34,5,34,5,36.0,5.0,0.011792635017316828,0.022001474460495975,36.0,0.0,0.0,True,False,True
strumpetsvileprogeny,1,0.0,0,1,0,1,0.0,1.0,0.0,-1.094464641927073e-19,,,,False,False,False
strxd,3,0.3333333333333333,2,2,2,2,2.0,3.0,0.00047126157145833665,0.00034148949092839917,2.0,0.0,0.0,False,False,False
stxww,1,0.0,0,1,0,1,0.0,1.0,0.0,1.6897273728585666e-19,,,,False,False,False
subject-ad674,3,0.0,0,3,0,3,0.0,3.0,0.0,-2.823379060889248e-20,,,,False,False,False
subsonichunter1,1,0.0,0,1,0,1,0.0,1.0,0.0,4.330642600340364e-19,,,,False,False,False
substantial-sea5952,13,0.1538461538461538,25,9,25,9,29.0,12.0,0.009901407519292303,0.026679628340536204,29.0,0.0,0.0,True,False,True
substantial_brush692,1,0.0,0,1,0,1,0.0,1.0,0.0,-8.091802541673726e-20,,,,False,False,False
substantial_text_462,3,0.3333333333333333,0,3,0,3,0.0,3.0,0.0,2.3558452381024285e-19,,,,False,False,False
successful-mistake91,1,0.0,0,1,0,1,0.0,1.0,0.0,-4.53596850050879e-19,,,,False,False,False
such_track_8322,1,0.0,0,1,0,1,0.0,1.0,0.0,2.8782105155846987e-19,,,,False,False,False
sundae-school,2,0.0,1,2,1,2,1.0,2.0,0.0014639466303745731,0.0011267609239684353,1.0,0.0,0.0,False,False,False
sunderplunder,1,0.0,0,1,0,1,0.0,1.0,0.0,1.2470559054319947e-19,,,,False,False,False
sunmistress,1,0.0,0,1,0,1,0.0,1.0,0.0,-7.835420974159868e-20,,,,False,False,False
sunshnethwerewolf,1,0.0,0,1,0,1,0.0,1.0,0.0,-1.4920378009413475e-19,,,,False,False,False
super_sat4n,1,0.0,0,1,0,1,0.0,1.0,0.0,-5.365473976571118e-19,,,,False,False,False
super_theme_6925,1,0.0,0,1,0,1,0.0,1.0,0.0,1.0397049806762083e-19,,,,False,False,False
superalloyberserker,2,0.0,63,2,63,2,63.0,2.0,0.007049051223685447,0.02587537231240823,63.0,0.0,0.0,True,False,True
superflik,6,0.0,4,6,4,6,4.0,6.0,0.0017971922791611278,0.0001298039956043629,4.0,0.0,0.0,True,False,False
supersaiyansimba,1,1.0,0,1,0,1,0.0,1.0,0.0,-4.0011129537431687e-19,,,,False,False,False
supervanv1,1,0.0,0,1,0,1,0.0,1.0,0.0,-5.498226264984956e-19,,,,False,False,False
suppository-34613,1,0.0,1,1,1,1,1.0,1.0,0.0,0.0009537319363782192,1.0,0.0,0.0,False,False,False
suqmadiq63,2,0.0,1,1,1,1,2.0,2.0,0.0,0.08585988966320482,2.0,0.0,0.0,False,False,False
susanna_winnich,2,0.0,0,1,0,1,0.0,1.0,0.0,1.240174945527965e-19,,,,False,False,False
suspicious-bowl-1508,7,0.0,1,2,1,2,5.0,7.0,0.00016849908778831363,0.08585988966320483,5.0,0.0,0.0,False,False,False
suspicious-gate8761,3,0.0,0,3,0,3,0.0,3.0,0.0,4.338769009561791e-19,,,,False,False,False
suspicious-shop3644,1,0.0,0,1,0,1,0.0,1.0,0.0,7.038644944243461e-19,,,,False,False,False
suspicious_area_7160,6,0.0,7,6,7,6,7.0,6.0,0.005978499737727003,0.0046685632996272585,7.0,0.0,0.0,True,False,True
suspicious_harvester,4,0.25,0,4,0,4,0.0,4.0,0.0,-1.080184181288439e-19,,,,False,False,False
svarcanum,7,0.0,1,2,1,2,6.0,7.0,0.0,0.08585988966320483,6.0,0.0,0.0,False,False,False
sw1561,1,0.0,1,1,1,1,1.0,1.0,6.469923228097305e-06,0.0004427294428100132,1.0,0.0,0.0,False,False,False
sweatyeducation4943,2,0.5,1,2,1,2,1.0,2.0,0.00020408878600659136,0.008709097879795482,1.0,0.0,0.0,False,False,False
sweatynready4u,1,0.0,1,1,1,1,1.0,1.0,0.0,0.0006533579028844356,1.0,0.0,0.0,False,False,False
swergart,1,0.0,0,1,0,1,0.0,1.0,0.0,-3.326213393828253e-19,,,,False,False,False
swizzleteats397,1,0.0,0,1,0,1,0.0,1.0,0.0,1.0927808474867582e-19,,,,False,False,False
swordrush,2,0.0,2,2,2,2,2.0,2.0,0.0005160752923412205,0.0009298604959514702,2.0,0.0,0.0,False,False,False
syablemansghost,1,1.0,0,1,0,1,0.0,1.0,0.0,-6.739496249842547e-19,,,,False,False,False
sybersicko,1,0.0,0,1,0,1,0.0,1.0,0.0,3.8928966549956294e-19,,,,False,False,False
synonymoustowater,1,0.0,0,1,0,1,0.0,1.0,0.0,4.774169584801946e-19,,,,False,False,False
system-neither,3,0.0,2,2,2,2,2.0,3.0,0.0,0.005171238671106842,2.0,0.0,0.0,False,False,False
systemany4819,1,0.0,0,1,0,1,0.0,1.0,0.0,3.2035067801622733e-19,,,,False,False,False
t-ares-c,2,0.0,0,2,0,2,0.0,2.0,0.0,-1.404402028063833e-21,,,,False,False,False
t1kt0c,1,0.0,0,1,0,1,0.0,1.0,0.0,2.206722517948971e-20,,,,False,False,False
t4tgrill,2,0.0,1,1,1,1,1.0,2.0,0.0,1.3699626141673285e-05,1.0,0.0,0.0,False,False,False
tablesuspicious7182,1,0.0,5,1,5,1,5.0,1.0,0.0004641841445833511,0.00698410050806609,5.0,0.0,0.0,True,False,False
tacoeatstaco,1,0.0,0,1,0,1,0.0,1.0,0.0,-5.200678808549975e-19,,,,False,False,False
tactical_waifu_sim,1,0.0,3,1,3,1,3.0,1.0,0.0003138281212280274,0.001644061016804179,3.0,0.0,0.0,True,False,False
tadeadamec,1,0.0,0,1,0,1,0.0,1.0,0.0,6.311305195500737e-19,,,,False,False,False
takolyfe,1,0.0,0,1,0,1,0.0,1.0,0.0,1.999348962089463e-19,,,,False,False,False
taograd359,2,0.0,1,1,1,1,2.0,2.0,0.0,0.011992989877466,2.0,0.0,0.0,False,False,False
tasty_weeb,1,0.0,0,1,0,1,0.0,1.0,0.0,1.5233329966048766e-19,,,,False,False,False
tb3300,1,0.0,0,1,0,1,0.0,1.0,0.0,8.189080695980086e-19,,,,False,False,False
tchallasuncle,1,0.0,0,1,0,1,0.0,1.0,0.0,1.567055233020041e-19,,,,False,False,False
tech_galaxy2,14,0.1428571428571428,5,11,5,11,6.0,14.0,0.00873260279396589,0.009374128269838166,6.0,0.0,0.0,True,False,True
ted_rid,11,0.0,3,9,3,9,5.0,11.0,0.006987933288352157,0.025590437997012966,5.0,0.0,0.0,True,False,True
teddybeartoons,1,0.0,0,1,0,1,0.0,1.0,0.0,1.0071053757855587e-19,,,,False,False,False
teerre,1,0.0,0,1,0,1,0.0,1.0,0.0,3.888700391138537e-19,,,,False,False,False
telleh,1,0.0,0,1,0,1,0.0,1.0,0.0,1.5759425778178737e-19,,,,False,False,False
tellemwhoucame2see,1,0.0,0,1,0,1,0.0,1.0,0.0,-1.0519391958441986e-19,,,,False,False,False
telstar1986,1,0.0,0,1,0,1,0.0,1.0,0.0,3.468992556525661e-19,,,,False,False,False
tendercanary,1,0.0,0,1,0,1,0.0,1.0,0.0,-3.4335946847125644e-19,,,,False,False,False
terrible-author-325,4,0.0,33,3,33,3,34.0,3.0,0.006557365086534408,0.017502018494420294,34.0,0.0,0.0,True,False,True
terryke,4,0.0,8,3,8,3,8.0,3.0,0.0013263133403639484,0.007964481321400211,8.0,0.0,0.0,True,False,True
testingbrokengadgets,3,0.0,1,3,1,3,1.0,3.0,0.00024047861007652627,9.901102273400503e-05,1.0,0.0,0.0,False,False,False
tgalvin1999,1,0.0,0,1,0,1,0.0,1.0,0.0,4.16544213178746e-19,,,,False,False,False
tgerz,3,0.6666666666666666,1,2,1,2,1.0,3.0,0.0066181096934509855,0.0036671904227497977,1.0,0.0,0.0,False,False,False
tgong76,1,0.0,0,1,0,1,0.0,1.0,0.0,-2.0869351232370513e-19,,,,False,False,False
thagen1us,1,0.0,0,1,0,1,0.0,1.0,0.0,4.221926419041521e-19,,,,False,False,False
thanatoswaits,1,0.0,0,1,0,1,0.0,1.0,0.0,-4.522528274111496e-19,,,,False,False,False
that_standard8266,3,0.0,1,2,1,2,2.0,3.0,7.451854399984241e-05,0.0019828028483877395,2.0,0.0,0.0,False,False,False
thatcapman,1,0.0,0,1,0,1,0.0,1.0,0.0,1.2730895970285667e-19,,,,False,False,False
thatgalaxyskin,5,0.2,1,5,1,5,1.0,5.0,0.0006951170893539541,0.0186887326462361,1.0,0.0,0.0,False,False,False
thatgamerguy98,1,0.0,1,1,1,1,1.0,1.0,0.00046344334185931767,0.0010226965035819062,1.0,0.0,0.0,False,False,False
thatguyindoom,2,0.5,2,2,2,2,2.0,2.0,0.0004073202312917477,7.56333949063516e-05,2.0,0.0,0.0,False,False,False
thatguywhosdumb1,1,0.0,0,1,0,1,0.0,1.0,0.0,4.2435646341702473e-19,,,,False,False,False
thatll-do,7,0.0,1,6,1,6,1.0,7.0,0.0004136920314790914,6.038891670337192e-05,1.0,0.0,0.0,False,False,False
thattallguy680,1,1.0,0,1,0,1,0.0,1.0,0.0,4.393064836530855e-19,,,,False,False,False
the_austrian_artist,1,0.0,7,1,7,1,7.0,1.0,0.0019596536869434847,0.0021069435136196204,7.0,0.0,0.0,True,False,True
the_dark_fantasy,2,0.0,1,2,1,2,1.0,2.0,0.0004766184775272463,0.0016722262423607638,1.0,0.0,0.0,False,False,False
the_faminewolf,2,0.0,0,2,0,2,0.0,2.0,0.0,-8.293375910636844e-20,,,,False,False,False
the_fell_opian,1,0.0,2,1,2,1,2.0,1.0,0.00020574306981982374,0.00045010720246901464,2.0,0.0,0.0,False,False,False
the_fucking_doctor,20,0.05,22,14,22,14,28.0,19.0,0.01748657206456227,0.0074930935373904535,28.0,0.0,0.0,True,False,True
the_humeister,1,0.0,1,1,1,1,1.0,1.0,2.063301257251988e-07,2.874804635835686e-19,1.0,0.0,0.0,False,False,False
the_joestartechnique,4,0.0,2,4,2,4,2.0,4.0,0.00016116716314607535,1.3574765761770692e-18,2.0,0.0,0.0,False,False,False
the_old_workout_plan,2,0.0,2,2,2,2,2.0,2.0,0.000836462329689956,0.08727377471615076,2.0,0.0,0.0,False,False,False
the_paragone,1,0.0,1,1,1,1,1.0,1.0,0.0,0.006909076744320015,1.0,0.0,0.0,False,False,False
the_pauler,1,0.0,0,1,0,1,0.0,1.0,0.0,-6.941260988510675e-19,,,,False,False,False
the_scroast,3,0.0,1,2,1,2,1.0,3.0,0.00036664863341367824,0.0010026479955682998,1.0,0.0,0.0,False,False,False
the_stag_from_pa,2,0.0,0,2,0,2,0.0,2.0,0.0,-5.734600486757634e-19,,,,False,False,False
theantihero-heroclub,1,0.0,0,1,0,1,0.0,1.0,0.0,8.226174231440108e-20,,,,False,False,False
theaurigauh,1,0.0,0,1,0,1,0.0,1.0,0.0,-1.610389277539925e-19,,,,False,False,False
thebergster84,1,0.0,0,1,0,1,0.0,1.0,0.0,-6.034869781260301e-19,,,,False,False,False
thechaosofreason,3,0.0,1,3,1,3,1.0,3.0,0.0001572235558026015,-1.2069848487943137e-18,1.0,0.0,0.0,False,False,False
thechunkenmaster,2,0.0,0,2,0,2,0.0,2.0,0.0,2.460195327106338e-19,,,,False,False,False
thecrimsonseas,2,0.0,1,2,1,2,1.0,2.0,0.0,3.778367470868378e-05,1.0,0.0,0.0,False,False,False
thedadthatgrills,2,0.0,2,2,2,2,2.0,2.0,0.00016684316155428933,0.08585988966320485,2.0,0.0,0.0,False,False,False
thedavidofreddit,1,0.0,0,1,0,1,0.0,1.0,0.0,-4.143868142085764e-19,,,,False,False,False
thedregn,4,0.0,4,3,4,3,4.0,4.0,0.0008127543643531333,0.0026464140161637857,4.0,0.0,0.0,True,False,False
theevilestartichoke,2,0.0,3,2,3,2,3.0,2.0,0.0012177309560713436,5.226299639610166e-08,3.0,0.0,0.0,True,False,False
thegamer1992,1,0.0,0,1,0,1,0.0,1.0,0.0,-6.467250201683147e-19,,,,False,False,False
thegoodcaptain13,1,0.0,1,1,1,1,1.0,1.0,0.0,0.00026953081531097886,1.0,0.0,0.0,False,False,False
thegreatestpitt,1,0.0,0,1,0,1,0.0,1.0,0.0,5.563057024826152e-19,,,,False,False,False
thejagwtf,2,0.0,0,2,0,2,0.0,2.0,0.0,-4.359617466619718e-19,,,,False,False,False
thejingletinkler69,1,0.0,0,1,0,1,0.0,1.0,0.0,-3.538980818762328e-20,,,,False,False,False
thelastdarkwingduck,2,0.0,1,2,1,2,1.0,2.0,1.031650628625994e-07,1.5322615508831356e-18,1.0,0.0,0.0,False,False,False
thelegendarybeard_,1,0.0,0,1,0,1,0.0,1.0,0.0,-5.261927673681925e-19,,,,False,False,False
thelittletaro,1,0.0,0,1,0,1,0.0,1.0,0.0,1.037676730953023e-18,,,,False,False,False
thelonelypotato666,1,0.0,0,1,0,1,0.0,1.0,0.0,-1.0656064843443554e-19,,,,False,False,False
themadflyentist,1,0.0,0,1,0,1,0.0,1.0,0.0,1.71084678001339e-19,,,,False,False,False
thematthewmullins,1,0.0,0,1,0,1,0.0,1.0,0.0,-6.345441245701657e-19,,,,False,False,False
themaxtero,3,0.0,1,2,1,2,1.0,3.0,0.001049731820415711,0.0056784756214276755,1.0,0.0,0.0,False,False,False
themoo_,1,0.0,1,1,1,1,1.0,1.0,0.0,0.0009537319363782216,1.0,0.0,0.0,False,False,False
then-tax8166,1,0.0,0,1,0,1,0.0,1.0,0.0,2.631253809892127e-19,,,,False,False,False
thenekokatze,13,0.1538461538461538,3,11,3,11,4.0,13.0,0.0024437084964680504,5.0548352000508585e-06,4.0,0.0,0.0,True,False,False
theofficialsoulbeat,1,0.0,2,1,2,1,2.0,1.0,0.00047187699753352966,5.747132216147814e-19,2.0,0.0,0.0,False,False,False
theotisoz,1,0.0,0,1,0,1,0.0,1.0,0.0,2.2288240698942855e-19,,,,False,False,False
theowlsarecomin,3,0.0,0,2,0,2,0.0,3.0,0.0,1.0956008441821533e-20,,,,False,False,False
thepeskypole34,1,0.0,0,1,0,1,0.0,1.0,0.0,5.976483164050228e-19,,,,False,False,False
thesickophant,1,0.0,0,1,0,1,0.0,1.0,0.0,-3.843175424368491e-19,,,,False,False,False
thesplinteredwarrior,1,0.0,0,1,0,1,0.0,1.0,0.0,-1.9390911816742e-19,,,,False,False,False
thestorm2_0,1,0.0,1,1,1,1,1.0,1.0,0.0,1.6521642958232784e-05,1.0,0.0,0.0,False,False,False
thetasteofink05,3,0.3333333333333333,0,3,0,3,0.0,3.0,0.0,3.342202672756473e-19,,,,False,False,False
thetruplaya11,1,0.0,0,1,0,1,0.0,1.0,0.0,4.533100781564966e-19,,,,False,False,False
thetwinflower,1,0.0,0,1,0,1,0.0,1.0,0.0,8.650410005576278e-20,,,,False,False,False
thevaliantbob,1,0.0,0,1,0,1,0.0,1.0,0.0,-1.35025986563848e-19,,,,False,False,False
thewagn,2,0.0,0,2,0,2,0.0,2.0,0.0,-5.960676087423437e-20,,,,False,False,False
theworclown,1,0.0,1,1,1,1,1.0,1.0,0.0,0.0023598296507518833,1.0,0.0,0.0,False,False,False
thexhoonter,6,0.0,4,4,4,4,4.0,6.0,0.001096563980289961,0.00021384983408088425,4.0,0.0,0.0,True,False,False
theyawitz,1,0.0,0,1,0,1,0.0,1.0,0.0,4.855366635160139e-19,,,,False,False,False
thiamatthedestroyer,2,0.0,1,1,1,1,2.0,2.0,0.0,0.000556715083003318,2.0,0.0,0.0,False,False,False
thin_dragonfruit3665,2,0.0,0,2,0,2,0.0,2.0,0.0,-7.004738940883322e-19,,,,False,False,False
think_charity_1028,1,0.0,0,1,0,1,0.0,1.0,0.0,-5.471724288241979e-19,,,,False,False,False
thiqcoq,4,0.0,4,3,4,3,6.0,4.0,0.001120901517017123,0.0004395433327226704,6.0,0.0,0.0,True,False,True
throwawayforthe17th,2,0.5,1,2,1,2,1.0,2.0,0.0014573083679645348,5.939594642909879e-07,1.0,0.0,0.0,False,False,False
throwawaytoxin,1,1.0,0,1,0,1,0.0,1.0,0.0,-5.877242366961632e-19,,,,False,False,False
thunderbuns935,2,0.0,2,2,2,2,2.0,2.0,0.00022624736926633388,0.0026075948425118033,2.0,0.0,0.0,False,False,False
thundercraft74,1,0.0,0,1,0,1,0.0,1.0,0.0,-1.659080127018651e-20,,,,False,False,False
tickingoftheclocks,1,0.0,0,1,0,1,0.0,1.0,0.0,-6.117177724484874e-19,,,,False,False,False
ticktock_heart,5,0.2,1,4,1,4,1.0,5.0,4.5637168022088386e-05,0.0005969966125697309,1.0,0.0,0.0,False,False,False
tight-experience-115,1,0.0,0,1,0,1,0.0,1.0,0.0,-3.088099783550087e-19,,,,False,False,False
timsaurus,2,0.0,0,2,0,2,0.0,2.0,0.0,1.669383627591861e-19,,,,False,False,False
tingamer,1,0.0,0,1,0,1,0.0,1.0,0.0,6.032104329701399e-19,,,,False,False,False
tiny_letterhead9020,2,0.0,0,2,0,2,0.0,2.0,0.0,3.572091538595847e-19,,,,False,False,False
tiredgrass27,1,0.0,2,1,2,1,2.0,1.0,0.00011452301524810058,2.1571168996879216e-18,2.0,0.0,0.0,False,False,False
tiredjob,2,0.0,1,2,1,2,1.0,2.0,0.00015722355580260152,8.743985172106965e-19,1.0,0.0,0.0,False,False,False
tkblunts,1,1.0,0,1,0,1,0.0,1.0,0.0,-2.9943401160181897e-19,,,,False,False,False
tlb3131,1,1.0,0,1,0,1,0.0,1.0,0.0,-7.158128670237547e-19,,,,False,False,False
tmntvsfurby,1,0.0,1,1,1,1,1.0,1.0,0.00010754983740696175,0.011111347164892128,1.0,0.0,0.0,False,False,False
toast0117,1,0.0,1,1,1,1,1.0,1.0,0.00015722355580260152,-3.789578321723754e-18,1.0,0.0,0.0,False,False,False
tobiasyuki,8,0.125,3,5,3,5,5.0,8.0,0.004315766883324092,0.0021273653122362715,5.0,0.0,0.0,True,False,True
tomahawk_the_wolf,1,0.0,0,1,0,1,0.0,1.0,0.0,-2.6939431230141864e-20,,,,False,False,False
tomasosauce,1,0.0,0,1,0,1,0.0,1.0,0.0,2.9683383128168465e-19,,,,False,False,False
tomato_fettuccine,1,0.0,0,1,0,1,0.0,1.0,0.0,-2.6636206904183882e-20,,,,False,False,False
tomellis44,1,0.0,0,1,0,1,0.0,1.0,0.0,-3.1681363689357446e-19,,,,False,False,False
tomirahew,8,0.0,5,6,5,6,6.0,8.0,0.004606619703777768,0.007272357564149222,6.0,0.0,0.0,True,False,True
tonyhallx,3,0.0,2,2,2,2,3.0,2.0,0.0006720438295230287,0.00046676537607655733,3.0,0.0,0.0,False,False,False
too-much-luv,1,0.0,0,1,0,1,0.0,1.0,0.0,-2.0770240208273826e-19,,,,False,False,False
tootsie-sniffer3,1,0.0,0,1,0,1,0.0,1.0,0.0,-4.036727215629793e-19,,,,False,False,False
topimpadove,7,0.1428571428571428,6,6,6,6,6.0,6.0,0.0018257748678242084,0.0009701900752163979,6.0,0.0,0.0,True,False,True
torquebow,14,0.0714285714285714,3,6,3,6,11.0,14.0,0.0017520024845921653,0.0012334469475182416,11.0,0.0,0.0,True,False,True
totyly_ausem,3,0.0,1,1,1,1,2.0,3.0,0.0,2.423718581856054e-19,2.0,0.0,0.0,False,False,False
tracelupo,6,0.1666666666666666,1,2,1,2,4.0,6.0,0.000302132025853099,0.08585988966320483,4.0,0.0,0.0,False,False,False
traditional-lie-3541,1,0.0,1,1,1,1,1.0,1.0,0.0,-5.674008748973185e-19,1.0,0.0,0.0,False,False,False
traditional_pie_9075,1,0.0,0,1,0,1,0.0,1.0,0.0,-5.007497746078024e-19,,,,False,False,False
training_strike2687,1,0.0,2,1,2,1,2.0,1.0,6.721940738804509e-05,0.0006891259494409282,2.0,0.0,0.0,False,False,False
tranquilconfusion,2,0.0,1,2,1,2,1.0,2.0,8.029932743043448e-05,-5.358589543891751e-19,1.0,0.0,0.0,False,False,False
trapmaster98,1,1.0,0,1,0,1,0.0,1.0,0.0,7.346580365991246e-19,,,,False,False,False
treebeardsama,7,0.2857142857142857,5,6,5,6,6.0,7.0,0.0018630515886067286,0.002842355377627474,6.0,0.0,0.0,True,True,True
tricky-secretary-251,1,0.0,0,1,0,1,0.0,1.0,0.0,4.744726529343822e-19,,,,False,False,False
trigon05,1,1.0,0,1,0,1,0.0,1.0,0.0,-4.832549281053811e-20,,,,False,False,False
triplecappertroper,1,0.0,1,1,1,1,1.0,1.0,0.0,0.006909076744320015,1.0,0.0,0.0,False,False,False
tristan7646,1,1.0,0,1,0,1,0.0,1.0,0.0,8.309128933811494e-19,,,,False,False,False
trollensky17,2,0.0,0,1,0,1,0.0,1.0,0.0,5.899155998459267e-19,,,,False,False,False
trollwithabishai,2,0.0,1,1,1,1,2.0,2.0,0.0,0.0002695308153109783,2.0,0.0,0.0,False,False,False
tropicalspritee,9,0.0,1,2,1,2,9.0,9.0,0.0,0.08585988966320482,9.0,0.0,0.0,False,False,False
troubleemaker1943,1,0.0,0,1,0,1,0.0,1.0,0.0,-3.402605376679442e-19,,,,False,False,False
tsunderemacaroon,1,0.0,0,1,0,1,0.0,1.0,0.0,-6.664657237889948e-19,,,,False,False,False
ttr_coco,1,0.0,0,1,0,1,0.0,1.0,0.0,-6.119109496541125e-19,,,,False,False,False
ttvspitfire,1,0.0,3,1,3,1,3.0,1.0,2.9780806075207795e-05,0.002984819910883052,3.0,0.0,0.0,True,False,False
tucker_a32,2,0.0,0,2,0,2,0.0,2.0,0.0,3.3871487246622955e-19,,,,False,False,False
turbulent-extreme523,2,0.0,1,1,1,1,1.0,2.0,0.0,0.003395822229110017,1.0,0.0,0.0,False,False,False
turbulent_pin_9392,5,0.0,2,2,2,2,3.0,4.0,0.0009460827971072544,0.009640198642094316,3.0,0.0,0.0,False,False,False
turbulent_relative70,2,0.0,5,2,5,2,6.0,2.0,0.0008848119996817578,0.0005893274046443525,6.0,0.0,0.0,True,False,False
turbulentbumblebee20,1,0.0,0,1,0,1,0.0,1.0,0.0,-9.225353432627548e-21,,,,False,False,False
turnthermit,1,0.0,0,1,0,1,0.0,1.0,0.0,3.3658596283709536e-19,,,,False,False,False
twiggsmcgee666,1,0.0,2,1,2,1,2.0,1.0,0.00016545110812702838,0.0032571884845518763,2.0,0.0,0.0,False,False,False
twilightfate,1,0.0,0,1,0,1,0.0,1.0,0.0,-4.778850836140266e-19,,,,False,False,False
twinser_santh,2,0.0,0,2,0,2,0.0,2.0,0.0,-6.018994595999862e-19,,,,False,False,False
twoshupirates,3,0.0,0,3,0,3,0.0,3.0,0.0,-2.514253863136203e-19,,,,False,False,False
tylerdiehl1,1,0.0,0,1,0,1,0.0,1.0,0.0,-4.100354140969802e-19,,,,False,False,False
typical_stop4677,1,0.0,46,1,46,1,47.0,1.0,0.008381752356677463,0.005936363976111802,47.0,0.0,0.0,True,False,True
ubahn1,1,0.0,0,1,0,1,0.0,1.0,0.0,4.7124665617464e-21,,,,False,False,False
uchiharidouan,1,0.0,0,1,0,1,0.0,1.0,0.0,-2.33792010189541e-19,,,,False,False,False
ultrajoyless,1,0.0,0,1,0,1,0.0,1.0,0.0,1.2890914875088532e-19,,,,False,False,False
ultraphoenix95,5,0.0,5,4,5,4,6.0,5.0,0.001623601382051697,0.007702561231657542,6.0,0.0,0.0,True,False,True
unclegolem,5,0.0,2,5,2,5,2.0,5.0,0.0001600109775487081,5.776672666815511e-18,2.0,0.0,0.0,False,False,False
uncomfortableanswers,14,0.1428571428571428,8,13,8,13,9.0,14.0,0.01125829291260688,0.0015777184944626463,9.0,0.0,0.0,True,False,True
undeadchampion1331,1,0.0,1,1,1,1,1.0,1.0,0.0,0.006909076744320008,1.0,0.0,0.0,False,False,False
undeadfreakdog,2,0.5,0,2,0,2,0.0,2.0,0.0,-1.5887454616129195e-19,,,,False,False,False
unfriendly_npc,1,0.0,0,1,0,1,0.0,1.0,0.0,6.523345092158909e-19,,,,False,False,False
unhappy-lavishness64,1,0.0,0,1,0,1,0.0,1.0,0.0,-3.763124574960331e-19,,,,False,False,False
uninsuredrisk,3,0.3333333333333333,1,3,1,3,1.0,3.0,1.2562065821235853e-05,1.853093843914272e-18,1.0,0.0,0.0,False,False,False
unknown-accolyte,1,0.0,0,1,0,1,0.0,1.0,0.0,6.70601499396474e-21,,,,False,False,False
unknown5493,1,0.0,0,1,0,1,0.0,1.0,0.0,4.017425119868204e-19,,,,False,False,False
upperquiet980,1,0.0,0,1,0,1,0.0,1.0,0.0,-1.5178324697409303e-19,,,,False,False,False
upstairsnose,5,0.0,2,2,2,2,4.0,5.0,0.0016433348075613283,0.0035144074578599563,4.0,0.0,0.0,False,False,False
uravgcommenter,1,0.0,0,1,0,1,0.0,1.0,0.0,5.524342362792242e-19,,,,False,False,False
ursa_raybrant,1,0.0,1,1,1,1,1.0,1.0,2.527544040133685e-06,1.8276105985509023e-18,1.0,0.0,0.0,False,False,False
used-thought-9443,1,0.0,0,1,0,1,0.0,1.0,0.0,-3.8887085376887595e-20,,,,False,False,False
used_candidate7042,2,0.0,1,2,1,2,1.0,2.0,9.637340812357893e-05,0.001438458407246835,1.0,0.0,0.0,False,False,False
useful_trinket,1,0.0,0,1,0,1,0.0,1.0,0.0,-3.903141998832809e-20,,,,False,False,False
usernameknotf0und,1,0.0,1,1,1,1,1.0,1.0,0.0,0.0069090767443200155,1.0,0.0,0.0,False,False,False
usernotfoundplstry,8,0.0,1,7,1,7,1.0,8.0,0.0002056669138179211,2.5980846304688725e-05,1.0,0.0,0.0,False,False,False
utubm_coldteeth,2,0.0,0,2,0,2,0.0,2.0,0.0,-2.745588472379565e-19,,,,False,False,False
vaelvet_,1,0.0,0,1,0,1,0.0,1.0,0.0,2.1111611973591977e-20,,,,False,False,False
vahlerion,1,0.0,0,1,0,1,0.0,1.0,0.0,-2.6459063518973722e-20,,,,False,False,False
valuable_show1778,2,0.0,0,2,0,2,0.0,2.0,0.0,2.8729424733500837e-19,,,,False,False,False
vankakt,4,0.25,3,4,3,4,5.0,4.0,0.0005693616448381268,0.0046903655931641135,5.0,0.0,0.0,True,False,False
vannyplays,2,0.0,0,2,0,2,0.0,2.0,0.0,1.9856873052408167e-19,,,,False,False,False
various-complex-2192,1,0.0,6,1,6,1,7.0,1.0,0.0012449690598699986,0.020150493836352323,7.0,0.0,0.0,True,False,True
various-fig-7195,1,0.0,0,1,0,1,0.0,1.0,0.0,-7.564212676947952e-20,,,,False,False,False
veebles89,1,1.0,0,1,0,1,0.0,1.0,0.0,-2.4359175417344583e-19,,,,False,False,False
vegasgaymer,1,0.0,0,1,0,1,0.0,1.0,0.0,-5.790845076611042e-19,,,,False,False,False
vegetable-bear-7482,1,0.0,0,1,0,1,0.0,1.0,0.0,-1.5602972337163482e-19,,,,False,False,False
vegetable-bug251,1,0.0,0,1,0,1,0.0,1.0,0.0,2.0219434563908617e-19,,,,False,False,False
vegetable-finger-273,1,0.0,0,1,0,1,0.0,1.0,0.0,-9.386377630499015e-20,,,,False,False,False
vegetable-spring-934,1,0.0,0,1,0,1,0.0,1.0,0.0,-3.2389107700075826e-20,,,,False,False,False
velasqu,1,0.0,1,1,1,1,1.0,1.0,0.0,2.8051158386602275e-19,1.0,0.0,0.0,False,False,False
veldur_mothram,1,0.0,1,1,1,1,1.0,1.0,0.0003911468970081169,0.0056784756214276755,1.0,0.0,0.0,False,False,False
velstrom,1,0.0,0,1,0,1,0.0,1.0,0.0,3.100632804803047e-19,,,,False,False,False
vendriklamar,2,0.0,1,2,1,2,2.0,2.0,0.00017965113661025966,0.0018204357690267522,2.0,0.0,0.0,False,False,False
vengeful-wendigo,1,0.0,0,1,0,1,0.0,1.0,0.0,-5.511393157366514e-19,,,,False,False,False
venthevex,2,0.0,0,2,0,2,0.0,2.0,0.0,1.5970235541928796e-19,,,,False,False,False
verita0,2,0.0,0,2,0,2,0.0,2.0,0.0,1.8280600164316863e-19,,,,False,False,False
veryangrydoggo,6,0.0,6,6,6,6,6.0,6.0,0.0021627198657982317,0.0026256340997919832,6.0,0.0,0.0,True,False,True
vhsodre,1,0.0,1,1,1,1,1.0,1.0,0.0,-1.9961502586070285e-18,1.0,0.0,0.0,False,False,False
victorespinola,1,0.0,0,1,0,1,0.0,1.0,0.0,5.218540296677946e-19,,,,False,False,False
victorianscorpion,2,0.0,1,1,1,1,1.0,2.0,0.0,-1.4175274430497375e-19,1.0,0.0,0.0,False,False,False
videomaker580a,1,1.0,0,1,0,1,0.0,1.0,0.0,-3.6736569794978365e-19,,,,False,False,False
viiiihto,2,0.0,0,2,0,2,0.0,2.0,0.0,5.628653771132693e-19,,,,False,False,False
vikvonp,1,0.0,0,1,0,1,0.0,1.0,0.0,-1.987072071168207e-19,,,,False,False,False
viraemia123,1,0.0,0,1,0,1,0.0,1.0,0.0,-3.411573268484017e-19,,,,False,False,False
virama,2,0.0,1,1,1,1,1.0,2.0,0.0,-3.0959255318497372e-18,1.0,0.0,0.0,False,False,False
virellius2,3,0.3333333333333333,1,2,1,2,2.0,3.0,1.331689019784721e-06,1.9661598284986828e-18,2.0,0.0,0.0,False,False,False
virtual_fix9931,1,0.0,4,1,4,1,4.0,1.0,0.0004884120946974028,0.005873226678277119,4.0,0.0,0.0,True,False,False
visible-antelope8137,1,0.0,0,1,0,1,0.0,1.0,0.0,5.556861654279676e-20,,,,False,False,False
vladdypants,1,0.0,0,1,0,1,0.0,1.0,0.0,-3.041907439567873e-19,,,,False,False,False
voce_narrante,4,0.25,1,1,1,1,2.0,4.0,0.0,0.004391516460797012,2.0,0.0,0.0,False,False,False
voidlord4450,1,0.0,0,1,0,1,0.0,1.0,0.0,-2.6938743835957644e-19,,,,False,False,False
voidofsin,2,0.0,1,1,1,1,1.0,2.0,0.0,0.08585988966320485,1.0,0.0,0.0,False,False,False
volcboy84,1,0.0,0,1,0,1,0.0,1.0,0.0,-1.8580754801271582e-19,,,,False,False,False
vr6passlow,3,0.0,1,3,1,3,1.0,3.0,8.651127414335122e-05,-1.2599058413186195e-18,1.0,0.0,0.0,False,False,False
vtopping,1,1.0,0,1,0,1,0.0,1.0,0.0,4.216822570370816e-19,,,,False,False,False
vz3r0,1,0.0,1,1,1,1,1.0,1.0,0.0,2.3889419322231913e-19,1.0,0.0,0.0,False,False,False
waalidsaab7777,2,0.0,0,2,0,2,0.0,2.0,0.0,6.74823091752061e-19,,,,False,False,False
wafflecone927,1,0.0,0,1,0,1,0.0,1.0,0.0,1.233670649726683e-19,,,,False,False,False
wagglebagga,5,0.0,1,2,1,2,2.0,5.0,0.0002595684186260426,0.006909076744320007,2.0,0.0,0.0,False,False,False
waled7rocky,3,0.0,1,3,1,3,1.0,3.0,0.00011276090982553358,0.013827825428083702,1.0,0.0,0.0,False,False,False
want2makememes,2,0.0,1,2,1,2,1.0,2.0,0.0001815154892713149,0.0007227647063360712,1.0,0.0,0.0,False,False,False
warm-driver-4063,1,0.0,0,1,0,1,0.0,1.0,0.0,1.912976745831032e-19,,,,False,False,False
warp_legion,2,0.0,1,1,1,1,2.0,2.0,0.0,0.0056784756214276755,2.0,0.0,0.0,False,False,False
waste-gur2640,1,0.0,0,1,0,1,0.0,1.0,0.0,-4.174464553931541e-19,,,,False,False,False
watchingtrains,1,1.0,0,1,0,1,0.0,1.0,0.0,1.8749610119041515e-19,,,,False,False,False
watts121,2,0.0,0,2,0,2,0.0,2.0,0.0,4.142453084360696e-19,,,,False,False,False
waytoodan,4,0.0,3,3,3,3,5.0,4.0,0.0005756019355547448,0.0003541587044815643,5.0,0.0,0.0,True,False,False
wearyemployer8412,1,0.0,0,1,0,1,0.0,1.0,0.0,-6.669400792189885e-19,,,,False,False,False
webaccount25,1,0.0,1,1,1,1,1.0,1.0,0.0,0.0005797799637157599,1.0,0.0,0.0,False,False,False
weebee_88,1,0.0,0,1,0,1,0.0,1.0,0.0,-5.433671718508171e-19,,,,False,False,False
weeross87,2,0.5,1,2,1,2,1.0,2.0,0.000314447111605203,1.320846455402588e-18,1.0,0.0,0.0,False,False,False
weirdo_drummer23,1,0.0,0,1,0,1,0.0,1.0,0.0,1.5887011276205998e-19,,,,False,False,False
werey,1,0.0,0,1,0,1,0.0,1.0,0.0,-8.451271503637242e-19,,,,False,False,False
west_effective_8949,1,0.0,0,1,0,1,0.0,1.0,0.0,-1.0909302009823947e-19,,,,False,False,False
westcoastmcdowellian,5,0.0,6,3,6,3,8.0,5.0,0.0012279390683629968,0.005142142326263883,8.0,0.0,0.0,True,False,True
western_leek3757,1,0.0,0,1,0,1,0.0,1.0,0.0,8.753845485382895e-19,,,,False,False,False
westphillyfilly,4,0.0,1,3,1,3,2.0,4.0,0.0016731675066628093,4.666503923775484e-06,2.0,0.0,0.0,False,False,False
whatisireading2,2,0.5,0,2,0,2,0.0,2.0,0.0,4.39449357459277e-19,,,,False,False,False
wheatleytheball,1,0.0,0,1,0,1,0.0,1.0,0.0,-4.5411134424124277e-20,,,,False,False,False
whereisklumz,2,0.0,0,2,0,2,0.0,2.0,0.0,-2.737921447842576e-20,,,,False,False,False
whittski,1,0.0,0,1,0,1,0.0,1.0,0.0,-5.524178065228173e-20,,,,False,False,False
whittyhippo,1,0.0,2,1,2,1,2.0,1.0,0.0003057522618547024,0.0007442151334262686,2.0,0.0,0.0,False,False,False
whole_journalist2028,1,0.0,0,1,0,1,0.0,1.0,0.0,-1.1362242882595109e-19,,,,False,False,False
wholesome-energy,2,0.0,1,1,1,1,1.0,2.0,0.0,0.006909076744320011,1.0,0.0,0.0,False,False,False
whyme_630,3,0.0,0,3,0,3,0.0,3.0,0.0,-7.824116343033659e-19,,,,False,False,False
whythreekay,1,1.0,0,1,0,1,0.0,1.0,0.0,-2.5953604341067477e-19,,,,False,False,False
wide_falcon_7901,1,0.0,1,1,1,1,1.0,1.0,0.0,0.000175318477363924,1.0,0.0,0.0,False,False,False
wild-ad9269,1,0.0,0,1,0,1,0.0,1.0,0.0,-4.45072311703187e-19,,,,False,False,False
wild-session823,4,0.75,1,2,1,2,2.0,4.0,0.0,0.0008212281457931824,2.0,0.0,0.0,False,False,False
wild_brilliant559,4,0.0,2,2,2,2,4.0,4.0,2.063301257251988e-07,-2.015332420082001e-18,4.0,0.0,0.0,False,False,False
wingding0,1,0.0,0,1,0,1,0.0,1.0,0.0,-6.492089652205484e-19,,,,False,False,False
winklevanderlinde,1,0.0,1,1,1,1,1.0,1.0,5.775471999024087e-06,0.00023170773491381302,1.0,0.0,0.0,False,False,False
wise-key-3442,9,0.0,3,8,3,8,3.0,9.0,0.0047074125571063,0.002882818148185601,3.0,0.0,0.0,True,False,False
witchofunfinished-,1,0.0,0,1,0,1,0.0,1.0,0.0,-2.4690662944772653e-19,,,,False,False,False
wizardof_oz,2,0.5,1,1,1,1,1.0,2.0,0.0,-1.316599327675934e-18,1.0,0.0,0.0,False,False,False
wonderful_cress_4652,2,0.0,7,2,7,2,7.0,2.0,0.0009458172963243113,-6.535975440210898e-18,7.0,0.0,0.0,True,False,False
worksux36g,3,0.0,0,3,0,3,0.0,3.0,0.0,-6.064060340583939e-19,,,,False,False,False
worldly_shoe840,1,1.0,0,1,0,1,0.0,1.0,0.0,-1.9167413176403326e-19,,,,False,False,False
worldly_strategy9312,8,0.0,2,4,2,4,6.0,8.0,0.000572499406321535,0.001992132275116456,6.0,0.0,0.0,False,False,False
worm_3300,1,1.0,0,1,0,1,0.0,1.0,0.0,1.293314898878358e-19,,,,False,False,False
worth_recognition790,1,0.0,0,1,0,1,0.0,1.0,0.0,-2.092621579959191e-19,,,,False,False,False
wotan69,1,0.0,2,1,2,1,3.0,1.0,0.00036685496353940344,0.0005893274046443537,3.0,0.0,0.0,False,False,False
wrld-,1,0.0,0,1,0,1,0.0,1.0,0.0,6.755489040694204e-19,,,,False,False,False
wrong_papaya_8445,9,0.2222222222222222,3,9,3,9,4.0,9.0,0.00465532198064592,0.002205780448169934,4.0,0.0,0.0,True,False,False
wsekii,2,0.0,0,2,0,2,0.0,2.0,0.0,-8.628315342511576e-20,,,,False,False,False
wuzzzy23,1,1.0,0,1,0,1,0.0,1.0,0.0,3.626392034734658e-19,,,,False,False,False
x-coffin,1,0.0,0,1,0,1,0.0,1.0,0.0,4.252897912413415e-19,,,,False,False,False
x-hero_0f_hyrule-x,1,1.0,0,1,0,1,0.0,1.0,0.0,-3.4693752630342755e-19,,,,False,False,False
x023,1,0.0,1,1,1,1,1.0,1.0,0.0001572235558026015,1.8915530011638867e-18,1.0,0.0,0.0,False,False,False
xa4_mend,1,1.0,1,1,1,1,1.0,1.0,0.0,0.001104284724605967,1.0,0.0,0.0,False,False,False
xcoop_stomp416x,2,0.0,0,2,0,2,0.0,2.0,0.0,7.609090534591936e-19,,,,False,False,False
xmandri,8,0.0,4,7,4,7,4.0,7.0,0.004704274327878015,0.03300559414679757,4.0,0.0,0.0,True,False,False
xmonsterxr,1,0.0,0,1,0,1,0.0,1.0,0.0,4.693076240825574e-19,,,,False,False,False
xsacrebleghx,1,0.0,0,1,0,1,0.0,1.0,0.0,6.667709841404477e-19,,,,False,False,False
xwwjd420,1,0.0,0,1,0,1,0.0,1.0,0.0,5.975811444899069e-19,,,,False,False,False
xx_xfubarx_xx,3,0.0,37,3,37,3,39.0,3.0,0.004870297032973587,0.007305545098287877,39.0,0.0,0.0,True,False,True
xxxarkhamknightsxxx,2,0.0,1,2,1,2,1.0,2.0,0.00020653615811625463,0.004460457314547824,1.0,0.0,0.0,False,False,False
xynrae,1,1.0,0,1,0,1,0.0,1.0,0.0,-5.537275243979707e-19,,,,False,False,False
xzamusx,1,0.0,0,1,0,1,0.0,1.0,0.0,-1.9557191611376787e-19,,,,False,False,False
yaboi4666,13,0.2307692307692307,5,3,5,3,12.0,13.0,0.0016248508479201854,0.003525010842580355,12.0,0.0,0.0,True,False,True
yaiga91,1,0.0,0,1,0,1,0.0,1.0,0.0,-4.177095766140616e-19,,,,False,False,False
yakuzashibe,2,0.0,1,2,1,2,1.0,2.0,4.977525965942177e-05,0.0007362971767918754,1.0,0.0,0.0,False,False,False
yikkizh,2,0.0,3,2,3,2,3.0,2.0,0.0014130501549135274,0.0006664374503170788,3.0,0.0,0.0,True,False,False
yogintoki26,9,0.2222222222222222,2,6,2,6,3.0,9.0,0.0025417799988843894,0.002737648854108819,3.0,0.0,0.0,False,False,False
yoleorosa,1,0.0,0,1,0,1,0.0,1.0,0.0,-6.040409856973645e-19,,,,False,False,False
yorkhorster,1,0.0,0,1,0,1,0.0,1.0,0.0,6.632092459023098e-19,,,,False,False,False
youngbuddi,5,0.6,1,2,1,2,2.0,5.0,0.0,0.00026953081531097865,2.0,0.0,0.0,False,False,False
youthofnausea,1,0.0,0,1,0,1,0.0,1.0,0.0,-4.546284755158937e-21,,,,False,False,False
yunayaunplugged,3,0.0,0,3,0,3,0.0,3.0,0.0,3.548219384494365e-19,,,,False,False,False
yung_chillunnerr,1,0.0,1,1,1,1,1.0,1.0,8.198019908079862e-06,-4.467840743075582e-19,1.0,0.0,0.0,False,False,False
zaeor_the_gold,1,0.0,1,1,1,1,1.0,1.0,1.6997672262123517e-06,0.00032428073733232815,1.0,0.0,0.0,False,False,False
zainta,4,0.0,1,2,1,2,1.0,4.0,0.0031622695060434082,0.004391516460797014,1.0,0.0,0.0,False,False,False
zamasu2020,12,0.0,8,9,8,9,9.0,12.0,0.0062498456874221855,0.12893623265707396,9.0,0.0,0.0,True,False,True
zanemob_,5,0.0,3,5,3,5,3.0,5.0,0.0019066905510490113,6.241110797422152e-05,3.0,0.0,0.0,True,False,False
zark108,1,0.0,0,1,0,1,0.0,1.0,0.0,-1.9491221875358312e-19,,,,False,False,False
zealousidealbox3944,3,0.6666666666666666,1,3,1,3,1.0,3.0,3.7655247944848782e-06,-2.8216200477558552e-19,1.0,0.0,0.0,False,False,False
zejety,5,0.0,2,3,2,3,4.0,5.0,0.0005465063160906136,0.0005943544804457812,4.0,0.0,0.0,False,False,False
zeman0205,5,0.0,3,4,3,4,4.0,5.0,0.001869316571126331,0.0034020399294749024,4.0,0.0,0.0,True,False,False
zeniay,1,0.0,0,1,0,1,0.0,1.0,0.0,-9.883711349098232e-21,,,,False,False,False
zenku390,1,0.0,1,1,1,1,1.0,1.0,0.0,2.371589904720251e-05,1.0,0.0,0.0,False,False,False
zer0_summed,1,0.0,0,1,0,1,0.0,1.0,0.0,-7.241100467785765e-19,,,,False,False,False
zerosekai000,1,0.0,0,1,0,1,0.0,1.0,0.0,-2.9844905563957904e-19,,,,False,False,False
zestyclose-tooth6044,3,0.0,0,2,0,2,0.0,3.0,0.0,-7.028000693892605e-19,,,,False,False,False
zhacobe,1,1.0,0,1,0,1,0.0,1.0,0.0,2.0217138676445412e-19,,,,False,False,False
zmansthename,2,0.5,1,2,1,2,1.0,2.0,6.795793823488691e-07,0.0023787293040195058,1.0,0.0,0.0,False,False,False
zoldycksaiyan,2,0.0,6,2,6,2,6.0,2.0,0.0007098570636735253,0.0038519722968543327,6.0,0.0,0.0,True,False,False
zubermans,2,0.0,2,2,2,2,2.0,2.0,0.0003195205401410904,1.2548096756950356e-18,2.0,0.0,0.0,False,False,False
zworrisdeh,1,1.0,0,1,0,1,0.0,1.0,0.0,-4.505747829787654e-19,,,,False,False,False
