Id,comments,toxicity_rate,in_degree,out_degree,in_uwdeg,out_uwdeg,in_wdeg,out_wdeg,betweenness,eigenvector,replies_received,toxic_replies_received,toxic_replies_rate,opinion_leader,toxic_hub,toxic_bridge
--_-_---_-_-_,1,0.0,21,1,21,1,22.0,1.0,0.0012094136658501434,7.002421256438253e-09,22.0,0.0,0.0,True,False,True
--pariah,4,0.25,2,3,2,3,1.0,4.0,0.0003964903036946428,0.000248796807282219,1.0,0.0,0.0,False,False,False
-_-_-_-__---,1,0.0,0,1,0,1,0.0,1.0,0.0,-2.634724216626426e-19,,,,False,False,False
-commonsensible-,3,0.0,1,1,1,1,2.0,3.0,0.0,8.394910435486095e-05,2.0,0.0,0.0,False,False,False
-elias--,1,0.0,1,1,1,1,1.0,1.0,6.48493760132715e-05,-4.81663801074417e-19,1.0,0.0,0.0,False,False,False
-enders,1,0.0,0,1,0,1,0.0,1.0,0.0,-1.6199302723560072e-19,,,,False,False,False
-googlrr,6,0.0,6,5,6,5,7.0,6.0,0.000599982681597382,6.167775222088583e-05,7.0,0.0,0.0,True,False,True
-kyzen-,4,0.0,1,3,1,3,2.0,4.0,0.000495546174813752,8.39491043548649e-05,2.0,0.0,0.0,False,False,False
-s-p-e-r-,1,0.0,0,1,0,1,0.0,1.0,0.0,2.903810225230425e-20,,,,False,False,False
-safer-,1,0.0,1,1,1,1,1.0,1.0,0.0,-1.5305395391939043e-18,1.0,0.0,0.0,False,False,False
-wb-spitfire,3,0.0,11,1,11,1,13.0,3.0,0.0027954227538278488,0.0012693551436802925,13.0,0.0,0.0,True,False,True
-zipp-,1,0.0,1,1,1,1,1.0,1.0,0.0,0.0079694227616994,1.0,0.0,0.0,False,False,False
06gto,1,0.0,0,1,0,1,0.0,1.0,0.0,2.1613991186881175e-19,,,,False,False,False
07ghost_protocol99,1,0.0,1,1,1,1,1.0,1.0,0.0,-5.003277351272232e-19,1.0,0.0,0.0,False,False,False
0rphu,2,0.0,7,2,7,2,7.0,2.0,0.0014752100553515504,0.0003021555043241856,7.0,0.0,0.0,True,False,True
100ratsinasack,10,0.0,5,9,5,9,6.0,10.0,0.0032717119148047563,0.00130098120176943,6.0,0.0,0.0,True,False,True
10midgits,1,0.0,1,1,1,1,1.0,1.0,0.0,1.6779238941996672e-06,1.0,0.0,0.0,False,False,False
13bpeachey,1,0.0,0,1,0,1,0.0,1.0,0.0,3.4733198757551916e-20,,,,False,False,False
1800leon,1,0.0,0,1,0,1,0.0,1.0,0.0,1.5222099652450667e-19,,,,False,False,False
1983_bok,1,0.0,0,1,0,1,0.0,1.0,0.0,-1.6987888771264527e-19,,,,False,False,False
19mkultra77,1,0.0,0,1,0,1,0.0,1.0,0.0,5.41066879807648e-22,,,,False,False,False
1bigbootyjudy1,1,0.0,0,1,0,1,0.0,1.0,0.0,-4.98551257679756e-20,,,,False,False,False
1goldenbraincell,1,0.0,0,1,0,1,0.0,1.0,0.0,4.319543326135608e-21,,,,False,False,False
1leggeddog,2,0.0,1,2,1,2,1.0,2.0,4.750092230539482e-05,-2.3303043689443125e-19,1.0,0.0,0.0,False,False,False
1plus2break,1,0.0,2,1,2,1,2.0,1.0,0.0,2.0117145022537304e-06,2.0,0.0,0.0,False,False,False
1stonepwn,6,0.1666666666666666,1,4,1,4,2.0,6.0,0.0002627806337598597,9.47462885090159e-06,2.0,0.0,0.0,False,False,False
20milliondollarapi,2,0.0,0,2,0,2,0.0,1.0,0.0,-1.2660849336865153e-19,,,,False,False,False
21163,1,0.0,0,1,0,1,0.0,1.0,0.0,2.323710486925117e-22,,,,False,False,False
2meter5,1,0.0,0,1,0,1,0.0,1.0,0.0,-3.996985492027187e-20,,,,False,False,False
2norn,1,0.0,0,1,0,1,0.0,1.0,0.0,-3.3244165438015534e-19,,,,False,False,False
2radon,1,0.0,0,1,0,1,0.0,1.0,0.0,-1.6154922818911587e-19,,,,False,False,False
30269240,1,0.0,0,1,0,1,0.0,1.0,0.0,2.519859055587102e-20,,,,False,False,False
360picture,1,0.0,0,1,0,1,0.0,1.0,0.0,4.839450963581765e-20,,,,False,False,False
38dedo,6,0.0,2,4,2,4,4.0,6.0,0.00019062721057007368,0.00021852462345968055,4.0,0.0,0.0,False,False,False
3classy5me,2,0.0,0,2,0,2,0.0,2.0,0.0,-1.0443757675409586e-19,,,,False,False,False
3nd_of_l1ne,1,0.0,1,1,1,1,1.0,1.0,5.015936885469358e-08,5.5450559284434114e-06,1.0,0.0,0.0,False,False,False
3ringbout,1,0.0,0,1,0,1,0.0,1.0,0.0,-2.7969866428951713e-20,,,,False,False,False
3scap3plan,2,0.0,0,2,0,2,0.0,2.0,0.0,1.3166992798062244e-19,,,,False,False,False
4khazmodan,3,0.0,3,2,3,2,3.0,3.0,0.0002616205631189168,6.0779342389556655e-06,3.0,0.0,0.0,True,False,False
4zz13,2,0.0,1,2,1,2,1.0,2.0,0.00036166192675649933,1.712912539411227e-05,1.0,0.0,0.0,False,False,False
50miler,3,0.0,3,3,3,3,3.0,3.0,0.0008207641202579939,0.0005756429681128002,3.0,0.0,0.0,True,False,False
510kyle,1,0.0,0,1,0,1,0.0,1.0,0.0,-8.520501824543855e-22,,,,False,False,False
51ckl3,2,0.0,0,1,0,1,0.0,1.0,0.0,-2.0731772343608219e-19,,,,False,False,False
5aynt,1,0.0,0,1,0,1,0.0,1.0,0.0,4.724142097422097e-21,,,,False,False,False
60discpriest,1,0.0,3,1,3,1,3.0,1.0,0.00029738730717267714,8.393489031925608e-05,3.0,0.0,0.0,True,False,False
611567,1,0.0,1,1,1,1,1.0,1.0,0.0,0.0003428706519108556,1.0,0.0,0.0,False,False,False
6198573,6,0.0,2,5,2,5,3.0,6.0,0.002196172521470744,0.004779673249007243,3.0,0.0,0.0,False,False,False
69327-1337,2,0.0,0,2,0,2,0.0,2.0,0.0,3.788895551673264e-20,,,,False,False,False
85montecarloss,1,0.0,1,1,1,1,1.0,1.0,0.0,3.7652042988809866e-19,1.0,0.0,0.0,False,False,False
9clubsupreme,1,0.0,0,1,0,1,0.0,1.0,0.0,-1.2694628693395827e-19,,,,False,False,False
__emer__,1,1.0,0,1,0,1,0.0,1.0,0.0,2.1040530261657974e-19,,,,False,False,False
__glad,1,0.0,1,1,1,1,1.0,1.0,0.0,1.7103033696965495e-05,1.0,0.0,0.0,False,False,False
_augie,3,0.0,1,3,1,3,1.0,3.0,4.755108167424951e-05,5.284132948684557e-19,1.0,0.0,0.0,False,False,False
_cava_,1,0.0,0,1,0,1,0.0,1.0,0.0,-7.54615252730834e-21,,,,False,False,False
_clever_reference_,4,0.0,4,3,4,3,5.0,4.0,0.0002241537743310752,0.0008683987354397821,5.0,0.0,0.0,True,False,False
_donut_block_,1,1.0,1,1,1,1,1.0,1.0,0.00027659638268548377,0.0003142937700659108,1.0,0.0,0.0,False,False,False
_galahad-,1,0.0,0,1,0,1,0.0,1.0,0.0,-2.6347048851534356e-19,,,,False,False,False
_gobulcoque,3,0.0,0,3,0,3,0.0,3.0,0.0,2.205727702645888e-19,,,,False,False,False
_hooj_,2,0.0,0,2,0,2,0.0,2.0,0.0,2.0663417970615645e-20,,,,False,False,False
_iammurloc_,2,0.5,0,2,0,2,0.0,2.0,0.0,3.4919017981923597e-19,,,,False,False,False
_ilp_,1,0.0,0,1,0,1,0.0,1.0,0.0,2.2479685195130463e-19,,,,False,False,False
_lyke_,1,0.0,0,1,0,1,0.0,1.0,0.0,-8.518330176014881e-21,,,,False,False,False
_ncr,1,0.0,0,1,0,1,0.0,1.0,0.0,-1.0434808143904291e-19,,,,False,False,False
_not_a_vampire_,3,0.3333333333333333,1,3,1,3,1.0,3.0,0.0004384266729948942,2.3842415946524172e-05,1.0,0.0,0.0,False,False,False
_paxia_,1,0.0,0,1,0,1,0.0,1.0,0.0,-3.4159712144263385e-21,,,,False,False,False
_rm78,2,0.0,1,1,1,1,1.0,2.0,0.0,-5.161917318941439e-19,1.0,0.0,0.0,False,False,False
_spartex,1,0.0,0,1,0,1,0.0,1.0,0.0,-1.8286973811977132e-19,,,,False,False,False
_surge,1,0.0,1,1,1,1,1.0,1.0,1.6050998033501945e-06,5.702730111967155e-19,1.0,0.0,0.0,False,False,False
_the_farting_baboon_,1,0.0,0,1,0,1,0.0,1.0,0.0,7.207528092261565e-20,,,,False,False,False
_thebgrey,1,0.0,1,1,1,1,1.0,1.0,1.2723759899473938e-06,-1.3370370870500321e-19,1.0,0.0,0.0,False,False,False
_tkg,1,0.0,0,1,0,1,0.0,1.0,0.0,-6.391758687343384e-20,,,,False,False,False
_verybad_,1,0.0,10,1,10,1,10.0,1.0,1.3275512956875561e-05,5.953042332171527e-06,10.0,0.0,0.0,True,False,False
a_confused_cocoon,1,0.0,1,1,1,1,1.0,1.0,0.0,7.86477991345133e-07,1.0,0.0,0.0,False,False,False
a_singular_perhap,1,0.0,2,1,2,1,2.0,1.0,0.00014671445270699108,5.061138506229335e-08,2.0,0.0,0.0,False,False,False
aakiru,1,0.0,9,0,9,0,9.0,0.0,0.0,4.0401597567205105e-05,9.0,0.0,0.0,True,False,False
aanzeijar,1,0.0,0,1,0,1,0.0,1.0,0.0,-3.863206475066679e-20,,,,False,False,False
aaroknightus,2,0.0,3,2,3,2,3.0,2.0,0.00014324120800548028,0.000255911582321801,3.0,0.0,0.0,True,False,False
aarrgus,1,0.0,0,1,0,1,0.0,1.0,0.0,-2.0355958859885337e-19,,,,False,False,False
aarshuan,1,0.0,0,1,0,1,0.0,1.0,0.0,5.69790262385518e-22,,,,False,False,False
aasrial,2,0.0,1,1,1,1,1.0,2.0,0.0,-8.488398847087059e-19,1.0,0.0,0.0,False,False,False
abadabadon,2,0.0,1,1,1,1,1.0,2.0,0.0,0.0006291351253453488,1.0,0.0,0.0,False,False,False
abaddonx,1,0.0,0,1,0,1,0.0,1.0,0.0,4.744757161279022e-20,,,,False,False,False
abagorn,1,0.0,1,0,1,0,1.0,0.0,0.0,3.874534438479324e-20,1.0,0.0,0.0,False,False,False
abandon_ambition,1,0.0,0,1,0,1,0.0,1.0,0.0,-3.929019042967654e-19,,,,False,False,False
abbite,1,0.0,1,1,1,1,1.0,1.0,0.0,2.9158353935413615e-05,1.0,0.0,0.0,False,False,False
abigailrochelle,1,1.0,0,1,0,1,0.0,1.0,0.0,1.3070823526574999e-20,,,,False,False,False
abitou,8,0.0,6,8,6,8,6.0,8.0,0.003279293425456481,4.7798290636913244e-05,6.0,0.0,0.0,True,False,True
abject-bathroom-7211,1,0.0,0,1,0,1,0.0,1.0,0.0,-8.961716765824084e-20,,,,False,False,False
abjectlist8,3,0.0,1,3,1,3,1.0,3.0,4.747584262096747e-05,1.1477758937268276e-18,1.0,0.0,0.0,False,False,False
able_management_3555,1,0.0,0,1,0,1,0.0,1.0,0.0,-1.3304447189493726e-19,,,,False,False,False
abooth43,1,0.0,0,1,0,1,0.0,1.0,0.0,3.9723191173926695e-20,,,,False,False,False
abovearth31,1,0.0,0,1,0,1,0.0,1.0,0.0,-7.020643072715626e-20,,,,False,False,False
absolutelynot500,2,0.5,0,2,0,2,0.0,2.0,0.0,-1.4585438365334512e-19,,,,False,False,False
absurdpicturecomment,1,0.0,1,1,1,1,1.0,1.0,4.747584262096747e-05,-1.209795854093966e-19,1.0,0.0,0.0,False,False,False
abyssalanarkay,41,0.0975609756097561,40,31,40,31,55.0,41.0,0.009913441514754994,0.002524728998950549,55.0,0.0,0.0,True,False,True
abyssxkenzo,2,0.0,3,2,3,2,3.0,2.0,0.00017224727264701775,0.00022263059501728298,3.0,0.0,0.0,True,False,False
academic-ad-1446,2,0.0,0,2,0,2,0.0,2.0,0.0,1.4918870053473012e-19,,,,False,False,False
academic_district_48,1,0.0,0,1,0,1,0.0,1.0,0.0,-7.191543474927634e-20,,,,False,False,False
acanthisittafirst710,3,0.0,2,3,2,3,2.0,3.0,0.0026126875847823786,0.0004156079172105478,2.0,0.0,0.0,False,False,False
accendor,1,0.0,2,1,2,1,2.0,1.0,0.0001426950444967941,-8.598280087370022e-19,2.0,0.0,0.0,False,False,False
acclimation6,1,1.0,0,1,0,1,0.0,1.0,0.0,2.032155013473125e-19,,,,False,False,False
accomplished-pie-206,5,0.0,1,5,1,5,1.0,5.0,0.006788410351246413,0.007969422761699397,1.0,0.0,0.0,False,False,False
accomplished_crow13,1,0.0,4,1,4,1,4.0,1.0,6.017709051799115e-05,7.551729502992065e-05,4.0,0.0,0.0,True,False,False
accomplished_emu_658,1,0.0,0,1,0,1,0.0,1.0,0.0,1.0793195615452962e-19,,,,False,False,False
accomplished_end_138,1,0.0,0,1,0,1,0.0,1.0,0.0,-1.6509093482566825e-19,,,,False,False,False
accomplished_tip3597,2,0.5,0,2,0,2,0.0,2.0,0.0,6.159495130267314e-20,,,,False,False,False
accomplishedshirt740,1,0.0,1,1,1,1,1.0,1.0,0.0,0.0006491032041415959,1.0,0.0,0.0,False,False,False
accomplishedsplit702,1,0.0,1,1,1,1,1.0,1.0,4.86958952180076e-06,2.0012730258619222e-19,1.0,0.0,0.0,False,False,False
according-inside-830,1,0.0,1,1,1,1,1.0,1.0,5.185756950488957e-05,1.4685031781995381e-07,1.0,0.0,0.0,False,False,False
acctg,2,0.0,1,2,1,2,1.0,2.0,0.0,4.468515855266818e-09,1.0,0.0,0.0,False,False,False
ace612807,1,0.0,1,1,1,1,1.0,1.0,0.000245230559811273,1.0142922290565126e-06,1.0,0.0,0.0,False,False,False
acederp,1,0.0,0,1,0,1,0.0,1.0,0.0,-6.265960031486718e-22,,,,False,False,False
acemoney79,1,0.0,0,1,0,1,0.0,1.0,0.0,-1.2024557026577143e-19,,,,False,False,False
acencguy,1,0.0,0,1,0,1,0.0,1.0,0.0,2.481226579057755e-19,,,,False,False,False
acetazy,1,0.0,0,1,0,1,0.0,1.0,0.0,-1.5513667654565485e-20,,,,False,False,False
achlys_76,1,0.0,0,1,0,1,0.0,1.0,0.0,-1.140951265733456e-19,,,,False,False,False
achundweh,1,0.0,0,1,0,1,0.0,1.0,0.0,-2.5950686875012787e-19,,,,False,False,False
acidflame182,1,0.0,1,1,1,1,1.0,1.0,0.0,0.09344260543759525,1.0,0.0,0.0,False,False,False
acivo,1,0.0,0,1,0,1,0.0,1.0,0.0,4.733224494236734e-20,,,,False,False,False
ackerack,2,0.0,0,2,0,2,0.0,2.0,0.0,-1.2349469908196784e-20,,,,False,False,False
acky1425,3,0.0,9,2,9,2,9.0,2.0,0.0003748911228199798,0.0003006594379514155,9.0,0.0,0.0,True,False,False
acopo,2,0.0,0,2,0,2,0.0,2.0,0.0,-1.4466900446470028e-20,,,,False,False,False
acrobatic_airline605,13,0.0,100,7,100,7,105.0,13.0,0.006706039420602102,0.001609106672614431,105.0,0.0,0.0,True,False,True
acrobatic_coat722,6,0.0,4,6,4,6,4.0,6.0,0.0023555576395095346,7.17430322659851e-05,4.0,0.0,0.0,True,False,False
activehannes,1,0.0,1,1,1,1,1.0,1.0,0.0,0.0005034358045904204,1.0,0.0,0.0,False,False,False
actual-tower3969,1,0.0,0,1,0,1,0.0,1.0,0.0,7.97043617083871e-20,,,,False,False,False
actual_committee4670,1,0.0,0,1,0,1,0.0,1.0,0.0,9.568658126520817e-20,,,,False,False,False
adagiobay,1,0.0,0,1,0,1,0.0,1.0,0.0,6.443035812620092e-20,,,,False,False,False
adambry705,2,0.0,0,2,0,2,0.0,2.0,0.0,4.022511620140527e-20,,,,False,False,False
adamg3691,1,0.0,1,1,1,1,1.0,1.0,0.0,0.000145042764604142,1.0,0.0,0.0,False,False,False
additional_island533,2,0.5,1,2,1,2,1.0,2.0,7.523905328204037e-08,7.061584328422314e-19,1.0,0.0,0.0,False,False,False
additionalbenefit569,1,0.0,1,1,1,1,1.0,1.0,0.0,0.0011241415145638034,1.0,0.0,0.0,False,False,False
adelitero,2,0.0,0,2,0,2,0.0,2.0,0.0,4.409249955478269e-20,,,,False,False,False
adept_avocado_4903,1,0.0,0,1,0,1,0.0,1.0,0.0,-1.5130376920562367e-19,,,,False,False,False
adept_director_4787,2,0.0,2,2,2,2,3.0,2.0,4.7526001989822165e-05,2.747806039387655e-18,3.0,0.0,0.0,False,False,False
adeven7883,1,0.0,0,1,0,1,0.0,1.0,0.0,1.0062286891296897e-20,,,,False,False,False
adgroundbreaking3566,2,0.0,9,2,9,2,9.0,2.0,0.0007910450591046926,5.333935914734244e-06,9.0,0.0,0.0,True,False,True
adhumble9772,1,0.0,0,1,0,1,0.0,1.0,0.0,6.707941847788906e-20,,,,False,False,False
adlerjemc,1,0.0,0,1,0,1,0.0,1.0,0.0,1.9636628989964586e-20,,,,False,False,False
admirable-pianist816,1,0.0,0,1,0,1,0.0,1.0,0.0,-2.3172829755187627e-20,,,,False,False,False
admirable_newt9905,1,0.0,0,1,0,1,0.0,1.0,0.0,8.400139806538717e-20,,,,False,False,False
adolslostsword,1,0.0,2,1,2,1,2.0,1.0,6.602683754915681e-05,8.221080120509575e-06,2.0,0.0,0.0,False,False,False
adondriel,1,0.0,0,1,0,1,0.0,1.0,0.0,3.7481757915894413e-20,,,,False,False,False
adorable-fault-651,1,0.0,0,1,0,1,0.0,1.0,0.0,5.701674840876515e-20,,,,False,False,False
adorable-strings,3,0.0,1,3,1,3,1.0,3.0,3.503751341569048e-05,0.00025314950607080656,1.0,0.0,0.0,False,False,False
adrianm292,1,0.0,0,1,0,1,0.0,1.0,0.0,-8.417939144229654e-20,,,,False,False,False
adrtheman,4,0.0,3,4,3,4,3.0,4.0,0.0001426783247071759,-2.1943268961279986e-18,3.0,0.0,0.0,True,False,False
adv_monkey,1,0.0,0,1,0,1,0.0,1.0,0.0,9.113691867771273e-20,,,,False,False,False
advanced-plant-3241,4,0.0,2,4,2,4,2.0,4.0,8.001408586542703e-05,1.5188719876442102e-18,2.0,0.0,0.0,False,False,False
advanced_vehicle_750,7,0.0,3,4,3,4,5.0,7.0,0.0020642275341645603,0.014921876037270472,5.0,0.0,0.0,True,False,True
advancedconcentrate,1,0.0,0,1,0,1,0.0,1.0,0.0,1.5721912776730807e-19,,,,False,False,False
adventurous-ad-8126,1,0.0,1,1,1,1,1.0,1.0,4.747584262096747e-05,2.2467888068142794e-20,1.0,0.0,0.0,False,False,False
adventurous_moose_70,1,0.0,0,1,0,1,0.0,1.0,0.0,-1.5810689967015507e-20,,,,False,False,False
adventurous_topic202,4,0.0,1,4,1,4,1.0,4.0,0.0006495847189339483,5.091692120598607e-06,1.0,0.0,0.0,False,False,False
adweekly2561,1,0.0,0,1,0,1,0.0,1.0,0.0,-8.87906477080158e-22,,,,False,False,False
aegis_sinner,2,0.0,0,2,0,2,0.0,2.0,0.0,3.8691152623866886e-21,,,,False,False,False
aekero,1,0.0,2,1,2,1,2.0,1.0,0.0,0.00010576524328723587,2.0,0.0,0.0,False,False,False
aenae,1,0.0,0,1,0,1,0.0,1.0,0.0,-1.0819691642888057e-19,,,,False,False,False
aeowrynn,3,0.0,1,2,1,2,2.0,3.0,0.0,0.00035832953426472686,2.0,0.0,0.0,False,False,False
aepracorn,2,0.0,1,1,1,1,1.0,1.0,0.0,9.57909277918378e-19,1.0,0.0,0.0,False,False,False
aeratedfeces,1,0.0,0,1,0,1,0.0,1.0,0.0,3.47038274979687e-21,,,,False,False,False
aermine19,1,0.0,1,1,1,1,1.0,1.0,6.224698880528085e-06,3.6495275263871594e-05,1.0,0.0,0.0,False,False,False
aern,2,0.0,1,2,1,2,1.0,2.0,4.747584262096747e-05,1.9902370051424966e-20,1.0,0.0,0.0,False,False,False
aerris7,1,0.0,0,1,0,1,0.0,1.0,0.0,3.3151879683695355e-20,,,,False,False,False
aesathetic,1,0.0,0,1,0,1,0.0,1.0,0.0,1.0599834100285173e-20,,,,False,False,False
aessae,2,0.0,0,2,0,2,0.0,2.0,0.0,-3.211281968461647e-20,,,,False,False,False
aestrasz,1,0.0,0,1,0,1,0.0,1.0,0.0,-5.1380473883767296e-20,,,,False,False,False
aettyr,1,0.0,0,1,0,1,0.0,1.0,0.0,-3.6369860175855385e-19,,,,False,False,False
aexxys,2,0.0,2,2,2,2,2.0,2.0,9.497676492636226e-05,1.2950667906863213e-18,2.0,0.0,0.0,False,False,False
afallingwizard,1,0.0,0,1,0,1,0.0,1.0,0.0,-3.115027775834941e-21,,,,False,False,False
affableaardvark,1,0.0,1,1,1,1,1.0,1.0,4.7801878518522976e-05,-6.699893585636182e-19,1.0,0.0,0.0,False,False,False
affectionate-bee2039,2,0.0,3,2,3,2,3.0,2.0,0.0005400253074933704,0.0003495645761306227,3.0,0.0,0.0,True,False,False
affectionate-let3744,1,0.0,1,1,1,1,1.0,1.0,0.0,1.194748344647045e-05,1.0,0.0,0.0,False,False,False
affectionate-strain9,1,0.0,0,1,0,1,0.0,1.0,0.0,-8.806600224571708e-20,,,,False,False,False
affectionate_ad9660,1,0.0,0,1,0,1,0.0,1.0,0.0,1.171220682150392e-20,,,,False,False,False
affectionate_neat868,1,0.0,0,1,0,1,0.0,1.0,0.0,4.8548883332793576e-20,,,,False,False,False
affectionateraise461,3,0.0,2,2,2,2,3.0,3.0,0.0005455092988264008,1.813292650111946e-05,3.0,0.0,0.0,False,False,False
affiiance,1,0.0,0,1,0,1,0.0,1.0,0.0,8.580449522381137e-20,,,,False,False,False
afl0ck0fg0ats,2,0.0,13,2,13,2,13.0,2.0,0.0004772081514994418,5.662474267807647e-05,13.0,0.0,0.0,True,False,True
afraid_ad2263,1,0.0,0,1,0,1,0.0,1.0,0.0,3.7000518438157874e-20,,,,False,False,False
after_particular1682,2,0.0,1,1,1,1,1.0,2.0,0.0,1.6520068165902271e-07,1.0,0.0,0.0,False,False,False
aftermorningcoffee,1,0.0,0,1,0,1,0.0,1.0,0.0,5.488664534810043e-20,,,,False,False,False
aftershock416,4,0.0,2,2,2,2,2.0,2.0,3.0478783158233942e-06,-2.3382683127725142e-19,2.0,0.0,0.0,False,False,False
afxtal,1,0.0,0,1,0,1,0.0,1.0,0.0,9.526845326671515e-20,,,,False,False,False
agarwaen323,3,0.3333333333333333,2,3,2,3,2.0,3.0,0.00039289640627699637,0.0002380829208896052,2.0,0.0,0.0,False,False,False
agemennon675,2,0.0,0,1,0,1,0.0,2.0,0.0,9.69255160544688e-20,,,,False,False,False
agent-390,1,0.0,0,1,0,1,0.0,1.0,0.0,-2.0571290986408395e-19,,,,False,False,False
aggravating-age-1858,7,0.1428571428571428,1,7,1,7,1.0,7.0,4.350944689196901e-05,-3.189095411036489e-20,1.0,0.0,0.0,False,False,False
aggressive-compote64,1,0.0,0,1,0,1,0.0,1.0,0.0,-2.1450049815523413e-19,,,,False,False,False
aggressive_screen_60,1,1.0,0,1,0,1,0.0,1.0,0.0,1.6421137391084997e-19,,,,False,False,False
aggressive_you_8646,1,0.0,0,1,0,1,0.0,1.0,0.0,1.221372039200196e-19,,,,False,False,False
aggrokid,1,0.0,2,1,2,1,2.0,1.0,7.520728923893861e-05,6.688305563276534e-05,2.0,0.0,0.0,False,False,False
agile_commission_693,1,0.0,0,1,0,1,0.0,1.0,0.0,-1.0343826998135302e-19,,,,False,False,False
agile_moment768,3,0.0,3,2,3,2,4.0,3.0,0.0010848807237568256,0.09349638132707487,4.0,0.0,0.0,True,False,False
agile_physics_8848,1,0.0,0,1,0,1,0.0,1.0,0.0,-8.189557177378847e-20,,,,False,False,False
agoginnabox,1,0.0,1,1,1,1,1.0,1.0,3.067208310693173e-06,5.38367084465477e-06,1.0,0.0,0.0,False,False,False
agreeable-ad-3533,1,0.0,0,1,0,1,0.0,1.0,0.0,5.290810798013342e-20,,,,False,False,False
agreeable-rock-8959,1,0.0,0,1,0,1,0.0,1.0,0.0,-1.412131294111666e-20,,,,False,False,False
agreeable_dingo_5766,1,0.0,0,1,0,1,0.0,1.0,0.0,-1.4651347564167217e-19,,,,False,False,False
ahart101,1,0.0,0,1,0,1,0.0,1.0,0.0,1.2661429701338295e-19,,,,False,False,False
ahundredpercentbutts,2,0.0,1,1,1,1,1.0,2.0,0.0,6.168402687444864e-19,1.0,0.0,0.0,False,False,False
ailaria69,1,0.0,0,1,0,1,0.0,1.0,0.0,-2.197454174183404e-21,,,,False,False,False
aimlesstrevler,1,0.0,0,1,0,1,0.0,1.0,0.0,-1.6907814262590725e-19,,,,False,False,False
ainastrasza,4,0.0,8,2,8,2,8.0,4.0,0.0006021406686341514,0.00015226875808160362,8.0,0.0,0.0,True,False,True
aintmilkbrilliant,2,0.0,1,2,1,2,2.0,2.0,2.209198663633517e-06,-1.2827276493419754e-18,2.0,0.0,0.0,False,False,False
aircod,1,0.0,0,1,0,1,0.0,1.0,0.0,7.124464688339601e-20,,,,False,False,False
aitirn,1,0.0,0,1,0,1,0.0,1.0,0.0,5.0664959058098396e-21,,,,False,False,False
ajaugunas,1,0.0,2,1,2,1,2.0,1.0,1.5003774682273539e-05,7.934780862720713e-05,2.0,0.0,0.0,False,False,False
aka_gutterbones,1,0.0,0,1,0,1,0.0,1.0,0.0,7.915423910305979e-20,,,,False,False,False
akaasa001,2,0.0,0,2,0,2,0.0,2.0,0.0,-1.363210735106604e-20,,,,False,False,False
akechifan53,1,0.0,0,1,0,1,0.0,1.0,0.0,-1.4347908356114773e-19,,,,False,False,False
akeeneyedguy,3,0.0,2,3,2,3,2.0,3.0,9.497676492636229e-05,-2.8152785517227237e-19,2.0,0.0,0.0,False,False,False
akhantu,1,0.0,2,1,2,1,2.0,1.0,0.0004902204309342843,1.626535022835821e-05,2.0,0.0,0.0,False,False,False
akkuma,1,0.0,2,1,2,1,2.0,1.0,4.2856403603587587e-07,-1.5180692741424163e-18,2.0,0.0,0.0,False,False,False
aktionmusic,1,0.0,2,1,2,1,2.0,1.0,0.00016746555214778387,3.739842465541771e-05,2.0,0.0,0.0,False,False,False
akussa,2,0.0,0,2,0,2,0.0,2.0,0.0,-1.7558426183324022e-20,,,,False,False,False
alaerei,1,0.0,0,1,0,1,0.0,1.0,0.0,5.1072627635181406e-20,,,,False,False,False
alainke007,1,0.0,0,1,0,1,0.0,1.0,0.0,1.8644668323034996e-20,,,,False,False,False
alaistar94,1,0.0,0,1,0,1,0.0,1.0,0.0,1.9552905743770928e-19,,,,False,False,False
alarakbj,1,0.0,0,1,0,1,0.0,1.0,0.0,1.0075814733432093e-19,,,,False,False,False
alarie51,5,0.0,3,3,3,3,6.0,5.0,0.00043041232771981886,1.146879705826261e-05,6.0,0.0,0.0,True,False,True
alarmingreference971,1,0.0,0,1,0,1,0.0,1.0,0.0,2.500765108236471e-19,,,,False,False,False
alaskandruid,2,0.0,1,2,1,2,1.0,2.0,5.449087524966201e-05,6.054023068510421e-05,1.0,0.0,0.0,False,False,False
albatrossantique7202,2,0.0,1,1,1,1,1.0,2.0,0.0,5.989812769025434e-06,1.0,0.0,0.0,False,False,False
albatrozxd,1,0.0,1,1,1,1,1.0,1.0,5.370362773950404e-05,2.4772680731578587e-06,1.0,0.0,0.0,False,False,False
albeonx,1,0.0,0,1,0,1,0.0,1.0,0.0,-1.1511271339404934e-20,,,,False,False,False
aldamur,2,0.0,0,2,0,2,0.0,2.0,0.0,-2.1866994527278115e-19,,,,False,False,False
aldor623,1,0.0,0,1,0,1,0.0,1.0,0.0,-4.564752960026765e-22,,,,False,False,False
aleckzz,1,0.0,0,1,0,1,0.0,1.0,0.0,-7.549043503969136e-20,,,,False,False,False
aleexavee,11,0.0909090909090909,11,8,11,8,14.0,10.0,0.0020807408857039596,5.632466450972328e-06,14.0,0.0,0.0,True,False,True
alekzyyy,1,0.0,0,1,0,1,0.0,1.0,0.0,1.9536607215726293e-19,,,,False,False,False
alelnh,1,0.0,0,1,0,1,0.0,1.0,0.0,-1.4874392288507727e-19,,,,False,False,False
aleph_rat,2,0.0,1,2,1,2,1.0,2.0,9.2958872698049e-06,4.0352369536288826e-19,1.0,0.0,0.0,False,False,False
alert_south5092,1,0.0,0,1,0,1,0.0,1.0,0.0,1.363647325359305e-19,,,,False,False,False
alesz1996,1,0.0,0,1,0,1,0.0,1.0,0.0,-6.610841647102968e-20,,,,False,False,False
alex_is_always_right,1,0.0,1,1,1,1,1.0,1.0,3.5039965289600945e-05,-5.81736834215338e-19,1.0,0.0,0.0,False,False,False
alexandererebus,1,1.0,1,1,1,1,1.0,1.0,0.0,-4.532225698145065e-19,1.0,0.0,0.0,False,False,False
alexandervolk,1,0.0,57,1,57,1,57.0,1.0,0.0020428147167490603,0.01456565127473762,57.0,0.0,0.0,True,False,True
alexarius87,6,0.0,2,3,2,3,5.0,6.0,9.527772113949045e-05,1.9728386758623248e-18,5.0,0.0,0.0,False,False,False
alexeix1,2,0.0,0,2,0,2,0.0,2.0,0.0,2.930131807296832e-19,,,,False,False,False
alexisky7,1,0.0,0,1,0,1,0.0,1.0,0.0,-2.322549889341289e-19,,,,False,False,False
alexsandr13,2,0.0,2,2,2,2,2.0,2.0,3.816265604502675e-05,3.100207565044096e-19,2.0,0.0,0.0,False,False,False
alexshinsuke,5,0.0,4,2,4,2,5.0,5.0,0.000343845678125268,3.745738295734161e-05,5.0,0.0,0.0,True,False,False
alexvoyd,4,0.0,1,4,1,4,1.0,4.0,6.649376732222455e-05,-7.8604230104385335e-19,1.0,0.0,0.0,False,False,False
alice-86f,2,0.0,4,1,4,1,4.0,1.0,0.00011878584215102926,0.0002718035490656428,4.0,0.0,0.0,True,False,False
alienduck2,2,0.0,1,1,1,1,2.0,2.0,0.0,3.847112571546476e-08,2.0,0.0,0.0,False,False,False
alienixena,2,0.0,2,2,2,2,2.0,2.0,7.123884361587855e-05,-1.317560274802551e-18,2.0,0.0,0.0,False,False,False
alimente,1,0.0,1,1,1,1,1.0,1.0,0.0,-1.4167440707097114e-18,1.0,0.0,0.0,False,False,False
alive_worth_2032,1,0.0,1,1,1,1,1.0,1.0,0.0,1.9532744566546146e-19,1.0,0.0,0.0,False,False,False
aliyah_hs,2,0.0,5,2,5,2,6.0,2.0,0.0002499441350029381,0.00019575422521199323,6.0,0.0,0.0,True,False,False
aljung21,1,0.0,0,1,0,1,0.0,1.0,0.0,7.296401637080354e-20,,,,False,False,False
allbur_chellak,1,0.0,0,1,0,1,0.0,1.0,0.0,-9.472776013785619e-20,,,,False,False,False
allegrian,3,0.0,28,3,28,3,28.0,3.0,0.0032482477373546974,0.01574457329010096,28.0,0.0,0.0,True,False,True
allokit,1,0.0,0,1,0,1,0.0,1.0,0.0,-8.641089962639082e-20,,,,False,False,False
allyanni,1,1.0,0,1,0,1,0.0,1.0,0.0,9.990197036818671e-22,,,,False,False,False
almighty5moe,1,0.0,0,1,0,1,0.0,1.0,0.0,-5.519617882769454e-20,,,,False,False,False
alparker91,1,0.0,7,1,7,1,8.0,1.0,0.0012309575565220285,0.00012815259920836403,8.0,0.0,0.0,True,False,True
alph1,1,0.0,0,1,0,1,0.0,1.0,0.0,-2.6872026596915266e-20,,,,False,False,False
alpha1959,1,0.0,0,1,0,1,0.0,1.0,0.0,-4.0589741025897725e-20,,,,False,False,False
alpha_legionaire,1,0.0,0,1,0,1,0.0,1.0,0.0,-1.431902824792322e-19,,,,False,False,False
alphvader,1,0.0,0,1,0,1,0.0,1.0,0.0,2.0105378368926216e-21,,,,False,False,False
alsuperhero1,1,0.0,0,1,0,1,0.0,1.0,0.0,1.4033225796680605e-20,,,,False,False,False
alsyia,1,0.0,0,1,0,1,0.0,1.0,0.0,-1.8254920003818038e-20,,,,False,False,False
alternative-swim-953,1,0.0,0,1,0,1,0.0,1.0,0.0,1.3707810212070923e-20,,,,False,False,False
alternative-tank337,1,1.0,0,1,0,1,0.0,1.0,0.0,1.0686790195988183e-19,,,,False,False,False
alternativedirt6124,1,0.0,1,1,1,1,1.0,1.0,0.0,3.64952752638714e-05,1.0,0.0,0.0,False,False,False
althor2424,2,0.5,4,2,4,2,5.0,2.0,0.00011318915957598328,0.002244370677666556,5.0,0.0,0.0,True,False,False
altruistic-ad-6041,1,0.0,0,1,0,1,0.0,1.0,0.0,-1.6914722306164031e-19,,,,False,False,False
altruistic-singer-78,1,0.0,0,1,0,1,0.0,1.0,0.0,9.460531708998365e-21,,,,False,False,False
altruistic_bunch2815,1,0.0,0,1,0,1,0.0,1.0,0.0,1.3938403542508604e-19,,,,False,False,False
altyrmadiken,6,0.3333333333333333,1,1,1,1,5.0,6.0,0.0,0.0013850527573937318,5.0,0.0,0.0,False,False,False
alucryts,1,0.0,0,1,0,1,0.0,1.0,0.0,-1.7456167077819806e-20,,,,False,False,False
aluriilol,1,0.0,0,1,0,1,0.0,1.0,0.0,-2.802653350994023e-20,,,,False,False,False
alveia,5,0.0,4,3,4,3,5.0,5.0,0.00200719361482974,9.148126892162088e-05,5.0,0.0,0.0,True,False,True
alvintergeise,1,0.0,0,1,0,1,0.0,1.0,0.0,-1.465357846198425e-19,,,,False,False,False
ama5564,11,0.0,6,11,6,11,6.0,11.0,0.0068263988185121565,0.002004581903192295,6.0,0.0,0.0,True,False,True
amahag29,1,0.0,0,1,0,1,0.0,1.0,0.0,-3.637470339106308e-20,,,,False,False,False
amanda_oxenham,5,0.0,4,4,4,4,5.0,5.0,0.00401722232777862,0.0020277864609963988,5.0,0.0,0.0,True,False,True
amaranthsparrow,3,0.0,4,3,4,3,4.0,3.0,0.00046671076785636634,4.797139977793608e-05,4.0,0.0,0.0,True,False,False
amarger86,1,0.0,0,1,0,1,0.0,1.0,0.0,9.699198841746702e-20,,,,False,False,False
amazing_internal6334,1,0.0,71,1,71,1,71.0,1.0,0.0033986567490423844,0.003933799131659665,71.0,0.0,0.0,True,False,True
amazinglemon280,7,0.0,0,6,0,6,0.0,7.0,0.0,-3.068761900712118e-19,,,,False,False,False
ambassadorbonoso,2,0.0,1,1,1,1,1.0,2.0,0.0,7.797891350660038e-05,1.0,0.0,0.0,False,False,False
ambitious_cicada9263,1,0.0,0,1,0,1,0.0,1.0,0.0,3.332683740593919e-19,,,,False,False,False
ambitious_scale_8567,1,0.0,0,1,0,1,0.0,1.0,0.0,-3.6625136626828066e-20,,,,False,False,False
ambitiousedi,1,1.0,0,1,0,1,0.0,1.0,0.0,1.801883517166115e-20,,,,False,False,False
ambivalentcat,1,0.0,2,1,2,1,2.0,1.0,2.507968442734679e-08,-5.252901554036993e-19,2.0,0.0,0.0,False,False,False
ambushinthedark,1,0.0,0,1,0,1,0.0,1.0,0.0,-4.2497676940404436e-20,,,,False,False,False
amelaclya1,12,0.0,6,11,6,11,8.0,12.0,0.001989813362282033,6.512154241292706e-05,8.0,0.0,0.0,True,False,True
amethystlaw,4,0.0,2,3,2,3,3.0,4.0,0.002814006109661536,0.0003980042165896131,3.0,0.0,0.0,False,False,False
amethystsadachbia,2,0.0,3,2,3,2,4.0,2.0,0.00023572582577548737,3.7214305779264943e-07,4.0,0.0,0.0,True,False,False
amidnightstar,1,0.0,0,1,0,1,0.0,1.0,0.0,-7.25693193426064e-20,,,,False,False,False
amidonewv,1,0.0,0,1,0,1,0.0,1.0,0.0,-4.7109977719526937e-20,,,,False,False,False
amieniel,1,0.0,0,1,0,1,0.0,1.0,0.0,9.495908013787204e-21,,,,False,False,False
amikaboshi,2,0.0,0,2,0,2,0.0,2.0,0.0,9.143298637058022e-20,,,,False,False,False
amocideb,1,0.0,0,1,0,1,0.0,1.0,0.0,3.6401600582151246e-20,,,,False,False,False
amountplus7269,1,0.0,0,1,0,1,0.0,1.0,0.0,-1.3254696529908828e-19,,,,False,False,False
amp085,1,0.0,0,1,0,1,0.0,1.0,0.0,1.5663764185149643e-19,,,,False,False,False
amplifymagic101,10,0.0,7,9,7,9,8.0,10.0,0.0012143492687203745,1.778849378935284e-05,8.0,0.0,0.0,True,False,True
amydeferred,3,0.0,2,3,2,3,2.0,3.0,0.00036959693328344,0.0002220933978359388,2.0,0.0,0.0,False,False,False
amyrantha_verc,1,1.0,0,1,0,1,0.0,1.0,0.0,4.171859872566712e-20,,,,False,False,False
an_actual_bucket,1,0.0,1,1,1,1,1.0,1.0,1.3239971790206638e-05,1.8987846027018975e-09,1.0,0.0,0.0,False,False,False
anakil_brusbora,2,0.5,4,2,4,2,4.0,2.0,0.00035390957589986666,5.324421720332201e-06,4.0,0.0,0.0,True,False,False
anangrybartender,5,0.0,0,5,0,5,0.0,5.0,0.0,1.0097659668780552e-19,,,,False,False,False
anathsanlily,1,0.0,0,1,0,1,0.0,1.0,0.0,1.0492613615674177e-19,,,,False,False,False
ancesterz,4,0.0,4,3,4,3,6.0,4.0,0.0027911235352132877,6.811766698111922e-05,6.0,0.0,0.0,True,False,True
ancientvamp,1,0.0,1,1,1,1,1.0,1.0,0.0,-1.8943686893700347e-18,1.0,0.0,0.0,False,False,False
anderaku,1,0.0,0,1,0,1,0.0,1.0,0.0,9.057313052737323e-21,,,,False,False,False
anderssi,1,0.0,0,1,0,1,0.0,1.0,0.0,1.9468215260160966e-19,,,,False,False,False
andrew361987,1,0.0,1,1,1,1,1.0,1.0,0.0,3.282981245934742e-19,1.0,0.0,0.0,False,False,False
andrewnium,1,0.0,0,1,0,1,0.0,1.0,0.0,1.3430811444765678e-19,,,,False,False,False
andrewwilsonnn,1,0.0,1,1,1,1,1.0,1.0,0.0,7.777003593130982e-05,1.0,0.0,0.0,False,False,False
andriellae,1,0.0,0,1,0,1,0.0,1.0,0.0,-1.7401419224464884e-19,,,,False,False,False
andromansis,4,0.0,2,4,2,4,3.0,4.0,9.512724303292637e-05,-1.4910202723898764e-18,3.0,0.0,0.0,False,False,False
androza23,4,0.0,3,4,3,4,4.0,4.0,0.0030774327920208,0.09568624498620477,4.0,0.0,0.0,True,False,False
andthesonsofdisaster,1,0.0,0,1,0,1,0.0,1.0,0.0,-2.231333887030303e-21,,,,False,False,False
anengineerandacat,6,0.0,6,6,6,6,7.0,6.0,0.00251781596688785,0.0003346499238023965,7.0,0.0,0.0,True,False,True
anestheticale,1,0.0,0,1,0,1,0.0,1.0,0.0,4.675889828948711e-20,,,,False,False,False
angelpunk18,4,0.0,15,4,15,4,15.0,4.0,0.0010846546126188014,1.799168812138138e-06,15.0,0.0,0.0,True,False,True
angerfork,2,0.0,0,2,0,2,0.0,2.0,0.0,-2.648486945854193e-19,,,,False,False,False
angry-dragon-1331,1,0.0,0,1,0,1,0.0,1.0,0.0,-9.636286236424762e-20,,,,False,False,False
angry_guppy,1,0.0,0,1,0,1,0.0,1.0,0.0,2.4385591687473426e-19,,,,False,False,False
anhydrite,1,0.0,0,1,0,1,0.0,1.0,0.0,-1.529684978593776e-19,,,,False,False,False
anicetribe,2,0.0,2,1,2,1,2.0,2.0,0.0005538448730883885,0.000579552841285201,2.0,0.0,0.0,False,False,False
anierous,2,0.0,2,2,2,2,2.0,2.0,0.00036243069960699306,4.724674649594449e-08,2.0,0.0,0.0,False,False,False
anilemm,1,0.0,4,1,4,1,4.0,1.0,4.193389916365732e-05,5.9332652341506815e-05,4.0,0.0,0.0,True,False,False
animalesco,1,0.0,0,1,0,1,0.0,1.0,0.0,9.89536928529285e-20,,,,False,False,False
annauk7,1,0.0,0,1,0,1,0.0,1.0,0.0,6.852764194077825e-21,,,,False,False,False
annnnnnnd_its_gone,1,0.0,0,1,0,1,0.0,1.0,0.0,2.385974549406428e-20,,,,False,False,False
annual-resident1118,1,0.0,0,1,0,1,0.0,1.0,0.0,8.193695500017812e-20,,,,False,False,False
annual_morning_3436,1,0.0,0,1,0,1,0.0,1.0,0.0,2.1568397929292278e-19,,,,False,False,False
annualrecognition867,1,0.0,0,1,0,1,0.0,1.0,0.0,1.289379860789474e-19,,,,False,False,False
annuum-veneficus,1,0.0,0,1,0,1,0.0,1.0,0.0,2.4686287590062673e-20,,,,False,False,False
anon-word,1,0.0,0,1,0,1,0.0,1.0,0.0,-2.5654451131259792e-19,,,,False,False,False
anonposter-42069,1,1.0,0,1,0,1,0.0,1.0,0.0,-1.2819652754988181e-21,,,,False,False,False
anonymous-wow-guy,7,0.0,0,7,0,7,0.0,7.0,0.0,6.266532936890774e-20,,,,False,False,False
anotherdeadhero,1,0.0,0,1,0,1,0.0,1.0,0.0,-3.016067917314808e-20,,,,False,False,False
anotherpreciousmeme,4,0.0,3,4,3,4,3.0,4.0,0.001512598305589934,0.0022004043300582156,3.0,0.0,0.0,True,False,False
antelope_fluid,1,0.0,0,1,0,1,0.0,1.0,0.0,3.947793866016709e-21,,,,False,False,False
anthologyvirgin,2,0.0,0,2,0,2,0.0,2.0,0.0,-9.281618081760084e-20,,,,False,False,False
anti-depressed,1,0.0,0,1,0,1,0.0,1.0,0.0,4.9509411049477744e-21,,,,False,False,False
anti99999999,1,0.0,1,1,1,1,1.0,1.0,2.4966825847423726e-05,-5.624704193111192e-19,1.0,0.0,0.0,False,False,False
antigodofatheism,2,0.0,3,2,3,2,3.0,2.0,0.0002670986391512433,0.0011452635877308723,3.0,0.0,0.0,True,False,False
antilos_weorsick,1,0.0,2,1,2,1,2.0,1.0,1.5850917884403774e-05,4.759021720783943e-06,2.0,0.0,0.0,False,False,False
antilurker77,1,0.0,0,1,0,1,0.0,1.0,0.0,-1.6109563411977773e-19,,,,False,False,False
antique-guest-1607,1,0.0,0,1,0,1,0.0,1.0,0.0,-1.0376879626282775e-20,,,,False,False,False
antonmaximal,2,0.0,1,2,1,2,1.0,2.0,4.747584262096746e-05,-2.3189659678384957e-19,1.0,0.0,0.0,False,False,False
anufenrir,5,0.0,0,5,0,5,0.0,5.0,0.0,-2.4535695040290848e-20,,,,False,False,False
anumet,1,0.0,0,1,0,1,0.0,1.0,0.0,1.8636055566604402e-19,,,,False,False,False
anupsetzombie,1,0.0,0,1,0,1,0.0,1.0,0.0,5.43424037289575e-20,,,,False,False,False
anxious-sprinkles555,1,0.0,0,1,0,1,0.0,1.0,0.0,-1.2792206553491102e-20,,,,False,False,False
anxious_hall359,1,0.0,0,1,0,1,0.0,1.0,0.0,-5.3069774252155876e-20,,,,False,False,False
any-recognition9995,1,1.0,0,1,0,1,0.0,1.0,0.0,-1.7788925090259143e-20,,,,False,False,False
any-transition95,15,0.0,10,13,10,13,13.0,15.0,0.005691249210496866,0.0001261303624797906,13.0,0.0,0.0,True,False,True
anyhealer,1,0.0,1,1,1,1,1.0,1.0,3.074143947232966e-05,1.120827603559267e-06,1.0,0.0,0.0,False,False,False
anyosnyelv,2,0.0,2,2,2,2,2.0,2.0,9.497676492636229e-05,9.970080268933648e-19,2.0,0.0,0.0,False,False,False
anythinga,2,0.0,0,2,0,2,0.0,2.0,0.0,4.843037709943934e-20,,,,False,False,False
aoo2imptrip,2,0.0,2,2,2,2,2.0,2.0,0.0001489290667711641,6.434797509577988e-05,2.0,0.0,0.0,False,False,False
apalewownerd,7,0.0,0,7,0,7,0.0,7.0,0.0,-1.8314989687881009e-19,,,,False,False,False
apathyforempathy,3,0.0,2,2,2,2,3.0,3.0,0.00028196411453051116,0.0001463940567449614,3.0,0.0,0.0,False,False,False
apathyking8,5,0.0,5,4,5,4,6.0,5.0,0.0005405197559232816,5.0526641973028885e-05,6.0,0.0,0.0,True,False,True
apekillape,3,0.0,0,3,0,3,0.0,3.0,0.0,4.528690370516644e-20,,,,False,False,False
apennatie,1,0.0,2,1,2,1,2.0,1.0,1.812627533175547e-05,4.236285725925397e-05,2.0,0.0,0.0,False,False,False
apgunner,1,0.0,0,1,0,1,0.0,1.0,0.0,2.3361534236691265e-19,,,,False,False,False
apocalypticdrew,3,0.0,1,2,1,2,2.0,3.0,2.7061418370705806e-05,8.376142992442405e-06,2.0,0.0,0.0,False,False,False
apprehensive_gap3673,1,0.0,0,1,0,1,0.0,1.0,0.0,3.7335587887213545e-19,,,,False,False,False
apprehensivegold2773,3,0.0,2,3,2,3,2.0,3.0,0.00016504106520083664,1.7614843519240967e-06,2.0,0.0,0.0,False,False,False
apprehensivemail1304,1,0.0,0,1,0,1,0.0,1.0,0.0,1.4086158088488585e-20,,,,False,False,False
appropriate_hair432,1,0.0,0,1,0,1,0.0,1.0,0.0,-7.910002992310519e-20,,,,False,False,False
appropriate_trader,1,0.0,0,1,0,1,0.0,1.0,0.0,9.689515262409168e-20,,,,False,False,False
appropriatelecture90,1,0.0,1,1,1,1,1.0,1.0,5.015936885469358e-08,-2.206450437351359e-19,1.0,0.0,0.0,False,False,False
appropriatemove4497,1,1.0,0,1,0,1,0.0,1.0,0.0,-3.420614711231835e-20,,,,False,False,False
appropriatetry8452,1,0.0,1,1,1,1,1.0,1.0,0.0,0.00021852462345967882,1.0,0.0,0.0,False,False,False
aracuda,1,0.0,0,1,0,1,0.0,1.0,0.0,-1.756422856719211e-19,,,,False,False,False
arborus,4,0.0,0,4,0,4,0.0,4.0,0.0,3.44228471520489e-19,,,,False,False,False
arcadianmess,1,0.0,0,1,0,1,0.0,1.0,0.0,-3.145826270724407e-20,,,,False,False,False
arcana-knight,1,1.0,1,1,1,1,1.0,1.0,4.3116157478013677e-07,7.194695600595444e-19,1.0,0.0,0.0,False,False,False
arcanaxviii,1,0.0,2,1,2,1,2.0,1.0,1.387365935909045e-05,0.00030684685836117765,2.0,0.0,0.0,False,False,False
arcane-addict,2,0.0,0,1,0,1,0.0,2.0,0.0,-1.875476778483197e-19,,,,False,False,False
arcanetroll,1,0.0,0,1,0,1,0.0,1.0,0.0,4.53752083865731e-21,,,,False,False,False
arcani-loreseeker,1,0.0,0,1,0,1,0.0,1.0,0.0,-3.690996083889908e-20,,,,False,False,False
archangelru,1,0.0,0,1,0,1,0.0,1.0,0.0,4.118024666084127e-20,,,,False,False,False
archensix,11,0.0909090909090909,10,8,10,8,12.0,11.0,0.005911634538016151,0.01582814407786115,12.0,0.0,0.0,True,False,True
archeronightmare,1,0.0,0,1,0,1,0.0,1.0,0.0,4.241886245058023e-20,,,,False,False,False
ardetpe,1,0.0,0,1,0,1,0.0,1.0,0.0,1.5385230976481255e-19,,,,False,False,False
ardisal,1,0.0,0,1,0,1,0.0,1.0,0.0,-1.8441116119095392e-19,,,,False,False,False
areallybadidea,1,0.0,0,1,0,1,0.0,1.0,0.0,1.5620044118469888e-20,,,,False,False,False
aredhela_,1,0.0,0,1,0,1,0.0,1.0,0.0,5.0498831856703813e-20,,,,False,False,False
areies88,1,0.0,4,1,4,1,4.0,1.0,0.00026261104761771,-1.409338686370402e-19,4.0,0.0,0.0,True,False,False
arekualkhemi,1,0.0,2,1,2,1,2.0,1.0,0.00016396798543923284,9.466364516634168e-06,2.0,0.0,0.0,False,False,False
argentcrescent,1,0.0,0,1,0,1,0.0,1.0,0.0,-2.9278450602179494e-20,,,,False,False,False
argharn,1,0.0,0,1,0,1,0.0,1.0,0.0,6.91119326673293e-20,,,,False,False,False
argoniek,1,0.0,0,1,0,1,0.0,1.0,0.0,-2.1767969777472335e-19,,,,False,False,False
arhx-draenor,1,1.0,0,1,0,1,0.0,1.0,0.0,-3.5783046453399344e-20,,,,False,False,False
ariandrin,2,0.0,1,1,1,1,1.0,2.0,0.0,0.0014673914950028744,1.0,0.0,0.0,False,False,False
arie15,2,0.5,1,2,1,2,1.0,2.0,4.747584262096747e-05,3.7215199247794286e-19,1.0,0.0,0.0,False,False,False
aristo87,1,0.0,0,1,0,1,0.0,1.0,0.0,-8.929864691308208e-20,,,,False,False,False
aritche,2,0.0,1,1,1,1,1.0,2.0,0.0,0.0005412111450712985,1.0,0.0,0.0,False,False,False
aritia_1897,2,0.0,2,2,2,2,3.0,2.0,0.0007857710694607726,0.0002489421628520539,3.0,0.0,0.0,False,False,False
armconnect9353,1,0.0,0,1,0,1,0.0,1.0,0.0,-4.367644876493362e-20,,,,False,False,False
aromatic-energy656,1,0.0,0,1,0,1,0.0,1.0,0.0,5.455719148102091e-20,,,,False,False,False
arowhite,1,0.0,0,1,0,1,0.0,1.0,0.0,1.9021985513150227e-19,,,,False,False,False
arqe_,1,0.0,4,1,4,1,4.0,1.0,0.00011819333732068496,0.0024930836938556536,4.0,0.0,0.0,True,False,False
arstulex,5,0.0,1,4,1,4,1.0,5.0,0.00025442797197915937,3.4070888347027254e-07,1.0,0.0,0.0,False,False,False
artdecoautomaton,1,0.0,1,1,1,1,1.0,1.0,0.0,1.181751105268725e-06,1.0,0.0,0.0,False,False,False
arthodel,1,0.0,11,1,11,1,11.0,1.0,2.3594011692698246e-06,6.163010388898097e-05,11.0,0.0,0.0,True,False,False
artichokeused1129,1,0.0,0,1,0,1,0.0,1.0,0.0,1.2430709077685616e-19,,,,False,False,False
artoriasbrokenhand,1,0.0,0,1,0,1,0.0,1.0,0.0,5.744737443122238e-20,,,,False,False,False
artrysa,1,0.0,0,1,0,1,0.0,1.0,0.0,4.6638828451637804e-21,,,,False,False,False
artupper7213,2,0.0,1,2,1,2,1.0,2.0,3.43775793385566e-06,1.181751105269214e-06,1.0,0.0,0.0,False,False,False
aruhi,15,0.0,11,11,11,11,16.0,14.0,0.01214826774490456,0.004315774592741499,16.0,0.0,0.0,True,False,True
ascelynemg,3,0.0,1,3,1,3,1.0,3.0,4.762632072753155e-05,6.9539501564129185e-19,1.0,0.0,0.0,False,False,False
asciim0v,3,0.0,1,2,1,2,3.0,3.0,3.284344763246112e-05,0.0019914632929537704,3.0,0.0,0.0,False,False,False
asdfzxcbasdf,4,0.25,3,4,3,4,3.0,4.0,0.0001425278466006118,-1.904757200308624e-18,3.0,0.0,0.0,True,False,False
aseaofstars235,2,0.0,0,2,0,2,0.0,2.0,0.0,7.720701313516395e-20,,,,False,False,False
ashamed_ad9824,3,0.3333333333333333,4,3,4,3,5.0,3.0,0.001113434955883025,0.0006944188877125564,5.0,0.0,0.0,True,False,True
ashamed_fuel2526,2,0.0,0,2,0,2,0.0,2.0,0.0,4.0214483596812947e-20,,,,False,False,False
ashcr0w,3,0.0,0,3,0,3,0.0,3.0,0.0,1.2940302077970492e-19,,,,False,False,False
ashenlordgodfrey,2,0.0,0,1,0,1,0.0,2.0,0.0,4.927172059198145e-21,,,,False,False,False
asherthedasher,1,0.0,0,1,0,1,0.0,1.0,0.0,-1.5808570208363183e-20,,,,False,False,False
ashesofatreyu,1,0.0,0,1,0,1,0.0,1.0,0.0,-1.7828264290098016e-19,,,,False,False,False
ashikkins,2,0.0,0,2,0,2,0.0,2.0,0.0,-4.847616074518154e-20,,,,False,False,False
ashkir,3,0.0,4,3,4,3,4.0,3.0,0.00019121450535974796,6.134682188563394e-05,4.0,0.0,0.0,True,False,False
ashleynn,4,0.25,2,3,2,3,2.0,4.0,0.001228564037585992,0.000375835992189135,2.0,0.0,0.0,False,False,False
ashyildae,1,0.0,0,1,0,1,0.0,1.0,0.0,-2.9807182528192135e-22,,,,False,False,False
ask_about_my_doggies,1,0.0,0,1,0,1,0.0,1.0,0.0,-5.948981600981377e-20,,,,False,False,False
askarth_,4,0.0,0,4,0,4,0.0,4.0,0.0,1.5163478467149719e-19,,,,False,False,False
askdoctorbear,1,0.0,0,1,0,1,0.0,1.0,0.0,-4.555210434817824e-21,,,,False,False,False
asmallman,1,0.0,1,1,1,1,1.0,1.0,8.054158451006836e-06,2.8461674967451154e-20,1.0,0.0,0.0,False,False,False
asouthamerican,1,0.0,0,1,0,1,0.0,1.0,0.0,-5.2632117996888724e-20,,,,False,False,False
asprosofazeroth,1,0.0,0,1,0,1,0.0,1.0,0.0,-1.6005207937875258e-19,,,,False,False,False
asrealo,1,0.0,0,1,0,1,0.0,1.0,0.0,-1.8765512308412788e-20,,,,False,False,False
assaul,2,0.0,2,1,2,1,2.0,1.0,4.742568325211277e-05,0.01405852932773574,2.0,0.0,0.0,False,False,False
assortedwrenches89,1,0.0,0,1,0,1,0.0,1.0,0.0,1.069857413189178e-19,,,,False,False,False
assumptionempty,2,0.0,0,2,0,2,0.0,2.0,0.0,-1.498274946650217e-19,,,,False,False,False
astarocy,1,0.0,0,1,0,1,0.0,1.0,0.0,-1.201396636389003e-19,,,,False,False,False
asthaloth,1,0.0,0,1,0,1,0.0,1.0,0.0,1.8690738870380215e-20,,,,False,False,False
astraljoey,1,0.0,0,1,0,1,0.0,1.0,0.0,-3.60916491292835e-20,,,,False,False,False
asyliaa,1,0.0,0,1,0,1,0.0,1.0,0.0,1.5471944530143494e-20,,,,False,False,False
asymptotethrowaway,1,0.0,0,1,0,1,0.0,1.0,0.0,9.662011079789071e-21,,,,False,False,False
at-las-,1,0.0,1,1,1,1,1.0,1.0,0.0,7.307899745608149e-09,1.0,0.0,0.0,False,False,False
atchijov,2,0.0,0,2,0,2,0.0,2.0,0.0,-2.1717418846222505e-19,,,,False,False,False
atheren,8,0.0,4,6,4,6,6.0,8.0,0.001792026895928983,3.884498296596699e-05,6.0,0.0,0.0,True,False,True
athrasie,8,0.25,4,7,4,7,5.0,8.0,0.00019005384859043396,-4.746617272704837e-18,5.0,0.0,0.0,True,False,False
atkinson137,2,0.0,1,2,1,2,1.0,2.0,7.89193874969405e-05,4.18569745171979e-10,1.0,0.0,0.0,False,False,False
atleastwedream,1,0.0,0,1,0,1,0.0,1.0,0.0,4.1135453908858163e-20,,,,False,False,False
atomic__balm,2,0.0,0,2,0,2,0.0,2.0,0.0,-1.4084033538300018e-19,,,,False,False,False
atomicsnark,1,0.0,0,1,0,1,0.0,1.0,0.0,-1.9181212120657746e-19,,,,False,False,False
atomikgarlic,4,0.0,3,4,3,4,3.0,4.0,0.00013976715371191562,1.6451284441379835e-05,3.0,0.0,0.0,True,False,False
atosl,2,0.0,0,2,0,2,0.0,2.0,0.0,3.101818776638254e-20,,,,False,False,False
atromach,4,0.25,3,3,3,3,3.0,4.0,0.0013613324425551135,0.0002952590415066537,3.0,0.0,0.0,True,False,False
attackityyak,1,0.0,0,1,0,1,0.0,1.0,0.0,5.543653744447039e-20,,,,False,False,False
atticus-xi,1,0.0,0,1,0,1,0.0,1.0,0.0,1.650465840488891e-19,,,,False,False,False
attitudeadjusterse,1,0.0,0,1,0,1,0.0,1.0,0.0,8.333978097474675e-20,,,,False,False,False
atypical_lemur,1,0.0,1,1,1,1,1.0,1.0,0.0,-8.628194639220925e-19,1.0,0.0,0.0,False,False,False
audioshaman,6,0.0,11,6,11,6,11.0,6.0,0.01000270138667968,0.01833207731703051,11.0,0.0,0.0,True,False,True
audisek,1,1.0,0,1,0,1,0.0,1.0,0.0,2.0232173848939734e-19,,,,False,False,False
augbanane,1,0.0,0,1,0,1,0.0,1.0,0.0,-1.703784655190057e-19,,,,False,False,False
augssan,1,0.0,0,1,0,1,0.0,1.0,0.0,6.372809597600258e-20,,,,False,False,False
aurd04,1,0.0,0,1,0,1,0.0,1.0,0.0,-3.67412317244275e-19,,,,False,False,False
auriigold,1,0.0,0,1,0,1,0.0,1.0,0.0,4.7386850874351364e-20,,,,False,False,False
aurora428,2,0.0,0,2,0,2,0.0,2.0,0.0,1.0199151482745013e-19,,,,False,False,False
aurora_313,1,0.0,0,1,0,1,0.0,1.0,0.0,6.737976205156366e-20,,,,False,False,False
aurortonks,1,0.0,0,1,0,1,0.0,1.0,0.0,-5.698769451171138e-20,,,,False,False,False
aurum_t,1,0.0,19,1,19,1,19.0,1.0,0.00012524794403016986,0.0014604442124391155,19.0,0.0,0.0,True,False,False
aurumlauri,1,0.0,0,1,0,1,0.0,1.0,0.0,-5.55441944880289e-20,,,,False,False,False
austeninalaska,1,0.0,1,1,1,1,1.0,1.0,0.0,-1.979630387473685e-18,1.0,0.0,0.0,False,False,False
austinstar08,2,0.0,0,2,0,2,0.0,2.0,0.0,6.425708251926271e-20,,,,False,False,False
auti117,1,0.0,0,1,0,1,0.0,1.0,0.0,4.6960953015257366e-21,,,,False,False,False
automatic-watch-1291,1,0.0,0,1,0,1,0.0,1.0,0.0,1.8806053717012048e-19,,,,False,False,False
automatic_grand_1182,1,0.0,0,1,0,1,0.0,1.0,0.0,-9.681305239352824e-20,,,,False,False,False
automoderator,49,0.0,5,23,5,23,5.0,23.0,0.0025214443893986425,6.520810071093554e-05,5.0,0.0,0.0,True,False,True
available_art4487,1,0.0,1,1,1,1,1.0,1.0,4.7475842620967475e-05,2.426827379738459e-19,1.0,0.0,0.0,False,False,False
avarus_88,1,0.0,1,1,1,1,1.0,1.0,4.747584262096746e-05,7.81423573596805e-20,1.0,0.0,0.0,False,False,False
avcloudy,2,0.0,1,2,1,2,1.0,2.0,7.376356140183492e-06,1.0974174609994568e-05,1.0,0.0,0.0,False,False,False
avelphina,1,0.0,0,1,0,1,0.0,1.0,0.0,1.3033366330455076e-20,,,,False,False,False
averageevil,1,0.0,0,1,0,1,0.0,1.0,0.0,2.249429888951877e-19,,,,False,False,False
aveta95,1,0.0,0,1,0,1,0.0,1.0,0.0,5.41236583863218e-19,,,,False,False,False
awesinine,1,0.0,0,1,0,1,0.0,1.0,0.0,1.0585069666645551e-19,,,,False,False,False
awesomedudei,3,0.0,3,3,3,3,3.0,3.0,0.0002268035281765657,0.0018445097518994568,3.0,0.0,0.0,True,False,False
awesomeoh1234,1,0.0,1,1,1,1,1.0,1.0,4.747584262096746e-05,-1.459604279875217e-19,1.0,0.0,0.0,False,False,False
awkward-rice3038,1,0.0,2,0,2,0,2.0,0.0,0.0,-1.9387064266618948e-19,2.0,0.0,0.0,False,False,False
awrylettuce,1,0.0,0,1,0,1,0.0,1.0,0.0,8.684578046807847e-20,,,,False,False,False
awthorn,1,0.0,0,1,0,1,0.0,1.0,0.0,-4.769703705021352e-20,,,,False,False,False
axenos,2,0.0,1,2,1,2,1.0,2.0,5.405641733539547e-05,-3.11947467544558e-19,1.0,0.0,0.0,False,False,False
axmoistxturd,2,0.0,1,1,1,1,2.0,2.0,0.0,4.586722488289851e-09,2.0,0.0,0.0,False,False,False
axxemax,1,0.0,1,1,1,1,1.0,1.0,0.0,3.446951095903811e-05,1.0,0.0,0.0,False,False,False
axxion89,1,0.0,1,1,1,1,1.0,1.0,0.0,2.916256103370647e-06,1.0,0.0,0.0,False,False,False
ayanayu,3,0.0,0,3,0,3,0.0,3.0,0.0,3.1062837606442457e-19,,,,False,False,False
aybap,1,0.0,0,1,0,1,0.0,1.0,0.0,-2.0498938654633463e-19,,,,False,False,False
aye-loud,2,0.5,1,2,1,2,1.0,2.0,9.31356504092172e-05,0.001810491495880187,1.0,0.0,0.0,False,False,False
ayeitzsteezy,2,0.0,2,2,2,2,3.0,2.0,1.2539842213673395e-07,4.294934020756897e-20,3.0,0.0,0.0,False,False,False
ayodaddyos,1,0.0,1,1,1,1,1.0,1.0,0.0,0.0003980042165896146,1.0,0.0,0.0,False,False,False
ayotha,1,0.0,0,1,0,1,0.0,1.0,0.0,-1.6558174311104875e-19,,,,False,False,False
azerius94,1,0.0,49,1,49,1,49.0,1.0,0.00015300800854617264,0.02612905909769187,49.0,0.0,0.0,True,False,False
azhder,1,0.0,0,1,0,1,0.0,1.0,0.0,2.800227910158278e-20,,,,False,False,False
azsunyx,1,0.0,0,1,0,1,0.0,1.0,0.0,2.4751946944123847e-19,,,,False,False,False
azzkikr11,1,1.0,0,1,0,1,0.0,1.0,0.0,4.883088922453906e-20,,,,False,False,False
b1rdbr41n,1,0.0,0,1,0,1,0.0,1.0,0.0,-1.4836022711547933e-19,,,,False,False,False
b4rr4g4n,1,0.0,0,1,0,1,0.0,1.0,0.0,2.9326061783237103e-19,,,,False,False,False
b_kuro,2,0.0,2,1,2,1,3.0,2.0,8.736090075525797e-07,4.750770429564096e-05,3.0,0.0,0.0,False,False,False
baa1990,1,0.0,0,1,0,1,0.0,1.0,0.0,6.151088960262453e-20,,,,False,False,False
baaksterx,1,0.0,1,1,1,1,1.0,1.0,3.232798305129375e-05,0.00038314521478602706,1.0,0.0,0.0,False,False,False
baba-pajser,1,0.0,0,1,0,1,0.0,1.0,0.0,1.3714128827221793e-19,,,,False,False,False
babadibabidi,1,0.0,0,1,0,1,0.0,1.0,0.0,-2.2711527333155076e-19,,,,False,False,False
babagahnoush,1,0.0,1,1,1,1,1.0,1.0,4.747584262096747e-05,5.472109153602165e-20,1.0,0.0,0.0,False,False,False
babywhiz,5,0.0,3,5,3,5,3.0,5.0,0.0014588351442930282,0.0006311276123730948,3.0,0.0,0.0,True,False,False
backgroundpianist975,1,0.0,0,1,0,1,0.0,1.0,0.0,2.769072872338154e-20,,,,False,False,False
backscratchaaaaa,3,0.3333333333333333,2,3,2,3,2.0,3.0,0.00040165629701652196,4.410688956346471e-05,2.0,0.0,0.0,False,False,False
backspace_cars,1,0.0,0,1,0,1,0.0,1.0,0.0,1.8127991918289244e-20,,,,False,False,False
backwardspellcaster,1,0.0,0,1,0,1,0.0,1.0,0.0,2.5113180229188584e-19,,,,False,False,False
bacon-muffin,2,0.5,1,2,1,2,1.0,2.0,5.384448415492291e-06,7.864723383090403e-12,1.0,0.0,0.0,False,False,False
baconqueenvern,4,0.0,1,4,1,4,1.0,4.0,9.500184461078964e-05,-4.419733285144807e-19,1.0,0.0,0.0,False,False,False
baconscentedscrotum,1,1.0,0,1,0,1,0.0,1.0,0.0,-1.0526111466416099e-19,,,,False,False,False
badform49,1,0.0,0,1,0,1,0.0,1.0,0.0,4.123919365657024e-20,,,,False,False,False
badnuub,2,0.0,0,2,0,2,0.0,2.0,0.0,2.6684203222462296e-20,,,,False,False,False
badrodent,1,0.0,0,1,0,1,0.0,1.0,0.0,-2.0371067493573894e-19,,,,False,False,False
badwulf1,1,0.0,1,1,1,1,1.0,1.0,0.0,3.4187037325201755e-20,1.0,0.0,0.0,False,False,False
bafau4246,2,0.0,2,1,2,1,3.0,2.0,4.745076293654012e-05,0.0003428706519108595,3.0,0.0,0.0,False,False,False
baigelsx,1,0.0,1,1,1,1,1.0,1.0,0.0,-9.329854393257953e-19,1.0,0.0,0.0,False,False,False
bajspunk,1,1.0,1,1,1,1,1.0,1.0,1.897546207433056e-06,-1.9373541211789874e-18,1.0,0.0,0.0,False,False,False
bakedbread420,1,0.0,0,1,0,1,0.0,1.0,0.0,-5.848777366631414e-20,,,,False,False,False
bakedcity1,3,0.0,2,3,2,3,2.0,3.0,0.001492448738702571,0.014403515717680102,2.0,0.0,0.0,False,False,False
bakednotyetfried,1,0.0,0,1,0,1,0.0,1.0,0.0,-2.7591507347056017e-19,,,,False,False,False
balager47,2,0.5,1,2,1,2,1.0,2.0,2.4540825839564772e-05,1.7129125394113087e-05,1.0,0.0,0.0,False,False,False
baldspoticus,1,0.0,0,1,0,1,0.0,1.0,0.0,2.0792340747164196e-20,,,,False,False,False
ballcube,1,1.0,1,0,1,0,1.0,0.0,0.0,1.1548502910641055e-19,1.0,0.0,0.0,False,False,False
bambinocpt,1,0.0,2,1,2,1,2.0,1.0,0.0006990283657511318,8.796435946157079e-05,2.0,0.0,0.0,False,False,False
bamboochan,1,1.0,1,1,1,1,1.0,1.0,1.533226293046638e-06,0.0022436395486095575,1.0,0.0,0.0,False,False,False
ban_anna_split,2,0.0,0,2,0,2,0.0,2.0,0.0,-1.7043707715944528e-19,,,,False,False,False
bananabread186,1,0.0,0,1,0,1,0.0,1.0,0.0,2.5181816931108187e-19,,,,False,False,False
bandicoot1324,1,1.0,0,1,0,1,0.0,1.0,0.0,7.947897041756128e-20,,,,False,False,False
bankirito40,1,0.0,0,1,0,1,0.0,1.0,0.0,-1.6211402242930624e-19,,,,False,False,False
barduk4,1,0.0,0,1,0,1,0.0,1.0,0.0,4.44835506215468e-20,,,,False,False,False
barialdalaran,2,0.0,3,2,3,2,3.0,2.0,0.00017422949327656058,0.0001613130985038818,3.0,0.0,0.0,True,False,False
barkovitch,1,0.0,0,1,0,1,0.0,1.0,0.0,-2.1193242135225744e-19,,,,False,False,False
barlowan,2,0.0,0,2,0,2,0.0,2.0,0.0,1.7988206820414174e-19,,,,False,False,False
barnabars,2,0.0,1,1,1,1,2.0,2.0,0.0,0.0018104914958801859,2.0,0.0,0.0,False,False,False
baronmarques,2,0.0,2,2,2,2,2.0,2.0,0.00011108013883292689,9.178747434553338e-06,2.0,0.0,0.0,False,False,False
baroqueout,4,0.25,3,4,3,4,3.0,4.0,0.0004428783248306843,6.488826889166987e-07,3.0,0.0,0.0,True,False,False
barrettrts,3,0.0,3,3,3,3,3.0,3.0,0.0008472915005095004,5.2730389232536296e-05,3.0,0.0,0.0,True,False,False
bartellomio,3,0.0,1,3,1,3,1.0,3.0,1.0031873770938715e-07,1.187451661880386e-19,1.0,0.0,0.0,False,False,False
bartleby1407,12,0.0,5,11,5,11,6.0,12.0,0.0024715165208231186,8.762315431111716e-05,6.0,0.0,0.0,True,False,True
basic_suggestion3476,1,0.0,0,1,0,1,0.0,1.0,0.0,2.0785843724854385e-20,,,,False,False,False
basilisk_says,3,0.0,1,3,1,3,1.0,3.0,0.0008979902136241611,2.3035058469776686e-07,1.0,0.0,0.0,False,False,False
basket_chase,1,0.0,0,1,0,1,0.0,1.0,0.0,-5.250668247434234e-20,,,,False,False,False
basketexternal6843,1,0.0,0,1,0,1,0.0,1.0,0.0,-1.292872796802822e-19,,,,False,False,False
bass3922,1,0.0,0,1,0,1,0.0,1.0,0.0,-2.2434995239367714e-21,,,,False,False,False
batboywonder,1,0.0,0,1,0,1,0.0,1.0,0.0,3.4212425711943414e-19,,,,False,False,False
batdad488,1,0.0,0,1,0,1,0.0,1.0,0.0,-5.369619805316565e-20,,,,False,False,False
batmannoprep,2,0.0,2,2,2,2,2.0,2.0,9.507708366407168e-05,-1.1705949095172126e-19,2.0,0.0,0.0,False,False,False
battlenub89,1,0.0,0,1,0,1,0.0,1.0,0.0,-1.1555005275356427e-19,,,,False,False,False
bavario1337,5,0.0,7,5,7,5,8.0,5.0,0.0013991838435381389,3.760287409178488e-05,8.0,0.0,0.0,True,False,True
baxterwoozy,1,0.0,0,1,0,1,0.0,1.0,0.0,-2.4891766131083e-19,,,,False,False,False
baxtyre,1,0.0,3,1,3,1,3.0,1.0,2.5187168789178277e-06,8.221080120510601e-06,3.0,0.0,0.0,True,False,False
bazzabaz1,1,0.0,0,1,0,1,0.0,1.0,0.0,-1.2940321395128184e-19,,,,False,False,False
bb22k,9,0.0,8,6,8,6,10.0,9.0,0.0019519988893186167,0.0009273465524878234,10.0,0.0,0.0,True,False,True
bbbmarko01,1,0.0,0,1,0,1,0.0,1.0,0.0,1.1837644264214802e-19,,,,False,False,False
bbmezzy,1,0.0,0,1,0,1,0.0,1.0,0.0,2.00433775669144e-19,,,,False,False,False
beacon2001,3,0.0,1,1,1,1,2.0,3.0,0.0,3.194810661430411e-19,2.0,0.0,0.0,False,False,False
beadorie,1,0.0,1,1,1,1,1.0,1.0,0.0002698053342362975,3.08657624381756e-08,1.0,0.0,0.0,False,False,False
beanakin,1,0.0,0,1,0,1,0.0,1.0,0.0,9.779143441141782e-20,,,,False,False,False
beanybob95,1,0.0,0,1,0,1,0.0,1.0,0.0,5.654098480622465e-20,,,,False,False,False
beardedbear696,1,0.0,1,1,1,1,1.0,1.0,0.0,0.0013850527573937342,1.0,0.0,0.0,False,False,False
beardsticks,1,0.0,0,1,0,1,0.0,1.0,0.0,4.9051807047439655e-20,,,,False,False,False
beardzesty,1,0.0,0,1,0,1,0.0,1.0,0.0,9.55594037437889e-20,,,,False,False,False
bearlysane,3,0.0,2,3,2,3,2.0,3.0,0.0003052475366441165,-1.8363553324833864e-18,2.0,0.0,0.0,False,False,False
beasticide,3,0.0,0,3,0,3,0.0,3.0,0.0,-1.9611160653575194e-20,,,,False,False,False
beatitmate,1,0.0,0,1,0,1,0.0,1.0,0.0,5.1547806878461665e-21,,,,False,False,False
beatupford,2,0.5,1,2,1,2,1.0,2.0,4.747584262096747e-05,-1.0100648810665821e-19,1.0,0.0,0.0,False,False,False
beautiful-jello-37,1,0.0,0,1,0,1,0.0,1.0,0.0,-9.589715505209813e-20,,,,False,False,False
beeeeeeels,1,0.0,0,1,0,1,0.0,1.0,0.0,-3.080171040588662e-20,,,,False,False,False
beefkins,1,0.0,0,1,0,1,0.0,1.0,0.0,-2.1833610120577115e-19,,,,False,False,False
beefmytaco,5,0.0,6,5,6,5,6.0,5.0,0.0015188670356445365,0.0005726598758771661,6.0,0.0,0.0,True,False,True
beeftank_jr,1,0.0,1,1,1,1,1.0,1.0,2.3737921310483734e-05,-1.8445619826529253e-19,1.0,0.0,0.0,False,False,False
beegleboogle,2,0.0,0,1,0,1,0.0,2.0,0.0,-5.010564613389759e-20,,,,False,False,False
beepborpimajorp,2,0.0,0,2,0,2,0.0,2.0,0.0,8.827506693364795e-20,,,,False,False,False
beerbaron1886,1,0.0,0,1,0,1,0.0,1.0,0.0,-4.52360946508181e-20,,,,False,False,False
beetlejuice______,2,0.0,0,2,0,2,0.0,2.0,0.0,1.723366535780083e-20,,,,False,False,False
beginning-advice-168,2,0.0,0,1,0,1,0.0,2.0,0.0,1.755130724217993e-19,,,,False,False,False
beiti,1,0.0,0,1,0,1,0.0,1.0,0.0,-3.879822706395702e-21,,,,False,False,False
belazor,1,0.0,0,1,0,1,0.0,1.0,0.0,-6.313690071914405e-20,,,,False,False,False
belista41,1,0.0,1,1,1,1,1.0,1.0,0.0,4.1066424707966956e-19,1.0,0.0,0.0,False,False,False
belivious677,6,0.0,6,5,6,5,6.0,6.0,0.000585417521676356,4.5664952746518095e-05,6.0,0.0,0.0,True,False,True
belkuro,1,0.0,0,1,0,1,0.0,1.0,0.0,1.4858235672963305e-21,,,,False,False,False
bellacoseplayer,2,0.0,0,2,0,2,0.0,2.0,0.0,7.846027179356161e-20,,,,False,False,False
bellanzo,1,0.0,1,1,1,1,1.0,1.0,0.0,-7.019150223959317e-21,1.0,0.0,0.0,False,False,False
belpheegor,3,0.0,8,2,8,2,8.0,2.0,0.00024996921468736544,0.0003411381632754691,8.0,0.0,0.0,True,False,False
belsor14,1,0.0,0,1,0,1,0.0,1.0,0.0,5.508272192032384e-20,,,,False,False,False
belteshazzar98,3,0.0,1,2,1,2,2.0,3.0,0.0004973489854017693,0.0003196993730632441,2.0,0.0,0.0,False,False,False
beltox2pointo,1,0.0,1,1,1,1,1.0,1.0,1.3670345736026422e-05,-4.421576038406488e-19,1.0,0.0,0.0,False,False,False
ben0x539,1,0.0,0,1,0,1,0.0,1.0,0.0,1.4555219316201885e-19,,,,False,False,False
bend_glass,1,0.0,0,1,0,1,0.0,1.0,0.0,4.3339514883990535e-21,,,,False,False,False
beneficial-listen-18,1,0.0,0,1,0,1,0.0,1.0,0.0,-7.253240963079669e-20,,,,False,False,False
beneficial_egg_4822,2,0.0,2,1,2,1,2.0,2.0,4.7450762936540124e-05,0.0002299116690772938,2.0,0.0,0.0,False,False,False
benjacarmona,1,0.0,0,1,0,1,0.0,1.0,0.0,1.2416987664914033e-19,,,,False,False,False
benjaminalex32,2,0.0,1,2,1,2,1.0,2.0,4.747584262096747e-05,1.2635432206025315e-18,1.0,0.0,0.0,False,False,False
bennygrandblade,1,0.0,0,1,0,1,0.0,1.0,0.0,-3.546948403981617e-20,,,,False,False,False
benwhitaker,3,0.3333333333333333,6,2,6,2,7.0,3.0,0.001408759921960267,0.0002488664670449127,7.0,0.0,0.0,True,False,True
bermsi,1,0.0,1,1,1,1,1.0,1.0,2.507968442734679e-08,-5.383193928333154e-19,1.0,0.0,0.0,False,False,False
besieger13,3,0.0,2,3,2,3,3.0,3.0,0.0003506817848698069,0.00031042243265307865,3.0,0.0,0.0,False,False,False
bestiejules,2,0.0,2,2,2,2,2.0,2.0,9.502692429521699e-05,1.1879304441857055e-18,2.0,0.0,0.0,False,False,False
bestjersey_worstname,9,0.0,4,6,4,6,7.0,9.0,0.0011442224664544528,3.065402074078428e-05,7.0,0.0,0.0,True,False,True
bete_du_gevaudan,1,0.0,0,1,0,1,0.0,1.0,0.0,2.2151345645161844e-19,,,,False,False,False
better-call-sol,1,0.0,0,1,0,1,0.0,1.0,0.0,6.583665146174548e-20,,,,False,False,False
better-slide-7384,1,0.0,0,1,0,1,0.0,1.0,0.0,2.074107955203156e-19,,,,False,False,False
better_jacket_3593,1,0.0,0,1,0,1,0.0,1.0,0.0,3.295032444848557e-22,,,,False,False,False
bewsii,1,0.0,2,1,2,1,2.0,1.0,4.757616135867686e-05,-3.8266408219808456e-19,2.0,0.0,0.0,False,False,False
beyondelectricdreams,4,0.0,1,3,1,3,2.0,4.0,0.0006113995902889101,1.712912539411309e-05,2.0,0.0,0.0,False,False,False
beyondlife,1,0.0,0,1,0,1,0.0,1.0,0.0,1.1980650940561343e-19,,,,False,False,False
bfrown,4,0.25,0,4,0,4,0.0,4.0,0.0,-2.1948021881223412e-21,,,,False,False,False
bhangthundai_,1,0.0,0,1,0,1,0.0,1.0,0.0,-1.1504542624184955e-19,,,,False,False,False
bhayward241,1,0.0,1,1,1,1,1.0,1.0,0.0,-4.709328143466915e-19,1.0,0.0,0.0,False,False,False
bifflin,2,0.0,0,2,0,2,0.0,2.0,0.0,-3.4715296916639626e-20,,,,False,False,False
big-teaching2521,1,0.0,0,1,0,1,0.0,1.0,0.0,3.954938019033144e-21,,,,False,False,False
big_elderberry5957,1,0.0,0,1,0,1,0.0,1.0,0.0,-3.636379527778725e-20,,,,False,False,False
bigbadben_10,1,0.0,0,1,0,1,0.0,1.0,0.0,3.3153378848424754e-19,,,,False,False,False
bigbard2,1,0.0,0,1,0,1,0.0,1.0,0.0,5.466319956198675e-20,,,,False,False,False
bigbesss,1,0.0,1,1,1,1,1.0,1.0,0.0,2.2894492481669763e-07,1.0,0.0,0.0,False,False,False
bigblackcouch,1,0.0,0,1,0,1,0.0,1.0,0.0,-1.0540489757085291e-20,,,,False,False,False
bigbucket990,1,0.0,0,1,0,1,0.0,1.0,0.0,-3.482010608678385e-20,,,,False,False,False
bigbwaindabid,1,0.0,1,1,1,1,1.0,1.0,0.0,8.792174092806179e-06,1.0,0.0,0.0,False,False,False
bigd175,2,0.0,2,1,2,1,2.0,2.0,0.0,4.160418113004996e-05,2.0,0.0,0.0,False,False,False
bigdongergigachad,1,0.0,1,1,1,1,1.0,1.0,0.0,5.870826955509874e-05,1.0,0.0,0.0,False,False,False
bigger_moss,4,0.0,3,4,3,4,3.0,4.0,0.0013100028989966761,0.002123306406161237,3.0,0.0,0.0,True,False,False
biggestgrinderoce,2,0.0,0,2,0,2,0.0,2.0,0.0,2.078716764519623e-21,,,,False,False,False
biggiy05,1,0.0,1,1,1,1,1.0,1.0,3.1441862944755513e-06,-4.1242455017290913e-19,1.0,0.0,0.0,False,False,False
bigglez1995,4,0.0,3,4,3,4,3.0,4.0,0.0002878111027280439,0.000620066259902768,3.0,0.0,0.0,True,False,False
bigrussoonthebuttons,1,0.0,0,1,0,1,0.0,1.0,0.0,8.11171868778465e-22,,,,False,False,False
bigshotbosh,1,0.0,0,1,0,1,0.0,1.0,0.0,2.98546502558631e-20,,,,False,False,False
bigsmusha,1,0.0,1,1,1,1,1.0,1.0,0.0,8.620236126031184e-19,1.0,0.0,0.0,False,False,False
bigtree42069,1,0.0,1,1,1,1,1.0,1.0,2.0141985843134824e-05,3.0025117459621878e-05,1.0,0.0,0.0,False,False,False
bigwethole,1,0.0,0,1,0,1,0.0,1.0,0.0,-2.841595843349501e-19,,,,False,False,False
bigzimm1,1,0.0,1,1,1,1,1.0,1.0,0.00016683784404885428,2.0137544565455172e-05,1.0,0.0,0.0,False,False,False
bilbodrytear,1,0.0,2,1,2,1,2.0,1.0,0.00018568967456257277,0.013187898775105882,2.0,0.0,0.0,False,False,False
billdanceparty,1,1.0,0,1,0,1,0.0,1.0,0.0,5.680957676083042e-20,,,,False,False,False
billy_big_guns,1,0.0,0,1,0,1,0.0,1.0,0.0,-6.543986324069573e-20,,,,False,False,False
bingolotto123,1,0.0,1,1,1,1,1.0,1.0,0.0,6.442373048831558e-06,1.0,0.0,0.0,False,False,False
binkiecookie,2,0.0,4,2,4,2,4.0,2.0,0.0003917948301240115,0.0002708142708815534,4.0,0.0,0.0,True,False,False
binto,1,0.0,0,1,0,1,0.0,1.0,0.0,-1.3231024440385477e-19,,,,False,False,False
bio-grad,1,0.0,0,1,0,1,0.0,1.0,0.0,7.354245618399957e-21,,,,False,False,False
bioandroid,1,0.0,0,1,0,1,0.0,1.0,0.0,3.3569232292532878e-19,,,,False,False,False
biodefault,1,0.0,1,1,1,1,1.0,1.0,4.750092230539481e-05,2.973096869336822e-19,1.0,0.0,0.0,False,False,False
biodegradable_atgms,9,0.0,20,8,20,8,22.0,9.0,0.008240649526954132,0.010805141354618821,22.0,0.0,0.0,True,False,True
birbphone,1,0.0,0,0,0,0,0.0,0.0,0.0,6.241671717426868e-21,,,,False,False,False
birdbrain_shitfuck,1,0.0,1,1,1,1,1.0,1.0,4.750092230539482e-05,-5.992605448213994e-19,1.0,0.0,0.0,False,False,False
biscuit_wos,8,0.25,2,3,2,3,4.0,8.0,0.0011218257890523672,8.552646725936925e-05,4.0,0.0,0.0,False,True,False
biscuitdanger_,1,0.0,0,1,0,1,0.0,1.0,0.0,2.5145349700679044e-20,,,,False,False,False
bishopkilljoy,1,0.0,0,1,0,1,0.0,1.0,0.0,-1.339053924355283e-19,,,,False,False,False
bismothe-the-shade,2,0.0,3,2,3,2,3.0,2.0,6.01912426256323e-07,-1.164119164310236e-18,3.0,0.0,0.0,True,False,False
bisquikb,1,0.0,1,1,1,1,2.0,1.0,0.0,1.099550069820308e-05,2.0,0.0,0.0,False,False,False
bitterlemonsoda,1,0.0,0,1,0,1,0.0,1.0,0.0,-3.109509957681361e-20,,,,False,False,False
bivukaz,1,0.0,0,1,0,1,0.0,1.0,0.0,1.884784730772162e-19,,,,False,False,False
bizkit413,1,0.0,0,1,0,1,0.0,1.0,0.0,5.490929962096736e-20,,,,False,False,False
bjg12321,1,0.0,1,1,1,1,1.0,1.0,0.0,5.432424074806882e-06,1.0,0.0,0.0,False,False,False
bjorn_styrkr,1,0.0,0,1,0,1,0.0,1.0,0.0,-5.061712635531068e-20,,,,False,False,False
bjorn_tyrson,2,0.0,0,2,0,2,0.0,2.0,0.0,-6.905136264968454e-20,,,,False,False,False
bl00d_za,1,0.0,0,1,0,1,0.0,1.0,0.0,1.9456436171880212e-21,,,,False,False,False
blaackys,1,0.0,0,1,0,1,0.0,1.0,0.0,1.401828749400396e-21,,,,False,False,False
blaat_splat,1,0.0,0,1,0,1,0.0,1.0,0.0,-5.195297093236441e-20,,,,False,False,False
blackangel6687,1,0.0,0,1,0,1,0.0,1.0,0.0,1.4020829224804708e-19,,,,False,False,False
blackberrybeanz,5,0.4,5,5,5,5,5.0,5.0,0.0009453837872669622,4.176784208631807e-05,5.0,0.0,0.0,True,True,True
blackbirdone1,2,0.0,1,2,1,2,2.0,2.0,6.66226672680679e-06,0.00038314521478602874,2.0,0.0,0.0,False,False,False
blackflagssfe,1,0.0,0,1,0,1,0.0,1.0,0.0,-2.953201604964183e-19,,,,False,False,False
blackhijinks,2,0.0,1,2,1,2,1.0,2.0,4.72752051455487e-05,5.875806646629404e-19,1.0,0.0,0.0,False,False,False
blackking2106,1,0.0,0,1,0,1,0.0,1.0,0.0,-7.90975868173045e-20,,,,False,False,False
blackmonday73,2,0.0,0,1,0,1,0.0,2.0,0.0,-1.2114090497415612e-19,,,,False,False,False
blackmoosen,1,1.0,0,1,0,1,0.0,1.0,0.0,-7.669447498402722e-20,,,,False,False,False
blackranger692,1,0.0,0,1,0,1,0.0,1.0,0.0,-2.1812478485636627e-19,,,,False,False,False
bladeoni,2,0.0,0,2,0,2,0.0,2.0,0.0,1.842073071092988e-20,,,,False,False,False
blancjacques,2,0.0,2,2,2,2,2.0,2.0,0.00017354506475001247,5.791190516586149e-11,2.0,0.0,0.0,False,False,False
blanknullvoidzero,3,0.0,2,3,2,3,2.0,3.0,5.3569160949961605e-05,6.51392934561136e-19,2.0,0.0,0.0,False,False,False
blantonphantom,2,1.0,2,2,2,2,2.0,2.0,0.020903098982347778,0.0009722520080393459,2.0,0.0,0.0,False,False,False
blasterion,1,0.0,0,1,0,1,0.0,1.0,0.0,5.6209415578933e-20,,,,False,False,False
blathnaid666,1,0.0,0,1,0,1,0.0,1.0,0.0,-3.3678939896465724e-19,,,,False,False,False
blaxete,2,0.0,0,2,0,2,0.0,2.0,0.0,1.349776089065693e-19,,,,False,False,False
blaze611,1,0.0,0,1,0,1,0.0,1.0,0.0,-4.098164198747091e-20,,,,False,False,False
blazeking289,1,0.0,0,1,0,1,0.0,1.0,0.0,2.3209659554100542e-20,,,,False,False,False
blckdrke,2,0.0,1,2,1,2,1.0,2.0,0.0,6.201525836708595e-06,1.0,0.0,0.0,False,False,False
bledolikiq,1,0.0,2,1,2,1,2.0,1.0,0.0003862999647336686,1.7511857014899471e-06,2.0,0.0,0.0,False,False,False
blehbleh1122,1,0.0,0,1,0,1,0.0,1.0,0.0,-1.3523795212917804e-20,,,,False,False,False
bleuchz,2,0.0,3,2,3,2,3.0,2.0,0.0007046218141044175,0.014142238947256148,3.0,0.0,0.0,True,False,False
blind667,1,0.0,1,1,1,1,1.0,1.0,6.318900903720522e-05,7.512011784348921e-19,1.0,0.0,0.0,False,False,False
blind_blake_2023,1,0.0,0,1,0,1,0.0,1.0,0.0,1.145830983034923e-19,,,,False,False,False
blindbillions,1,0.0,0,1,0,1,0.0,1.0,0.0,-2.3694207663887906e-21,,,,False,False,False
blindcloud,1,0.0,0,1,0,1,0.0,1.0,0.0,1.234156609435802e-19,,,,False,False,False
blipbloopbeeeeep,2,0.0,1,1,1,1,1.0,2.0,0.0,0.002639350578405996,1.0,0.0,0.0,False,False,False
blissed_off,1,1.0,0,1,0,1,0.0,1.0,0.0,3.7740587926912813e-20,,,,False,False,False
blitzus,1,0.0,0,1,0,1,0.0,1.0,0.0,1.0219454457129874e-19,,,,False,False,False
blizzjafaaeleath,5,0.0,12,5,12,5,13.0,5.0,0.00027861439425080003,2.557442475431862e-18,13.0,0.0,0.0,True,False,False
blockofwisdom,1,0.0,0,1,0,1,0.0,1.0,0.0,-2.2837783007847815e-19,,,,False,False,False
blonslaught,1,0.0,0,1,0,1,0.0,1.0,0.0,-3.587434723396527e-19,,,,False,False,False
bloodandbourbon,1,1.0,0,1,0,1,0.0,1.0,0.0,1.312665283880634e-19,,,,False,False,False
bloodbabe2003,1,0.0,0,1,0,1,0.0,1.0,0.0,-1.8557963439917075e-20,,,,False,False,False
bloodknightsalandria,1,0.0,0,1,0,1,0.0,1.0,0.0,8.350208748209821e-20,,,,False,False,False
bloodmoth13,3,0.0,1,3,1,3,1.0,3.0,4.747584262096747e-05,2.0031975327595276e-19,1.0,0.0,0.0,False,False,False
bloodshot_22,2,0.0,6,2,6,2,7.0,2.0,0.001358853130539399,0.015652480671394412,7.0,0.0,0.0,True,False,True
bloodthirsty_kirby,1,0.0,1,1,1,1,1.0,1.0,1.1774911838639317e-06,2.376500426268305e-18,1.0,0.0,0.0,False,False,False
bloody_tampen24,1,0.0,0,1,0,1,0.0,1.0,0.0,2.613810908801605e-19,,,,False,False,False
bloodyfartonabun,1,0.0,0,1,0,1,0.0,1.0,0.0,3.829385363206218e-20,,,,False,False,False
blorgenheim,1,0.0,2,1,2,1,2.0,1.0,4.76514004119589e-05,0.000270267034185677,2.0,0.0,0.0,False,False,False
blubbpaule,6,0.0,23,6,23,6,25.0,6.0,0.004178384124223598,0.0027132760159879247,25.0,0.0,0.0,True,False,True
blubkill,1,0.0,0,1,0,1,0.0,1.0,0.0,1.2774878350633333e-19,,,,False,False,False
blubomberikam,1,0.0,0,1,0,1,0.0,1.0,0.0,1.0640423368180742e-19,,,,False,False,False
bluebananaredbanana,2,0.0,0,2,0,2,0.0,2.0,0.0,2.4053769180573603e-19,,,,False,False,False
blueberryrockcandy,4,0.25,5,4,5,4,5.0,4.0,0.0020094618017521626,0.0001420347184576946,5.0,0.0,0.0,True,False,True
bluecrazy,1,0.0,1,1,1,1,1.0,1.0,4.747584262096747e-05,1.5450412599919095e-19,1.0,0.0,0.0,False,False,False
bluedragoon24,1,0.0,0,1,0,1,0.0,1.0,0.0,-8.56363411721224e-20,,,,False,False,False
bluefatfrog,1,0.0,1,1,1,1,1.0,1.0,4.750092230539482e-05,6.843408982235892e-20,1.0,0.0,0.0,False,False,False
bluehairedgnome,1,0.0,2,1,2,1,2.0,1.0,4.747584262096747e-05,3.5936837134133123e-19,2.0,0.0,0.0,False,False,False
bluejaybusiness1551,1,0.0,1,1,1,1,1.0,1.0,0.0,7.394925074928175e-07,1.0,0.0,0.0,False,False,False
bluemilk_and_wookies,3,0.0,2,2,2,2,2.0,3.0,0.00012553767293768282,3.2789701840434627e-05,2.0,0.0,0.0,False,False,False
bluffwatcher,7,0.0,3,7,3,7,3.0,7.0,0.0032733123320428815,0.0002891199826317197,3.0,0.0,0.0,True,False,False
blury1,1,0.0,1,1,1,1,1.0,1.0,0.0,7.198847993800259e-05,1.0,0.0,0.0,False,False,False
bmw_courier6,2,0.0,0,1,0,1,0.0,2.0,0.0,-1.3342818282892634e-20,,,,False,False,False
bo1em,2,0.0,5,2,5,2,5.0,2.0,0.0003345028670503768,4.573395046936807e-05,5.0,0.0,0.0,True,False,False
bobbacklund11235,1,0.0,0,1,0,1,0.0,1.0,0.0,-9.590016859469754e-20,,,,False,False,False
bobbimort,3,0.0,1,3,1,3,1.0,3.0,6.774612614556209e-05,7.230827336583914e-07,1.0,0.0,0.0,False,False,False
bobby-mcbobster,1,0.0,0,1,0,1,0.0,1.0,0.0,1.6165882816156566e-19,,,,False,False,False
bobyran711,1,0.0,0,1,0,1,0.0,1.0,0.0,1.242434319351463e-19,,,,False,False,False
bohya,5,0.0,1,2,1,2,3.0,5.0,2.9906367729565163e-05,1.5575192132030019e-06,3.0,0.0,0.0,False,False,False
bolshevikstatist,1,0.0,0,1,0,1,0.0,1.0,0.0,3.6273805537107804e-21,,,,False,False,False
bolt_spark,1,0.0,0,1,0,1,0.0,1.0,0.0,9.982858099063301e-20,,,,False,False,False
bomtradygoat,2,0.0,1,1,1,1,1.0,2.0,0.0,-9.990796194125062e-19,1.0,0.0,0.0,False,False,False
bomullstuss99,1,0.0,0,1,0,1,0.0,1.0,0.0,1.1249764120716844e-19,,,,False,False,False
bonerlord911,1,0.0,0,1,0,1,0.0,1.0,0.0,-1.1900277151287609e-19,,,,False,False,False
book-dragon92,1,0.0,0,1,0,1,0.0,1.0,0.0,6.513252751472531e-20,,,,False,False,False
bookbarbarian,1,0.0,0,1,0,1,0.0,1.0,0.0,2.1793281523219092e-20,,,,False,False,False
bootydonut,1,0.0,0,1,0,1,0.0,1.0,0.0,9.363123436912923e-20,,,,False,False,False
border_of_water,1,0.0,2,1,2,1,2.0,1.0,0.0004194037343310924,2.6767647433393613e-06,2.0,0.0,0.0,False,False,False
boredomonwheelz,1,1.0,0,1,0,1,0.0,1.0,0.0,6.882180356465611e-20,,,,False,False,False
boredum_allergy,2,0.0,1,2,1,2,1.0,2.0,4.747584262096747e-05,3.639942127468378e-19,1.0,0.0,0.0,False,False,False
boring_old_dad,1,0.0,0,1,0,1,0.0,1.0,0.0,4.742742067430112e-20,,,,False,False,False
borkemav,2,0.0,0,2,0,2,0.0,2.0,0.0,-7.386096033454431e-20,,,,False,False,False
borkon,1,0.0,0,1,0,1,0.0,1.0,0.0,-2.5198551884163225e-19,,,,False,False,False
bornblackberry3178,1,0.0,0,1,0,1,0.0,1.0,0.0,-1.2644733248285201e-19,,,,False,False,False
bornetm,1,0.0,0,1,0,1,0.0,1.0,0.0,1.0600863804646087e-19,,,,False,False,False
bosko47,1,0.0,0,1,0,1,0.0,1.0,0.0,-2.1073597403241256e-19,,,,False,False,False
bosox92,1,0.0,4,1,4,1,4.0,1.0,0.00021684470486740031,5.306170672782754e-06,4.0,0.0,0.0,True,False,False
boss-monster,1,0.0,0,1,0,1,0.0,1.0,0.0,1.303438885432455e-20,,,,False,False,False
bossmops94,1,1.0,1,1,1,1,1.0,1.0,0.0,8.376142992439552e-06,1.0,0.0,0.0,False,False,False
bottledsoi,3,0.0,5,3,5,3,5.0,3.0,0.00020886164819631693,1.0062107390041201e-07,5.0,0.0,0.0,True,False,False
bottleequivalent4581,2,0.0,1,2,1,2,1.0,2.0,2.3731955752278478e-05,6.290174466069672e-06,1.0,0.0,0.0,False,False,False
bowlerinside564,1,0.0,0,1,0,1,0.0,1.0,0.0,6.440390041313489e-20,,,,False,False,False
bowserash,1,0.0,0,1,0,1,0.0,1.0,0.0,-4.487565039721106e-20,,,,False,False,False
box_king-,1,0.0,5,1,5,1,5.0,1.0,0.0009285608978182206,1.4616105857801142e-07,5.0,0.0,0.0,True,False,True
boxingcrazysal,1,0.0,0,1,0,1,0.0,1.0,0.0,-2.984026442953177e-19,,,,False,False,False
boxsmith91,1,0.0,1,1,1,1,1.0,1.0,0.0,3.652610711172052e-06,1.0,0.0,0.0,False,False,False
boyinachickensuit,1,0.0,1,1,1,1,1.0,1.0,0.00012487174876375966,5.798841981034222e-07,1.0,0.0,0.0,False,False,False
bozlogic,1,0.0,0,1,0,1,0.0,1.0,0.0,-1.854754856319631e-20,,,,False,False,False
bp3dots,2,0.0,0,2,0,2,0.0,2.0,0.0,2.3335981347829785e-19,,,,False,False,False
brakndawnt,1,0.0,4,1,4,1,4.0,1.0,6.514209050245263e-05,1.780883837204473e-07,4.0,0.0,0.0,True,False,False
braktot,1,0.0,1,1,1,1,1.0,1.0,0.0,0.00011857937689319678,1.0,0.0,0.0,False,False,False
brandishblade,3,0.0,2,3,2,3,2.0,3.0,0.00014250276691618447,1.2475269340755184e-18,2.0,0.0,0.0,False,False,False
bravo__whale,1,0.0,0,1,0,1,0.0,1.0,0.0,5.830166848140669e-20,,,,False,False,False
brawladingo,1,0.0,0,1,0,1,0.0,1.0,0.0,-5.47662158805316e-20,,,,False,False,False
brazilianwarrior81,1,0.0,4,1,4,1,4.0,1.0,6.819421892211913e-06,1.9710364632292482e-05,4.0,0.0,0.0,True,False,False
breadstan,2,0.0,0,2,0,2,0.0,2.0,0.0,-1.0456197684387627e-20,,,,False,False,False
breakeverychain,1,0.0,3,1,3,1,3.0,1.0,0.0013687132424276445,0.00048378009895659347,3.0,0.0,0.0,True,False,False
breakzorsumn,1,0.0,1,1,1,1,1.0,1.0,3.7619526641020184e-08,2.4472920550786347e-19,1.0,0.0,0.0,False,False,False
breathandtaxes,2,0.0,0,2,0,2,0.0,2.0,0.0,-1.7250533224489052e-19,,,,False,False,False
brelyxp,1,0.0,0,1,0,1,0.0,1.0,0.0,6.832188544242727e-22,,,,False,False,False
brettdgordon345,2,0.0,2,2,2,2,2.0,2.0,5.439650524081918e-05,4.244159453787056e-05,2.0,0.0,0.0,False,False,False
brevity-is,2,0.0,1,2,1,2,1.0,2.0,8.585259116258735e-06,1.4962723681268915e-18,1.0,0.0,0.0,False,False,False
brewtality55,1,0.0,1,1,1,1,1.0,1.0,0.0,3.1438958829244244e-09,1.0,0.0,0.0,False,False,False
briaria,2,0.0,8,1,8,1,8.0,1.0,0.0001249971471858964,0.01432268226687612,8.0,0.0,0.0,True,False,False
briarsthorn,1,0.0,0,1,0,1,0.0,1.0,0.0,3.022730201112737e-22,,,,False,False,False
briciod,2,0.0,0,2,0,2,0.0,2.0,0.0,1.3691338579211293e-19,,,,False,False,False
briefsignificance965,1,0.0,0,1,0,1,0.0,1.0,0.0,1.5075010058158496e-19,,,,False,False,False
briettah,1,0.0,0,1,0,1,0.0,1.0,0.0,7.076801559383245e-20,,,,False,False,False
brilliant_lobster213,6,0.0,5,4,5,4,7.0,6.0,0.0004436582988458814,9.39141690422411e-06,7.0,0.0,0.0,True,False,True
bringbackboshi,5,0.0,2,5,2,5,2.0,5.0,0.0001372852013374678,-1.6918407294157745e-19,2.0,0.0,0.0,False,False,False
bringthelight2,1,0.0,3,1,3,1,3.0,1.0,5.015936885469358e-08,1.715532092851373e-18,3.0,0.0,0.0,True,False,False
brisden,1,0.0,0,1,0,1,0.0,1.0,0.0,1.3587100908043744e-19,,,,False,False,False
bro_chill_bruh,1,0.0,0,1,0,1,0.0,1.0,0.0,-3.6376397774680595e-19,,,,False,False,False
brokebackmountdoom,4,0.0,10,4,10,4,11.0,4.0,0.0007682473195405226,0.0005309441610336836,11.0,0.0,0.0,True,False,True
brokebackzac,1,0.0,0,1,0,1,0.0,1.0,0.0,9.812663275269065e-20,,,,False,False,False
brokenmirror2010,12,0.0833333333333333,2,7,2,7,6.0,12.0,0.001048261424218849,7.441227816891395e-07,6.0,0.0,0.0,False,False,True
brokkrbadger,3,0.0,1,3,1,3,1.0,3.0,4.740060356768543e-05,5.023566996039126e-20,1.0,0.0,0.0,False,False,False
broncotron,1,0.0,0,1,0,1,0.0,1.0,0.0,5.105368029061721e-20,,,,False,False,False
bronstin,2,0.0,11,2,11,2,11.0,2.0,0.001154247701687799,0.09346780153885131,11.0,0.0,0.0,True,False,True
brucebowtie,2,0.0,0,2,0,2,0.0,2.0,0.0,3.9427425225720615e-20,,,,False,False,False
bruhahah,1,0.0,0,1,0,1,0.0,1.0,0.0,-3.037911290458157e-20,,,,False,False,False
bruins37ftw,9,0.1111111111111111,5,7,5,7,5.0,9.0,0.0027320205052489936,0.00010852671755145782,5.0,0.0,0.0,True,False,True
bruisedmilk,1,0.0,1,1,1,1,1.0,1.0,1.3390033944966535e-05,0.0005412111450712973,1.0,0.0,0.0,False,False,False
brumblefee,1,0.0,1,1,1,1,1.0,1.0,2.022977735751937e-06,5.340851407817823e-20,1.0,0.0,0.0,False,False,False
brungybrung,3,0.0,2,2,2,2,2.0,3.0,1.998800322022781e-06,-3.5723832666124664e-19,2.0,0.0,0.0,False,False,False
brushner,1,0.0,1,1,1,1,1.0,1.0,0.0,1.3981705715543307e-08,1.0,0.0,0.0,False,False,False
brutaltea,1,0.0,0,1,0,1,0.0,1.0,0.0,-2.6970326161559694e-19,,,,False,False,False
bryroo,1,0.0,0,1,0,1,0.0,1.0,0.0,-5.60741747610193e-20,,,,False,False,False
bset262,1,0.0,0,1,0,1,0.0,1.0,0.0,-3.3206702830398755e-21,,,,False,False,False
bubblan98,1,0.0,0,1,0,1,0.0,1.0,0.0,4.6028813686093365e-21,,,,False,False,False
bubbly_performer4864,1,0.0,0,1,0,1,0.0,1.0,0.0,2.4206607597808207e-20,,,,False,False,False
bucketman1986,2,0.0,1,2,1,2,1.0,2.0,2.507968442734679e-08,-3.6226009016960655e-19,1.0,0.0,0.0,False,False,False
buddycat2308,1,0.0,0,1,0,1,0.0,1.0,0.0,-5.480543708187591e-20,,,,False,False,False
budrickton,1,0.0,0,1,0,1,0.0,1.0,0.0,7.897357583977955e-21,,,,False,False,False
bufffiremage,1,0.0,0,1,0,1,0.0,1.0,0.0,-2.1700809674886784e-20,,,,False,False,False
bugsy42,1,1.0,0,1,0,1,0.0,1.0,0.0,5.066102263797246e-20,,,,False,False,False
bulbasaurite,1,0.0,3,1,3,1,3.0,1.0,6.445398013131595e-05,0.0002974031409569662,3.0,0.0,0.0,True,False,False
buldog_13,1,0.0,0,1,0,1,0.0,1.0,0.0,-1.0587855226671729e-20,,,,False,False,False
buldozaire,2,0.0,0,2,0,2,0.0,2.0,0.0,5.774193826418196e-20,,,,False,False,False
bullet1519,1,0.0,0,1,0,1,0.0,1.0,0.0,-3.038631824326675e-19,,,,False,False,False
bumstead42,1,0.0,0,1,0,1,0.0,1.0,0.0,-2.4725405347954614e-20,,,,False,False,False
bunny2shy,1,0.0,1,1,1,1,1.0,1.0,0.0,-4.480837400065776e-19,1.0,0.0,0.0,False,False,False
bunpuncherextreme,1,0.0,1,1,1,1,1.0,1.0,2.735698943914016e-05,3.006713500962761e-06,1.0,0.0,0.0,False,False,False
burgamerx,2,0.0,17,2,17,2,17.0,2.0,0.0011894322867915528,0.0024429458937374362,17.0,0.0,0.0,True,False,True
burgemeester,2,0.0,0,2,0,2,0.0,2.0,0.0,-4.5559320253355216e-20,,,,False,False,False
burlamatto,1,1.0,0,1,0,1,0.0,1.0,0.0,1.4181629972199417e-19,,,,False,False,False
burningtoast99,2,0.0,0,2,0,2,0.0,2.0,0.0,-3.311802802719791e-20,,,,False,False,False
burntpretzel_,1,0.0,0,1,0,1,0.0,1.0,0.0,-3.226150884182109e-21,,,,False,False,False
buscandomiyagi,1,1.0,2,1,2,1,2.0,1.0,9.49266055575076e-05,6.089167058963981e-19,2.0,0.0,0.0,False,False,False
buschgod666,1,0.0,0,1,0,1,0.0,1.0,0.0,7.847973236393138e-20,,,,False,False,False
business-bus-2283,1,0.0,0,1,0,1,0.0,1.0,0.0,6.920675980645688e-20,,,,False,False,False
busy-ad-6912,5,0.0,5,5,5,5,5.0,5.0,0.0005069218603790379,2.689600913050184e-05,5.0,0.0,0.0,True,False,True
butrint_o,2,0.0,0,2,0,2,0.0,2.0,0.0,-3.054568044502351e-19,,,,False,False,False
butteredkernels,1,0.0,0,1,0,1,0.0,1.0,0.0,6.749942807496801e-20,,,,False,False,False
buttermycowboy,1,0.0,0,1,0,1,0.0,1.0,0.0,-1.1107025546912373e-19,,,,False,False,False
buttstacker,2,0.0,1,1,1,1,2.0,2.0,0.0,0.09344260543759524,2.0,0.0,0.0,False,False,False
buttstuffisokiguess,7,0.1428571428571428,5,7,5,7,5.0,7.0,0.0022361103190350453,7.92502407370169e-06,5.0,0.0,0.0,True,False,True
buy_constant,3,0.0,1,3,1,3,1.0,3.0,0.0009087729500643557,0.0018104914958801863,1.0,0.0,0.0,False,False,False
buzzcitybonehead,2,0.0,1,2,1,2,1.0,2.0,0.0,1.3494220170094662e-18,1.0,0.0,0.0,False,False,False
bwomsamdidjango,5,0.0,3,5,3,5,3.0,5.0,0.0008615116793224816,0.0018798308609160408,3.0,0.0,0.0,True,False,False
bye-feliciana,1,0.0,0,1,0,1,0.0,1.0,0.0,-3.5107724201060383e-20,,,,False,False,False
byniri_returns,2,0.0,0,2,0,2,0.0,2.0,0.0,-3.8800114106937604e-20,,,,False,False,False
c_vansky,1,0.0,0,1,0,1,0.0,1.0,0.0,1.4565449337867332e-20,,,,False,False,False
cabose12,12,0.0,5,9,5,9,6.0,12.0,0.006341514041747475,0.0006180547983087535,6.0,0.0,0.0,True,False,True
cactusbong,1,0.0,0,1,0,1,0.0,1.0,0.0,-4.476496837195251e-22,,,,False,False,False
cactusseed5,1,0.0,2,1,2,1,2.0,1.0,5.839983659510752e-07,-1.7622043354916396e-18,2.0,0.0,0.0,False,False,False
caedesturm,2,0.0,1,1,1,1,1.0,2.0,4.747584262096747e-05,-8.259155606063043e-19,1.0,0.0,0.0,False,False,False
caelemleaf,14,0.0,8,11,8,11,13.0,14.0,0.0034583855871376124,0.0008177352740899606,13.0,0.0,0.0,True,False,True
caer-rythyr,1,0.0,0,1,0,1,0.0,1.0,0.0,-1.3581903612983805e-19,,,,False,False,False
caerwynm,1,0.0,0,1,0,1,0.0,1.0,0.0,-1.5264406432257722e-19,,,,False,False,False
caffeinatedchaosbean,2,0.0,1,2,1,2,2.0,2.0,0.00012484666907933232,0.00038314521478602836,2.0,0.0,0.0,False,False,False
cahenson,1,0.0,0,1,0,1,0.0,1.0,0.0,2.2950864906354015e-19,,,,False,False,False
caiturn,1,0.0,0,1,0,1,0.0,1.0,0.0,-2.0548798323567325e-21,,,,False,False,False
cakalacky,1,1.0,0,1,0,1,0.0,1.0,0.0,-4.21434725376197e-19,,,,False,False,False
cakeislegit2,2,0.0,1,1,1,1,2.0,2.0,0.0,0.09344260543759522,2.0,0.0,0.0,False,False,False
cakeordeath1989,4,0.25,6,4,6,4,6.0,4.0,0.00049587167363748,4.619804962683553e-08,6.0,0.0,0.0,True,False,True
calaspa,3,0.3333333333333333,1,3,1,3,1.0,3.0,0.0008063138839677288,0.09344260543759524,1.0,0.0,0.0,False,False,False
calebjankowski,1,0.0,0,1,0,1,0.0,1.0,0.0,9.045658856864035e-21,,,,False,False,False
calf,1,0.0,1,1,1,1,1.0,1.0,0.0,8.700030516832213e-19,1.0,0.0,0.0,False,False,False
calgar43,2,0.0,3,2,3,2,3.0,2.0,0.00023561496538826297,4.969097547924156e-06,3.0,0.0,0.0,True,False,False
calligrapherlazy7384,3,0.0,2,2,2,2,2.0,3.0,0.003853228011873629,0.00013688771683244413,2.0,0.0,0.0,False,False,False
callme-dirtydan,1,0.0,1,1,1,1,1.0,1.0,0.0,3.143055362065771e-19,1.0,0.0,0.0,False,False,False
callmejenkins,2,0.0,1,1,1,1,1.0,2.0,0.0,3.7744009605498636e-07,1.0,0.0,0.0,False,False,False
calm-bat-7566,2,0.0,0,2,0,2,0.0,2.0,0.0,-1.3228136256392366e-19,,,,False,False,False
calm-relationship-16,1,0.0,0,1,0,1,0.0,1.0,0.0,-9.709442605085348e-21,,,,False,False,False
calvinandhobbes811,1,0.0,0,1,0,1,0.0,1.0,0.0,-1.2843557991023218e-19,,,,False,False,False
calypsosong,1,0.0,0,1,0,1,0.0,1.0,0.0,-1.314107830207932e-19,,,,False,False,False
cam0_frog,2,0.0,0,2,0,2,0.0,2.0,0.0,-8.75567869931349e-20,,,,False,False,False
camebackforpopcorn,1,0.0,1,1,1,1,1.0,1.0,0.0,2.4157652027602582e-06,1.0,0.0,0.0,False,False,False
cameronwoof,1,0.0,2,1,2,1,2.0,1.0,7.232300254555213e-05,3.159121129285375e-07,2.0,0.0,0.0,False,False,False
camzaman,2,0.0,1,2,1,2,1.0,2.0,0.00016578859987415788,0.002243639548609558,1.0,0.0,0.0,False,False,False
canadian-dev,2,0.0,1,1,1,1,1.0,2.0,0.0,0.0004589655497028439,1.0,0.0,0.0,False,False,False
canadiandinosaur,1,0.0,1,1,1,1,1.0,1.0,4.747584262096747e-05,-1.8131565204570958e-19,1.0,0.0,0.0,False,False,False
canatee,1,0.0,2,1,2,1,2.0,1.0,0.00015631529363973272,3.0821395009692717e-09,2.0,0.0,0.0,False,False,False
cancerwinner420,1,0.0,0,1,0,1,0.0,1.0,0.0,2.058670934747374e-20,,,,False,False,False
canconfirmamhitler,1,0.0,0,1,0,1,0.0,1.0,0.0,3.571162494160454e-19,,,,False,False,False
candid_special_4873,1,0.0,0,1,0,1,0.0,1.0,0.0,3.832492152949039e-20,,,,False,False,False
canmoose,3,0.0,1,3,1,3,1.0,3.0,4.747584262096747e-05,-2.2815388441316865e-19,1.0,0.0,0.0,False,False,False
canninster,1,0.0,1,1,1,1,1.0,1.0,0.0,0.0018104914958801852,1.0,0.0,0.0,False,False,False
canuckpanda,4,0.0,4,4,4,4,5.0,4.0,0.00020153470342583704,-7.150033507849476e-19,5.0,0.0,0.0,True,False,False
caodus,2,0.0,2,2,2,2,2.0,2.0,4.7676480096386246e-05,-8.618184164302115e-19,2.0,0.0,0.0,False,False,False
capable_diamond_3878,1,0.0,1,1,1,1,1.0,1.0,7.4601979671405635e-06,4.801694874365869e-06,1.0,0.0,0.0,False,False,False
capactual,1,0.0,0,1,0,1,0.0,1.0,0.0,1.2094077770887044e-19,,,,False,False,False
caparros,2,0.0,3,2,3,2,3.0,2.0,0.000296659301457462,0.0003583541747837394,3.0,0.0,0.0,True,False,False
capemanjohnny,2,0.0,1,2,1,2,1.0,2.0,4.747584262096747e-05,2.7480547033447836e-19,1.0,0.0,0.0,False,False,False
capitanbanana227,1,0.0,0,1,0,1,0.0,1.0,0.0,-8.570522060133164e-21,,,,False,False,False
capo_mt,1,0.0,0,1,0,1,0.0,1.0,0.0,2.2870232296655473e-20,,,,False,False,False
capt-rowdy901,2,0.5,0,2,0,2,0.0,2.0,0.0,9.747361021887191e-20,,,,False,False,False
captain-vye,1,0.0,1,1,1,1,1.0,1.0,4.7526001989822165e-05,-9.86299301409846e-20,1.0,0.0,0.0,False,False,False
captain_lemondish,4,0.0,1,3,1,3,1.0,4.0,0.00038782749554235757,5.106655787178542e-06,1.0,0.0,0.0,False,False,False
captainjackass123,1,0.0,0,1,0,1,0.0,1.0,0.0,-7.849161798787005e-20,,,,False,False,False
captainmeowface,1,0.0,0,1,0,1,0.0,1.0,0.0,1.5943061330588198e-19,,,,False,False,False
captainzhon,1,0.0,0,1,0,1,0.0,1.0,0.0,-2.805787473146912e-20,,,,False,False,False
captbat,1,0.0,0,1,0,1,0.0,1.0,0.0,6.963746538899556e-20,,,,False,False,False
captinglorydays,1,0.0,0,1,0,1,0.0,1.0,0.0,-3.1421165134148795e-20,,,,False,False,False
captnpsycho,1,0.0,1,1,1,1,1.0,1.0,4.7475842620967475e-05,-2.204145365161325e-19,1.0,0.0,0.0,False,False,False
caradin,3,0.0,3,2,3,2,4.0,3.0,0.001404564044759919,3.462414167907012e-05,4.0,0.0,0.0,True,False,False
carant82,1,0.0,0,1,0,1,0.0,1.0,0.0,1.6843934811799694e-19,,,,False,False,False
cardborg,3,0.0,0,2,0,2,0.0,3.0,0.0,5.368869972300137e-20,,,,False,False,False
cardinalm1,1,0.0,0,1,0,1,0.0,1.0,0.0,2.4183866350635237e-20,,,,False,False,False
care_cup_is_empty,3,0.0,1,3,1,3,1.0,3.0,0.00023620993315820452,9.318749567147056e-05,1.0,0.0,0.0,False,False,False
careless_general8010,1,0.0,1,1,1,1,1.0,1.0,4.7450762936540124e-05,1.368186415471204e-19,1.0,0.0,0.0,False,False,False
careseite,10,0.0,2,4,2,4,8.0,10.0,0.0013055978732948717,5.3763958436362795e-06,8.0,0.0,0.0,False,False,True
carinthian_wendigo,2,0.0,2,2,2,2,2.0,2.0,9.861917109469395e-05,5.523377045762669e-08,2.0,0.0,0.0,False,False,False
carlosatomos,2,0.0,1,2,1,2,2.0,2.0,2.507968442734679e-08,-2.4319172280857003e-19,2.0,0.0,0.0,False,False,False
carlosdedu,1,0.0,0,1,0,1,0.0,1.0,0.0,2.4716804490558395e-19,,,,False,False,False
caronry,13,0.0,12,10,12,10,14.0,13.0,0.009110325845977759,0.0033795941017293776,14.0,0.0,0.0,True,False,True
casterformation,2,0.0,3,2,3,2,3.0,2.0,0.0001778045640384417,0.0001767865139554314,3.0,0.0,0.0,True,False,False
castia10,1,1.0,0,1,0,1,0.0,1.0,0.0,-1.8286461649299265e-19,,,,False,False,False
catastrofickat,1,0.0,0,1,0,1,0.0,1.0,0.0,1.8916960873028605e-19,,,,False,False,False
catastrophic-event,1,0.0,1,1,1,1,1.0,1.0,0.0,7.649167275816112e-07,1.0,0.0,0.0,False,False,False
catcher_morningstar,2,0.0,0,2,0,2,0.0,2.0,0.0,3.738005036927967e-20,,,,False,False,False
catentity,2,0.0,0,2,0,2,0.0,2.0,0.0,-1.4871520801716724e-19,,,,False,False,False
cathbadh,1,0.0,0,1,0,1,0.0,1.0,0.0,-3.5925966861388836e-22,,,,False,False,False
cathulion,3,0.0,0,3,0,3,0.0,3.0,0.0,-5.160676251228416e-20,,,,False,False,False
catnipsniffa,1,0.0,0,1,0,1,0.0,1.0,0.0,4.162838976056637e-19,,,,False,False,False
catok171,1,0.0,0,1,0,1,0.0,1.0,0.0,2.6201324419591386e-20,,,,False,False,False
catstringtheory,1,0.0,0,1,0,1,0.0,1.0,0.0,-8.014147856515356e-21,,,,False,False,False
cautious_catch4021,1,0.0,0,1,0,1,0.0,1.0,0.0,5.663420047142351e-20,,,,False,False,False
cayumigaming,1,0.0,0,1,0,1,0.0,1.0,0.0,7.741653438596676e-21,,,,False,False,False
cbigle,2,0.5,2,2,2,2,2.0,2.0,6.701437434295909e-05,-4.8999999194348526e-20,2.0,0.0,0.0,False,False,False
cbusmatty,20,0.05,7,7,7,7,22.0,20.0,0.0027258161406153412,5.580349008247057e-05,22.0,0.0,0.0,True,False,True
cdmzlegend,2,1.0,1,2,1,2,1.0,2.0,1.8125198176014634e-05,8.19776942378041e-20,1.0,0.0,0.0,False,False,False
cdowg_3415237,1,0.0,0,1,0,1,0.0,1.0,0.0,1.7240863456154106e-19,,,,False,False,False
cdp94,1,0.0,1,1,1,1,1.0,1.0,3.818468012809748e-06,0.0006086303904222381,1.0,0.0,0.0,False,False,False
cebadec,2,0.0,3,2,3,2,3.0,2.0,1.611894944118788e-05,1.67750594918141e-05,3.0,0.0,0.0,True,False,False
ceci0,1,0.0,0,1,0,1,0.0,1.0,0.0,-4.069932600207579e-20,,,,False,False,False
cecilerr,1,0.0,0,1,0,1,0.0,1.0,0.0,-5.220319330096918e-19,,,,False,False,False
celoth,1,0.0,6,1,6,1,6.0,1.0,0.00023737921310483734,3.9940494835390284e-18,6.0,0.0,0.0,True,False,False
cenarius_reborn,1,0.0,0,1,0,1,0.0,1.0,0.0,-2.634374917737042e-19,,,,False,False,False
centriuz,14,0.1428571428571428,6,11,6,11,7.0,14.0,0.003628810923145958,0.004481651572620213,7.0,0.0,0.0,True,False,True
cephles,3,0.0,14,3,14,3,14.0,3.0,0.0023397477223379296,0.002191509684496282,14.0,0.0,0.0,True,False,True
cepopei,1,0.0,0,1,0,1,0.0,1.0,0.0,-1.405876199842544e-20,,,,False,False,False
cerbinol,1,0.0,0,1,0,1,0.0,1.0,0.0,-1.5710668642985346e-19,,,,False,False,False
cerebrum3000,1,0.0,0,1,0,1,0.0,1.0,0.0,-2.7310330098230924e-19,,,,False,False,False
cerruna,2,0.0,1,2,1,2,1.0,2.0,1.9145563323928063e-05,7.417379509532511e-07,1.0,0.0,0.0,False,False,False
ch_limited,8,0.0,9,8,9,8,9.0,8.0,0.0035575861232789168,0.00033005248071737986,9.0,0.0,0.0,True,False,True
challenging-wank7946,1,0.0,2,1,2,1,2.0,1.0,9.495168524193494e-05,-3.1854730525917724e-19,2.0,0.0,0.0,False,False,False
chals1015,1,0.0,0,1,0,1,0.0,1.0,0.0,7.820106565435147e-20,,,,False,False,False
chalupakabra,7,0.0,2,6,2,6,5.0,7.0,0.0005463230555159575,1.0295432892615588e-07,5.0,0.0,0.0,False,False,True
chaos-cortex,1,0.0,0,1,0,1,0.0,1.0,0.0,-1.4039906140198852e-19,,,,False,False,False
chaos_engine01,1,0.0,0,1,0,1,0.0,1.0,0.0,2.2558230921094132e-19,,,,False,False,False
chaoseffect616,3,0.0,0,3,0,3,0.0,3.0,0.0,-1.349790416989931e-19,,,,False,False,False
chaosgodloki,2,0.5,0,2,0,2,0.0,2.0,0.0,5.830502357753214e-20,,,,False,False,False
chaosrealm69,1,0.0,0,1,0,1,0.0,1.0,0.0,1.0748529679488238e-19,,,,False,False,False
chaoticdissonance,1,0.0,0,1,0,1,0.0,1.0,0.0,1.6709265096208796e-19,,,,False,False,False
character_remote_710,1,0.0,1,1,1,1,1.0,1.0,0.0,0.00038314521478602717,1.0,0.0,0.0,False,False,False
charging_chinchilla,1,0.0,1,1,1,1,1.0,1.0,0.0,9.720814686100792e-06,1.0,0.0,0.0,False,False,False
charlyyzz,1,0.0,0,1,0,1,0.0,1.0,0.0,-6.280183186612176e-20,,,,False,False,False
charlz_,1,0.0,0,1,0,1,0.0,1.0,0.0,1.2942750214757626e-19,,,,False,False,False
chawan,1,0.0,0,1,0,1,0.0,1.0,0.0,-2.1544576797106895e-20,,,,False,False,False
chazmarius,2,0.0,0,2,0,2,0.0,2.0,0.0,1.0026426121000838e-19,,,,False,False,False
cheap_coffee,2,0.0,3,2,3,2,3.0,2.0,0.0008466366275692474,0.00048100350224660377,3.0,0.0,0.0,True,False,False
cheekie169,1,0.0,1,1,1,1,1.0,1.0,0.0,-5.272450926474078e-19,1.0,0.0,0.0,False,False,False
cheese_on_my_blade,1,0.0,2,1,2,1,2.0,1.0,5.015936885469358e-08,4.63282453215943e-05,2.0,0.0,0.0,False,False,False
cheeseburger2137,3,0.0,0,3,0,3,0.0,3.0,0.0,1.3183545260367061e-20,,,,False,False,False
cheesyburtango1,1,0.0,1,1,1,1,1.0,1.0,1.2539842213673395e-07,4.356239848260158e-19,1.0,0.0,0.0,False,False,False
cheesycone,1,0.0,0,1,0,1,0.0,1.0,0.0,1.370436254082382e-19,,,,False,False,False
cheetahno1004,1,0.0,0,1,0,1,0.0,1.0,0.0,1.5445086069043238e-20,,,,False,False,False
chemical-drawer852,2,0.0,2,2,2,2,2.0,2.0,0.0021170294255115226,0.0004370793191346532,2.0,0.0,0.0,False,False,False
chemical_agency_8906,1,0.0,0,1,0,1,0.0,1.0,0.0,6.920850661470554e-20,,,,False,False,False
cherenmatsumoto,1,0.0,0,1,0,1,0.0,1.0,0.0,1.2882700961480324e-19,,,,False,False,False
chetey,3,0.0,1,3,1,3,1.0,3.0,1.8293440293489953e-05,-2.1408525515773246e-19,1.0,0.0,0.0,False,False,False
chickat28,1,0.0,0,1,0,1,0.0,1.0,0.0,-6.346091524554638e-20,,,,False,False,False
chiefbeaumac,1,0.0,0,1,0,1,0.0,1.0,0.0,7.866106028697615e-20,,,,False,False,False
chiesu,1,0.0,0,1,0,1,0.0,1.0,0.0,-1.7781647610504565e-19,,,,False,False,False
chiknight,4,0.25,2,4,2,4,2.0,4.0,0.0005214174561192351,1.607486505397133e-05,2.0,0.0,0.0,False,False,False
chilichilichilidog,1,0.0,0,1,0,1,0.0,1.0,0.0,-3.331469968143307e-19,,,,False,False,False
chilleagle96,1,0.0,0,1,0,1,0.0,1.0,0.0,6.792497433040996e-20,,,,False,False,False
chilledchaos,2,0.0,23,2,23,2,24.0,2.0,0.0011544617817655296,0.000998017612330002,24.0,0.0,0.0,True,False,True
chilli_wil,1,0.0,0,1,0,1,0.0,1.0,0.0,-1.817091816409247e-19,,,,False,False,False
chillonthehillz,1,0.0,0,1,0,1,0.0,1.0,0.0,7.302261092332963e-20,,,,False,False,False
chilly332,1,0.0,3,1,3,1,3.0,1.0,0.00021274070856563184,0.00041020267003149803,3.0,0.0,0.0,True,False,False
chiloz,1,0.0,0,1,0,1,0.0,1.0,0.0,-5.043188636163401e-20,,,,False,False,False
chipies,1,0.0,0,1,0,1,0.0,1.0,0.0,4.447627679678731e-20,,,,False,False,False
chipp99,1,0.0,0,1,0,1,0.0,1.0,0.0,1.5254896163572077e-19,,,,False,False,False
chipthamac,1,0.0,0,1,0,1,0.0,1.0,0.0,-1.3160175242612036e-19,,,,False,False,False
chokee03,1,0.0,0,1,0,1,0.0,1.0,0.0,-3.4152479842187315e-20,,,,False,False,False
chopsooie,1,0.0,0,1,0,1,0.0,1.0,0.0,-1.776352116431969e-21,,,,False,False,False
chormin,1,1.0,0,1,0,1,0.0,1.0,0.0,-4.54463848691906e-21,,,,False,False,False
chortney,2,0.0,2,2,2,2,2.0,2.0,1.7555779099142752e-07,-5.8791773725446205e-19,2.0,0.0,0.0,False,False,False
chowindown,1,0.0,0,1,0,1,0.0,1.0,0.0,-7.003356535520095e-20,,,,False,False,False
chozzington,2,0.5,0,2,0,2,0.0,2.0,0.0,-8.049854214343509e-20,,,,False,False,False
chrindo,1,0.0,1,1,1,1,1.0,1.0,4.7475842620967475e-05,5.9534708143516e-19,1.0,0.0,0.0,False,False,False
chris1988gm,1,0.0,0,1,0,1,0.0,1.0,0.0,-1.645755186520063e-19,,,,False,False,False
chrisaeos,1,0.0,0,1,0,1,0.0,1.0,0.0,-1.4297356334354972e-19,,,,False,False,False
chrischinloois,1,0.0,0,1,0,1,0.0,1.0,0.0,6.123958227346009e-20,,,,False,False,False
chrisdasp,1,0.0,0,1,0,1,0.0,1.0,0.0,1.3212279304391891e-20,,,,False,False,False
chrisodinuk,2,0.0,6,2,6,2,6.0,2.0,0.0016410364700210909,0.00026824542387524053,6.0,0.0,0.0,True,False,True
chrisonfire5,1,0.0,0,1,0,1,0.0,1.0,0.0,-1.1581063787846125e-19,,,,False,False,False
christmastzeitel,2,0.0,1,1,1,1,1.0,2.0,0.0,0.0018104914958801865,1.0,0.0,0.0,False,False,False
christoando,1,0.0,0,1,0,1,0.0,1.0,0.0,5.2128850968879684e-20,,,,False,False,False
chromosomedonator,3,0.3333333333333333,8,3,8,3,8.0,3.0,0.0010284639091776898,7.244457148879433e-05,8.0,0.0,0.0,True,False,True
chrondeezee,1,0.0,1,1,1,1,1.0,1.0,0.0,5.711883048863541e-19,1.0,0.0,0.0,False,False,False
chubark,1,0.0,0,1,0,1,0.0,1.0,0.0,-2.5082398552963227e-20,,,,False,False,False
chuckledunk,1,0.0,0,1,0,1,0.0,1.0,0.0,-1.2540823901133728e-19,,,,False,False,False
chucklingduckling,2,0.0,0,2,0,2,0.0,2.0,0.0,-3.277382712557902e-20,,,,False,False,False
chuckthatsyuck,1,0.0,0,1,0,1,0.0,1.0,0.0,-2.147148662558378e-21,,,,False,False,False
chudpaladin,1,0.0,0,1,0,1,0.0,1.0,0.0,8.84377210158252e-21,,,,False,False,False
chugsmaplesyrup,1,0.0,0,1,0,1,0.0,1.0,0.0,2.930822583899911e-20,,,,False,False,False
chunky_bloody_queefs,1,0.0,5,1,5,1,5.0,1.0,0.00016148783017378766,1.4738463578498783e-05,5.0,0.0,0.0,True,False,False
chunky_monkey9,2,0.0,0,2,0,2,0.0,2.0,0.0,4.713937621924192e-20,,,,False,False,False
chunkyhut,1,0.0,1,1,1,1,1.0,1.0,0.0,1.5288398354666985e-19,1.0,0.0,0.0,False,False,False
chuzzlecheese,1,0.0,0,1,0,1,0.0,1.0,0.0,-8.424338867469727e-20,,,,False,False,False
ciarenni,7,0.0,9,7,9,7,12.0,7.0,0.001668448633165236,3.757992005631167e-05,12.0,0.0,0.0,True,False,True
cindyx823,1,0.0,1,1,1,1,1.0,1.0,1.0006794086511367e-06,2.213994322670863e-05,1.0,0.0,0.0,False,False,False
circlehumper,2,0.0,1,2,1,2,1.0,2.0,4.747584262096746e-05,-6.549410339791205e-20,1.0,0.0,0.0,False,False,False
cis_ter,1,0.0,0,1,0,1,0.0,1.0,0.0,7.9970408787891e-22,,,,False,False,False
citrusseven,1,0.0,0,1,0,1,0.0,1.0,0.0,1.1942444477212446e-19,,,,False,False,False
citytrialost,3,0.3333333333333333,1,3,1,3,1.0,3.0,0.0012177563622992335,2.744208675854379e-06,1.0,0.0,0.0,False,False,False
civil_albion,1,0.0,2,1,2,1,2.0,1.0,4.745076293654012e-05,0.0008091146271705141,2.0,0.0,0.0,False,False,False
ckresse,1,0.0,0,1,0,1,0.0,1.0,0.0,5.0884441296675286e-20,,,,False,False,False
classicalant,1,0.0,1,1,1,1,1.0,1.0,7.523905328204037e-08,8.548586280659527e-20,1.0,0.0,0.0,False,False,False
clawzout,1,1.0,1,1,1,1,1.0,1.0,3.936823749448411e-06,1.28670133391507e-06,1.0,0.0,0.0,False,False,False
clbull,2,0.5,0,2,0,2,0.0,2.0,0.0,6.056845522752616e-20,,,,False,False,False
clinday,1,0.0,0,1,0,1,0.0,1.0,0.0,3.0151833289968865e-19,,,,False,False,False
clinggdiggy2,1,1.0,0,1,0,1,0.0,1.0,0.0,-2.038252243128452e-19,,,,False,False,False
clockwork_kitsune,1,0.0,0,1,0,1,0.0,1.0,0.0,5.291309370074205e-20,,,,False,False,False
cloud_n0ne,8,0.0,5,8,5,8,5.0,8.0,0.002252071619441997,0.09521046986268124,5.0,0.0,0.0,True,False,True
cloudraa,1,0.0,0,1,0,1,0.0,1.0,0.0,-6.523618329043672e-21,,,,False,False,False
clout064,1,0.0,0,1,0,1,0.0,1.0,0.0,8.426987872586618e-20,,,,False,False,False
clubmate91,1,0.0,0,1,0,1,0.0,1.0,0.0,-1.5595518163449039e-19,,,,False,False,False
cluster28,1,0.0,0,1,0,1,0.0,1.0,0.0,-9.297343832239486e-20,,,,False,False,False
cmackchase,1,0.0,0,1,0,1,0.0,1.0,0.0,8.35699297084823e-21,,,,False,False,False
cmaturk,2,0.5,2,2,2,2,2.0,2.0,9.495168524193494e-05,7.092263378290274e-20,2.0,0.0,0.0,False,False,False
cndcatalyst,1,0.0,0,1,0,1,0.0,1.0,0.0,3.633537954732004e-20,,,,False,False,False
cobra53golf,1,0.0,1,1,1,1,1.0,1.0,0.0,0.00011857937689319419,1.0,0.0,0.0,False,False,False
cobras_chairbug,2,0.0,0,2,0,2,0.0,2.0,0.0,-6.906093239893859e-21,,,,False,False,False
cocainapearlz,2,0.0,2,2,2,2,2.0,2.0,0.00019082240165614814,6.914769060145106e-07,2.0,0.0,0.0,False,False,False
cocoa-pebble,1,0.0,0,1,0,1,0.0,1.0,0.0,1.9403879082984703e-19,,,,False,False,False
codenamecthulhu,1,0.0,0,1,0,1,0.0,1.0,0.0,8.691871006850806e-20,,,,False,False,False
codewrite,1,0.0,0,1,0,1,0.0,1.0,0.0,2.5203239425581747e-20,,,,False,False,False
codpiece89,1,0.0,0,1,0,1,0.0,1.0,0.0,4.9093962241483734e-20,,,,False,False,False
codygboltup,1,0.0,1,1,1,1,1.0,1.0,2.507968442734679e-08,2.8068916910929043e-20,1.0,0.0,0.0,False,False,False
coffee_conundrum,1,0.0,0,1,0,1,0.0,1.0,0.0,-3.514985261211472e-20,,,,False,False,False
coffeechickencheetos,2,0.0,2,2,2,2,2.0,2.0,0.000621677032688278,0.01571767862612859,2.0,0.0,0.0,False,False,False
cognateclockwork,1,0.0,0,1,0,1,0.0,1.0,0.0,-3.7710429551556443e-19,,,,False,False,False
cohacq,1,0.0,1,1,1,1,1.0,1.0,1.4942446125046041e-05,-4.05218748255951e-20,1.0,0.0,0.0,False,False,False
colasmulo,1,0.0,0,1,0,1,0.0,1.0,0.0,-6.603129603083339e-20,,,,False,False,False
colcyclone,1,0.0,0,1,0,1,0.0,1.0,0.0,-1.0528603925321492e-19,,,,False,False,False
coldara,1,0.0,1,1,1,1,1.0,1.0,0.0,0.0003196993730632427,1.0,0.0,0.0,False,False,False
coldbringer709,1,0.0,0,1,0,1,0.0,1.0,0.0,5.502188348326269e-20,,,,False,False,False
coldkiller,7,0.1428571428571428,1,6,1,6,1.0,7.0,0.00020989742340388608,3.7398424655418106e-05,1.0,0.0,0.0,False,False,False
coldstorageparticle,1,0.0,0,1,0,1,0.0,1.0,0.0,4.512526541225141e-20,,,,False,False,False
colossusofwar,1,0.0,0,1,0,1,0.0,1.0,0.0,5.764558728084076e-20,,,,False,False,False
coltkeys,1,0.0,0,1,0,1,0.0,1.0,0.0,1.8940654817912857e-19,,,,False,False,False
colton82,1,0.0,0,1,0,1,0.0,1.0,0.0,-1.2661695053920762e-19,,,,False,False,False
combinationsalt9837,1,0.0,1,1,1,1,1.0,1.0,0.0,-1.6618953185608115e-18,1.0,0.0,0.0,False,False,False
combo1995,1,0.0,1,1,1,1,1.0,1.0,0.0,-8.393230526766568e-19,1.0,0.0,0.0,False,False,False
comebackshane,3,0.0,0,3,0,3,0.0,3.0,0.0,1.9940861949538874e-19,,,,False,False,False
comfortable-ad1937,1,0.0,0,1,0,1,0.0,1.0,0.0,5.10212986519918e-22,,,,False,False,False
comfortable-love5396,1,0.0,0,1,0,1,0.0,1.0,0.0,1.941177052710909e-21,,,,False,False,False
comfortable_debt_357,3,0.0,4,2,4,2,5.0,2.0,0.005126461036325859,0.006131423218503521,5.0,0.0,0.0,True,False,True
comfortable_neck_498,1,0.0,0,1,0,1,0.0,1.0,0.0,-1.3261392271918244e-19,,,,False,False,False
comfortableart,10,0.0,6,5,6,5,12.0,10.0,0.001512078027529657,6.915372449401332e-05,12.0,0.0,0.0,True,False,True
comfywomfylumpy,1,0.0,2,1,2,1,2.0,1.0,0.00018132322650105012,4.268264430709529e-05,2.0,0.0,0.0,False,False,False
commandable2233,2,0.5,1,2,1,2,1.0,2.0,4.747584262096748e-05,-7.535702420835689e-20,1.0,0.0,0.0,False,False,False
commercial-town4214,1,0.0,0,1,0,1,0.0,1.0,0.0,1.514166841562185e-21,,,,False,False,False
commercial_radio8934,1,0.0,0,1,0,1,0.0,1.0,0.0,-1.7038984781217502e-19,,,,False,False,False
common-dread,1,0.0,0,1,0,1,0.0,1.0,0.0,3.718609956418189e-21,,,,False,False,False
common_celebration41,1,0.0,0,1,0,1,0.0,1.0,0.0,-1.2191285133051574e-19,,,,False,False,False
competition_enjoyer,2,0.0,0,2,0,2,0.0,2.0,0.0,-2.253931235510474e-19,,,,False,False,False
competitiontop7504,2,0.0,13,2,13,2,13.0,2.0,0.0002500444537406475,0.0036660141716597394,13.0,0.0,0.0,True,False,False
competitive-balance3,2,0.0,0,2,0,2,0.0,2.0,0.0,2.1131215517502874e-19,,,,False,False,False
competitive_film562,1,0.0,0,1,0,1,0.0,1.0,0.0,4.8070911739280564e-20,,,,False,False,False
complexentertainer13,4,0.0,5,4,5,4,5.0,4.0,0.0005370927425544197,8.815141698533491e-05,5.0,0.0,0.0,True,False,True
compromisee,1,0.0,0,1,0,1,0.0,1.0,0.0,-2.2288651935437333e-20,,,,False,False,False
comradecabbage,2,0.5,4,2,4,2,4.0,2.0,0.00027235684144071644,6.935090457483349e-07,4.0,0.0,0.0,True,False,False
concopa,1,0.0,0,1,0,1,0.0,1.0,0.0,1.720304726907683e-19,,,,False,False,False
conebreadih,2,0.0,2,2,2,2,2.0,2.0,0.00022684270457545036,9.05696651803793e-06,2.0,0.0,0.0,False,False,False
conelley,1,0.0,2,1,2,1,2.0,1.0,9.713361778711413e-05,5.355171602509853e-06,2.0,0.0,0.0,False,False,False
confidencelast3209,2,0.0,0,2,0,2,0.0,2.0,0.0,-2.9105099143197306e-19,,,,False,False,False
confident-area-6358,1,0.0,0,1,0,1,0.0,1.0,0.0,-9.164196707018715e-20,,,,False,False,False
congelatore,6,0.0,2,5,2,5,2.0,6.0,0.0010438972334650665,0.00012593823619523015,2.0,0.0,0.0,False,False,False
congress-is-a-joke,1,0.0,4,1,4,1,4.0,1.0,6.520717951110165e-07,2.4157652027640428e-06,4.0,0.0,0.0,True,False,False
conker1180,1,0.0,0,1,0,1,0.0,1.0,0.0,3.3350603293289186e-20,,,,False,False,False
conksalot,4,0.0,5,4,5,4,5.0,4.0,0.0006500580900640181,3.63925106596954e-05,5.0,0.0,0.0,True,False,True
connectionmurky2097,1,0.0,0,1,0,1,0.0,1.0,0.0,-2.80217539127169e-20,,,,False,False,False
connerm96,1,0.0,0,1,0,1,0.0,1.0,0.0,1.7861071764082143e-19,,,,False,False,False
conscious-anteater36,1,0.0,1,1,1,1,1.0,1.0,0.0,9.828261650920966e-06,1.0,0.0,0.0,False,False,False
consciousfall4535,2,0.0,0,2,0,2,0.0,2.0,0.0,2.6597344733709673e-19,,,,False,False,False
considany,2,0.0,3,2,3,2,3.0,2.0,0.00013754079765089668,0.0002923842877361083,3.0,0.0,0.0,True,False,False
consistent-grass8117,1,0.0,0,1,0,1,0.0,1.0,0.0,1.1033235278291846e-19,,,,False,False,False
consistent_horse6529,1,0.0,0,1,0,1,0.0,1.0,0.0,1.2878544999548577e-19,,,,False,False,False
consistentscroller,1,0.0,0,1,0,1,0.0,1.0,0.0,1.3598052958693377e-19,,,,False,False,False
constant-excuse-9360,7,0.1428571428571428,5,4,5,4,6.0,6.0,0.0018447403149164671,0.0017906340909595137,6.0,0.0,0.0,True,False,True
constant_bench_7057,1,0.0,1,1,1,1,1.0,1.0,3.451394695600348e-05,-1.096959479979928e-19,1.0,0.0,0.0,False,False,False
constant_poetry_100,1,0.0,0,1,0,1,0.0,1.0,0.0,2.834780313966301e-20,,,,False,False,False
constellar-a,2,0.0,7,2,7,2,7.0,2.0,0.0003344533399289066,6.285508060317956e-05,7.0,0.0,0.0,True,False,False
contentpens,1,0.0,0,1,0,1,0.0,1.0,0.0,-3.5161347340576054e-21,,,,False,False,False
contrlaltcreate,1,0.0,0,1,0,1,0.0,1.0,0.0,-3.754415583874053e-20,,,,False,False,False
cookie_mog,1,0.0,2,1,2,1,2.0,1.0,9.495168524193494e-05,1.184927494222355e-19,2.0,0.0,0.0,False,False,False
cool-independent-431,4,0.0,2,3,2,3,3.0,4.0,0.0013851403582683544,1.641779315868442e-07,3.0,0.0,0.0,False,False,False
cool_daboot,1,1.0,1,1,1,1,1.0,1.0,0.0,0.007969422761699402,1.0,0.0,0.0,False,False,False
cooldurian4336,1,0.0,1,1,1,1,1.0,1.0,0.0,0.0013448589440228534,1.0,0.0,0.0,False,False,False
coongadelray,2,0.0,0,2,0,2,0.0,2.0,0.0,2.61870466692332e-20,,,,False,False,False
copeyhagen,3,0.0,3,1,3,1,4.0,1.0,5.015936885469358e-08,-2.2215119380659906e-20,4.0,0.0,0.0,True,False,False
coppersaur,1,1.0,0,1,0,1,0.0,1.0,0.0,1.7029375725227168e-19,,,,False,False,False
copponex,1,0.0,0,1,0,1,0.0,1.0,0.0,4.147656897950607e-20,,,,False,False,False
corbinnz,1,0.0,0,1,0,1,0.0,1.0,0.0,1.3230332988144808e-20,,,,False,False,False
corksoaker84,1,0.0,1,1,1,1,1.0,1.0,6.093447708318557e-06,-4.158961447836147e-19,1.0,0.0,0.0,False,False,False
corodim,1,0.0,0,1,0,1,0.0,1.0,0.0,-1.2945086120905483e-19,,,,False,False,False
coronatemedusa,1,0.0,0,1,0,1,0.0,1.0,0.0,5.3271330640182593e-20,,,,False,False,False
correct_ice4899,1,0.0,0,1,0,1,0.0,1.0,0.0,1.2496486829175902e-19,,,,False,False,False
corruptwarrior,1,0.0,1,1,1,1,1.0,1.0,0.0,0.0018104914958801885,1.0,0.0,0.0,False,False,False
cortez0498,1,0.0,0,1,0,1,0.0,1.0,0.0,5.668850272540462e-20,,,,False,False,False
cortheya,2,0.0,1,1,1,1,2.0,2.0,0.0,5.399949887146926e-05,2.0,0.0,0.0,False,False,False
coruba69,1,0.0,1,1,1,1,1.0,1.0,0.0,3.510812993581406e-05,1.0,0.0,0.0,False,False,False
corvak,1,0.0,0,1,0,1,0.0,1.0,0.0,-1.2096670536143265e-20,,,,False,False,False
corvenos,2,0.0,0,2,0,2,0.0,2.0,0.0,3.619402518935817e-19,,,,False,False,False
cosmiccatastrophies,1,0.0,0,1,0,1,0.0,1.0,0.0,1.0875281861946593e-19,,,,False,False,False
cosmichyena24,1,0.0,0,1,0,1,0.0,1.0,0.0,1.0114359059956698e-19,,,,False,False,False
cosmicnight,1,0.0,0,1,0,1,0.0,1.0,0.0,1.300410305798646e-19,,,,False,False,False
cosmogyrals,6,0.0,2,6,2,6,2.0,6.0,0.0009440776261585786,0.00039383354071180113,2.0,0.0,0.0,False,False,False
cosmos1985,1,0.0,0,1,0,1,0.0,1.0,0.0,1.6327166430198973e-19,,,,False,False,False
couchshredder30,10,0.1,9,7,9,7,14.0,10.0,0.0011631651296532789,0.0002585188124264576,14.0,0.0,0.0,True,False,True
cougey,1,0.0,15,1,15,1,16.0,1.0,0.0007418108361754738,0.0004304359864828767,16.0,0.0,0.0,True,False,True
couldntrmbrpassword,1,0.0,0,1,0,1,0.0,1.0,0.0,1.6840832059008948e-19,,,,False,False,False
countviceroy,2,0.0,0,2,0,2,0.0,2.0,0.0,-4.192775671236806e-21,,,,False,False,False
cowbros,5,0.0,3,4,3,4,3.0,5.0,0.0008918162412201608,3.94495346727371e-05,3.0,0.0,0.0,True,False,False
cplus902,1,0.0,2,1,2,1,2.0,1.0,0.0003758757664304061,0.00011372924864726713,2.0,0.0,0.0,False,False,False
cptn_kingyo,1,0.0,2,1,2,1,2.0,1.0,3.875883015233865e-05,0.0019194990504292884,2.0,0.0,0.0,False,False,False
crabshroom,1,0.0,1,1,1,1,1.0,1.0,0.0,-6.001038113748421e-19,1.0,0.0,0.0,False,False,False
crackcreamy,1,0.0,0,1,0,1,0.0,1.0,0.0,-2.3630409043022705e-19,,,,False,False,False
craftydrews,4,0.0,9,3,9,3,11.0,4.0,1.3543029590767265e-06,3.634810355871072e-18,11.0,0.0,0.0,True,False,False
cranberryfeisty3706,1,0.0,1,1,1,1,1.0,1.0,4.012749508375486e-07,-3.686343002126402e-18,1.0,0.0,0.0,False,False,False
crasher1987,1,0.0,2,1,2,1,2.0,1.0,2.507968442734679e-08,3.269486108004079e-19,2.0,0.0,0.0,False,False,False
crashimus420,1,0.0,0,1,0,1,0.0,1.0,0.0,-3.2643024180194673e-20,,,,False,False,False
crashnburnxp,2,0.0,1,2,1,2,1.0,2.0,0.0,0.0001387763596407566,1.0,0.0,0.0,False,False,False
crawlmanjr,1,0.0,0,1,0,1,0.0,1.0,0.0,-4.562936059891322e-21,,,,False,False,False
crazedravings,1,0.0,1,1,1,1,1.0,1.0,0.0,0.0005034358045904205,1.0,0.0,0.0,False,False,False
crazy_silver740,4,0.0,1,4,1,4,2.0,4.0,0.001977679307962683,0.00014504276460414284,2.0,0.0,0.0,False,False,False
crazycatlady459,2,0.0,1,2,1,2,1.0,2.0,0.0,1.92890153881106e-05,1.0,0.0,0.0,False,False,False
crazycokids,1,0.0,0,1,0,1,0.0,1.0,0.0,7.181985761109143e-20,,,,False,False,False
crazydiamondqueen,2,0.0,1,2,1,2,1.0,2.0,5.987740276509269e-06,1.347128646298901e-19,1.0,0.0,0.0,False,False,False
crazymage321,1,0.0,3,1,3,1,3.0,1.0,1.0031873770938715e-07,-3.07600670766536e-19,3.0,0.0,0.0,True,False,False
crazyman0225,4,0.25,3,1,3,1,5.0,4.0,3.5006418688655635e-05,3.617354157702399e-05,5.0,0.0,0.0,True,False,False
crazypaddy2412,1,0.0,5,1,5,1,5.0,1.0,5.635310544395435e-05,8.342156567241414e-05,5.0,0.0,0.0,True,False,False
crbn99,1,0.0,0,1,0,1,0.0,1.0,0.0,-3.486200142657941e-21,,,,False,False,False
createcrap,2,0.0,1,2,1,2,1.0,2.0,5.175613862000184e-05,3.2184794812175835e-07,1.0,0.0,0.0,False,False,False
creative-painter3911,2,0.0,0,2,0,2,0.0,2.0,0.0,-4.119163360931737e-21,,,,False,False,False
creedsucks,1,0.0,0,1,0,1,0.0,1.0,0.0,1.3141509695361643e-19,,,,False,False,False
creepycaptain8428,2,0.0,1,2,1,2,1.0,2.0,4.7601241043104205e-05,-6.227230852601562e-19,1.0,0.0,0.0,False,False,False
crimmyson1,1,0.0,0,1,0,1,0.0,1.0,0.0,-1.3658135394348314e-19,,,,False,False,False
crimsongoose1408,6,0.0,1,2,1,2,5.0,6.0,4.152489131012143e-06,7.292141449409351e-05,5.0,0.0,0.0,False,False,False
cro_politics,1,0.0,0,1,0,1,0.0,1.0,0.0,2.8667737547069343e-19,,,,False,False,False
croc_chop,1,0.0,0,1,0,1,0.0,1.0,0.0,-4.233988886832246e-20,,,,False,False,False
croce11,2,0.0,0,2,0,2,0.0,2.0,0.0,-2.6093975972239747e-21,,,,False,False,False
crogatho,1,0.0,1,1,1,1,1.0,1.0,4.747584262096747e-05,1.1590877097793012e-19,1.0,0.0,0.0,False,False,False
crossmissiom,1,0.0,0,1,0,1,0.0,1.0,0.0,2.4154111091795975e-19,,,,False,False,False
crowzer,1,0.0,0,1,0,1,0.0,1.0,0.0,-7.912285304140296e-20,,,,False,False,False
crucialvalue,1,0.0,0,1,0,1,0.0,1.0,0.0,2.917410435162936e-19,,,,False,False,False
crumpor,1,1.0,0,1,0,1,0.0,1.0,0.0,-1.6236370272313315e-19,,,,False,False,False
crunchy-leaf,1,0.0,0,1,0,1,0.0,1.0,0.0,1.3049789209206362e-19,,,,False,False,False
crusaderlyonar,1,0.0,0,1,0,1,0.0,1.0,0.0,-7.767082030191521e-20,,,,False,False,False
crushertimo,1,0.0,0,1,0,1,0.0,1.0,0.0,-1.5684957005773964e-19,,,,False,False,False
crustedtesticle,2,0.0,1,2,1,2,1.0,2.0,1.1143500926413684e-05,8.441908693839959e-19,1.0,0.0,0.0,False,False,False
cryonical,1,0.0,0,1,0,1,0.0,1.0,0.0,-1.3148978068652436e-19,,,,False,False,False
cryozdk,1,0.0,0,1,0,1,0.0,1.0,0.0,8.987074466147377e-20,,,,False,False,False
cryptidmythos,1,0.0,0,1,0,1,0.0,1.0,0.0,1.419893903105898e-19,,,,False,False,False
cryttan,1,0.0,0,1,0,1,0.0,1.0,0.0,4.3503682611794e-20,,,,False,False,False
crzbonkerz,2,0.0,1,2,1,2,1.0,2.0,1.1749254923379913e-05,0.0002915423329906659,1.0,0.0,0.0,False,False,False
cstwig,2,0.0,44,2,44,2,44.0,2.0,0.005160351579713241,0.01460010519600397,44.0,0.0,0.0,True,False,True
cthul_,1,0.0,0,1,0,1,0.0,1.0,0.0,-1.5739253251057684e-19,,,,False,False,False
cuarenteno,1,0.0,0,1,0,1,0.0,1.0,0.0,8.314595418059399e-20,,,,False,False,False
cubonelvl69,4,0.0,3,4,3,4,4.0,4.0,0.0007136206106262011,3.848331141251273e-05,4.0,0.0,0.0,True,False,False
cuddlsworth,2,0.0,7,2,7,2,7.0,2.0,0.0004611436953161979,5.596370895536787e-06,7.0,0.0,0.0,True,False,True
cuff_,1,0.0,0,1,0,1,0.0,1.0,0.0,-5.416491142629571e-21,,,,False,False,False
culteonofjolteon,2,0.0,1,2,1,2,1.0,2.0,0.00010563756620854077,6.054023068510452e-05,1.0,0.0,0.0,False,False,False
cultist-cat,1,0.0,1,1,1,1,1.0,1.0,0.00014816303999037308,7.752244958647445e-05,1.0,0.0,0.0,False,False,False
cultural_ebb4794,6,0.0,4,5,4,5,4.0,6.0,0.0019772028381170826,0.0018839450923755889,4.0,0.0,0.0,True,False,False
cumaboomer,1,0.0,0,1,0,1,0.0,1.0,0.0,-8.259814776781285e-20,,,,False,False,False
cunillets,2,0.0,0,2,0,2,0.0,2.0,0.0,-1.2264954229582082e-21,,,,False,False,False
cupblue,1,0.0,0,1,0,1,0.0,1.0,0.0,2.2039236700472717e-20,,,,False,False,False
cuphat,1,0.0,2,1,2,1,2.0,1.0,3.6553640052857944e-06,1.1899656578438082e-05,2.0,0.0,0.0,False,False,False
curious-wishbone5419,1,0.0,0,1,0,1,0.0,1.0,0.0,-1.0028230788141661e-19,,,,False,False,False
curseuponyou,2,0.0,1,2,1,2,1.0,2.0,2.055698133561525e-05,3.3751412736502064e-06,1.0,0.0,0.0,False,False,False
cutlarr,1,0.0,0,1,0,1,0.0,1.0,0.0,2.4460540464834936e-20,,,,False,False,False
cutmerock,2,0.0,0,1,0,1,0.0,2.0,0.0,7.936979909490727e-21,,,,False,False,False
cyanraider,2,0.0,0,2,0,2,0.0,2.0,0.0,2.055832837526138e-19,,,,False,False,False
cynicalsigtyr,1,0.0,0,1,0,1,0.0,1.0,0.0,-3.338472161525118e-19,,,,False,False,False
cyniv,1,0.0,1,1,1,1,1.0,1.0,0.0002158711950882213,0.00014364338350878226,1.0,0.0,0.0,False,False,False
cypher1014,3,0.0,1,2,1,2,2.0,3.0,4.9420798664648296e-05,1.6836416251224653e-07,2.0,0.0,0.0,False,False,False
cysia,3,0.0,1,3,1,3,1.0,3.0,0.0001272887808418911,0.00031429377006591023,1.0,0.0,0.0,False,False,False
cystonectae,4,0.0,2,4,2,4,2.0,4.0,0.00014623692675783727,8.812146992916082e-08,2.0,0.0,0.0,False,False,False
cyynric,2,0.0,0,2,0,2,0.0,2.0,0.0,-4.6971023520464715e-20,,,,False,False,False
d00dybaing,1,0.0,0,1,0,1,0.0,1.0,0.0,-9.39453071894984e-20,,,,False,False,False
d0lphin_,1,0.0,1,1,1,1,1.0,1.0,0.00014287896218259468,2.2084181918504387e-20,1.0,0.0,0.0,False,False,False
d1eselx,1,0.0,0,1,0,1,0.0,1.0,0.0,1.8866270267962986e-20,,,,False,False,False
d20_buster,1,0.0,0,1,0,1,0.0,1.0,0.0,3.0047545345958715e-20,,,,False,False,False
d3m01iti0n,2,0.0,0,2,0,2,0.0,2.0,0.0,6.18868206455286e-20,,,,False,False,False
d5gatekeeper,1,0.0,0,1,0,1,0.0,1.0,0.0,-8.680022399854487e-20,,,,False,False,False
d_a_beroni,1,0.0,1,1,1,1,1.0,1.0,0.0,0.00038314521478602793,1.0,0.0,0.0,False,False,False
daarus1,1,0.0,0,1,0,1,0.0,1.0,0.0,-5.264156059115633e-21,,,,False,False,False
dabigmainah,1,0.0,0,1,0,1,0.0,1.0,0.0,-2.2717994766008564e-19,,,,False,False,False
dabombdiggidy,7,0.0,9,7,9,7,9.0,7.0,0.003872987353880171,6.669099814517638e-05,9.0,0.0,0.0,True,False,True
dachshund_dude,1,0.0,0,1,0,1,0.0,1.0,0.0,-7.571134627340676e-20,,,,False,False,False
dacousisloose,2,0.0,0,2,0,2,0.0,2.0,0.0,6.226991361034184e-21,,,,False,False,False
daddyburton,2,0.0,1,2,1,2,1.0,2.0,0.0,0.0005683092868603411,1.0,0.0,0.0,False,False,False
dadutx,1,0.0,0,1,0,1,0.0,1.0,0.0,-6.767355120668305e-20,,,,False,False,False
daedalist3101,1,0.0,0,1,0,1,0.0,1.0,0.0,8.552445191146158e-20,,,,False,False,False
daemarus,1,0.0,0,1,0,1,0.0,1.0,0.0,-1.9558567360309614e-19,,,,False,False,False
daepicbob,1,0.0,0,1,0,1,0.0,1.0,0.0,-2.199594571249351e-19,,,,False,False,False
daft020,1,0.0,0,1,0,1,0.0,1.0,0.0,-4.544636329749881e-19,,,,False,False,False
dahkeus3,9,0.0,18,7,18,7,20.0,9.0,0.011434887870078262,0.10410992223342935,20.0,0.0,0.0,True,False,True
dahv13,1,0.0,0,1,0,1,0.0,1.0,0.0,-1.3896329443301207e-19,,,,False,False,False
daily_dose_42069,6,0.0,2,3,2,3,6.0,6.0,0.0010974283098029623,0.00025082182959446574,6.0,0.0,0.0,False,False,True
dailythrowawayn634,2,0.0,3,2,3,2,3.0,2.0,0.0009858543653111392,0.00031752861624091005,3.0,0.0,0.0,True,False,False
daitalianfish,1,0.0,0,1,0,1,0.0,1.0,0.0,-1.517792636851957e-19,,,,False,False,False
dajax02,1,0.0,0,1,0,1,0.0,1.0,0.0,-8.561283912872962e-20,,,,False,False,False
daleabbo,2,0.0,2,2,2,2,2.0,2.0,0.00037932256247400685,5.000349574949363e-05,2.0,0.0,0.0,False,False,False
damelofelo,1,0.0,1,1,1,1,1.0,1.0,0.0,1.3201345847087433e-06,1.0,0.0,0.0,False,False,False
damihipraedamtuam420,1,0.0,0,1,0,1,0.0,1.0,0.0,1.941777737159059e-20,,,,False,False,False
damnmage,2,0.0,0,2,0,2,0.0,2.0,0.0,5.803779014686129e-20,,,,False,False,False
damnthatboyhoney,1,0.0,0,1,0,1,0.0,1.0,0.0,-3.3966240829336435e-20,,,,False,False,False
danerattacks,1,0.0,0,1,0,1,0.0,1.0,0.0,-1.4940498573378014e-20,,,,False,False,False
dangerous-contest625,1,0.0,0,1,0,1,0.0,1.0,0.0,-2.230091553538267e-20,,,,False,False,False
dangerous-farmer-677,1,0.0,1,1,1,1,1.0,1.0,0.0,0.00038314521478602826,1.0,0.0,0.0,False,False,False
dangerous-raccoon244,3,0.0,1,3,1,3,1.0,3.0,4.747584262096747e-05,-8.202662767674117e-19,1.0,0.0,0.0,False,False,False
dangerous_bluebird54,3,0.0,1,2,1,2,3.0,3.0,1.9145563323928063e-05,7.417379509535416e-07,3.0,0.0,0.0,False,False,False
dangerous_coat3004,2,0.0,0,2,0,2,0.0,2.0,0.0,1.755579911630479e-20,,,,False,False,False
dangerous_cost5445,1,0.0,0,1,0,1,0.0,1.0,0.0,-9.557152810114716e-20,,,,False,False,False
dangerousad1229,1,0.0,1,1,1,1,1.0,1.0,3.7619526641020183e-07,-6.763786201110424e-19,1.0,0.0,0.0,False,False,False
danglenibble,1,0.0,0,1,0,1,0.0,1.0,0.0,-1.958932559929335e-20,,,,False,False,False
daniel_is_i,1,0.0,0,1,0,1,0.0,1.0,0.0,-1.5888343927207457e-19,,,,False,False,False
danielmattiawriter,5,0.0,3,5,3,5,3.0,5.0,0.0001426532450227485,1.8757648916589635e-19,3.0,0.0,0.0,True,False,False
danimal1942,2,0.0,0,2,0,2,0.0,2.0,0.0,1.176506775254981e-19,,,,False,False,False
danish_crusader,1,0.0,0,1,0,1,0.0,1.0,0.0,-6.776331848467084e-20,,,,False,False,False
danlynch,2,0.0,4,2,4,2,5.0,2.0,0.00030993831401485416,2.0472991704010954e-05,5.0,0.0,0.0,True,False,False
dannya34,1,0.0,0,1,0,1,0.0,1.0,0.0,-2.452894023382623e-19,,,,False,False,False
danocusprime,3,0.0,1,3,1,3,1.0,3.0,0.00015145799800719666,3.462841672455083e-05,1.0,0.0,0.0,False,False,False
dansaris,2,0.0,2,1,2,1,2.0,2.0,0.0,0.002210177846350821,2.0,0.0,0.0,False,False,False
danthedruid,1,0.0,3,1,3,1,3.0,1.0,0.00022003824068298129,0.00032031591920930334,3.0,0.0,0.0,True,False,False
danthepaladin,8,0.125,8,7,8,7,9.0,8.0,0.0016761785330954332,0.0009324544862616613,9.0,0.0,0.0,True,False,True
dantien,3,0.0,1,2,1,2,2.0,3.0,4.747584262096747e-05,-7.4806293481018e-19,2.0,0.0,0.0,False,False,False
dapper_brilliant_361,1,0.0,0,1,0,1,0.0,1.0,0.0,5.562199433093185e-20,,,,False,False,False
dapperyesterday790,1,0.0,1,1,1,1,1.0,1.0,0.0,0.002123579792411774,1.0,0.0,0.0,False,False,False
darduel,1,0.0,0,1,0,1,0.0,1.0,0.0,2.4530412346042356e-19,,,,False,False,False
dark2099,1,0.0,2,1,2,1,2.0,1.0,0.0,0.007969422761699414,2.0,0.0,0.0,False,False,False
darkarcheos,5,0.0,5,5,5,5,5.0,5.0,0.0010525429983147079,3.94328209890968e-05,5.0,0.0,0.0,True,False,True
darkaztaroth,1,0.0,0,1,0,1,0.0,1.0,0.0,-2.757638146294375e-19,,,,False,False,False
darkelf9905,1,0.0,0,1,0,1,0.0,1.0,0.0,-9.814399365117753e-21,,,,False,False,False
darkestlore696,1,0.0,0,1,0,1,0.0,1.0,0.0,3.9170116084467216e-19,,,,False,False,False
darkhallows27,9,0.0,6,9,6,9,6.0,9.0,0.0008549569513977014,8.811585687990286e-06,6.0,0.0,0.0,True,False,True
darkhidenkiller,1,0.0,0,1,0,1,0.0,1.0,0.0,-5.751863628255457e-20,,,,False,False,False
darkillusionsmasks,1,0.0,0,1,0,1,0.0,1.0,0.0,-8.511141728729248e-21,,,,False,False,False
darkisiliel,1,0.0,1,1,1,1,1.0,1.0,4.747584262096747e-05,-1.3451494829050577e-19,1.0,0.0,0.0,False,False,False
darklightspa92,1,0.0,1,1,1,1,1.0,1.0,0.0,0.00020302335899522085,1.0,0.0,0.0,False,False,False
darkmime64,2,0.0,0,2,0,2,0.0,2.0,0.0,8.764225498941058e-20,,,,False,False,False
darkoblivion,1,0.0,1,1,1,1,1.0,1.0,3.160984661676488e-05,8.412851548544672e-06,1.0,0.0,0.0,False,False,False
darkorz,2,0.0,0,2,0,2,0.0,2.0,0.0,-4.053007404021581e-21,,,,False,False,False
darkskies85,1,0.0,0,1,0,1,0.0,1.0,0.0,4.208300923931131e-21,,,,False,False,False
darkwolf22345,1,0.0,2,1,2,1,2.0,1.0,0.00013964766744755714,4.710064640820579e-06,2.0,0.0,0.0,False,False,False
darooi,5,0.0,11,4,11,4,12.0,5.0,0.0005715582031569299,4.434784087041172e-05,12.0,0.0,0.0,True,False,True
daroxx,1,0.0,5,1,5,1,5.0,1.0,0.0001441672219726794,-1.6900208546409763e-18,5.0,0.0,0.0,True,False,False
darpyshyn,2,0.0,0,2,0,2,0.0,2.0,0.0,-3.085380713208538e-19,,,,False,False,False
darqy101,1,0.0,0,1,0,1,0.0,1.0,0.0,2.745359826600535e-19,,,,False,False,False
darreninalberta,3,0.0,1,1,1,1,3.0,3.0,0.0,0.09344260543759524,3.0,0.0,0.0,False,False,False
darth-ragnar,2,0.0,0,2,0,2,0.0,2.0,0.0,1.4605480111358854e-20,,,,False,False,False
darth_kyron,1,0.0,0,1,0,1,0.0,1.0,0.0,1.8368607060958502e-20,,,,False,False,False
darthibidika,1,0.0,0,1,0,1,0.0,1.0,0.0,1.3329292563001241e-20,,,,False,False,False
darthv506,1,0.0,0,1,0,1,0.0,1.0,0.0,-2.762360752809153e-19,,,,False,False,False
darthyhonas,1,0.0,0,1,0,1,0.0,1.0,0.0,2.0277184816711453e-20,,,,False,False,False
dartister,1,0.0,0,1,0,1,0.0,1.0,0.0,-9.257048432929846e-20,,,,False,False,False
darury,2,0.5,1,2,1,2,1.0,2.0,5.097497855657145e-05,-1.322391092793483e-18,1.0,0.0,0.0,False,False,False
darwin-award-winner,1,0.0,0,1,0,1,0.0,1.0,0.0,1.7288533675123843e-20,,,,False,False,False
dasandman78,5,0.0,2,5,2,5,2.0,5.0,0.006201154615280652,0.004111388908238948,2.0,0.0,0.0,False,False,False
dasjtrain557,1,0.0,3,1,3,1,3.0,1.0,0.00011784966321541845,1.7474038811830704e-07,3.0,0.0,0.0,True,False,False
data-mcbytes,2,0.5,1,2,1,2,1.0,2.0,4.747584262096747e-05,-8.417711246308513e-19,1.0,0.0,0.0,False,False,False
datbf4,3,0.0,2,3,2,3,2.0,3.0,0.0003806571015059188,0.00012053256889668808,2.0,0.0,0.0,False,False,False
dathemar,1,0.0,0,1,0,1,0.0,1.0,0.0,2.6609998845098084e-19,,,,False,False,False
dattoffer,2,0.0,0,2,0,2,0.0,2.0,0.0,5.917909319470921e-20,,,,False,False,False
datzero,1,1.0,1,1,1,1,1.0,1.0,2.161487948216991e-05,8.7060677905244e-07,1.0,0.0,0.0,False,False,False
davajita,1,0.0,0,1,0,1,0.0,1.0,0.0,1.2650384852995334e-19,,,,False,False,False
daveblazed,1,0.0,0,1,0,1,0.0,1.0,0.0,1.1503581341712705e-19,,,,False,False,False
davechacho,1,0.0,0,1,0,1,0.0,1.0,0.0,-1.829155110150159e-19,,,,False,False,False
davegoestomayor,1,0.0,0,1,0,1,0.0,1.0,0.0,-4.3267612520294566e-19,,,,False,False,False
davelesh,3,0.0,2,3,2,3,2.0,3.0,9.819700587810357e-06,5.6843835764465515e-11,2.0,0.0,0.0,False,False,False
davemotron,3,0.0,0,2,0,2,0.0,3.0,0.0,-3.428649782159982e-20,,,,False,False,False
david0ne86,1,0.0,0,1,0,1,0.0,1.0,0.0,-8.878540752001554e-20,,,,False,False,False
dawadoid,3,0.0,1,3,1,3,1.0,3.0,0.0004094006290516406,0.00034287065191085207,1.0,0.0,0.0,False,False,False
dawned_upon,3,0.3333333333333333,1,2,1,2,2.0,3.0,3.351601256043142e-06,1.4740737330358833e-05,2.0,0.0,0.0,False,False,False
daws001,1,0.0,0,1,0,1,0.0,1.0,0.0,7.130430746721279e-20,,,,False,False,False
daxmort,1,0.0,0,1,0,1,0.0,1.0,0.0,1.0791650836250118e-20,,,,False,False,False
daxoss,1,0.0,0,1,0,1,0.0,1.0,0.0,-3.8398759110543836e-19,,,,False,False,False
dayfinancial8206,1,0.0,0,1,0,1,0.0,1.0,0.0,-6.521862811057994e-20,,,,False,False,False
daygyn,1,0.0,0,1,0,1,0.0,1.0,0.0,-2.0886012959133135e-19,,,,False,False,False
daysfastforward1,2,0.0,1,2,1,2,1.0,2.0,0.00014235228880962037,-3.028231346339358e-18,1.0,0.0,0.0,False,False,False
daytonaz33,1,0.0,2,1,2,1,2.0,1.0,5.488615595653361e-05,8.73288860788091e-06,2.0,0.0,0.0,False,False,False
dazshar,1,0.0,0,1,0,1,0.0,1.0,0.0,1.1855718284564826e-20,,,,False,False,False
dc_flint,15,0.0666666666666666,9,6,9,6,17.0,15.0,0.0017061487432273228,4.757860527298631e-05,17.0,0.0,0.0,True,False,True
dchrosail,1,0.0,1,1,1,1,1.0,1.0,0.0,0.001810491495880187,1.0,0.0,0.0,False,False,False
ddlg72,1,0.0,0,1,0,1,0.0,1.0,0.0,2.9888284429411643e-19,,,,False,False,False
ddmenace23,1,0.0,0,1,0,1,0.0,1.0,0.0,2.322028100370926e-19,,,,False,False,False
ddmf,2,0.0,0,2,0,2,0.0,2.0,0.0,1.2096499539902764e-20,,,,False,False,False
deadagger,1,0.0,1,1,1,1,1.0,1.0,0.0,7.551729502992482e-05,1.0,0.0,0.0,False,False,False
deadguns12,1,0.0,1,1,1,1,1.0,1.0,4.747584262096747e-05,1.2437578774481797e-19,1.0,0.0,0.0,False,False,False
deadlurka,1,0.0,0,1,0,1,0.0,1.0,0.0,1.0067804416899308e-19,,,,False,False,False
deadlyweapon00,1,0.0,1,1,1,1,1.0,1.0,1.8756021139594347e-06,-2.8463325920422846e-19,1.0,0.0,0.0,False,False,False
deadontoilet,1,0.0,0,1,0,1,0.0,1.0,0.0,-2.9250385995925305e-19,,,,False,False,False
deadpoint,1,0.0,2,1,2,1,2.0,1.0,3.4721748403391234e-06,8.155168032675991e-05,2.0,0.0,0.0,False,False,False
deadwarrior00,1,0.0,0,1,0,1,0.0,1.0,0.0,8.634647258194167e-20,,,,False,False,False
deaffin,2,0.0,1,2,1,2,1.0,2.0,4.755108167424951e-05,4.215240958416987e-19,1.0,0.0,0.0,False,False,False
deafprune,2,0.0,1,2,1,2,1.0,2.0,4.747584262096747e-05,7.431136180787368e-19,1.0,0.0,0.0,False,False,False
deagin,3,0.3333333333333333,1,2,1,2,3.0,3.0,1.2813709380263395e-06,1.6997009726938753e-08,3.0,0.0,0.0,False,False,False
dealeralarmed3632,1,0.0,0,1,0,1,0.0,1.0,0.0,-1.2477407247937513e-19,,,,False,False,False
dear-limit-2357,2,0.0,0,2,0,2,0.0,2.0,0.0,1.42149081966641e-20,,,,False,False,False
dear_combination_220,1,0.0,0,1,0,1,0.0,1.0,0.0,3.2801810543088515e-21,,,,False,False,False
deathleach,1,0.0,0,1,0,1,0.0,1.0,0.0,2.935675278700218e-20,,,,False,False,False
deathrow_21749,1,0.0,0,1,0,1,0.0,1.0,0.0,-6.144970383201185e-20,,,,False,False,False
deathsaintx,1,0.0,0,1,0,1,0.0,1.0,0.0,-2.9705323488889557e-19,,,,False,False,False
deathungerx,2,0.0,0,2,0,2,0.0,2.0,0.0,-2.9554029496923105e-20,,,,False,False,False
deatsu,1,0.0,0,1,0,1,0.0,1.0,0.0,-1.256119128422976e-19,,,,False,False,False
debenturethyme,3,0.0,2,3,2,3,2.0,3.0,6.732509559805085e-05,-9.209594678968882e-19,2.0,0.0,0.0,False,False,False
debugga,3,0.0,2,2,2,2,2.0,3.0,0.0002572905717070515,5.692566315737767e-10,2.0,0.0,0.0,False,False,False
dedli,1,0.0,1,1,1,1,1.0,1.0,6.067193657715643e-07,-3.285911123261874e-19,1.0,0.0,0.0,False,False,False
deegzy,1,0.0,0,1,0,1,0.0,1.0,0.0,-2.521857815468953e-19,,,,False,False,False
defalt86,1,0.0,0,1,0,1,0.0,1.0,0.0,-1.1059666344334e-19,,,,False,False,False
deficitofbrain,1,0.0,0,1,0,1,0.0,1.0,0.0,-3.4256882306378705e-20,,,,False,False,False
defiedgravity10,5,0.2,2,5,2,5,2.0,5.0,0.0010143854505802478,4.9513760795676915e-06,2.0,0.0,0.0,False,True,False
degenerateandy50,1,0.0,0,1,0,1,0.0,1.0,0.0,3.551766452887681e-19,,,,False,False,False
degrelleon,1,0.0,0,1,0,1,0.0,1.0,0.0,2.0250076283429262e-19,,,,False,False,False
deguilded,3,0.0,2,2,2,2,2.0,3.0,0.0006624632585929631,0.0022914168901646487,2.0,0.0,0.0,False,False,False
delicious-collar1971,3,0.0,4,3,4,3,4.0,3.0,0.0011381395559655067,0.0004515424862707089,4.0,0.0,0.0,True,False,False
delicious-idea1183,1,0.0,0,1,0,1,0.0,1.0,0.0,-9.521062383618872e-20,,,,False,False,False
delicioussquats,1,0.0,2,1,2,1,3.0,1.0,9.490152587308025e-05,0.007969422761699404,3.0,0.0,0.0,False,False,False
deltrigger,1,0.0,0,1,0,1,0.0,1.0,0.0,-1.9890389452965105e-20,,,,False,False,False
deluxexsupreme,1,0.0,1,1,1,1,1.0,1.0,4.750092230539482e-05,-2.251888139937219e-19,1.0,0.0,0.0,False,False,False
dem-brushwaggs,2,0.0,0,2,0,2,0.0,2.0,0.0,-2.5327338276182318e-20,,,,False,False,False
demo-ness,1,0.0,2,1,2,1,2.0,1.0,1.945180908793045e-06,-5.090912063515571e-19,2.0,0.0,0.0,False,False,False
demonsneeze,1,1.0,0,1,0,1,0.0,1.0,0.0,-4.370473778571241e-20,,,,False,False,False
demonsquiggle,1,0.0,0,1,0,1,0.0,1.0,0.0,7.484611209731417e-21,,,,False,False,False
demystify0255,2,0.0,2,1,2,1,2.0,2.0,7.41865209409891e-05,6.521612809039945e-05,2.0,0.0,0.0,False,False,False
dengen88,1,0.0,0,1,0,1,0.0,1.0,0.0,-1.0133743813893688e-19,,,,False,False,False
deni5988,1,0.0,0,1,0,1,0.0,1.0,0.0,-3.014753527737974e-20,,,,False,False,False
denisguss,1,0.0,0,1,0,1,0.0,1.0,0.0,-1.0530642930443261e-19,,,,False,False,False
denjelltheshaman,1,0.0,0,1,0,1,0.0,1.0,0.0,5.305826142981585e-20,,,,False,False,False
denny6526,1,0.0,0,1,0,1,0.0,1.0,0.0,-3.3169443570064563e-20,,,,False,False,False
dense-reason-3108,1,0.0,0,1,0,1,0.0,1.0,0.0,-3.129524566407238e-21,,,,False,False,False
dentarthurdent73,2,0.0,3,2,3,2,3.0,2.0,0.0006961482935634998,0.000333396328566595,3.0,0.0,0.0,True,False,False
deo14,1,0.0,0,1,0,1,0.0,1.0,0.0,9.351682919462919e-21,,,,False,False,False
departuremurky7482,1,0.0,0,1,0,1,0.0,1.0,0.0,-1.1256619987072845e-19,,,,False,False,False
dependentdegree9561,1,0.0,1,1,1,1,1.0,1.0,4.7475842620967475e-05,-1.6306348565679464e-19,1.0,0.0,0.0,False,False,False
depressja,1,0.0,0,1,0,1,0.0,1.0,0.0,-1.8111723359944653e-19,,,,False,False,False
derconro,1,0.0,0,1,0,1,0.0,1.0,0.0,-1.1532780552467352e-19,,,,False,False,False
derhuschke,1,0.0,0,1,0,1,0.0,1.0,0.0,8.910417980443901e-20,,,,False,False,False
derpedro,1,0.0,0,1,0,1,0.0,1.0,0.0,1.2996615023123941e-19,,,,False,False,False
derpherpderphero,2,0.0,1,1,1,1,1.0,2.0,0.0,1.9885189121689126e-09,1.0,0.0,0.0,False,False,False
derprunner,3,0.0,4,3,4,3,4.0,3.0,0.00021485446362449323,1.0508564398548077e-18,4.0,0.0,0.0,True,False,False
derrick1131,1,0.0,0,1,0,1,0.0,1.0,0.0,-2.591424253940317e-19,,,,False,False,False
dertidancing,1,0.0,0,1,0,1,0.0,1.0,0.0,4.1497676169144576e-21,,,,False,False,False
descolata9,1,0.0,0,1,0,1,0.0,1.0,0.0,1.5189705061069427e-20,,,,False,False,False
deskcord,22,0.0,8,18,8,18,12.0,22.0,0.004201623518792647,2.78093742885128e-05,12.0,0.0,0.0,True,False,True
desperate-noise6208,2,0.0,0,2,0,2,0.0,2.0,0.0,-1.3396552852034146e-22,,,,False,False,False
desperate_summer3376,1,0.0,1,1,1,1,1.0,1.0,2.3700301783842714e-05,4.625361159290002e-08,1.0,0.0,0.0,False,False,False
desructo,1,0.0,0,1,0,1,0.0,1.0,0.0,1.5943859416134624e-19,,,,False,False,False
destituted,1,0.0,0,1,0,1,0.0,1.0,0.0,3.4410010687577606e-19,,,,False,False,False
detenator,1,0.0,0,1,0,1,0.0,1.0,0.0,6.756293745915657e-21,,,,False,False,False
dethsy,2,0.0,2,2,2,2,2.0,2.0,0.00012766809225166851,0.0010822869221975653,2.0,0.0,0.0,False,False,False
detinator247,1,0.0,0,1,0,1,0.0,1.0,0.0,1.2703915881730598e-19,,,,False,False,False
detrelas,1,0.0,0,1,0,1,0.0,1.0,0.0,1.4748262216589487e-19,,,,False,False,False
deviied_advcocate,1,0.0,0,1,0,1,0.0,1.0,0.0,1.9212343581952213e-20,,,,False,False,False
deviljanya,1,0.0,3,1,3,1,3.0,1.0,0.0,0.0002344091698128123,3.0,0.0,0.0,True,False,False
devils__avacado,2,0.0,1,1,1,1,2.0,2.0,0.0,0.0018104914958801837,2.0,0.0,0.0,False,False,False
devinsheppy,1,0.0,0,1,0,1,0.0,1.0,0.0,-1.8559168693903753e-19,,,,False,False,False
dextixer,9,0.0,3,8,3,8,3.0,9.0,0.0017863590076684663,0.0001291884283815803,3.0,0.0,0.0,True,False,False
dezblues,1,0.0,0,1,0,1,0.0,1.0,0.0,1.2937739389234922e-19,,,,False,False,False
dfield91,1,0.0,0,1,0,1,0.0,1.0,0.0,-4.2013885713133325e-20,,,,False,False,False
dg2793,6,0.0,4,5,4,5,5.0,6.0,0.0012841104277714998,2.3150086095906083e-08,5.0,0.0,0.0,True,False,True
dgdr1991,1,0.0,0,1,0,1,0.0,1.0,0.0,1.0724465394726435e-19,,,,False,False,False
dhain1,1,0.0,0,1,0,1,0.0,1.0,0.0,-4.057196286703048e-21,,,,False,False,False
diastrous_lie,1,0.0,0,1,0,1,0.0,1.0,0.0,-4.1018599578531334e-19,,,,False,False,False
dicksanddixanddixon,1,0.0,3,1,3,1,3.0,1.0,3.3495570562897876e-05,1.8926992142494963e-09,3.0,0.0,0.0,True,False,False
dicksosa,2,0.0,0,2,0,2,0.0,2.0,0.0,1.0544289812386192e-20,,,,False,False,False
difficult_section_46,1,0.0,1,1,1,1,1.0,1.0,0.00017222219296259038,1.8692819226902014e-05,1.0,0.0,0.0,False,False,False
diffusivetendencies,1,0.0,0,1,0,1,0.0,1.0,0.0,-1.1480155612994727e-19,,,,False,False,False
difushal,1,0.0,3,1,3,1,3.0,1.0,2.257171598461211e-07,-3.845462723346897e-19,3.0,0.0,0.0,True,False,False
digitalbladedjay,1,0.0,0,1,0,1,0.0,1.0,0.0,-1.9151044567874054e-19,,,,False,False,False
digitalneo,1,0.0,10,1,10,1,10.0,1.0,0.0005031756340097646,8.39327328033177e-05,10.0,0.0,0.0,True,False,True
diligent-pie4919,2,0.0,2,2,2,2,2.0,2.0,0.00017224727264701775,2.4852862155601477e-05,2.0,0.0,0.0,False,False,False
diligent_cover_7474,1,0.0,0,1,0,1,0.0,1.0,0.0,2.5450906789438035e-19,,,,False,False,False
dinklebergmania,2,0.0,0,2,0,2,0.0,2.0,0.0,1.3090381075688362e-19,,,,False,False,False
dinkwinkle,8,0.0,19,6,19,6,22.0,8.0,0.0008765098910513429,7.157924597700302e-05,22.0,0.0,0.0,True,False,True
dinokickflip,22,0.0909090909090909,26,17,26,17,31.0,22.0,0.01837823995180035,0.03454603405833278,31.0,0.0,0.0,True,False,True
direct-barnacle,1,0.0,0,1,0,1,0.0,1.0,0.0,-5.765271897730884e-20,,,,False,False,False
directionalk9,1,0.0,1,1,1,1,1.0,1.0,0.0,0.09344260543759526,1.0,0.0,0.0,False,False,False
disastrous_crew_9260,1,0.0,0,1,0,1,0.0,1.0,0.0,-2.574791933918796e-19,,,,False,False,False
disconnect17,1,0.0,0,1,0,1,0.0,1.0,0.0,1.525441586766335e-19,,,,False,False,False
discordantcalliope,2,0.0,0,2,0,2,0.0,2.0,0.0,1.0575740920442628e-20,,,,False,False,False
dismalad2452,1,0.0,6,1,6,1,6.0,1.0,0.0003324061374000543,3.025295666358674e-09,6.0,0.0,0.0,True,False,False
dismelnogood,1,0.0,0,1,0,1,0.0,1.0,0.0,-2.4130757020540436e-20,,,,False,False,False
distinct_pizza_7499,1,0.0,2,1,2,1,2.0,1.0,0.00014240244817847507,5.837967203110044e-19,2.0,0.0,0.0,False,False,False
distinctnewspaper791,3,0.0,5,3,5,3,7.0,3.0,0.00037700478289088446,2.779281197059897e-06,7.0,0.0,0.0,True,False,False
distributionhour3922,1,0.0,0,1,0,1,0.0,1.0,0.0,-3.580994345713039e-21,,,,False,False,False
disturbed2468,3,0.0,0,3,0,3,0.0,3.0,0.0,2.6686657285611926e-19,,,,False,False,False
disyphe,2,0.0,1,2,1,2,1.0,2.0,4.7526001989822165e-05,-1.7464261954008572e-18,1.0,0.0,0.0,False,False,False
ditju,4,0.0,2,3,2,3,2.0,4.0,0.0035514342497747716,0.099290641487577,2.0,0.0,0.0,False,False,False
divin3e,1,0.0,2,1,2,1,2.0,1.0,7.523905328204037e-08,1.0312966993289784e-18,2.0,0.0,0.0,False,False,False
divisor_,3,0.0,8,2,8,2,7.0,3.0,0.0006104286653041887,0.00026455291598167233,7.0,0.0,0.0,True,False,True
divstarx,1,0.0,0,1,0,1,0.0,1.0,0.0,3.006030533429439e-20,,,,False,False,False
dizz_the_wicked,1,0.0,0,1,0,1,0.0,1.0,0.0,6.753824747760799e-20,,,,False,False,False
dizzygrizzly,1,0.0,1,1,1,1,1.0,1.0,4.750092230539482e-05,-7.560371923372819e-19,1.0,0.0,0.0,False,False,False
dizzylizzy240,1,0.0,0,1,0,1,0.0,1.0,0.0,9.792292046042284e-21,,,,False,False,False
djcaseofdk,1,0.0,0,1,0,1,0.0,1.0,0.0,1.7091606214330872e-19,,,,False,False,False
djpharaohz,1,0.0,0,1,0,1,0.0,1.0,0.0,1.0048632831612697e-19,,,,False,False,False
djulioo,1,0.0,2,1,2,1,2.0,1.0,4.750092230539482e-05,6.144809761235674e-19,2.0,0.0,0.0,False,False,False
djyumene,1,0.0,0,1,0,1,0.0,1.0,0.0,-9.695506004450562e-20,,,,False,False,False
dlm_co,1,0.0,1,1,1,1,1.0,1.0,4.7475842620967475e-05,1.1052615535120395e-18,1.0,0.0,0.0,False,False,False
dm_me_pasta_pics,1,0.0,0,1,0,1,0.0,1.0,0.0,7.665353915213533e-20,,,,False,False,False
dmackerman,14,0.0,4,14,4,14,5.0,14.0,0.0024079727857602793,6.474119838552861e-05,5.0,0.0,0.0,True,False,True
dmalvano,1,0.0,1,1,1,1,1.0,1.0,0.0,2.289449248137528e-07,1.0,0.0,0.0,False,False,False
dnoire726,5,0.0,12,5,12,5,12.0,5.0,0.0014685088060784207,0.00013367691157874941,12.0,0.0,0.0,True,False,True
dnorvalorant,1,1.0,0,1,0,1,0.0,1.0,0.0,-2.1688528358048406e-21,,,,False,False,False
dnusha,1,0.0,0,1,0,1,0.0,1.0,0.0,2.525062282169244e-19,,,,False,False,False
doafit,3,0.0,0,3,0,3,0.0,3.0,0.0,5.772282963651617e-20,,,,False,False,False
doc_exogenik,1,0.0,0,1,0,1,0.0,1.0,0.0,-4.3121685841478414e-20,,,,False,False,False
doc_toboggan,1,0.0,1,1,1,1,1.0,1.0,0.0,-1.8295593077288408e-18,1.0,0.0,0.0,False,False,False
docfreezer,1,0.0,0,1,0,1,0.0,1.0,0.0,-1.3767286162642622e-19,,,,False,False,False
doctad0pe,1,0.0,1,1,1,1,1.0,1.0,0.0,0.013743429706659016,1.0,0.0,0.0,False,False,False
doctorlock74,1,0.0,0,1,0,1,0.0,1.0,0.0,1.5697447114462933e-20,,,,False,False,False
doctorobvious139,1,0.0,0,1,0,1,0.0,1.0,0.0,-1.557145730425162e-19,,,,False,False,False
doctortre,1,1.0,0,1,0,1,0.0,1.0,0.0,-4.413460274279016e-20,,,,False,False,False
doctox,1,0.0,0,1,0,1,0.0,1.0,0.0,-8.491415935606343e-20,,,,False,False,False
doctrinal_expletives,6,0.1666666666666666,2,6,2,6,2.0,6.0,5.333466092443805e-05,7.414373958579211e-19,2.0,0.0,0.0,False,False,False
dogabeey,1,0.0,0,1,0,1,0.0,1.0,0.0,-1.9493991733519958e-19,,,,False,False,False
dogarfdog12,1,0.0,0,1,0,1,0.0,1.0,0.0,-7.99197139690092e-20,,,,False,False,False
dogelover696969,1,0.0,0,1,0,1,0.0,1.0,0.0,-8.365069445588894e-20,,,,False,False,False
dogvetusa,1,1.0,0,1,0,1,0.0,1.0,0.0,1.9097682937556224e-20,,,,False,False,False
dolthra,3,0.0,0,3,0,3,0.0,3.0,0.0,-2.7663573311582127e-19,,,,False,False,False
domain77,1,0.0,2,1,2,1,2.0,1.0,4.626127622229487e-05,0.0002842242802194196,2.0,0.0,0.0,False,False,False
domfakker37,6,0.0,13,4,13,4,17.0,6.0,0.0013295685304354204,0.005216299171909281,17.0,0.0,0.0,True,False,True
domriv,2,0.0,4,2,4,2,5.0,2.0,0.0011363079051797253,0.0002850267255137926,5.0,0.0,0.0,True,False,True
donkeyimportant3729,1,0.0,0,1,0,1,0.0,1.0,0.0,1.759512823772173e-19,,,,False,False,False
donn0,2,0.0,0,2,0,2,0.0,2.0,0.0,1.4405276752019905e-19,,,,False,False,False
donotgreg,2,0.0,2,2,2,2,2.0,2.0,0.0001424275278629024,2.034865324662805e-18,2.0,0.0,0.0,False,False,False
dontbeacommiereddit,1,0.0,1,1,1,1,1.0,1.0,0.0,0.0005861034783252721,1.0,0.0,0.0,False,False,False
donteatthedonuts,1,0.0,1,1,1,1,1.0,1.0,4.976592904336327e-06,-7.405157669654105e-20,1.0,0.0,0.0,False,False,False
dontrez12,2,0.0,0,2,0,2,0.0,2.0,0.0,-7.624503705237773e-20,,,,False,False,False
doodlefinger_it,1,0.0,0,1,0,1,0.0,1.0,0.0,-4.8223195674548447e-20,,,,False,False,False
doogetma,1,0.0,0,1,0,1,0.0,1.0,0.0,5.627155375394897e-20,,,,False,False,False
doom_pony,1,0.0,1,1,1,1,1.0,1.0,1.2797378753362404e-06,5.203301012695492e-05,1.0,0.0,0.0,False,False,False
doomfool,1,0.0,0,1,0,1,0.0,1.0,0.0,1.1921429484407366e-19,,,,False,False,False
doomhamatime,2,0.0,2,2,2,2,2.0,2.0,0.0008416445133204936,0.0021495400420287144,2.0,0.0,0.0,False,False,False
doomyhowlinkun,2,0.0,5,2,5,2,5.0,2.0,0.0013621730365795137,0.0009328546366733255,5.0,0.0,0.0,True,False,True
dooontcareee,1,0.0,0,1,0,1,0.0,1.0,0.0,-5.426825344437946e-20,,,,False,False,False
dorkasaurus,2,0.0,1,2,1,2,1.0,2.0,0.0001420513325964922,1.3565458522840036e-18,1.0,0.0,0.0,False,False,False
dorkman03,1,0.0,0,1,0,1,0.0,1.0,0.0,-1.277335645343039e-19,,,,False,False,False
dorkus__malorkus,1,0.0,0,1,0,1,0.0,1.0,0.0,3.0013606133157106e-19,,,,False,False,False
dothacker81,1,0.0,0,1,0,1,0.0,1.0,0.0,1.5111085316221997e-19,,,,False,False,False
doublesynchronicity,1,0.0,0,1,0,1,0.0,1.0,0.0,-1.8219139125144802e-19,,,,False,False,False
doug4130,16,0.0,10,13,10,13,14.0,16.0,0.014827414772043464,0.10386560155017341,14.0,0.0,0.0,True,False,True
doverboys,7,0.1428571428571428,3,7,3,7,3.0,7.0,0.0010828807374808607,1.0762573613572416e-06,3.0,0.0,0.0,True,False,False
downfalls03,1,0.0,1,1,1,1,1.0,1.0,4.747584262096747e-05,-7.887354066350075e-20,1.0,0.0,0.0,False,False,False
downladder,2,0.0,0,2,0,2,0.0,2.0,0.0,7.336135127623201e-20,,,,False,False,False
downtown-benefit-978,10,0.1,2,8,2,8,3.0,10.0,0.0012843498231282845,0.0001492717526292843,3.0,0.0,0.0,False,False,False
downtown-fox-6024,1,0.0,0,1,0,1,0.0,1.0,0.0,8.063428759519707e-21,,,,False,False,False
downtown-raccoon-992,1,0.0,0,1,0,1,0.0,1.0,0.0,-8.151784322840472e-20,,,,False,False,False
downtownladder6838,1,0.0,0,1,0,1,0.0,1.0,0.0,7.331269994229647e-21,,,,False,False,False
downvotetownboat,6,0.0,1,6,1,6,1.0,6.0,0.00039172414768713534,0.007969422761699404,1.0,0.0,0.0,False,False,False
downwifduhsyndy,1,1.0,0,1,0,1,0.0,1.0,0.0,-2.2607575043888115e-19,,,,False,False,False
dpsovertanking,1,0.0,0,1,0,1,0.0,1.0,0.0,-5.4560801892326034e-21,,,,False,False,False
draakje-,1,0.0,0,1,0,1,0.0,1.0,0.0,1.1645326682422757e-19,,,,False,False,False
dracoknight256,1,0.0,0,1,0,1,0.0,1.0,0.0,-1.3408759873369978e-19,,,,False,False,False
draconisnonsequitur,1,0.0,0,1,0,1,0.0,1.0,0.0,1.2324212199979554e-19,,,,False,False,False
dracorubi,4,0.0,2,4,2,4,2.0,4.0,0.00022180195015060662,1.0487433906432846e-05,2.0,0.0,0.0,False,False,False
draculasbloodtype,1,0.0,0,1,0,1,0.0,1.0,0.0,-1.4980545015528543e-20,,,,False,False,False
drae-,1,0.0,0,1,0,1,0.0,1.0,0.0,-1.1848450739142977e-19,,,,False,False,False
draftstone,1,0.0,0,1,0,1,0.0,1.0,0.0,-2.7603756729432577e-19,,,,False,False,False
dragon2man,1,0.0,0,1,0,1,0.0,1.0,0.0,-2.7503265214650342e-19,,,,False,False,False
dragon_sluts,1,0.0,0,1,0,1,0.0,1.0,0.0,2.262963940842641e-19,,,,False,False,False
dragonbora,1,0.0,0,1,0,1,0.0,1.0,0.0,-1.9257431218455917e-19,,,,False,False,False
dragonofthemist,1,0.0,0,1,0,1,0.0,1.0,0.0,4.3311556080161234e-20,,,,False,False,False
dragonriderabens,2,0.0,1,2,1,2,1.0,2.0,4.7601241043104205e-05,3.1275032308089427e-20,1.0,0.0,0.0,False,False,False
dragoon_raine,1,0.0,0,1,0,1,0.0,1.0,0.0,1.5568483069267682e-19,,,,False,False,False
dragoonknight56,1,0.0,0,1,0,1,0.0,1.0,0.0,5.107059011496991e-22,,,,False,False,False
dragore87,1,0.0,0,1,0,1,0.0,1.0,0.0,-7.680253753144006e-20,,,,False,False,False
drain_surgeon69,5,0.2,7,5,7,5,8.0,5.0,0.000703041005197365,5.644540421799561e-06,8.0,0.0,0.0,True,True,True
drainthemuck,4,0.0,7,4,7,4,7.0,4.0,0.002925805065073812,0.015887292703572118,7.0,0.0,0.0,True,False,True
drakhan,1,0.0,1,1,1,1,1.0,1.0,0.0,0.0007190682351236864,1.0,0.0,0.0,False,False,False
drakonild,3,0.3333333333333333,3,3,3,3,3.0,3.0,0.00010074509234465205,-8.099487610054641e-19,3.0,0.0,0.0,True,False,False
drale2,2,0.0,3,2,3,2,3.0,2.0,0.00012415803715084352,4.544711039630036e-05,3.0,0.0,0.0,True,False,False
dramatic-ad-1846,1,0.0,0,1,0,1,0.0,1.0,0.0,1.4841319637994134e-19,,,,False,False,False
drastralis,2,0.0,0,2,0,2,0.0,2.0,0.0,-5.716372189758679e-20,,,,False,False,False
draug6969,2,0.0,0,2,0,2,0.0,2.0,0.0,3.142990482771174e-19,,,,False,False,False
draugexa,1,0.0,0,1,0,1,0.0,1.0,0.0,2.1025145375161896e-19,,,,False,False,False
dreadnorart,1,0.0,0,1,0,1,0.0,1.0,0.0,-1.6015064090001571e-19,,,,False,False,False
dreadpiratewalrus,1,0.0,0,1,0,1,0.0,1.0,0.0,-1.8970677075079455e-19,,,,False,False,False
dreamin-,2,0.0,1,2,1,2,1.0,2.0,1.89585495436009e-05,4.609380712257768e-19,1.0,0.0,0.0,False,False,False
dreamsoul_anima,2,0.0,2,2,2,2,2.0,2.0,0.00017224727264701775,0.0001642886331416154,2.0,0.0,0.0,False,False,False
dreggan,1,1.0,0,1,0,1,0.0,1.0,0.0,-6.320769779299736e-20,,,,False,False,False
drelecour,1,0.0,0,1,0,1,0.0,1.0,0.0,-1.0246773512479028e-19,,,,False,False,False
drendari,1,0.0,0,1,0,1,0.0,1.0,0.0,-1.2317300646955027e-19,,,,False,False,False
drewcookies,2,0.0,15,2,15,2,15.0,2.0,0.0015616059134652236,3.3302815519556874e-05,15.0,0.0,0.0,True,False,True
drewdynamite,2,0.0,3,2,3,2,4.0,2.0,1.7555779099142752e-07,-1.3706020203130786e-18,4.0,0.0,0.0,True,False,False
drewpscrotzak,2,0.0,2,2,2,2,2.0,2.0,3.513360466702695e-05,5.684383654927914e-11,2.0,0.0,0.0,False,False,False
dreyven,7,0.0,2,4,2,4,5.0,7.0,0.0025088935586827506,2.3175888462305697e-05,5.0,0.0,0.0,False,False,True
drict,1,0.0,0,1,0,1,0.0,1.0,0.0,3.4254338080934043e-19,,,,False,False,False
drikkink,1,0.0,0,1,0,1,0.0,1.0,0.0,1.6656129752015927e-19,,,,False,False,False
drixhtx,1,0.0,0,1,0,1,0.0,1.0,0.0,3.924713672405033e-21,,,,False,False,False
drjcash90,1,0.0,0,1,0,1,0.0,1.0,0.0,3.153086825691202e-21,,,,False,False,False
drkinsanity,1,0.0,0,1,0,1,0.0,1.0,0.0,-7.140482338812516e-20,,,,False,False,False
drnicklaus,1,0.0,0,1,0,1,0.0,1.0,0.0,-5.443200686926271e-20,,,,False,False,False
drokovision,2,0.0,0,2,0,2,0.0,2.0,0.0,-1.2242366033847979e-19,,,,False,False,False
dromogaz,1,0.0,1,1,1,1,1.0,1.0,0.0,1.0989734732876865e-18,1.0,0.0,0.0,False,False,False
droopyvato,1,0.0,0,1,0,1,0.0,1.0,0.0,1.2275351077394483e-20,,,,False,False,False
drough08,1,0.0,0,1,0,1,0.0,1.0,0.0,5.521531920897458e-20,,,,False,False,False
drpandemias,2,0.5,1,2,1,2,1.0,2.0,4.750092230539482e-05,-1.7063828222159133e-19,1.0,0.0,0.0,False,False,False
drshago,1,0.0,0,1,0,1,0.0,1.0,0.0,-2.3708875574174352e-20,,,,False,False,False
drsquirtle00,1,0.0,0,1,0,1,0.0,1.0,0.0,1.1229226091239136e-19,,,,False,False,False
drtoadigerr,1,0.0,2,1,2,1,2.0,1.0,0.00013805626478617658,6.335439566969264e-06,2.0,0.0,0.0,False,False,False
drudez79,1,0.0,0,1,0,1,0.0,1.0,0.0,-8.414459342972336e-20,,,,False,False,False
druitp,2,0.0,1,1,1,1,2.0,2.0,0.0,1.3928257147229983e-18,2.0,0.0,0.0,False,False,False
drums_of_pictdom,1,0.0,0,1,0,1,0.0,1.0,0.0,-3.58513794047296e-20,,,,False,False,False
drunkenbobdole,1,0.0,1,1,1,1,1.0,1.0,4.747584262096747e-05,3.5623517112964328e-19,1.0,0.0,0.0,False,False,False
dry-smoke6528,1,0.0,0,1,0,1,0.0,1.0,0.0,1.109127474508794e-19,,,,False,False,False
drydealer3816,2,0.0,0,2,0,2,0.0,2.0,0.0,-1.9498031594935185e-19,,,,False,False,False
dscarmo,1,0.0,0,1,0,1,0.0,1.0,0.0,1.1047680742535692e-19,,,,False,False,False
dswbeef,1,0.0,1,1,1,1,1.0,1.0,4.7475842620967475e-05,-6.086449280485895e-19,1.0,0.0,0.0,False,False,False
dtk99,1,0.0,0,1,0,1,0.0,1.0,0.0,-1.26290064332291e-19,,,,False,False,False
dubb33d,2,0.0,1,2,1,2,1.0,2.0,0.00030684739428815303,2.4433599953280487e-07,1.0,0.0,0.0,False,False,False
dubblechrisp,1,0.0,0,1,0,1,0.0,1.0,0.0,-2.584929120950468e-19,,,,False,False,False
dubdubwoo,1,0.0,0,1,0,1,0.0,1.0,0.0,5.0713428829268027e-20,,,,False,False,False
dubhlainnreddit,3,0.0,1,2,1,2,1.0,3.0,4.7601241043104205e-05,-1.3420540046062658e-19,1.0,0.0,0.0,False,False,False
dublescoop,2,0.0,1,1,1,1,1.0,2.0,0.0,2.6584389390165353e-05,1.0,0.0,0.0,False,False,False
dudeninjagames,1,0.0,0,1,0,1,0.0,1.0,0.0,-7.09709322765559e-20,,,,False,False,False
due_meal_8866,2,0.0,2,2,2,2,3.0,2.0,0.00010220144278180622,0.00029411858498211196,3.0,0.0,0.0,False,False,False
due_train_4631,1,0.0,0,1,0,1,0.0,1.0,0.0,9.073609217897192e-21,,,,False,False,False
dueplace2335,1,0.0,6,1,6,1,6.0,1.0,7.523905328204037e-07,0.00022209339783593808,6.0,0.0,0.0,True,False,False
dueshape111,1,0.0,0,1,0,1,0.0,1.0,0.0,-6.742182647730807e-20,,,,False,False,False
dukem12,1,0.0,0,1,0,1,0.0,1.0,0.0,8.923012706490628e-20,,,,False,False,False
dull_term,2,0.0,0,1,0,1,0.0,1.0,0.0,2.2872003245704927e-19,,,,False,False,False
dumblec0p,7,0.0,6,6,6,6,8.0,6.0,0.0013928542657053605,0.0013228945529328018,8.0,0.0,0.0,True,False,True
dumbpanickyanimal,1,0.0,1,1,1,1,1.0,1.0,0.0,-7.2999244453510845e-19,1.0,0.0,0.0,False,False,False
dumdumidjit,1,0.0,0,1,0,1,0.0,1.0,0.0,4.325428785421996e-20,,,,False,False,False
dumpsterman4,3,0.0,2,3,2,3,2.0,3.0,0.0003130162168532126,3.937799642069097e-05,2.0,0.0,0.0,False,False,False
dunamis_81,1,0.0,0,1,0,1,0.0,1.0,0.0,5.640079077754268e-20,,,,False,False,False
duninngames,1,1.0,0,1,0,1,0.0,1.0,0.0,-3.005172568513801e-20,,,,False,False,False
dupreewastaken,1,0.0,0,1,0,1,0.0,1.0,0.0,5.864095850779924e-20,,,,False,False,False
durugar,6,0.0,1,3,1,3,2.0,6.0,4.53837789449863e-06,9.607705870478642e-07,2.0,0.0,0.0,False,False,False
durzaka,3,0.0,0,3,0,3,0.0,3.0,0.0,-1.6856553033307448e-20,,,,False,False,False
duskinter,1,0.0,0,1,0,1,0.0,1.0,0.0,-1.6401649406440376e-20,,,,False,False,False
dustinaf,2,0.0,0,2,0,2,0.0,2.0,0.0,8.063023028380693e-20,,,,False,False,False
dustycap,1,0.0,0,1,0,1,0.0,1.0,0.0,9.364416987130378e-20,,,,False,False,False
dutchmemelord,1,0.0,1,1,1,1,1.0,1.0,4.747584262096747e-05,-1.4249698746347922e-19,1.0,0.0,0.0,False,False,False
dwaro,2,0.0,1,2,1,2,1.0,2.0,1.6254919753310017e-05,-1.0754055997356633e-18,1.0,0.0,0.0,False,False,False
dwho422,1,0.0,0,1,0,1,0.0,1.0,0.0,-1.3940845595519943e-19,,,,False,False,False
dwillyb,1,1.0,0,1,0,1,0.0,1.0,0.0,-1.0572335402348563e-19,,,,False,False,False
dwn19,2,0.0,0,2,0,2,0.0,2.0,0.0,-5.2722885985159644e-20,,,,False,False,False
dxsterlxnd,4,0.0,3,4,3,4,3.0,4.0,0.0003034348334661695,0.0002753452205143154,3.0,0.0,0.0,True,False,False
dyingsurfer3-5-7,1,0.0,0,1,0,1,0.0,1.0,0.0,2.870749008818342e-20,,,,False,False,False
dyrannn,5,0.2,1,4,1,4,1.0,5.0,0.00014003632852063082,0.00024448562342021445,1.0,0.0,0.0,False,False,False
dyrreah,1,0.0,0,1,0,1,0.0,1.0,0.0,1.8760551820675305e-19,,,,False,False,False
dyrusforpresident,21,0.0,13,9,13,9,25.0,21.0,0.012193922775588336,0.008290574663703264,25.0,0.0,0.0,True,False,True
dyruus,1,0.0,0,1,0,1,0.0,1.0,0.0,1.7853939805523364e-19,,,,False,False,False
dysto_,1,0.0,0,1,0,1,0.0,1.0,0.0,-1.4371782385818475e-19,,,,False,False,False
dzsukeng,1,0.0,0,1,0,1,0.0,1.0,0.0,2.8664731986983164e-20,,,,False,False,False
e-n-k-i-d-u-k-e,10,0.0,1,9,1,9,1.0,10.0,0.001113506777249888,0.000541211145071296,1.0,0.0,0.0,False,False,False
e-schmachtenberg,1,0.0,1,1,1,1,1.0,1.0,0.0,7.551729502992344e-05,1.0,0.0,0.0,False,False,False
eagle83,2,0.0,1,2,1,2,2.0,2.0,6.59736027244945e-05,1.2252285468132e-06,2.0,0.0,0.0,False,False,False
early_comparison2945,1,0.0,0,1,0,1,0.0,1.0,0.0,1.0446161625729122e-19,,,,False,False,False
early_conflict_160,5,0.2,260,5,260,5,262.0,5.0,0.0005767818496121965,0.0032691195212293917,262.0,0.0,0.0,True,True,True
early_lawfulness_348,3,0.0,1,3,1,3,1.0,3.0,2.0757021675690518e-06,-1.140615960418679e-18,1.0,0.0,0.0,False,False,False
earthysofa,1,0.0,0,1,0,1,0.0,1.0,0.0,-1.8017687861655727e-19,,,,False,False,False
east_point_8300,1,0.0,0,1,0,1,0.0,1.0,0.0,-1.907635597804572e-19,,,,False,False,False
eastbeast666,1,0.0,0,1,0,1,0.0,1.0,0.0,-8.199201318384949e-20,,,,False,False,False
eastern_bed6656,2,0.0,1,2,1,2,1.0,2.0,2.322991029609132e-05,-4.036019605348347e-20,1.0,0.0,0.0,False,False,False
eastern_elephant660,1,0.0,0,1,0,1,0.0,1.0,0.0,-1.9554362667852197e-19,,,,False,False,False
easy-bake-oven,2,0.0,0,2,0,2,0.0,2.0,0.0,-2.8032252013226427e-19,,,,False,False,False
easy_street_,1,0.0,0,1,0,1,0.0,1.0,0.0,-1.0492643436484508e-19,,,,False,False,False
eat_shit_an_die,2,0.0,1,2,1,2,1.0,2.0,9.495168524193494e-05,-1.0479596437629744e-18,1.0,0.0,0.0,False,False,False
eatbacon247,3,0.0,3,2,3,2,3.0,3.0,0.0003471668345262974,0.0003235608099404667,3.0,0.0,0.0,True,False,False
eatmyass422,1,0.0,0,1,0,1,0.0,1.0,0.0,-1.459387779160946e-19,,,,False,False,False
eaxis,3,0.0,2,3,2,3,2.0,3.0,7.366695515867472e-05,9.443330810098022e-19,2.0,0.0,0.0,False,False,False
ebernardou,1,0.0,0,1,0,1,0.0,1.0,0.0,-1.4355015767638162e-20,,,,False,False,False
ebrytaim,1,0.0,0,1,0,1,0.0,1.0,0.0,1.0386924524609241e-20,,,,False,False,False
echil46,1,0.0,1,1,1,1,1.0,1.0,4.747584262096747e-05,7.091280801415704e-20,1.0,0.0,0.0,False,False,False
echocasm,1,0.0,0,1,0,1,0.0,1.0,0.0,-2.5613820117576786e-21,,,,False,False,False
edeen,2,0.0,2,2,2,2,2.0,2.0,0.0005571236609452782,1.8126524746652058e-05,2.0,0.0,0.0,False,False,False
edgeguy13,1,0.0,0,1,0,1,0.0,1.0,0.0,1.034441401898832e-19,,,,False,False,False
edgeupset2723,1,0.0,0,1,0,1,0.0,1.0,0.0,9.960976409690968e-20,,,,False,False,False
edgy-meme94494,1,0.0,0,1,0,1,0.0,1.0,0.0,3.670807640700823e-19,,,,False,False,False
edouard1992,1,0.0,0,1,0,1,0.0,1.0,0.0,4.0642810303198615e-20,,,,False,False,False
educational-card3412,2,0.0,1,1,1,1,1.0,2.0,0.0,5.6011736190593e-05,1.0,0.0,0.0,False,False,False
educational_hawk7484,1,1.0,0,1,0,1,0.0,1.0,0.0,-6.006790049316985e-20,,,,False,False,False
eeveelutionistm,1,0.0,1,1,1,1,1.0,1.0,0.0,-8.991736985644452e-19,1.0,0.0,0.0,False,False,False
eggenvironmental1615,2,0.0,0,2,0,2,0.0,2.0,0.0,-5.4412871540573454e-21,,,,False,False,False
eggplantspiritual388,3,0.0,1,3,1,3,1.0,3.0,4.44412008052585e-06,6.761015540679433e-19,1.0,0.0,0.0,False,False,False
eidolonrook,1,0.0,0,1,0,1,0.0,1.0,0.0,2.054249816712181e-19,,,,False,False,False
eighthday,1,0.0,0,1,0,1,0.0,1.0,0.0,-5.779983322906756e-20,,,,False,False,False
eiriamach,1,0.0,0,1,0,1,0.0,1.0,0.0,-5.859500617924732e-20,,,,False,False,False
eitherengineering532,1,0.0,0,1,0,1,0.0,1.0,0.0,9.780990392778231e-20,,,,False,False,False
ekatator,1,1.0,0,1,0,1,0.0,1.0,0.0,1.0257567915737337e-21,,,,False,False,False
ekhoes-,1,0.0,1,1,1,1,1.0,1.0,0.0,3.510812993581339e-05,1.0,0.0,0.0,False,False,False
ekillaa22,1,1.0,0,1,0,1,0.0,1.0,0.0,-2.7927895854777813e-19,,,,False,False,False
eksldpf9098,1,0.0,0,1,0,1,0.0,1.0,0.0,-1.8351234846060592e-19,,,,False,False,False
el_dief,1,0.0,2,1,2,1,2.0,1.0,0.00021521605656548307,9.289831130248279e-05,2.0,0.0,0.0,False,False,False
el_duderino_22,12,0.0,8,8,8,8,12.0,12.0,0.004920044620368735,0.003433732501506319,12.0,0.0,0.0,True,False,True
el_rey_de_spices,1,0.0,1,1,1,1,1.0,1.0,1.5686913200789163e-05,1.0105554432260753e-07,1.0,0.0,0.0,False,False,False
el_shibby,1,0.0,0,1,0,1,0.0,1.0,0.0,-1.7345617406129191e-19,,,,False,False,False
el_toolio_grande,2,0.0,3,2,3,2,3.0,2.0,0.00026707355946681597,0.005957917807510528,3.0,0.0,0.0,True,False,False
eldritchconduit,1,0.0,1,0,1,0,1.0,0.0,0.0,8.855581731712137e-06,1.0,0.0,0.0,False,False,False
electric_nikki,1,0.0,0,1,0,1,0.0,1.0,0.0,-1.1880021206263116e-20,,,,False,False,False
electrical_pop_2850,3,0.0,2,3,2,3,2.0,3.0,0.0003954653989929222,1.161491613438234e-05,2.0,0.0,0.0,False,False,False
electrical_resource6,1,0.0,1,1,1,1,1.0,1.0,0.0,1.444273285520664e-18,1.0,0.0,0.0,False,False,False
electrical_rich_7289,1,0.0,3,1,3,1,3.0,1.0,5.015936885469358e-08,-1.0658294496661882e-18,3.0,0.0,0.0,True,False,False
electrical_run_2798,3,0.0,2,2,2,2,2.0,3.0,0.0002008250935342036,7.345965093775872e-05,2.0,0.0,0.0,False,False,False
electricalking712,1,0.0,0,1,0,1,0.0,1.0,0.0,-8.148493095009948e-20,,,,False,False,False
electrikshaman,1,0.0,1,1,1,1,1.0,1.0,0.0,7.4402514613744366e-06,1.0,0.0,0.0,False,False,False
electrized,2,0.0,1,1,1,1,1.0,2.0,0.0,4.266294771631667e-06,1.0,0.0,0.0,False,False,False
electronic_border266,1,0.0,0,1,0,1,0.0,1.0,0.0,-3.4608435143417623e-19,,,,False,False,False
eledrina,1,0.0,1,1,1,1,1.0,1.0,7.624849526907843e-06,0.0005583468941866336,1.0,0.0,0.0,False,False,False
elegant-screen4438,1,0.0,1,1,1,1,1.0,1.0,0.0,0.013743429706659016,1.0,0.0,0.0,False,False,False
elegylegacy,1,0.0,0,1,0,1,0.0,1.0,0.0,3.538814107532234e-20,,,,False,False,False
element720,1,0.0,0,1,0,1,0.0,1.0,0.0,1.0607440042556815e-19,,,,False,False,False
elendartao,1,1.0,0,1,0,1,0.0,1.0,0.0,1.3490786701908597e-19,,,,False,False,False
elendryst,1,0.0,0,1,0,1,0.0,1.0,0.0,-3.6966394513718994e-20,,,,False,False,False
eleventyelevens,1,0.0,0,1,0,1,0.0,1.0,0.0,-1.2587475330784748e-19,,,,False,False,False
elgatodefuegoverde,1,0.0,0,1,0,1,0.0,1.0,0.0,-5.2839719379158963e-20,,,,False,False,False
elioss,2,0.0,1,2,1,2,1.0,2.0,4.119038883702632e-05,0.0022436395486095566,1.0,0.0,0.0,False,False,False
elite1111111111,1,0.0,0,1,0,1,0.0,1.0,0.0,-6.528929993407841e-20,,,,False,False,False
elkborne,1,0.0,0,1,0,1,0.0,1.0,0.0,6.215497783862914e-20,,,,False,False,False
ellasorellabrella,1,0.0,0,1,0,1,0.0,1.0,0.0,-6.726085927629101e-20,,,,False,False,False
ellie_isley,1,0.0,1,1,1,1,1.0,1.0,0.0,2.2676005656360703e-07,1.0,0.0,0.0,False,False,False
ellionwy,2,0.0,1,1,1,1,1.0,2.0,0.0,0.0006840569736481561,1.0,0.0,0.0,False,False,False
elo-than,1,0.0,1,1,1,1,1.0,1.0,0.0,3.745738295734125e-05,1.0,0.0,0.0,False,False,False
elpuppet,2,0.0,0,1,0,1,0.0,2.0,0.0,-1.835279420754962e-19,,,,False,False,False
elricdarkprince,1,0.0,0,1,0,1,0.0,1.0,0.0,-2.977409354323982e-21,,,,False,False,False
eltoshen,4,0.0,1,4,1,4,1.0,4.0,0.000267237423357331,4.497500735518686e-06,1.0,0.0,0.0,False,False,False
elunethiel,2,0.0,1,2,1,2,1.0,2.0,0.00032769791159509884,1.7603700620930132e-05,1.0,0.0,0.0,False,False,False
eluneytoons,4,0.0,2,4,2,4,2.0,4.0,0.0013050077458339033,4.631771717535289e-05,2.0,0.0,0.0,False,False,False
elxjasonx,2,0.0,0,2,0,2,0.0,2.0,0.0,1.1665331159704745e-19,,,,False,False,False
elyroc,1,0.0,0,1,0,1,0.0,1.0,0.0,-6.559209197907637e-20,,,,False,False,False
embarrassed-might-84,1,0.0,0,1,0,1,0.0,1.0,0.0,1.7657869898531415e-20,,,,False,False,False
emcee70,1,0.0,0,1,0,1,0.0,1.0,0.0,3.204336506848881e-20,,,,False,False,False
emeraldarcana,1,0.0,0,1,0,1,0.0,1.0,0.0,4.646478285713485e-20,,,,False,False,False
empereurraybach,1,0.0,0,1,0,1,0.0,1.0,0.0,-7.487583084955445e-20,,,,False,False,False
emperor_poopatine,1,0.0,0,1,0,1,0.0,1.0,0.0,-5.365500692257468e-20,,,,False,False,False
emperorpinguin,1,0.0,0,1,0,1,0.0,1.0,0.0,1.0775551054782339e-19,,,,False,False,False
empirejoe123,1,0.0,0,1,0,1,0.0,1.0,0.0,6.916976229988631e-20,,,,False,False,False
empoleon365,2,0.0,0,2,0,2,0.0,2.0,0.0,1.1143103214021824e-20,,,,False,False,False
empty_mulberry9680,1,0.0,0,1,0,1,0.0,1.0,0.0,8.708245400422034e-20,,,,False,False,False
emptybrain218,4,0.25,2,4,2,4,2.0,4.0,0.000227528417194518,0.0003114100614113003,2.0,0.0,0.0,False,False,False
emptypiro,1,0.0,0,1,0,1,0.0,1.0,0.0,1.4238664003651784e-19,,,,False,False,False
enabling_turtle,1,0.0,1,1,1,1,1.0,1.0,0.0,0.0003930906649369512,1.0,0.0,0.0,False,False,False
enayjay_iv,2,0.5,1,2,1,2,2.0,2.0,0.0,2.1968067919985813e-18,2.0,0.0,0.0,False,False,False
endless_chambers,1,0.0,1,1,1,1,1.0,1.0,0.0,-7.419187292391498e-19,1.0,0.0,0.0,False,False,False
endslikecrazy,1,0.0,0,1,0,1,0.0,1.0,0.0,8.682551678912196e-20,,,,False,False,False
enekovitz,1,0.0,1,1,1,1,1.0,1.0,4.747584262096747e-05,-4.458833928383123e-20,1.0,0.0,0.0,False,False,False
engone,1,0.0,1,1,1,1,1.0,1.0,0.0,0.002129592438726887,1.0,0.0,0.0,False,False,False
entertainersmart7758,4,0.0,1,4,1,4,1.0,4.0,0.0004265552771966262,0.0001641575133169773,1.0,0.0,0.0,False,False,False
entertainmentok9111,1,0.0,0,1,0,1,0.0,1.0,0.0,5.994566488215461e-22,,,,False,False,False
entire_school_8930,1,0.0,0,1,0,1,0.0,1.0,0.0,-1.5620756806531105e-20,,,,False,False,False
entropicdream,5,0.0,3,4,3,4,3.0,5.0,0.00033610829610224684,0.0020270714318682648,3.0,0.0,0.0,True,False,False
envell123,1,0.0,0,1,0,1,0.0,1.0,0.0,6.163693268986236e-20,,,,False,False,False
environmental-day778,1,0.0,0,1,0,1,0.0,1.0,0.0,-6.420835061034906e-20,,,,False,False,False
environmental-sea41,1,0.0,1,1,1,1,1.0,1.0,4.747584262096747e-05,-1.0466191024141956e-19,1.0,0.0,0.0,False,False,False
environmental_main90,1,0.0,1,1,1,1,1.0,1.0,0.0,7.153029437814816e-19,1.0,0.0,0.0,False,False,False
environmentalfun5889,1,0.0,0,1,0,1,0.0,1.0,0.0,4.514130054812842e-20,,,,False,False,False
environmentplane7173,1,0.0,0,1,0,1,0.0,1.0,0.0,4.9438409725680964e-20,,,,False,False,False
eowyahunt,3,0.0,2,2,2,2,3.0,3.0,0.0005637411465579011,0.00022279091823131157,3.0,0.0,0.0,False,False,False
epherian,2,0.0,2,2,2,2,2.0,2.0,0.00035900953599913075,0.00013508103090164675,2.0,0.0,0.0,False,False,False
epicfailpwnage,5,0.0,1,5,1,5,1.0,5.0,5.376292524446497e-05,-8.898653705211071e-19,1.0,0.0,0.0,False,False,False
epicpeggin,1,0.0,0,1,0,1,0.0,1.0,0.0,-5.226316770159434e-22,,,,False,False,False
epicsaiyan,1,0.0,0,1,0,1,0.0,1.0,0.0,-1.8656370360244835e-19,,,,False,False,False
epyonnext,1,0.0,0,1,0,1,0.0,1.0,0.0,7.057787963925505e-20,,,,False,False,False
equinoxe123,1,0.0,0,1,0,1,0.0,1.0,0.0,2.867896241034124e-20,,,,False,False,False
erasedisknow,5,0.4,4,4,4,4,5.0,5.0,0.00034268491370561296,2.8328224119408093e-07,5.0,0.0,0.0,True,False,False
erathvael,1,0.0,1,1,1,1,1.0,1.0,0.0,1.2489878951780174e-05,1.0,0.0,0.0,False,False,False
erdonko,4,0.25,1,2,1,2,3.0,4.0,3.1992796288274066e-06,1.5479822863035577e-06,3.0,0.0,0.0,False,False,False
eremal,1,,0,1,0,1,0.0,0.0,0.0,-2.289070018958939e-19,,,,False,False,False
erinlah_,3,0.0,40,3,40,3,41.0,3.0,0.006825503959785804,0.043062029718821546,41.0,0.0,0.0,True,False,True
erizzluh,1,0.0,1,1,1,1,1.0,1.0,0.0,6.96610121304625e-05,1.0,0.0,0.0,False,False,False
eroise74,2,0.0,0,2,0,2,0.0,2.0,0.0,1.0185549137718394e-19,,,,False,False,False
erosis,1,0.0,0,1,0,1,0.0,1.0,0.0,-2.1364339394012284e-20,,,,False,False,False
escapethefirmament,2,0.0,1,2,1,2,1.0,2.0,4.747584262096747e-05,-4.2343237973097467e-19,1.0,0.0,0.0,False,False,False
eshneh,2,0.5,0,2,0,2,0.0,2.0,0.0,3.492339198390484e-20,,,,False,False,False
esifex,2,0.0,0,2,0,2,0.0,2.0,0.0,5.0286306001902845e-20,,,,False,False,False
eske555,2,0.0,1,2,1,2,1.0,2.0,9.295673333561264e-05,0.0002552903036453999,1.0,0.0,0.0,False,False,False
esotrax,2,0.0,0,2,0,2,0.0,2.0,0.0,7.564000665145022e-20,,,,False,False,False
espurresper,1,0.0,0,1,0,1,0.0,1.0,0.0,-3.719128535123849e-20,,,,False,False,False
establishmentpure525,1,0.0,0,1,0,1,0.0,1.0,0.0,2.6327041308240016e-19,,,,False,False,False
estagiariodaphilips,3,0.0,2,3,2,3,2.0,3.0,0.00019152059032519225,2.0254590024888762e-05,2.0,0.0,0.0,False,False,False
estrofemgirl,1,0.0,0,1,0,1,0.0,1.0,0.0,-4.295409909119032e-21,,,,False,False,False
etamalgren,6,0.0,3,6,3,6,3.0,6.0,0.0013812051051691014,0.00040864926799244277,3.0,0.0,0.0,True,False,False
etaxritwe,1,0.0,0,1,0,1,0.0,1.0,0.0,2.0429604573632615e-19,,,,False,False,False
eternal-alchemy,2,0.5,1,2,1,2,1.0,2.0,0.0002652146083814349,1.7792217617653242e-05,1.0,0.0,0.0,False,False,False
eternalarchon,2,0.0,1,2,1,2,1.0,2.0,1.5800201189228477e-06,-3.739014153865135e-20,1.0,0.0,0.0,False,False,False
eternalsage2000,1,0.0,0,1,0,1,0.0,1.0,0.0,-3.531579023381373e-20,,,,False,False,False
ethelinda,1,0.0,2,1,2,1,3.0,1.0,0.00014043685825542237,0.0002166338312071798,3.0,0.0,0.0,False,False,False
etherbeard,1,0.0,0,1,0,1,0.0,1.0,0.0,-4.691924458637217e-20,,,,False,False,False
ethyrian,1,0.0,0,1,0,1,0.0,1.0,0.0,9.625835747820146e-20,,,,False,False,False
etrianautomata,1,0.0,0,1,0,1,0.0,1.0,0.0,-3.883139297685055e-21,,,,False,False,False
euklidis,6,0.0,0,6,0,6,0.0,6.0,0.0,-8.260713224203596e-20,,,,False,False,False
euphoric-ad-1689,1,0.0,2,1,2,1,2.0,1.0,2.507968442734679e-08,-2.578407735885018e-19,2.0,0.0,0.0,False,False,False
euphoric_judge_8712,1,0.0,0,1,0,1,0.0,1.0,0.0,4.330238635132726e-20,,,,False,False,False
eurojjj19,1,0.0,0,1,0,1,0.0,1.0,0.0,1.342652100570909e-19,,,,False,False,False
eurymedion,1,0.0,0,1,0,1,0.0,1.0,0.0,-3.963161872421705e-19,,,,False,False,False
evargram,2,0.0,0,2,0,2,0.0,2.0,0.0,-1.3858531239565764e-19,,,,False,False,False
eveningtraffic2649,1,0.0,1,1,1,1,1.0,1.0,4.7601241043104205e-05,4.709572980685637e-19,1.0,0.0,0.0,False,False,False
eventpurple612,1,0.0,0,1,0,1,0.0,1.0,0.0,4.2841499229886987e-20,,,,False,False,False
evenwanderer,2,0.0,0,2,0,2,0.0,2.0,0.0,-6.749426937576025e-21,,,,False,False,False
everdale,1,0.0,1,1,1,1,1.0,1.0,8.518017193766041e-06,1.0105554432405118e-07,1.0,0.0,0.0,False,False,False
evergreenthree,1,0.0,0,1,0,1,0.0,1.0,0.0,1.4913818509377448e-19,,,,False,False,False
everlastingevening,1,0.0,4,1,4,1,4.0,1.0,0.00016479994512448126,1.1103300637316158e-12,4.0,0.0,0.0,True,False,False
everyusernametakenff,1,0.0,0,1,0,1,0.0,1.0,0.0,1.8817700443912793e-19,,,,False,False,False
evilbefalls,1,0.0,0,1,0,1,0.0,1.0,0.0,2.0585355790314476e-19,,,,False,False,False
evildemonic,2,0.0,1,1,1,1,1.0,2.0,0.0,1.5607544340792705e-06,1.0,0.0,0.0,False,False,False
eviloverlord1989,2,0.0,2,2,2,2,2.0,2.0,9.652330374313046e-05,0.00012776333699218473,2.0,0.0,0.0,False,False,False
evilresident64,3,0.0,0,3,0,3,0.0,3.0,0.0,-5.821431497976816e-20,,,,False,False,False
evilrubberducks,1,0.0,0,1,0,1,0.0,1.0,0.0,3.0801421219623076e-19,,,,False,False,False
evonos,6,0.0,1,5,1,5,1.0,6.0,3.0559139766170436e-05,1.8184038320233603e-18,1.0,0.0,0.0,False,False,False
evyngra,1,0.0,0,1,0,1,0.0,1.0,0.0,-2.934362843301075e-20,,,,False,False,False
ewenthel,4,0.0,3,4,3,4,3.0,4.0,0.0006789520483485353,0.00034288107867683177,3.0,0.0,0.0,True,False,False
ex0ll,3,0.3333333333333333,169,3,169,3,173.0,3.0,0.014374774703639534,0.009801001128797091,173.0,0.0,0.0,True,False,True
exact-boysenberry161,2,0.0,0,2,0,2,0.0,2.0,0.0,1.9605508452919182e-19,,,,False,False,False
exact-function-128,2,0.0,1,2,1,2,1.0,2.0,0.00018285843395673645,6.488826889179956e-07,1.0,0.0,0.0,False,False,False
exact-pudding7563,2,0.0,2,2,2,2,2.0,2.0,0.0008462357177975595,0.09344260543759525,2.0,0.0,0.0,False,False,False
examplepractical1981,2,0.0,0,2,0,2,0.0,2.0,0.0,1.4281845275038184e-20,,,,False,False,False
exbaddeathgod,1,0.0,1,1,1,1,1.0,1.0,0.0,1.1971397255383748e-05,1.0,0.0,0.0,False,False,False
excellent_cookie9346,2,0.5,3,2,3,2,3.0,2.0,0.0001455466344729506,-9.916627880122988e-19,3.0,0.0,0.0,True,False,False
excellent_kiwi_3117,1,0.0,0,1,0,1,0.0,1.0,0.0,-1.869631752413802e-20,,,,False,False,False
excitedsoup,1,0.0,0,1,0,1,0.0,1.0,0.0,-4.732265007759423e-20,,,,False,False,False
exciting_extreme_409,1,0.0,0,1,0,1,0.0,1.0,0.0,-5.504454516696021e-20,,,,False,False,False
exciting_oven_3480,1,0.0,0,1,0,1,0.0,1.0,0.0,1.2749557709988165e-19,,,,False,False,False
exclusivelyregarded,1,0.0,0,1,0,1,0.0,1.0,0.0,1.7324531581975814e-19,,,,False,False,False
exhvoid,55,0.0188679245283018,62,45,62,45,81.0,52.0,0.01596463240129308,0.01333155916532172,81.0,0.0,0.0,True,False,True
exiledcourier,1,0.0,0,1,0,1,0.0,1.0,0.0,-1.7400062754978404e-19,,,,False,False,False
existinggain8688,2,0.0,2,2,2,2,2.0,2.0,9.869288884477393e-05,-5.836950351001675e-19,2.0,0.0,0.0,False,False,False
exitorr,1,0.0,0,1,0,1,0.0,1.0,0.0,-7.544508027719855e-20,,,,False,False,False
exodor72,1,0.0,0,1,0,1,0.0,1.0,0.0,2.035974745528352e-19,,,,False,False,False
exorsaik,1,0.0,0,1,0,1,0.0,1.0,0.0,5.8963007253901e-20,,,,False,False,False
exotic-scarcity-7302,1,0.0,0,1,0,1,0.0,1.0,0.0,2.154977740220339e-19,,,,False,False,False
exotic_lemming,2,0.0,1,2,1,2,1.0,2.0,0.00012224474298551461,1.310877827146635e-06,1.0,0.0,0.0,False,False,False
expensive-review7218,1,0.0,0,1,0,1,0.0,1.0,0.0,3.436331295196369e-20,,,,False,False,False
expensive_finger_257,1,0.0,0,1,0,1,0.0,1.0,0.0,1.0498090713525054e-19,,,,False,False,False
expensive_presence_4,1,0.0,0,1,0,1,0.0,1.0,0.0,2.6159322863372375e-19,,,,False,False,False
expensive_union9228,1,0.0,1,1,1,1,1.0,1.0,0.0,1.0527931052596805e-05,1.0,0.0,0.0,False,False,False
explosivelol,1,0.0,0,1,0,1,0.0,1.0,0.0,7.696396330143803e-20,,,,False,False,False
exprssiv,1,0.0,0,1,0,1,0.0,1.0,0.0,1.2682298406842823e-19,,,,False,False,False
ext3meph34r,2,0.0,1,2,1,2,1.0,2.0,4.653863869933126e-06,1.6520068165706355e-07,1.0,0.0,0.0,False,False,False
extension_market_505,1,0.0,0,1,0,1,0.0,1.0,0.0,-1.0293710164900991e-19,,,,False,False,False
external_tangerine45,1,0.0,0,1,0,1,0.0,1.0,0.0,-7.649622530796893e-20,,,,False,False,False
extis83,1,0.0,0,1,0,1,0.0,1.0,0.0,-3.673715086281538e-20,,,,False,False,False
extra-breakfast-7574,3,0.3333333333333333,0,3,0,3,0.0,3.0,0.0,-4.25336554192491e-21,,,,False,False,False
extrahitch,1,0.0,0,1,0,1,0.0,1.0,0.0,1.1457913489674087e-19,,,,False,False,False
extremelytiredyall,5,0.0,1,2,1,2,2.0,5.0,0.0006731779459786516,0.00022991166907729478,2.0,0.0,0.0,False,False,False
exurota,3,0.0,7,2,7,2,9.0,3.0,0.00050810925896458,1.2130390374386685e-06,9.0,0.0,0.0,True,False,True
exxplicit480,1,0.0,0,1,0,1,0.0,1.0,0.0,1.026768800824124e-21,,,,False,False,False
eymou,2,0.0,1,1,1,1,1.0,2.0,0.0,-3.4583368892250426e-20,1.0,0.0,0.0,False,False,False
eziit,1,0.0,0,1,0,1,0.0,1.0,0.0,1.428349551425162e-19,,,,False,False,False
ezomic,1,0.0,0,1,0,1,0.0,1.0,0.0,4.309700862585652e-20,,,,False,False,False
ezwa,1,0.0,1,1,1,1,1.0,1.0,1.5579768677172404e-05,1.251365058307603e-19,1.0,0.0,0.0,False,False,False
f-lambda,2,0.5,0,2,0,2,0.0,2.0,0.0,2.038420052060618e-20,,,,False,False,False
f8d2bonreddit,1,1.0,0,1,0,1,0.0,1.0,0.0,2.193049084128135e-19,,,,False,False,False
f_nmkl,1,0.0,0,1,0,1,0.0,1.0,0.0,-4.116409578683154e-19,,,,False,False,False
fabulous-copy-108,1,0.0,3,1,3,1,3.0,1.0,5.7636269835106694e-05,8.706067790524894e-07,3.0,0.0,0.0,True,False,False
fadore,2,0.0,1,2,1,2,1.0,2.0,4.844857609554242e-05,7.875113452362378e-08,1.0,0.0,0.0,False,False,False
faeginn,4,0.0,3,3,3,3,3.0,4.0,0.0004884538199159607,0.0020204948973882968,3.0,0.0,0.0,True,False,False
faeryfiree,1,0.0,0,1,0,1,0.0,1.0,0.0,-1.5422818449800944e-20,,,,False,False,False
fahim64,1,0.0,0,1,0,1,0.0,1.0,0.0,-5.4926237007050205e-21,,,,False,False,False
fahrenheit285,2,0.0,0,2,0,2,0.0,2.0,0.0,-1.1482499238652126e-20,,,,False,False,False
fair_show_7884,1,0.0,1,1,1,1,1.0,1.0,0.0,3.5562899545301995e-11,1.0,0.0,0.0,False,False,False
fairfaxrob,2,0.0,1,1,1,1,2.0,2.0,0.0,-2.0198342762541708e-20,2.0,0.0,0.0,False,False,False
fairlysmellysock,1,0.0,0,1,0,1,0.0,1.0,0.0,1.0920435544105438e-19,,,,False,False,False
faithlessnesskey546,1,1.0,0,1,0,1,0.0,1.0,0.0,1.744916948593369e-19,,,,False,False,False
fakejh,2,0.0,0,1,0,1,0.0,2.0,0.0,5.958807777410938e-21,,,,False,False,False
fakeorcarape,1,0.0,0,1,0,1,0.0,1.0,0.0,-5.019877625634372e-20,,,,False,False,False
falconpunch9898,2,0.5,2,2,2,2,3.0,2.0,6.729900586406169e-05,1.4075931583756e-18,3.0,0.0,0.0,False,False,False
falling-waters,1,0.0,0,1,0,1,0.0,1.0,0.0,1.549891825421292e-19,,,,False,False,False
fallingguillotine,1,0.0,1,1,1,1,1.0,1.0,0.0,9.741385607841432e-19,1.0,0.0,0.0,False,False,False
falooda1,7,0.0,3,4,3,4,5.0,7.0,0.0027724578549315083,0.014664145496398762,5.0,0.0,0.0,True,False,True
famous_influencer,3,0.3333333333333333,2,2,2,2,4.0,3.0,7.523905328204037e-08,-1.4793888349155433e-18,4.0,0.0,0.0,False,False,False
fancy_contract_195,1,0.0,0,1,0,1,0.0,1.0,0.0,8.864097825608202e-20,,,,False,False,False
fancymac,1,0.0,0,1,0,1,0.0,1.0,0.0,-3.6201918859703623e-19,,,,False,False,False
fandasuba,1,0.0,0,1,0,1,0.0,1.0,0.0,-4.611730203112674e-21,,,,False,False,False
fandise,1,0.0,0,1,0,1,0.0,1.0,0.0,-2.5887868579493336e-20,,,,False,False,False
fandrir,1,0.0,0,1,0,1,0.0,1.0,0.0,1.2533125789214675e-19,,,,False,False,False
fangsong_37,1,0.0,0,1,0,1,0.0,1.0,0.0,-3.288341543259982e-20,,,,False,False,False
fannysniffing,1,0.0,0,1,0,1,0.0,1.0,0.0,4.7158489298587384e-20,,,,False,False,False
fantastic-fee-1999,2,0.0,6,2,6,2,6.0,2.0,0.002740747459411877,1.2078727710773618e-06,6.0,0.0,0.0,True,False,True
fantasydemon101,3,0.0,2,3,2,3,3.0,3.0,0.0028800072204408092,0.003525285429913678,3.0,0.0,0.0,False,False,False
fantasytoybox,4,0.0,2,3,2,3,6.0,4.0,0.000478487060710166,0.00014365381222318765,6.0,0.0,0.0,False,False,True
faolahn,1,0.0,1,1,1,1,1.0,1.0,1.4371183584190601e-05,0.00028835548369334705,1.0,0.0,0.0,False,False,False
faradize-,1,0.0,2,1,2,1,2.0,1.0,0.0,2.238712937563648e-05,2.0,0.0,0.0,False,False,False
farorasf,3,0.0,4,3,4,3,4.0,3.0,0.00031735411151097146,8.69994748204315e-19,4.0,0.0,0.0,True,False,False
farrrrrrrrrrrrrrrrrt,1,0.0,0,1,0,1,0.0,1.0,0.0,3.027176398630486e-20,,,,False,False,False
fast-okra-1451,1,0.0,0,1,0,1,0.0,1.0,0.0,2.2548495017564194e-19,,,,False,False,False
fast_government_,1,0.0,0,1,0,1,0.0,1.0,0.0,-1.6372917847287958e-19,,,,False,False,False
fataleclipse_,2,0.0,1,1,1,1,2.0,2.0,0.0,-5.776901826316763e-19,2.0,0.0,0.0,False,False,False
fatalicus,1,0.0,0,1,0,1,0.0,1.0,0.0,-1.2899664100077541e-20,,,,False,False,False
fatalis89,3,0.0,0,3,0,3,0.0,3.0,0.0,-9.274346107238108e-20,,,,False,False,False
fatalispho,1,0.0,1,1,1,1,1.0,1.0,0.0,4.620531967151899e-19,1.0,0.0,0.0,False,False,False
fatcow38,1,0.0,0,1,0,1,0.0,1.0,0.0,1.9434566418882606e-20,,,,False,False,False
fatdan1,1,0.0,0,1,0,1,0.0,1.0,0.0,-1.3097611340476659e-19,,,,False,False,False
fate-agenda,1,0.0,0,1,0,1,0.0,1.0,0.0,-5.104436922731152e-20,,,,False,False,False
fatgunn,1,0.0,0,1,0,1,0.0,1.0,0.0,2.3191802442832717e-20,,,,False,False,False
fatlillwilly,2,0.0,3,1,3,1,3.0,1.0,4.7450762936540124e-05,8.792174092805369e-06,3.0,0.0,0.0,True,False,False
fatmike20295,1,0.0,0,1,0,1,0.0,1.0,0.0,-4.019605474654243e-21,,,,False,False,False
fazzonvr,1,1.0,0,1,0,1,0.0,1.0,0.0,2.889762151190795e-20,,,,False,False,False
fd2ec89a6735,1,0.0,0,1,0,1,0.0,1.0,0.0,8.23533153602335e-20,,,,False,False,False
fe-and-wine,1,0.0,2,1,2,1,2.0,1.0,0.0007282446598904352,0.00016313629676455513,2.0,0.0,0.0,False,False,False
feangren,1,0.0,1,1,1,1,1.0,1.0,0.0,0.00034287065191085614,1.0,0.0,0.0,False,False,False
fearish,1,0.0,1,1,1,1,1.0,1.0,9.495168524193495e-05,1.356175937715872e-18,1.0,0.0,0.0,False,False,False
fearless-sea996,1,1.0,0,1,0,1,0.0,1.0,0.0,3.5949997766383566e-21,,,,False,False,False
fedeger,2,0.0,1,2,1,2,1.0,2.0,4.460705349707878e-05,6.785306830324503e-07,1.0,0.0,0.0,False,False,False
federal-potato-man,1,0.0,0,1,0,1,0.0,1.0,0.0,2.1838908179837553e-19,,,,False,False,False
feeling_pen_8579,5,0.0,4,3,4,3,4.0,5.0,0.0004034321368690683,8.096539997231693e-05,4.0,0.0,0.0,True,False,False
feelingdeparture9785,1,0.0,1,1,1,1,1.0,1.0,0.0,1.1352222656299862e-06,1.0,0.0,0.0,False,False,False
feherlofia123,1,0.0,1,1,1,1,1.0,1.0,0.0,0.09344260543759524,1.0,0.0,0.0,False,False,False
feisty_economy6235,1,0.0,0,1,0,1,0.0,1.0,0.0,3.069316035795951e-19,,,,False,False,False
felabryn,1,0.0,1,1,1,1,1.0,1.0,0.0,3.9377996420692395e-05,1.0,0.0,0.0,False,False,False
feldara92,1,0.0,0,1,0,1,0.0,1.0,0.0,-4.745851242831344e-20,,,,False,False,False
feli9,1,0.0,0,1,0,1,0.0,1.0,0.0,7.184028034136416e-20,,,,False,False,False
felinger94,1,0.0,0,1,0,1,0.0,1.0,0.0,-7.608986534456395e-20,,,,False,False,False
felix-alea98,1,0.0,0,1,0,1,0.0,1.0,0.0,1.8293370049293467e-19,,,,False,False,False
fellow-believer,4,0.0,2,4,2,4,2.0,4.0,0.000257252869848113,2.390669378950286e-06,2.0,0.0,0.0,False,False,False
fenrirsbasketball,1,0.0,1,1,1,1,1.0,1.0,0.0,0.0018104914958801874,1.0,0.0,0.0,False,False,False
fenrirwolfie,2,0.0,4,1,4,1,4.0,2.0,9.490152587308025e-05,0.00023053450744441864,4.0,0.0,0.0,True,False,False
fenrisprime,1,0.0,0,1,0,1,0.0,1.0,0.0,-1.1090990124904992e-19,,,,False,False,False
fenrisur,1,0.0,0,1,0,1,0.0,1.0,0.0,-2.2079909136346374e-20,,,,False,False,False
ferahn,1,0.0,1,1,1,1,1.0,1.0,0.00023616050445747958,8.393489031925497e-05,1.0,0.0,0.0,False,False,False
ferdawoon,2,0.0,0,2,0,2,0.0,2.0,0.0,-2.8693892006381515e-20,,,,False,False,False
ferducar,1,0.0,0,1,0,1,0.0,1.0,0.0,3.598511345174386e-21,,,,False,False,False
ferovaors,1,0.0,0,1,0,1,0.0,1.0,0.0,5.339368057433129e-21,,,,False,False,False
few_mistake4144,4,0.0,2,3,2,3,2.0,4.0,0.0007118907726536492,5.845533019687504e-05,2.0,0.0,0.0,False,False,False
fewact2027,1,0.0,0,1,0,1,0.0,1.0,0.0,-1.0539760718605321e-19,,,,False,False,False
feyranna,1,0.0,0,1,0,1,0.0,1.0,0.0,-1.442111225949191e-19,,,,False,False,False
feyraz,1,0.0,0,1,0,1,0.0,1.0,0.0,-7.053947076162474e-20,,,,False,False,False
ffsummonnick,1,0.0,0,1,0,1,0.0,1.0,0.0,1.212361384494639e-20,,,,False,False,False
fftactics,5,0.0,0,5,0,5,0.0,5.0,0.0,-1.69039337414462e-20,,,,False,False,False
ffxivthrowaway03,19,0.1578947368421052,11,17,11,17,15.0,19.0,0.007128668706545297,0.00231430305000614,15.0,0.0,0.0,True,False,True
fgfdgdfgdfg88,1,0.0,0,1,0,1,0.0,1.0,0.0,8.569421730335617e-20,,,,False,False,False
fgmenth,1,0.0,0,1,0,1,0.0,1.0,0.0,2.997573114775302e-20,,,,False,False,False
fiction8,4,0.0,6,4,6,4,6.0,4.0,0.0009048435810045544,1.0813327237096844e-06,6.0,0.0,0.0,True,False,True
fidelcastoro,1,0.0,0,1,0,1,0.0,1.0,0.0,-2.840346528592624e-20,,,,False,False,False
fiennes,3,0.0,2,2,2,2,3.0,3.0,4.745076293654014e-05,0.0018104914958801883,3.0,0.0,0.0,False,False,False
fierceduncan,1,0.0,1,1,1,1,1.0,1.0,1.0804235672588355e-05,1.2655321582672929e-05,1.0,0.0,0.0,False,False,False
fiery-skyline,1,0.0,0,1,0,1,0.0,1.0,0.0,7.758620861541507e-21,,,,False,False,False
figgnus96,3,0.0,7,3,7,3,8.0,2.0,0.000865631349148307,0.0018717320521589402,8.0,0.0,0.0,True,False,True
fildo28,1,0.0,0,1,0,1,0.0,1.0,0.0,5.016035102741963e-22,,,,False,False,False
fillemoinkes,1,0.0,1,1,1,1,1.0,1.0,4.747584262096747e-05,8.55076386707422e-20,1.0,0.0,0.0,False,False,False
finaljeopardy,1,0.0,0,1,0,1,0.0,1.0,0.0,-1.725890127102718e-19,,,,False,False,False
finalshock,1,0.0,0,1,0,1,0.0,1.0,0.0,-6.805297501955628e-20,,,,False,False,False
finalwingz,1,0.0,0,1,0,1,0.0,1.0,0.0,1.343488768693969e-19,,,,False,False,False
fine_equal4647,1,0.0,0,1,0,1,0.0,1.0,0.0,8.130140798785867e-20,,,,False,False,False
fineri,1,0.0,1,1,1,1,1.0,1.0,0.0,5.460389375257109e-19,1.0,0.0,0.0,False,False,False
fingerpaintswithpoop,2,0.0,1,2,1,2,1.0,2.0,4.747584262096747e-05,-9.046653319215101e-21,1.0,0.0,0.0,False,False,False
finiarelgr,2,0.0,0,1,0,1,0.0,2.0,0.0,1.1447656511567547e-19,,,,False,False,False
fionasilberpfeil,3,0.0,1,2,1,2,1.0,3.0,0.00027397962866436643,2.3675470017919536e-05,1.0,0.0,0.0,False,False,False
fionnaandcake,1,0.0,0,1,0,1,0.0,1.0,0.0,3.0105705342854534e-19,,,,False,False,False
firafoxy,2,0.0,2,1,2,1,4.0,2.0,0.0,0.0009543207839346021,4.0,0.0,0.0,False,False,False
firesidecatsmile,1,0.0,0,1,0,1,0.0,1.0,0.0,5.861675222711911e-20,,,,False,False,False
firm-cap1406,2,0.0,1,1,1,1,2.0,2.0,0.0,0.0018104914958801852,2.0,0.0,0.0,False,False,False
first_cedric,1,0.0,0,1,0,1,0.0,1.0,0.0,1.2791750210250855e-19,,,,False,False,False
fishfrog44,1,0.0,0,1,0,1,0.0,1.0,0.0,5.60974404479193e-20,,,,False,False,False
fishingfragrant9054,1,0.0,1,1,1,1,1.0,1.0,5.015936885469358e-08,1.0592822086450296e-18,1.0,0.0,0.0,False,False,False
fishisfantom,3,0.0,0,2,0,2,0.0,3.0,0.0,1.03478454107174e-19,,,,False,False,False
fit-percentage-9166,1,1.0,0,1,0,1,0.0,1.0,0.0,4.538472104589131e-20,,,,False,False,False
fit_air_7637,3,0.0,0,3,0,3,0.0,3.0,0.0,2.0773059766927133e-20,,,,False,False,False
fit_dragonfruit7545,2,0.0,1,2,1,2,1.0,2.0,0.0004169587648502216,8.394910435485822e-05,1.0,0.0,0.0,False,False,False
fit_landscape6820,2,0.0,0,2,0,2,0.0,2.0,0.0,1.3837489272812474e-19,,,,False,False,False
fit_maintenance4471,1,0.0,0,1,0,1,0.0,1.0,0.0,1.4559878574276023e-19,,,,False,False,False
fit_rub8310,1,0.0,1,1,1,1,1.0,1.0,0.0,5.098113875313172e-05,1.0,0.0,0.0,False,False,False
fitcut2487,1,0.0,0,1,0,1,0.0,1.0,0.0,-7.485651162682003e-20,,,,False,False,False
fitsu,4,0.0,3,4,3,4,3.0,4.0,0.00027483779186627063,-1.2150801795125598e-20,3.0,0.0,0.0,True,False,False
fiveagen,1,0.0,0,1,0,1,0.0,1.0,0.0,2.6069408322270386e-20,,,,False,False,False
fiveby21,1,0.0,2,1,2,1,2.0,1.0,9.344710322140856e-06,3.7766502050299514e-06,2.0,0.0,0.0,False,False,False
fladormon,1,0.0,0,1,0,1,0.0,1.0,0.0,-3.516279530556252e-19,,,,False,False,False
flaicher,3,0.0,1,3,1,3,1.0,3.0,0.0005116169102704926,0.09344260543759518,1.0,0.0,0.0,False,False,False
flaks117,4,0.0,0,4,0,4,0.0,4.0,0.0,5.174182998312174e-21,,,,False,False,False
flamewlkr,1,0.0,2,1,2,1,2.0,1.0,0.0009001536287211086,2.2052511454611588e-05,2.0,0.0,0.0,False,False,False
flappy_lol,1,0.0,0,1,0,1,0.0,1.0,0.0,1.094996401882681e-19,,,,False,False,False
flat-arachnid-4207,1,0.0,0,1,0,1,0.0,1.0,0.0,-8.50495987092207e-20,,,,False,False,False
flatus_,3,0.0,1,3,1,3,1.0,3.0,0.0006751627208128937,7.649167275815619e-07,1.0,0.0,0.0,False,False,False
flaviussabinus,2,0.0,3,2,3,2,3.0,2.0,0.00018990337048386987,5.343891248710051e-19,3.0,0.0,0.0,True,False,False
flawedhero,1,0.0,0,1,0,1,0.0,1.0,0.0,2.2193990651213867e-20,,,,False,False,False
flbrisby,3,0.0,4,3,4,3,4.0,3.0,0.000272634879966023,4.215689759010211e-05,4.0,0.0,0.0,True,False,False
fleah-13,1,0.0,0,1,0,1,0.0,1.0,0.0,-5.056650976148619e-20,,,,False,False,False
fleales,1,0.0,1,1,1,1,1.0,1.0,0.0,9.194768510284369e-20,1.0,0.0,0.0,False,False,False
fleedjitsu,1,0.0,0,1,0,1,0.0,1.0,0.0,4.274240279241089e-20,,,,False,False,False
fleetingbirds,3,0.0,3,3,3,3,4.0,3.0,0.000401803212077637,4.5854558727752966e-05,4.0,0.0,0.0,True,False,False
flembag,1,0.0,3,1,3,1,3.0,1.0,0.0002842531432995485,1.189685432808753e-18,3.0,0.0,0.0,True,False,False
fleshgrave,2,0.0,1,2,1,2,1.0,2.0,1.7555779099142752e-07,-1.203752710189866e-19,1.0,0.0,0.0,False,False,False
flexhead,1,0.0,0,1,0,1,0.0,1.0,0.0,-2.4366511129703323e-22,,,,False,False,False
fleymour,1,0.0,5,1,5,1,5.0,1.0,0.0007134111299571007,-2.086857127287376e-18,5.0,0.0,0.0,True,False,True
flinhorse,1,0.0,0,1,0,1,0.0,1.0,0.0,-2.140793883686656e-20,,,,False,False,False
flippingchicken,1,0.0,0,1,0,1,0.0,1.0,0.0,6.873957030583355e-20,,,,False,False,False
flondrebg,10,0.0,14,9,14,9,16.0,10.0,0.00585216120156487,0.0008685798524785947,16.0,0.0,0.0,True,False,True
floppyshelltaco,2,0.0,0,2,0,2,0.0,2.0,0.0,1.2686682409316516e-20,,,,False,False,False
florida-man,1,0.0,0,1,0,1,0.0,1.0,0.0,2.4752268477773786e-20,,,,False,False,False
florifierous,2,0.0,2,2,2,2,2.0,2.0,0.0023191302351830726,3.7489890237485624e-05,2.0,0.0,0.0,False,False,False
florise,1,0.0,0,1,0,1,0.0,1.0,0.0,-1.1531582076347816e-19,,,,False,False,False
flosus,4,0.0,2,3,2,3,2.0,4.0,0.00010654459537799128,-8.990223989647814e-19,2.0,0.0,0.0,False,False,False
flow_guy1,1,0.0,1,1,1,1,1.0,1.0,0.0,1.971036463229091e-05,1.0,0.0,0.0,False,False,False
flubberpuddy,1,0.0,0,1,0,1,0.0,1.0,0.0,2.0153002255092384e-20,,,,False,False,False
fluffydonkeys,1,0.0,0,1,0,1,0.0,1.0,0.0,1.4537203902755995e-19,,,,False,False,False
fluffyfirenoodle,1,0.0,1,1,1,1,1.0,1.0,0.0,0.00022991166907729456,1.0,0.0,0.0,False,False,False
fluffygirl2023,2,0.0,1,1,1,1,1.0,1.0,4.747584262096747e-05,-3.914582955209378e-19,1.0,0.0,0.0,False,False,False
fluffywuffyvolibear,1,0.0,0,1,0,1,0.0,1.0,0.0,-2.124849301580085e-19,,,,False,False,False
fluid_king489,1,0.0,0,1,0,1,0.0,1.0,0.0,5.2112731225379503e-20,,,,False,False,False
flurb4,1,0.0,2,1,2,1,2.0,1.0,0.00011194921259987983,9.390597472012717e-08,2.0,0.0,0.0,False,False,False
flurgenburger,1,0.0,0,1,0,1,0.0,1.0,0.0,-4.798673283181232e-20,,,,False,False,False
flyaroundtro,1,0.0,1,1,1,1,1.0,1.0,0.00014044317835538517,2.4162709170117364e-06,1.0,0.0,0.0,False,False,False
flyingcostanza,1,0.0,0,1,0,1,0.0,1.0,0.0,-7.582208009906349e-20,,,,False,False,False
fntd,1,0.0,0,1,0,1,0.0,1.0,0.0,1.3276975819312851e-20,,,,False,False,False
fobby25,1,0.0,1,1,1,1,1.0,1.0,0.0,2.3139030626877147e-19,1.0,0.0,0.0,False,False,False
foehammer87,1,0.0,0,1,0,1,0.0,1.0,0.0,-9.708551393137399e-21,,,,False,False,False
fohpo02,5,0.0,4,5,4,5,5.0,5.0,0.002826484964221925,2.3270205136272842e-05,5.0,0.0,0.0,True,False,True
fomod_sama,1,0.0,0,1,0,1,0.0,1.0,0.0,1.5292428640316133e-20,,,,False,False,False
foodgeekfish,1,0.0,0,1,0,1,0.0,1.0,0.0,9.075673927780551e-22,,,,False,False,False
forbizzle,2,0.0,1,2,1,2,1.0,2.0,4.69093403205812e-05,-2.580908147554902e-20,1.0,0.0,0.0,False,False,False
forceof8,1,0.0,2,1,2,1,2.0,1.0,9.966533513270177e-06,4.942282462691575e-06,2.0,0.0,0.0,False,False,False
foreign-chipmunk-839,1,0.0,0,1,0,1,0.0,1.0,0.0,2.031725238237383e-19,,,,False,False,False
foreign_host147,1,0.0,0,1,0,1,0.0,1.0,0.0,3.168587482329607e-19,,,,False,False,False
forensic_fartman1982,2,0.5,0,2,0,2,0.0,2.0,0.0,-6.014869559672757e-20,,,,False,False,False
foreskinfarter,1,,1,1,1,1,1.0,0.0,0.0,4.678765768316588e-06,1.0,0.0,0.0,False,False,False
foreverabro,1,0.0,0,1,0,1,0.0,1.0,0.0,3.018665855083385e-20,,,,False,False,False
forgottenexperiment,6,0.0,3,5,3,5,3.0,6.0,0.000536972134729125,0.0004436093937728795,3.0,0.0,0.0,True,False,False
forlorn_wolf,2,0.0,0,2,0,2,0.0,2.0,0.0,-8.866475742341599e-20,,,,False,False,False
formchemical,1,0.0,0,1,0,1,0.0,1.0,0.0,-2.5276464414117234e-19,,,,False,False,False
forportal,7,0.1428571428571428,5,7,5,7,5.0,7.0,0.000599959432911186,4.582006590318149e-06,5.0,0.0,0.0,True,False,True
fort_e,1,0.0,0,1,0,1,0.0,1.0,0.0,8.92262125271843e-21,,,,False,False,False
fortnightsatpeelys,1,0.0,0,1,0,1,0.0,1.0,0.0,-1.0406086790669832e-19,,,,False,False,False
forward-rub1961,1,0.0,1,1,1,1,1.0,1.0,2.3737921310483734e-05,-3.776655437710298e-19,1.0,0.0,0.0,False,False,False
forward_333,1,0.0,0,1,0,1,0.0,1.0,0.0,-1.344896494837116e-19,,,,False,False,False
forwardbumblebee5220,8,0.0,5,6,5,6,6.0,8.0,0.0015377958543643722,0.00047382649358483663,6.0,0.0,0.0,True,False,True
forwardrhubarb2048,1,0.0,0,1,0,1,0.0,1.0,0.0,5.1528861208168595e-20,,,,False,False,False
foukivin,1,0.0,1,1,1,1,1.0,1.0,4.747584262096746e-05,1.5711517877960905e-19,1.0,0.0,0.0,False,False,False
foulveins,2,0.0,0,2,0,2,0.0,2.0,0.0,-1.3868063807823344e-19,,,,False,False,False
fourkingss,1,0.0,0,1,0,1,0.0,1.0,0.0,2.5432989128884185e-19,,,,False,False,False
foursen,1,0.0,0,1,0,1,0.0,1.0,0.0,9.626125734475122e-20,,,,False,False,False
fourteenfcali_,1,0.0,1,1,1,1,1.0,1.0,0.0,1.398170571498031e-08,1.0,0.0,0.0,False,False,False
fox112,10,0.1,7,9,7,9,8.0,10.0,0.011024448644006408,0.10352001980489998,8.0,0.0,0.0,True,False,True
foxdknight,2,0.0,17,2,17,2,17.0,2.0,0.0013519738562625002,3.939423095254692e-05,17.0,0.0,0.0,True,False,True
foxjdr,4,0.0,12,3,12,3,14.0,4.0,0.0026032168882200776,0.01429151985161207,14.0,0.0,0.0,True,False,True
foxnamedfox,1,0.0,0,1,0,1,0.0,1.0,0.0,3.3030986208271696e-20,,,,False,False,False
foxtribal,1,0.0,0,1,0,1,0.0,1.0,0.0,-1.745042756419455e-20,,,,False,False,False
fracture93,1,0.0,0,1,0,1,0.0,1.0,0.0,-9.224104022725338e-20,,,,False,False,False
fragrant_proof,1,0.0,1,1,1,1,1.0,1.0,4.750092230539482e-05,7.630126478007113e-20,1.0,0.0,0.0,False,False,False
fragrant_seaweed655,1,0.0,1,1,1,1,1.0,1.0,1.897546207433056e-06,-1.163524364199173e-18,1.0,0.0,0.0,False,False,False
fragrantlotus,1,0.0,0,1,0,1,0.0,1.0,0.0,3.9359950340817205e-21,,,,False,False,False
fragroth98,1,0.0,1,1,1,1,1.0,1.0,3.6116976383120816e-05,2.7780063466213257e-07,1.0,0.0,0.0,False,False,False
frakkinadama,1,0.0,0,1,0,1,0.0,1.0,0.0,-1.4960190020002678e-19,,,,False,False,False
fraktyl,1,0.0,0,1,0,1,0.0,1.0,0.0,9.817001220590696e-20,,,,False,False,False
francesko1312,1,0.0,0,1,0,1,0.0,1.0,0.0,1.9663787592173613e-19,,,,False,False,False
franchise91,1,0.0,0,1,0,1,0.0,1.0,0.0,1.8174610197379356e-19,,,,False,False,False
freakscar,1,0.0,0,1,0,1,0.0,1.0,0.0,-5.538792341765517e-22,,,,False,False,False
freddy090909,2,0.0,0,2,0,2,0.0,2.0,0.0,3.822034342242546e-20,,,,False,False,False
fredkreuger,1,1.0,1,1,1,1,1.0,1.0,0.0,8.571024295409847e-05,1.0,0.0,0.0,False,False,False
free-ear2112,1,0.0,0,1,0,1,0.0,1.0,0.0,2.6855907327492683e-20,,,,False,False,False
free-palpitation,1,0.0,0,1,0,1,0.0,1.0,0.0,6.562684431157894e-21,,,,False,False,False
freelancespy87,1,0.0,0,1,0,1,0.0,1.0,0.0,2.9046081911289734e-20,,,,False,False,False
freeman10,1,0.0,0,1,0,1,0.0,1.0,0.0,-2.6099600407437103e-19,,,,False,False,False
frenzy8000,1,0.0,0,1,0,1,0.0,1.0,0.0,1.2188933505441092e-19,,,,False,False,False
frequent_course_6469,1,0.0,0,1,0,1,0.0,1.0,0.0,-6.982375298586973e-20,,,,False,False,False
freshbasis,2,0.0,0,2,0,2,0.0,2.0,0.0,-1.8757425309158005e-19,,,,False,False,False
freshdurian8566,2,0.5,0,1,0,1,0.0,1.0,0.0,1.9516926125880722e-19,,,,False,False,False
freyja6,1,0.0,0,1,0,1,0.0,1.0,0.0,-2.850492087971384e-19,,,,False,False,False
freyzi,1,0.0,0,1,0,1,0.0,1.0,0.0,1.09055733933291e-19,,,,False,False,False
friedricewhite,1,0.0,0,1,0,1,0.0,1.0,0.0,4.0755300550353315e-19,,,,False,False,False
fright13,1,0.0,0,1,0,1,0.0,1.0,0.0,-2.0051429034490438e-20,,,,False,False,False
frodakai,1,0.0,1,1,1,1,1.0,1.0,4.747584262096747e-05,4.708821479527407e-19,1.0,0.0,0.0,False,False,False
frog-eater,7,0.0,16,7,16,7,18.0,7.0,0.0024677256803114973,0.00014513732478907683,18.0,0.0,0.0,True,False,True
fronteir,3,0.0,3,3,3,3,3.0,3.0,0.0008302629529673154,0.0019941416368352708,3.0,0.0,0.0,True,False,False
frost-ps,3,0.0,7,3,7,3,10.0,3.0,7.523905328204037e-07,-4.188821253086858e-18,10.0,0.0,0.0,True,False,False
frost357,1,0.0,1,1,1,1,1.0,1.0,5.015936885469358e-08,2.511724254049427e-06,1.0,0.0,0.0,False,False,False
frostbann,1,0.0,0,1,0,1,0.0,1.0,0.0,1.9435306482025047e-19,,,,False,False,False
frostbite907,1,0.0,0,1,0,1,0.0,1.0,0.0,-1.3374160823985223e-19,,,,False,False,False
frostbiten92,1,0.0,0,1,0,1,0.0,1.0,0.0,-3.440865869675829e-19,,,,False,False,False
frostsorrow,2,0.0,2,2,2,2,2.0,2.0,0.0004627309974002298,5.106655787182239e-06,2.0,0.0,0.0,False,False,False
frostw18,1,0.0,0,1,0,1,0.0,1.0,0.0,1.0157054077952185e-20,,,,False,False,False
frosty_ingenuity5070,4,0.0,4,4,4,4,4.0,4.0,0.0005533378266402826,0.0003050530373274674,4.0,0.0,0.0,True,False,False
frozen_speaker_245,2,0.0,0,2,0,2,0.0,2.0,0.0,1.901567450202058e-19,,,,False,False,False
frozenautumn_1,1,0.0,0,1,0,1,0.0,1.0,0.0,-1.7333761518903086e-19,,,,False,False,False
frozenbeeff,1,0.0,0,1,0,1,0.0,1.0,0.0,1.3313395049468263e-19,,,,False,False,False
frozenboundary,1,0.0,0,1,0,1,0.0,1.0,0.0,-2.4720185562857302e-20,,,,False,False,False
frozended,4,0.0,1,4,1,4,1.0,4.0,8.127909718613783e-05,7.581338039831805e-19,1.0,0.0,0.0,False,False,False
frubis,1,0.0,0,1,0,1,0.0,1.0,0.0,3.32377155576082e-20,,,,False,False,False
fryst_pannkaka,1,0.0,0,1,0,1,0.0,1.0,0.0,8.837372989570557e-21,,,,False,False,False
fub4rtoo,1,0.0,0,1,0,1,0.0,1.0,0.0,-4.2684709443302575e-19,,,,False,False,False
fuckmods6969,1,0.0,0,1,0,1,0.0,1.0,0.0,-1.2123089280413352e-21,,,,False,False,False
fudnik89,1,0.0,0,1,0,1,0.0,1.0,0.0,9.950370339545859e-20,,,,False,False,False
fuhtian,1,0.0,0,1,0,1,0.0,1.0,0.0,-1.3759505747672637e-19,,,,False,False,False
fukkwitgalore,6,0.0,13,5,13,5,14.0,6.0,0.006397321900685195,0.016524565682581423,14.0,0.0,0.0,True,False,True
full-somewhere440,1,0.0,0,1,0,1,0.0,1.0,0.0,3.055913203238092e-19,,,,False,False,False
full_void,1,0.0,0,1,0,1,0.0,1.0,0.0,1.2780401697821719e-19,,,,False,False,False
fullerbay,2,0.5,1,2,1,2,2.0,2.0,2.507968442734679e-08,8.856577344540451e-19,2.0,0.0,0.0,False,False,False
fullmetalape,1,0.0,0,1,0,1,0.0,1.0,0.0,2.6034265023481354e-19,,,,False,False,False
fullmotionvideo,6,0.0,7,6,7,6,7.0,6.0,0.002802142903753414,2.227677306580221e-08,7.0,0.0,0.0,True,False,True
fullnelson10,1,0.0,1,1,1,1,1.0,1.0,4.747584262096747e-05,6.21659526831915e-19,1.0,0.0,0.0,False,False,False
fumaoyabun,3,0.0,1,2,1,2,1.0,3.0,0.0,1.9710364632292092e-05,1.0,0.0,0.0,False,False,False
fun-memory5801,1,0.0,2,1,2,1,2.0,1.0,0.0,1.1352222656291017e-06,2.0,0.0,0.0,False,False,False
fun-relationship3636,1,0.0,0,1,0,1,0.0,1.0,0.0,-1.464010168507933e-19,,,,False,False,False
fun_abroad8942,4,0.5,3,2,3,2,5.0,4.0,0.00010708689003425947,4.2166284741319155e-05,5.0,0.0,0.0,True,False,False
fun_literature831,1,0.0,0,1,0,1,0.0,1.0,0.0,-9.528553430724348e-20,,,,False,False,False
funniestfunghi,1,0.0,0,1,0,1,0.0,1.0,0.0,-9.029366457642819e-21,,,,False,False,False
funsparkdreamer,1,0.0,0,1,0,1,0.0,1.0,0.0,1.6211276171507382e-19,,,,False,False,False
furax-31,1,0.0,0,1,0,1,0.0,1.0,0.0,-1.7902861394494777e-19,,,,False,False,False
furcas1234,1,0.0,3,1,3,1,3.0,1.0,0.00011314864530619285,-4.1310554363084514e-20,3.0,0.0,0.0,True,False,False
fusiontetrax,1,1.0,1,1,1,1,1.0,1.0,2.7901148925423303e-07,-2.7318896595300267e-19,1.0,0.0,0.0,False,False,False
fusionxtreme,1,0.0,0,1,0,1,0.0,1.0,0.0,-1.3469021324448228e-19,,,,False,False,False
fusshaman,6,0.0,7,3,7,3,10.0,6.0,0.00070366355303994,0.0012930472021448723,10.0,0.0,0.0,True,False,True
fussinfarkt,1,0.0,0,1,0,1,0.0,1.0,0.0,-2.4627587885677464e-19,,,,False,False,False
futuredanish,1,0.0,0,1,0,1,0.0,1.0,0.0,5.143611684298131e-20,,,,False,False,False
fuzzy-signal-3981,1,0.0,0,1,0,1,0.0,1.0,0.0,2.590529341775239e-19,,,,False,False,False
fuzzy-vegetable-9789,1,0.0,0,1,0,1,0.0,1.0,0.0,-2.5307478441384664e-20,,,,False,False,False
fuzzy_speech_7427,1,0.0,0,1,0,1,0.0,1.0,0.0,3.2326327338665574e-19,,,,False,False,False
fuzzyfeltarm,1,0.0,0,1,0,1,0.0,1.0,0.0,-1.7676265674686896e-19,,,,False,False,False
fuzzyhellbunny,4,0.0,1,3,1,3,1.0,4.0,7.922643166383326e-05,0.0003142937700659099,1.0,0.0,0.0,False,False,False
fynzou,2,0.0,1,2,1,2,1.0,2.0,4.9038069194552174e-05,1.7202496303984738e-18,1.0,0.0,0.0,False,False,False
g0d0fz0mb13,1,0.0,1,1,1,1,1.0,1.0,0.0012307600736115364,7.404310467522782e-05,1.0,0.0,0.0,False,False,False
gaatti,2,0.0,2,2,2,2,2.0,2.0,9.535828235467686e-05,1.4299826752050915e-05,2.0,0.0,0.0,False,False,False
gab_owns0,1,0.0,0,1,0,1,0.0,1.0,0.0,-2.094009149035021e-19,,,,False,False,False
gabarne,1,0.0,0,1,0,1,0.0,1.0,0.0,1.5681047670235427e-19,,,,False,False,False
gabrys1896,1,0.0,0,1,0,1,0.0,1.0,0.0,-2.5362043290487967e-22,,,,False,False,False
gadarion,1,0.0,1,1,1,1,1.0,1.0,0.0,7.551729502992317e-05,1.0,0.0,0.0,False,False,False
gahzmate,2,0.0,1,1,1,1,1.0,2.0,0.0,0.007969422761699407,1.0,0.0,0.0,False,False,False
galagticsoul,1,0.0,0,1,0,1,0.0,1.0,0.0,-9.479152394858695e-20,,,,False,False,False
galahad199033,7,0.0,3,7,3,7,3.0,7.0,0.0063788942654904625,0.09523739725702023,3.0,0.0,0.0,True,False,False
galamoth911,2,0.0,0,2,0,2,0.0,2.0,0.0,3.39745158324757e-19,,,,False,False,False
galcitor,1,0.0,0,1,0,1,0.0,1.0,0.0,1.8832890467554188e-20,,,,False,False,False
galdonzo,1,0.0,0,1,0,1,0.0,1.0,0.0,-1.1309801552126077e-20,,,,False,False,False
galind_halithel,2,0.0,1,2,1,2,1.0,2.0,4.747584262096747e-05,-1.1413065769677599e-18,1.0,0.0,0.0,False,False,False
galinhooo,3,0.0,8,2,8,2,9.0,3.0,0.00039948429771911886,0.00034982311271118275,9.0,0.0,0.0,True,False,False
gallifreydk,1,0.0,0,1,0,1,0.0,1.0,0.0,-1.788954155550247e-20,,,,False,False,False
galverg,1,0.0,0,1,0,1,0.0,1.0,0.0,-1.6697783918726674e-21,,,,False,False,False
gamecrazy009,1,0.0,1,1,1,1,1.0,1.0,0.0,0.007969422761699398,1.0,0.0,0.0,False,False,False
gamehead12,1,0.0,0,1,0,1,0.0,1.0,0.0,-1.1564202403129445e-20,,,,False,False,False
gameleon,4,0.0,3,3,3,3,6.0,4.0,0.0010566723469508522,2.8101121999794038e-06,6.0,0.0,0.0,True,False,True
gamepro5,1,0.0,0,1,0,1,0.0,1.0,0.0,5.6453098329565205e-21,,,,False,False,False
gamer238,2,0.0,1,2,1,2,1.0,2.0,0.00011771709202746971,0.00010550688156470745,1.0,0.0,0.0,False,False,False
gamer_obama,1,1.0,0,1,0,1,0.0,1.0,0.0,1.1938709060668876e-19,,,,False,False,False
gamerk0807,2,0.0,2,2,2,2,2.0,2.0,9.147072108982972e-05,2.477268073157922e-06,2.0,0.0,0.0,False,False,False
gamersunited746,1,0.0,0,1,0,1,0.0,1.0,0.0,8.902079932039892e-20,,,,False,False,False
gamesdeanx23,1,0.0,0,1,0,1,0.0,1.0,0.0,-1.6366051341964211e-19,,,,False,False,False
gamingapokolips,1,0.0,0,1,0,1,0.0,1.0,0.0,3.079103946645444e-19,,,,False,False,False
gamsrolls,1,0.0,0,1,0,1,0.0,1.0,0.0,2.494911481251608e-19,,,,False,False,False
gandalfthemage,2,0.0,1,1,1,1,1.0,2.0,0.0,0.0018104914958801837,1.0,0.0,0.0,False,False,False
gangsir,7,0.0,6,7,6,7,6.0,7.0,0.002422061052590279,2.8706414946491866e-05,6.0,0.0,0.0,True,False,True
ganjaleezarice69,5,0.0,4,4,4,4,5.0,5.0,0.0004280851334903824,-1.4153260489337922e-19,5.0,0.0,0.0,True,False,False
garack666,1,0.0,0,1,0,1,0.0,1.0,0.0,-3.914469138123542e-21,,,,False,False,False
garciasterling15,2,0.0,11,2,11,2,11.0,2.0,0.00184239960879443,7.186994101514745e-05,11.0,0.0,0.0,True,False,True
gardevoir_best_girl,1,0.0,0,1,0,1,0.0,1.0,0.0,-3.608985651629132e-20,,,,False,False,False
garganishz29,1,0.0,0,1,0,1,0.0,1.0,0.0,-1.6787008129794732e-20,,,,False,False,False
gargoyle37,1,0.0,0,1,0,1,0.0,1.0,0.0,5.904243330710627e-19,,,,False,False,False
garyair,1,0.0,1,1,1,1,1.0,1.0,1.2539842213673394e-08,1.0248812561828729e-19,1.0,0.0,0.0,False,False,False
garysmith2021,3,0.0,2,3,2,3,2.0,3.0,0.0011032178764490484,2.5145272787135637e-06,2.0,0.0,0.0,False,False,False
gastly-muscle-1997,2,0.0,2,2,2,2,2.0,2.0,0.00018249483629738023,0.0002530973891891839,2.0,0.0,0.0,False,False,False
gautierbllt,1,0.0,0,1,0,1,0.0,1.0,0.0,2.7167208535817696e-19,,,,False,False,False
gavic19,1,0.0,0,1,0,1,0.0,1.0,0.0,-3.1498168197096345e-20,,,,False,False,False
gawdlikeisfree,1,0.0,0,1,0,1,0.0,1.0,0.0,2.6083766605475614e-19,,,,False,False,False
gay_volcano,1,0.0,0,1,0,1,0.0,1.0,0.0,3.3675893649491805e-19,,,,False,False,False
gderkon,1,0.0,0,1,0,1,0.0,1.0,0.0,-8.229771530517137e-21,,,,False,False,False
gearfreak,1,0.0,0,1,0,1,0.0,1.0,0.0,2.0650052136446577e-20,,,,False,False,False
geddyn,10,0.1,16,8,16,8,20.0,10.0,0.007415527956291974,0.004632638245255057,20.0,0.0,0.0,True,False,True
geekwars2,1,0.0,1,1,1,1,1.0,1.0,0.0,1.8391847686659084e-05,1.0,0.0,0.0,False,False,False
geekytyrant,1,0.0,0,1,0,1,0.0,1.0,0.0,9.008104761471288e-22,,,,False,False,False
gehnmy,1,0.0,0,1,0,1,0.0,1.0,0.0,-1.5089124623066208e-19,,,,False,False,False
gelvid,1,0.0,3,1,3,1,3.0,1.0,5.766866427149311e-05,1.790494512250254e-05,3.0,0.0,0.0,True,False,False
geminilasers,2,0.0,1,1,1,1,1.0,2.0,0.0,4.586722488224956e-09,1.0,0.0,0.0,False,False,False
geminisyn,1,0.0,0,1,0,1,0.0,1.0,0.0,-1.1639645071210012e-19,,,,False,False,False
gemmy2002,1,0.0,0,1,0,1,0.0,1.0,0.0,-1.2893389201517318e-19,,,,False,False,False
general_test1853,1,1.0,0,1,0,1,0.0,1.0,0.0,8.780260282361163e-20,,,,False,False,False
gennifairy,1,0.0,0,1,0,1,0.0,1.0,0.0,1.492633237667834e-19,,,,False,False,False
genoses,1,0.0,0,1,0,1,0.0,1.0,0.0,7.567123145654664e-20,,,,False,False,False
gentle_singularity,1,0.0,0,1,0,1,0.0,1.0,0.0,-8.69635305363679e-20,,,,False,False,False
gentlemenhookedi,1,0.0,1,1,1,1,1.0,1.0,0.0,4.586722488252786e-09,1.0,0.0,0.0,False,False,False
genuinelittlepip,1,0.0,0,1,0,1,0.0,1.0,0.0,2.8759397116109506e-20,,,,False,False,False
genxsism,5,0.2,1,4,1,4,2.0,5.0,5.960993554449869e-06,5.8611826541852544e-06,2.0,0.0,0.0,False,False,False
germanucltear,2,0.0,1,2,1,2,1.0,2.0,0.0,0.0002185246234596803,1.0,0.0,0.0,False,False,False
getbyss,1,0.0,0,1,0,1,0.0,1.0,0.0,-2.5650087933468075e-19,,,,False,False,False
ggallardo02,6,0.1666666666666666,11,6,11,6,11.0,6.0,0.008799886484617249,0.000776900215841484,11.0,0.0,0.0,True,False,True
ghaarff,2,0.0,0,2,0,2,0.0,2.0,0.0,-4.418365047111788e-21,,,,False,False,False
ghastion,1,0.0,0,1,0,1,0.0,1.0,0.0,-2.0854663734301133e-20,,,,False,False,False
ghekor,2,0.5,1,2,1,2,1.0,2.0,4.785203788737766e-05,-1.6634475966660877e-19,1.0,0.0,0.0,False,False,False
ghettolemonade,1,0.0,1,1,1,1,1.0,1.0,0.0,0.0004439625567275957,1.0,0.0,0.0,False,False,False
ghost-gobi,1,0.0,1,1,1,1,1.0,1.0,0.00013715737055719016,0.00028835548369334743,1.0,0.0,0.0,False,False,False
ghost_hamster,1,0.0,0,1,0,1,0.0,1.0,0.0,-3.658643195314641e-19,,,,False,False,False
ghostbustershelpdesk,1,0.0,0,1,0,1,0.0,1.0,0.0,-2.4386428941752555e-20,,,,False,False,False
ghostesez,1,0.0,0,1,0,1,0.0,1.0,0.0,2.019675944072754e-20,,,,False,False,False
ghostinthereins,29,0.0344827586206896,15,21,15,21,21.0,29.0,0.0056277358237984045,0.0028212908546949344,21.0,0.0,0.0,True,False,True
ghstfce,3,0.0,0,3,0,3,0.0,3.0,0.0,-6.390997053497324e-20,,,,False,False,False
ghurd_,1,0.0,0,1,0,1,0.0,1.0,0.0,-2.4945957003325384e-19,,,,False,False,False
gibby256,1,0.0,0,1,0,1,0.0,1.0,0.0,-2.979077237291255e-19,,,,False,False,False
gigagiga69420,2,0.0,1,2,1,2,1.0,2.0,0.00012482158939490496,3.405885976124911e-07,1.0,0.0,0.0,False,False,False
gijora,1,0.0,1,1,1,1,1.0,1.0,0.0,3.817976104896115e-05,1.0,0.0,0.0,False,False,False
gilbert1242,4,0.0,5,3,5,3,6.0,4.0,0.000949421180591306,0.0004248883933402568,6.0,0.0,0.0,True,False,True
giliana52,2,0.0,1,2,1,2,1.0,2.0,4.747584262096747e-05,-3.601824704784127e-19,1.0,0.0,0.0,False,False,False
giliath_,1,0.0,0,1,0,1,0.0,1.0,0.0,-1.363330235625309e-19,,,,False,False,False
gilrim,9,0.0,15,8,15,8,16.0,9.0,0.004009945572428188,0.0011636746548903457,16.0,0.0,0.0,True,False,True
gimlionthehunter,8,0.125,4,8,4,8,4.0,8.0,0.0013268881512508374,0.0007622423102901565,4.0,0.0,0.0,True,False,False
gimmiedacash,1,0.0,1,1,1,1,1.0,1.0,0.0,0.0006086303904222376,1.0,0.0,0.0,False,False,False
gjgsx,1,0.0,0,1,0,1,0.0,1.0,0.0,3.144364153353669e-19,,,,False,False,False
glad-low-1348,9,0.0,1,8,1,8,1.0,9.0,4.747584262096747e-05,1.2653246237751594e-18,1.0,0.0,0.0,False,False,False
gladimoreffxiv,1,1.0,0,1,0,1,0.0,1.0,0.0,-5.0684487389589074e-20,,,,False,False,False
glaki,1,0.0,0,1,0,1,0.0,1.0,0.0,4.12785440060533e-20,,,,False,False,False
glamrock1988,2,0.0,0,1,0,1,0.0,1.0,0.0,4.550462808615558e-20,,,,False,False,False
glass_buyer_6887,1,0.0,1,1,1,1,1.0,1.0,2.7407790484902545e-05,2.1645797432221195e-05,1.0,0.0,0.0,False,False,False
glass_yam5075,2,0.0,1,2,1,2,1.0,2.0,9.323853748677521e-05,3.24664694231836e-07,1.0,0.0,0.0,False,False,False
glasse,2,0.0,0,2,0,2,0.0,2.0,0.0,2.665681296919641e-19,,,,False,False,False
glassontheevergreen,1,0.0,1,1,1,1,1.0,1.0,0.0,0.0003980042165896154,1.0,0.0,0.0,False,False,False
glasstaco69,1,0.0,0,1,0,1,0.0,1.0,0.0,7.378406464887407e-20,,,,False,False,False
glaurunga,1,0.0,0,1,0,1,0.0,1.0,0.0,-1.5165876590678813e-20,,,,False,False,False
gletschers,2,0.0,2,2,2,2,2.0,2.0,0.0001330426132645934,4.040159756720393e-05,2.0,0.0,0.0,False,False,False
glitchboard,2,0.0,0,2,0,2,0.0,2.0,0.0,3.2312773148476483e-19,,,,False,False,False
glittering_ad_9547,2,0.0,1,1,1,1,1.0,1.0,4.747584262096747e-05,8.016202460660466e-20,1.0,0.0,0.0,False,False,False
glitteringchipmunk21,10,0.2,16,8,16,8,16.0,10.0,0.009805814518076918,0.001798643506951841,16.0,0.0,0.0,True,True,True
gloomingmoon,1,0.0,0,1,0,1,0.0,1.0,0.0,-2.3403625055747105e-19,,,,False,False,False
gloomy-discipline-57,1,0.0,0,1,0,1,0.0,1.0,0.0,-1.4467741378795207e-19,,,,False,False,False
gloomy_material_8818,25,0.0,52,16,52,16,65.0,24.0,0.013748177023854323,0.0016929552146897923,65.0,0.0,0.0,True,False,True
glorinsson,1,0.0,1,1,1,1,1.0,1.0,1.2349594893231667e-05,1.3004772219494837e-05,1.0,0.0,0.0,False,False,False
gloriousnewt,1,0.0,0,1,0,1,0.0,1.0,0.0,-2.1394683031112415e-19,,,,False,False,False
gloruzhark,2,0.0,0,2,0,2,0.0,2.0,0.0,-4.403886728506765e-20,,,,False,False,False
gluecost,1,0.0,0,1,0,1,0.0,1.0,0.0,1.0460418453289317e-20,,,,False,False,False
glum-friend-594,1,0.0,1,1,1,1,1.0,1.0,0.0,-2.0245190933659266e-18,1.0,0.0,0.0,False,False,False
glupscher,2,0.0,2,2,2,2,2.0,2.0,0.00021344509216764067,0.00037199480028795293,2.0,0.0,0.0,False,False,False
glustin10,1,0.0,1,1,1,1,1.0,1.0,0.0,4.374971174760586e-19,1.0,0.0,0.0,False,False,False
glute_brah,1,0.0,0,1,0,1,0.0,1.0,0.0,-1.4236103572813542e-19,,,,False,False,False
glx0711,1,0.0,1,1,1,1,1.0,1.0,0.0,0.00181049149588019,1.0,0.0,0.0,False,False,False
gmanclassic,2,0.5,1,2,1,2,1.0,2.0,2.507968442734679e-08,4.612431450406844e-19,1.0,0.0,0.0,False,False,False
gnarlyteeth,5,0.0,3,4,3,4,4.0,5.0,0.0006875840417240667,3.444280157672309e-05,4.0,0.0,0.0,True,False,False
gnomulus,1,0.0,1,1,1,1,1.0,1.0,0.0,0.09344260543759528,1.0,0.0,0.0,False,False,False
go-to-the-gym,1,0.0,0,1,0,1,0.0,1.0,0.0,1.8258899369684125e-19,,,,False,False,False
goatmontwaters,3,0.0,1,3,1,3,1.0,3.0,0.0008191561591567731,4.3121952374344104e-05,1.0,0.0,0.0,False,False,False
goatviolence,1,0.0,1,1,1,1,1.0,1.0,0.0,0.0001355357147243827,1.0,0.0,0.0,False,False,False
goawasho,1,0.0,2,1,2,1,3.0,1.0,9.567811795011696e-07,0.0017963195707059367,3.0,0.0,0.0,False,False,False
goblin-auditor,1,0.0,0,1,0,1,0.0,1.0,0.0,-3.2633355449098486e-20,,,,False,False,False
goblin_bomb_toss,2,0.0,0,2,0,2,0.0,2.0,0.0,-6.961148321785544e-20,,,,False,False,False
goddessmarika,1,0.0,0,1,0,1,0.0,1.0,0.0,2.083384192540402e-19,,,,False,False,False
godfrey1,1,0.0,0,1,0,1,0.0,1.0,0.0,-6.96949898259524e-20,,,,False,False,False
godgonefishing,1,0.0,0,1,0,1,0.0,1.0,0.0,-1.0167249781723933e-19,,,,False,False,False
godisananimegirl,1,0.0,0,1,0,1,0.0,1.0,0.0,-9.246751591426029e-20,,,,False,False,False
goffforpresident,2,0.0,1,2,1,2,1.0,2.0,0.0,8.541339921001742e-06,1.0,0.0,0.0,False,False,False
golbeza,1,0.0,0,1,0,1,0.0,1.0,0.0,5.3364427571425447e-20,,,,False,False,False
goldman_sax,1,0.0,1,1,1,1,1.0,1.0,4.747584262096746e-05,-1.3206815935035896e-19,1.0,0.0,0.0,False,False,False
goldtension6401,2,0.0,7,2,7,2,7.0,2.0,2.7838449714354936e-06,1.861624514516313e-08,7.0,0.0,0.0,True,False,False
gomjabbarr9,1,0.0,0,1,0,1,0.0,1.0,0.0,-1.0053453628408032e-19,,,,False,False,False
gonbulio,1,0.0,0,1,0,1,0.0,1.0,0.0,9.771831324601254e-20,,,,False,False,False
gonephishin213,1,0.0,0,1,0,1,0.0,1.0,0.0,-1.4106927365376083e-21,,,,False,False,False
gonji89,1,0.0,0,1,0,1,0.0,1.0,0.0,-2.1187019065737068e-19,,,,False,False,False
gooberghost,1,1.0,0,1,0,1,0.0,1.0,0.0,1.9997000934979e-19,,,,False,False,False
goobrains-png,1,0.0,0,1,0,1,0.0,1.0,0.0,1.0637349160653921e-19,,,,False,False,False
good-piece-5570,2,0.0,0,2,0,2,0.0,2.0,0.0,-5.11020391285782e-20,,,,False,False,False
goodg-gravy,3,0.0,0,3,0,3,0.0,3.0,0.0,1.5574886716641598e-19,,,,False,False,False
goodperformance7935,2,0.0,0,1,0,1,0.0,1.0,0.0,-2.5037095027445836e-20,,,,False,False,False
gooneybirdable,2,0.0,1,2,1,2,1.0,2.0,1.2281225610651529e-05,4.573461164876452e-19,1.0,0.0,0.0,False,False,False
gorismm,1,0.0,0,1,0,1,0.0,1.0,0.0,-7.971677332278566e-20,,,,False,False,False
gormhub,1,0.0,0,1,0,1,0.0,1.0,0.0,-1.7172128592592292e-20,,,,False,False,False
goshaigo,1,0.0,0,1,0,1,0.0,1.0,0.0,-5.761486601637481e-20,,,,False,False,False
gothicfuck,2,0.0,1,1,1,1,1.0,2.0,0.0,0.0019997696414457877,1.0,0.0,0.0,False,False,False
gotthatdogginhim,1,0.0,1,1,1,1,1.0,1.0,0.0,0.001810491495880187,1.0,0.0,0.0,False,False,False
gotverd,2,0.0,30,2,30,2,32.0,2.0,0.00023403400200648367,0.014247579286766933,32.0,0.0,0.0,True,False,False
gounionstayunion,1,0.0,0,1,0,1,0.0,1.0,0.0,-8.487303406842317e-21,,,,False,False,False
gozuk99,1,0.0,0,1,0,1,0.0,1.0,0.0,3.871562640428956e-20,,,,False,False,False
grabklutzy9716,1,0.0,0,1,0,1,0.0,1.0,0.0,1.180332059617425e-20,,,,False,False,False
graenntv,1,0.0,1,1,1,1,1.0,1.0,2.507968442734679e-08,3.402509711202633e-19,1.0,0.0,0.0,False,False,False
graf_rotz,3,0.0,4,3,4,3,4.0,3.0,0.0004443556173426781,3.964199403618433e-05,4.0,0.0,0.0,True,False,False
grafblaffer,3,0.0,1,3,1,3,1.0,3.0,4.747584262096747e-05,-7.202036892938902e-20,1.0,0.0,0.0,False,False,False
graffers,2,0.0,0,2,0,2,0.0,2.0,0.0,2.090340028828329e-20,,,,False,False,False
graggle_simpson,1,0.0,0,1,0,1,0.0,1.0,0.0,7.89714701396554e-20,,,,False,False,False
grandahl13,2,0.5,0,2,0,2,0.0,2.0,0.0,1.9726425842664808e-19,,,,False,False,False
grandmacolin,5,0.0,2,3,2,3,3.0,5.0,0.0040708825975317555,0.014380844437375816,3.0,0.0,0.0,False,False,False
grandmastertaka,1,0.0,0,1,0,1,0.0,1.0,0.0,4.186648853870232e-20,,,,False,False,False
granitegumball,1,0.0,0,1,0,1,0.0,1.0,0.0,7.374356076155832e-20,,,,False,False,False
granny_knows_best,1,0.0,0,1,0,1,0.0,1.0,0.0,6.294114828002825e-20,,,,False,False,False
granum22,1,0.0,0,1,0,1,0.0,1.0,0.0,9.911106658125681e-20,,,,False,False,False
graphiccsp,6,0.0,3,4,3,4,4.0,6.0,0.000533208808347468,4.3158834775432396e-05,4.0,0.0,0.0,True,False,False
graphxrequiem,1,0.0,0,1,0,1,0.0,1.0,0.0,3.384638762974769e-20,,,,False,False,False
grapspike,1,0.0,0,1,0,1,0.0,1.0,0.0,-2.5665500416603656e-19,,,,False,False,False
grasspatty,1,0.0,0,1,0,1,0.0,1.0,0.0,-7.819442786770232e-20,,,,False,False,False
grathungar,2,0.0,2,2,2,2,2.0,2.0,0.00027744798124988587,1.6706037610606187e-07,2.0,0.0,0.0,False,False,False
grayscape,3,0.0,0,3,0,3,0.0,3.0,0.0,5.3252087916655285e-20,,,,False,False,False
great_language6947,2,0.0,1,1,1,1,2.0,2.0,0.0,0.0018104914958801854,2.0,0.0,0.0,False,False,False
greatgigginox,1,0.0,0,1,0,1,0.0,1.0,0.0,4.625933452054713e-19,,,,False,False,False
greatscottxxxxxx,1,0.0,0,1,0,1,0.0,1.0,0.0,-2.2341290528369754e-19,,,,False,False,False
greedyspree,1,0.0,0,1,0,1,0.0,1.0,0.0,9.616795096656741e-21,,,,False,False,False
green_and_silver,1,0.0,1,1,1,1,1.0,1.0,0.00023613180106084731,1.9990281086331128e-05,1.0,0.0,0.0,False,False,False
greenaldiers,2,0.0,0,2,0,2,0.0,2.0,0.0,1.4309673905434237e-19,,,,False,False,False
greendino71,1,0.0,0,1,0,1,0.0,1.0,0.0,-1.7077592285166288e-19,,,,False,False,False
greenegg28,2,0.0,0,2,0,2,0.0,2.0,0.0,2.2530976574110314e-19,,,,False,False,False
greewens,2,0.0,1,2,1,2,1.0,2.0,4.747584262096747e-05,-2.1323976524483208e-19,1.0,0.0,0.0,False,False,False
greg2227,1,0.0,0,1,0,1,0.0,1.0,0.0,-3.2207408883424335e-19,,,,False,False,False
grenyn,4,0.0,0,4,0,4,0.0,4.0,0.0,5.1934404167191154e-20,,,,False,False,False
grevenqwhite,1,0.0,0,1,0,1,0.0,1.0,0.0,-1.0701180363699228e-19,,,,False,False,False
greymane059,1,0.0,0,1,0,1,0.0,1.0,0.0,-2.4481198828042283e-21,,,,False,False,False
greywallgaming,2,0.0,1,2,1,2,1.0,2.0,0.00017564366073254364,5.2033010126955e-05,1.0,0.0,0.0,False,False,False
greywalls86,1,0.0,0,1,0,1,0.0,1.0,0.0,-5.209210082511612e-21,,,,False,False,False
griever12691,1,0.0,2,1,2,1,2.0,1.0,4.752600198982217e-07,0.00022209339783593886,2.0,0.0,0.0,False,False,False
grilled_frog,1,0.0,1,1,1,1,1.0,1.0,0.0,1.7954506959682015e-19,1.0,0.0,0.0,False,False,False
grimpredi,1,0.0,0,1,0,1,0.0,1.0,0.0,1.0715255663770346e-19,,,,False,False,False
grindycore,1,1.0,0,1,0,1,0.0,1.0,0.0,1.3162747466661927e-20,,,,False,False,False
gronferi,1,0.0,0,1,0,1,0.0,1.0,0.0,6.059447177695658e-20,,,,False,False,False
grouchy-county676,3,0.0,1,3,1,3,1.0,3.0,3.04522405618112e-05,-1.3761654661873392e-18,1.0,0.0,0.0,False,False,False
groyklug,1,0.0,1,1,1,1,1.0,1.0,0.0,5.103538515944761e-06,1.0,0.0,0.0,False,False,False
grubsahoy,1,0.0,0,1,0,1,0.0,1.0,0.0,5.708045767639245e-20,,,,False,False,False
grumpiergoat,1,0.0,0,1,0,1,0.0,1.0,0.0,1.3494911216517045e-20,,,,False,False,False
grumpper,1,0.0,1,1,1,1,1.0,1.0,1.5159003103449595e-06,-6.72170696544863e-19,1.0,0.0,0.0,False,False,False
grumpydog84,1,0.0,0,1,0,1,0.0,1.0,0.0,-8.983227181134755e-20,,,,False,False,False
grumpypan,1,1.0,1,1,1,1,1.0,1.0,0.0002845381786177681,0.00026729951153767726,1.0,0.0,0.0,False,False,False
grumpysatan,3,0.3333333333333333,2,3,2,3,2.0,3.0,0.0009856442532888373,1.1576934905547436e-05,2.0,0.0,0.0,False,False,False
grumsta,6,0.0,1,6,1,6,1.0,6.0,3.753684330045574e-05,3.241665224606876e-19,1.0,0.0,0.0,False,False,False
guilhaum,13,0.0,9,13,9,13,10.0,13.0,0.004100762081799142,0.0002811367766710162,10.0,0.0,0.0,True,False,True
guilty-carry-wrea,4,0.0,20,4,20,4,22.0,4.0,0.0028393963633004914,0.0050370554279835986,22.0,0.0,0.0,True,False,True
guilty-cook-4663,1,0.0,11,1,11,1,11.0,1.0,0.001528597835922007,0.0014488559632822634,11.0,0.0,0.0,True,False,True
guitarrabit,1,0.0,0,1,0,1,0.0,1.0,0.0,1.0167508690784186e-19,,,,False,False,False
gulasch_man,1,0.0,1,1,1,1,1.0,1.0,0.0,0.0021468573371471863,1.0,0.0,0.0,False,False,False
gulbeleglim,1,0.0,0,1,0,1,0.0,1.0,0.0,-1.0377124261331816e-20,,,,False,False,False
gulfos,1,0.0,2,1,2,1,2.0,1.0,0.00011095456662176141,6.501676782804788e-05,2.0,0.0,0.0,False,False,False
gullible_fennel7028,1,0.0,0,1,0,1,0.0,1.0,0.0,-1.7969638227425096e-20,,,,False,False,False
gullible_spell7057,4,0.0,32,4,32,4,33.0,4.0,0.023648600282330286,0.0010135465890719916,33.0,0.0,0.0,True,False,True
gumjo123,2,0.0,1,2,1,2,1.0,2.0,0.0,0.0079694227616994,1.0,0.0,0.0,False,False,False
gupulopo,2,0.0,0,2,0,2,0.0,2.0,0.0,5.7504056868987124e-21,,,,False,False,False
guru_def,1,0.0,0,1,0,1,0.0,1.0,0.0,3.444620800111429e-20,,,,False,False,False
gusteauxs,1,0.0,0,1,0,1,0.0,1.0,0.0,-2.8803674762357976e-20,,,,False,False,False
guykopski,2,0.0,0,2,0,2,0.0,2.0,0.0,-9.165649465744837e-20,,,,False,False,False
guypoope,2,0.0,1,2,1,2,1.0,2.0,4.07700432939846e-05,0.0002702670341856768,1.0,0.0,0.0,False,False,False
guyskee,1,0.0,0,1,0,1,0.0,1.0,0.0,2.1334826554978953e-21,,,,False,False,False
guywhoenjoysgames,1,0.0,0,1,0,1,0.0,1.0,0.0,5.102182062981756e-20,,,,False,False,False
guzmasbussy,2,0.0,0,2,0,2,0.0,2.0,0.0,-1.4244217085008786e-19,,,,False,False,False
gvarcian,1,0.0,0,1,0,1,0.0,1.0,0.0,-2.3148637421203305e-19,,,,False,False,False
gweloss,1,0.0,0,1,0,1,0.0,1.0,0.0,6.9778969910266e-20,,,,False,False,False
gwoo37573,1,0.0,0,1,0,1,0.0,1.0,0.0,3.4255067676858146e-20,,,,False,False,False
gyranos,1,0.0,1,1,1,1,1.0,1.0,0.0,5.3999498871470435e-05,1.0,0.0,0.0,False,False,False
h0r1zon,1,0.0,0,1,0,1,0.0,1.0,0.0,1.9669964809917932e-20,,,,False,False,False
h0wdoesthisthingwork,1,0.0,0,1,0,1,0.0,1.0,0.0,6.812417327543818e-21,,,,False,False,False
h3atdom3,1,0.0,0,1,0,1,0.0,1.0,0.0,-6.983620045629965e-20,,,,False,False,False
hackanddash,1,0.0,0,1,0,1,0.0,1.0,0.0,-1.4992752553476142e-19,,,,False,False,False
hademar,2,0.0,1,2,1,2,1.0,2.0,0.00015623900869213462,1.3004772219495249e-05,1.0,0.0,0.0,False,False,False
hadronlicker,1,0.0,0,1,0,1,0.0,1.0,0.0,-4.686354767431361e-20,,,,False,False,False
haemwich,1,0.0,0,1,0,1,0.0,1.0,0.0,2.2543919593469527e-19,,,,False,False,False
hailtbewhale,1,1.0,0,1,0,1,0.0,1.0,0.0,5.433711649968126e-20,,,,False,False,False
hailtothedogebby,1,0.0,0,1,0,1,0.0,1.0,0.0,-2.3609418552436126e-19,,,,False,False,False
hairybeaver123,1,0.0,0,1,0,1,0.0,1.0,0.0,-1.47817226945118e-19,,,,False,False,False
haklis,6,0.0,70,6,70,6,71.0,6.0,0.004864655355856329,0.003707050947276395,71.0,0.0,0.0,True,False,True
halethrom,1,0.0,0,1,0,1,0.0,1.0,0.0,-5.961530092700163e-20,,,,False,False,False
halfaloafofkungfoo,1,0.0,0,1,0,1,0.0,1.0,0.0,4.9893137681283454e-21,,,,False,False,False
hallc,17,0.1764705882352941,5,14,5,14,8.0,17.0,0.003323924550365939,4.269978905524439e-06,8.0,0.0,0.0,True,False,True
halldisastrous1635,1,0.0,0,1,0,1,0.0,1.0,0.0,3.029089282958129e-19,,,,False,False,False
hallowclaw,1,0.0,1,1,1,1,1.0,1.0,0.0,0.0026393505784059954,1.0,0.0,0.0,False,False,False
halodon,1,0.0,1,1,1,1,1.0,1.0,0.0,1.2489878951779774e-05,1.0,0.0,0.0,False,False,False
halu68,1,0.0,2,1,2,1,2.0,1.0,9.466718009541668e-05,0.00045815701487698614,2.0,0.0,0.0,False,False,False
halzfrost,1,0.0,0,1,0,1,0.0,1.0,0.0,-3.387597301781304e-20,,,,False,False,False
hammerhandle,2,0.5,1,2,1,2,1.0,2.0,4.747584262096747e-05,1.1254060422288168e-18,1.0,0.0,0.0,False,False,False
hammerofbonking,2,0.0,1,2,1,2,1.0,2.0,4.704948798570257e-05,5.294252890617722e-07,1.0,0.0,0.0,False,False,False
hammyoverlordofbacon,1,0.0,1,1,1,1,1.0,1.0,0.0,0.00015553244451118416,1.0,0.0,0.0,False,False,False
han-kay,1,0.0,0,1,0,1,0.0,1.0,0.0,-1.796858926064944e-20,,,,False,False,False
han-seoul_oh,1,0.0,0,1,0,1,0.0,1.0,0.0,2.1403233554115471e-19,,,,False,False,False
hanabishi_recca,1,0.0,0,1,0,1,0.0,1.0,0.0,4.623816174290501e-20,,,,False,False,False
hanibalecter,3,0.0,0,3,0,3,0.0,3.0,0.0,1.651879207142622e-19,,,,False,False,False
hanonlei,1,0.0,0,1,0,1,0.0,1.0,0.0,1.3578279108862721e-19,,,,False,False,False
hapless_wizard,2,0.0,1,2,1,2,1.0,2.0,0.00015028401498545077,3.6495275263873275e-05,1.0,0.0,0.0,False,False,False
happles11,1,0.0,0,1,0,1,0.0,1.0,0.0,3.460812491252808e-20,,,,False,False,False
happy-temperature735,1,0.0,0,1,0,1,0.0,1.0,0.0,2.917749939830603e-20,,,,False,False,False
happynem,1,0.0,0,1,0,1,0.0,1.0,0.0,-7.810256267349268e-21,,,,False,False,False
happythoughts33,2,0.0,8,2,8,2,8.0,2.0,0.00012901212599955415,0.01568125984546913,8.0,0.0,0.0,True,False,False
harai_ulfsark,4,0.0,2,4,2,4,2.0,4.0,0.0004336342051290621,8.701827550377034e-06,2.0,0.0,0.0,False,False,False
harcole,4,0.0,4,3,4,3,5.0,4.0,0.0005250608803684578,5.460032767457751e-06,5.0,0.0,0.0,True,False,True
hardcoremilf,1,0.0,0,1,0,1,0.0,1.0,0.0,1.1297057689043972e-19,,,,False,False,False
hardlyaaron,1,0.0,0,1,0,1,0.0,1.0,0.0,-1.1586228666807412e-19,,,,False,False,False
harithbk,1,0.0,0,1,0,1,0.0,1.0,0.0,8.231659334018194e-20,,,,False,False,False
harkats,1,0.0,0,1,0,1,0.0,1.0,0.0,9.70834004408463e-21,,,,False,False,False
harlandus,1,0.0,2,1,2,1,2.0,1.0,0.00013604239558180726,0.0003926207875573375,2.0,0.0,0.0,False,False,False
haroerhaktak,3,0.0,1,3,1,3,1.0,3.0,4.7475842620967475e-05,-1.0858929444931158e-18,1.0,0.0,0.0,False,False,False
harpoonthemoon,2,0.0,1,2,1,2,1.0,2.0,3.858032645623017e-06,3.739842465541816e-05,1.0,0.0,0.0,False,False,False
harrekmistpaw,2,0.0,0,2,0,2,0.0,2.0,0.0,3.75084857508976e-20,,,,False,False,False
harrowdread,1,0.0,1,1,1,1,1.0,1.0,4.767648009638625e-05,-1.6184514536104324e-20,1.0,0.0,0.0,False,False,False
harrynohara,1,0.0,0,1,0,1,0.0,1.0,0.0,1.3246295303547627e-20,,,,False,False,False
harsesis,1,0.0,0,1,0,1,0.0,1.0,0.0,-1.1312910664045613e-19,,,,False,False,False
hassadar,2,0.0,0,2,0,2,0.0,2.0,0.0,3.471901502717273e-19,,,,False,False,False
hasturlavistababy,1,0.0,0,1,0,1,0.0,1.0,0.0,-3.495202245909038e-21,,,,False,False,False
hat1337,1,0.0,0,1,0,1,0.0,1.0,0.0,-1.2058827973764842e-19,,,,False,False,False
hatereddit77,1,0.0,0,1,0,1,0.0,1.0,0.0,1.670359402541295e-19,,,,False,False,False
hatsjekidee,1,0.0,0,1,0,1,0.0,1.0,0.0,-1.3072945249590848e-20,,,,False,False,False
hattiejay,1,0.0,0,1,0,1,0.0,1.0,0.0,-2.0200777284266138e-19,,,,False,False,False
haugs22,2,0.0,1,2,1,2,1.0,2.0,0.0,9.743057672062121e-06,1.0,0.0,0.0,False,False,False
haunting-salt-3948,1,0.0,0,1,0,1,0.0,1.0,0.0,1.8401222850318202e-20,,,,False,False,False
haunting_response570,1,0.0,1,1,1,1,1.0,1.0,0.0,-3.6341901968619317e-19,1.0,0.0,0.0,False,False,False
haventsleptinyears,1,0.0,1,1,1,1,1.0,1.0,0.0,0.0003428706519108546,1.0,0.0,0.0,False,False,False
havillard,1,1.0,1,1,1,1,1.0,1.0,1.5860544569133934e-06,7.311290569974152e-07,1.0,0.0,0.0,False,False,False
hawkleberryfin,1,0.0,0,1,0,1,0.0,1.0,0.0,-5.123444188012219e-21,,,,False,False,False
hawkseye17,1,0.0,0,1,0,1,0.0,1.0,0.0,4.9190691584220505e-21,,,,False,False,False
hawkyyy,2,0.0,2,2,2,2,3.0,2.0,0.00017652182368903572,3.310566722833479e-05,3.0,0.0,0.0,False,False,False
hawntir,1,0.0,0,1,0,1,0.0,1.0,0.0,-6.066173767683785e-20,,,,False,False,False
haxor__doge,1,0.0,0,1,0,1,0.0,1.0,0.0,-2.501609942825626e-19,,,,False,False,False
hbgsmokes,1,0.0,3,1,3,1,3.0,1.0,4.755108167424951e-05,1.184295197727928e-18,3.0,0.0,0.0,True,False,False
hbreckel,2,0.0,1,2,1,2,1.0,2.0,1.9753020336311098e-05,4.4100727715841875e-06,1.0,0.0,0.0,False,False,False
hcsimon,1,0.0,2,1,2,1,2.0,1.0,6.526476291474634e-05,1.196656801767327e-06,2.0,0.0,0.0,False,False,False
head-artist1493,1,0.0,0,1,0,1,0.0,1.0,0.0,-6.531482278439178e-20,,,,False,False,False
head_employment4869,2,0.0,2,2,2,2,2.0,2.0,0.0014225602544212848,1.1866284828953147e-06,2.0,0.0,0.0,False,False,False
headlikeagnoll,1,0.0,0,1,0,1,0.0,1.0,0.0,-1.5621419059116462e-19,,,,False,False,False
healthy-cellist161,1,0.0,6,1,6,1,6.0,1.0,0.00011779508897734408,0.00027444743258056575,6.0,0.0,0.0,True,False,False
heauxmo,1,0.0,0,1,0,1,0.0,1.0,0.0,1.6730697004041595e-19,,,,False,False,False
heavy_tart_1464,1,0.0,0,1,0,1,0.0,1.0,0.0,-2.48972004246692e-19,,,,False,False,False
heflay,1,0.0,0,1,0,1,0.0,1.0,0.0,1.2376896795837627e-20,,,,False,False,False
hefty-ant-378,1,0.0,0,1,0,1,0.0,1.0,0.0,-7.201152857702058e-20,,,,False,False,False
hekios888,1,0.0,0,1,0,1,0.0,1.0,0.0,1.6451256603668898e-20,,,,False,False,False
hell-yea-brother,2,0.5,2,2,2,2,2.0,2.0,9.232976663777428e-05,6.3981962650983e-06,2.0,0.0,0.0,False,False,False
hellbirdvt,2,0.5,4,2,4,2,4.0,2.0,0.00031978950969285044,2.369928261138031e-06,4.0,0.0,0.0,True,False,False
helloiamruhri,1,0.0,0,1,0,1,0.0,1.0,0.0,-1.260046876030762e-19,,,,False,False,False
hellomyfren6666,2,0.0,5,2,5,2,5.0,2.0,0.0010627923385983936,0.00011969759861852376,5.0,0.0,0.0,True,False,True
helluiin,3,0.0,1,3,1,3,1.0,3.0,7.855441310614701e-06,5.07889054523164e-06,1.0,0.0,0.0,False,False,False
heloriel,1,0.0,0,1,0,1,0.0,1.0,0.0,1.7799681282651504e-19,,,,False,False,False
henkarinami,3,0.6666666666666666,1,2,1,2,2.0,3.0,4.740060356768543e-05,-1.2685789207744578e-18,2.0,0.0,0.0,False,False,False
henrikhakan,1,0.0,0,1,0,1,0.0,1.0,0.0,1.8034517812224184e-19,,,,False,False,False
henryeaterofpies,3,0.0,6,3,6,3,6.0,3.0,0.0005981819663571257,7.959775161797753e-07,6.0,0.0,0.0,True,False,True
henslock,2,0.0,0,2,0,2,0.0,2.0,0.0,1.7588392084093445e-19,,,,False,False,False
heraldofthechange,1,,0,1,0,1,0.0,0.0,0.0,7.179416646487616e-20,,,,False,False,False
heraldtyphus,1,0.0,0,1,0,1,0.0,1.0,0.0,2.8332087546492954e-19,,,,False,False,False
herbeste,1,0.0,0,1,0,1,0.0,1.0,0.0,2.665199560821327e-19,,,,False,False,False
hereforthehohoho,1,0.0,0,1,0,1,0.0,1.0,0.0,8.568688232050015e-20,,,,False,False,False
heretosee123,1,1.0,0,1,0,1,0.0,1.0,0.0,2.0740296859994842e-20,,,,False,False,False
herkyjerkyperky,1,0.0,0,1,0,1,0.0,1.0,0.0,1.162038326684325e-19,,,,False,False,False
hermanvb,1,0.0,0,1,0,1,0.0,1.0,0.0,-3.5508328210090686e-20,,,,False,False,False
hermitxd,3,0.0,3,3,3,3,3.0,3.0,0.00038198114317543726,0.00036852985625481616,3.0,0.0,0.0,True,False,False
herozealot35,1,0.0,0,1,0,1,0.0,1.0,0.0,3.2042643449982406e-20,,,,False,False,False
herrmatthew,1,0.0,0,1,0,1,0.0,1.0,0.0,1.0499774634906529e-19,,,,False,False,False
herrrauch,1,0.0,1,1,1,1,1.0,1.0,0.0,1.0255621172892509e-05,1.0,0.0,0.0,False,False,False
hersheysx,3,0.0,1,1,1,1,2.0,3.0,0.0,4.708313902763541e-06,2.0,0.0,0.0,False,False,False
hery41,2,0.0,0,2,0,2,0.0,2.0,0.0,2.131784910133731e-20,,,,False,False,False
hesitationz,1,0.0,0,1,0,1,0.0,1.0,0.0,1.228002555646586e-19,,,,False,False,False
hetvenot,1,0.0,1,1,1,1,1.0,1.0,0.0,0.09344260543759521,1.0,0.0,0.0,False,False,False
hexadroid,1,0.0,0,1,0,1,0.0,1.0,0.0,3.569453641801359e-20,,,,False,False,False
heyeverythingisfine,1,0.0,0,1,0,1,0.0,1.0,0.0,3.094811940702695e-19,,,,False,False,False
heysupmanbruh,3,0.0,2,3,2,3,2.0,3.0,5.5911991613449095e-05,1.4772373941125255e-06,2.0,0.0,0.0,False,False,False
hh-harvey,1,0.0,0,1,0,1,0.0,1.0,0.0,2.330178910732383e-20,,,,False,False,False
hhalloush,2,0.5,1,2,1,2,1.0,2.0,1.9024069754510398e-05,3.18098063722101e-05,1.0,0.0,0.0,False,False,False
higgi57,1,0.0,1,1,1,1,1.0,1.0,0.00015243743260452008,4.497500735517651e-06,1.0,0.0,0.0,False,False,False
highimlacs,1,0.0,0,1,0,1,0.0,1.0,0.0,6.215735002977587e-20,,,,False,False,False
highwaymedical864,2,0.0,1,2,1,2,1.0,2.0,5.015936885469358e-08,1.736661339447676e-18,1.0,0.0,0.0,False,False,False
hiimred2,2,0.0,2,2,2,2,2.0,2.0,0.0002635055129342605,6.053594633214598e-05,2.0,0.0,0.0,False,False,False
hikashuri,1,0.0,0,1,0,1,0.0,1.0,0.0,-1.6479296783350783e-20,,,,False,False,False
hilariousmax,2,0.0,0,2,0,2,0.0,2.0,0.0,2.235975281061048e-19,,,,False,False,False
hildarthedorf,1,1.0,1,1,1,1,1.0,1.0,0.0,0.0013310242991650058,1.0,0.0,0.0,False,False,False
hilduria,1,0.0,0,1,0,1,0.0,1.0,0.0,1.6403330502583125e-19,,,,False,False,False
hipgamer,1,0.0,0,1,0,1,0.0,1.0,0.0,2.028851514980765e-19,,,,False,False,False
hiptones,1,0.0,0,1,0,1,0.0,1.0,0.0,-4.2426746982948734e-20,,,,False,False,False
hiroamiya230,1,0.0,0,1,0,1,0.0,1.0,0.0,-6.804683494056536e-20,,,,False,False,False
historicalsherbert92,1,0.0,0,1,0,1,0.0,1.0,0.0,1.9292057828195433e-19,,,,False,False,False
hitboxcomics,1,0.0,1,1,1,1,1.0,1.0,0.0,1.6961871710842253e-06,1.0,0.0,0.0,False,False,False
hitman3256,1,0.0,1,1,1,1,1.0,1.0,0.0,-1.3369411963977971e-18,1.0,0.0,0.0,False,False,False
hitstuff,1,0.0,1,1,1,1,1.0,1.0,0.0,0.09344260543759524,1.0,0.0,0.0,False,False,False
hlb217,1,0.0,0,1,0,1,0.0,1.0,0.0,8.200194414734881e-20,,,,False,False,False
hobodudeguy,3,0.3333333333333333,1,2,1,2,2.0,3.0,5.015936885469358e-08,-7.190606519243766e-19,2.0,0.0,0.0,False,False,False
hoenn_enjoyer,1,0.0,0,1,0,1,0.0,1.0,0.0,-8.79185897269683e-20,,,,False,False,False
hoggerflogger,1,0.0,1,1,1,1,1.0,1.0,5.2176648225100275e-05,3.8599059260709154e-05,1.0,0.0,0.0,False,False,False
hojicha001,1,0.0,0,1,0,1,0.0,1.0,0.0,-1.1059962351654493e-19,,,,False,False,False
holay63,1,1.0,0,1,0,1,0.0,1.0,0.0,-1.4638179125880245e-19,,,,False,False,False
holdill5352,1,0.0,0,1,0,1,0.0,1.0,0.0,-1.1821506469197272e-19,,,,False,False,False
holeyfield,1,0.0,0,1,0,1,0.0,1.0,0.0,-5.943909305387028e-20,,,,False,False,False
holgerdk,1,0.0,0,1,0,1,0.0,1.0,0.0,1.2000850438412318e-19,,,,False,False,False
holy_holley,1,0.0,1,1,1,1,1.0,1.0,1.5047810656408074e-07,-9.0229542856194e-19,1.0,0.0,0.0,False,False,False
holyrs90,4,0.0,2,4,2,4,2.0,4.0,4.968079473363889e-05,-2.4030915507475598e-18,2.0,0.0,0.0,False,False,False
holyvoltage,1,0.0,0,1,0,1,0.0,1.0,0.0,2.5051109130786e-19,,,,False,False,False
honeyalias,1,0.0,2,1,2,1,2.0,1.0,5.015936885469358e-08,8.160932882189717e-05,2.0,0.0,0.0,False,False,False
honeybadger_42,1,0.0,0,1,0,1,0.0,1.0,0.0,-7.573261567312194e-21,,,,False,False,False
honeydictum,1,0.0,0,1,0,1,0.0,1.0,0.0,-1.9126603575008567e-20,,,,False,False,False
hoochiedaddy420,1,0.0,1,1,1,1,1.0,1.0,0.0006268819989263268,3.1438958833194085e-09,1.0,0.0,0.0,False,False,False
hoodedoccam,1,0.0,1,1,1,1,1.0,1.0,0.0003470605585487251,0.0002442646605002552,1.0,0.0,0.0,False,False,False
hoodieninja17,3,0.0,2,3,2,3,2.0,3.0,5.0330034690819134e-05,-1.876042698695514e-18,2.0,0.0,0.0,False,False,False
hoodoodle,2,0.0,0,2,0,2,0.0,2.0,0.0,-1.5606829004358128e-19,,,,False,False,False
hoopyfroodjera,4,0.0,1,4,1,4,1.0,4.0,9.495168524193494e-05,1.2595791908872259e-18,1.0,0.0,0.0,False,False,False
hoopyhobo,3,0.0,2,2,2,2,2.0,3.0,0.0010389065624087316,0.00814907836749391,2.0,0.0,0.0,False,False,False
hoosled,1,0.0,0,1,0,1,0.0,1.0,0.0,4.891177155454163e-21,,,,False,False,False
hopemonster,9,0.0,11,7,11,7,14.0,9.0,0.0019096951118493545,0.00025381633981481775,14.0,0.0,0.0,True,False,True
hopkin_greenfrog,1,0.0,0,1,0,1,0.0,1.0,0.0,-1.5406640588268966e-21,,,,False,False,False
hopper_mushi,1,0.0,0,1,0,1,0.0,1.0,0.0,-2.7570716193240526e-21,,,,False,False,False
hopumi,1,0.0,0,1,0,1,0.0,1.0,0.0,8.644223387573189e-21,,,,False,False,False
hornsmasher,1,0.0,0,1,0,1,0.0,1.0,0.0,-2.063092880727167e-19,,,,False,False,False
horror_of_yig,2,0.0,0,2,0,2,0.0,2.0,0.0,-8.767280628135651e-21,,,,False,False,False
hosenkobold,1,0.0,2,1,2,1,2.0,1.0,4.75510816742495e-05,-1.9657688714827474e-19,2.0,0.0,0.0,False,False,False
hot-parfait-5722,1,0.0,1,1,1,1,1.0,1.0,0.0,0.0002843010966146888,1.0,0.0,0.0,False,False,False
hot_process441,1,0.0,0,1,0,1,0.0,1.0,0.0,-1.4774397356108896e-20,,,,False,False,False
hot_vanilla_8293,1,0.0,0,1,0,1,0.0,1.0,0.0,-5.073870092318785e-20,,,,False,False,False
hotbooster9858,1,0.0,0,1,0,1,0.0,1.0,0.0,-1.795981072399775e-19,,,,False,False,False
hotchrisbfries,1,0.0,0,1,0,1,0.0,1.0,0.0,-5.342840453918278e-20,,,,False,False,False
hotcoffee12,1,0.0,0,1,0,1,0.0,1.0,0.0,1.161927100515124e-19,,,,False,False,False
hotdogmagic505,2,0.0,4,2,4,2,4.0,2.0,0.00012512254560803312,1.9303941547943217e-05,4.0,0.0,0.0,True,False,False
hothgor,2,0.0,1,2,1,2,1.0,2.0,3.4764513887203516e-05,1.4955811754871933e-19,1.0,0.0,0.0,False,False,False
hoticehunter,1,0.0,2,1,2,1,2.0,1.0,1.7910895487927056e-05,1.1003755522969687e-05,2.0,0.0,0.0,False,False,False
hotndot333,2,0.0,1,1,1,1,2.0,2.0,0.0,9.720814686100274e-06,2.0,0.0,0.0,False,False,False
hottage,5,0.0,4,5,4,5,4.0,5.0,0.004975547268001329,0.016010454180231688,4.0,0.0,0.0,True,False,False
hotterthanhooters,2,0.0,0,2,0,2,0.0,2.0,0.0,-8.242369650065565e-20,,,,False,False,False
hour-significance158,1,0.0,0,1,0,1,0.0,1.0,0.0,1.8621163513387462e-19,,,,False,False,False
howlercorp,1,0.0,0,1,0,1,0.0,1.0,0.0,-1.0082683953681872e-20,,,,False,False,False
howtojump,1,0.0,1,1,1,1,1.0,1.0,0.0,6.434797509578084e-05,1.0,0.0,0.0,False,False,False
hrafhildr,2,0.0,1,2,1,2,1.0,2.0,4.747584262096747e-05,-1.2369907538021128e-19,1.0,0.0,0.0,False,False,False
hrekires,2,0.0,6,2,6,2,6.0,2.0,0.0005092951922920386,0.00026792710901025,6.0,0.0,0.0,True,False,True
hryzzo,1,0.0,2,1,2,1,2.0,1.0,9.866411561085393e-05,7.311290569975805e-07,2.0,0.0,0.0,False,False,False
hsbprojectjhin,1,0.0,0,1,0,1,0.0,1.0,0.0,-1.9179899990079998e-20,,,,False,False,False
hsinvega,1,0.0,1,1,1,1,1.0,1.0,0.0,2.231120677515208e-05,1.0,0.0,0.0,False,False,False
huanpablomontoya,1,0.0,0,1,0,1,0.0,1.0,0.0,4.341840641605243e-20,,,,False,False,False
huckchaser,1,0.0,0,1,0,1,0.0,1.0,0.0,2.23504978858392e-19,,,,False,False,False
huge-environment-896,1,0.0,0,1,0,1,0.0,1.0,0.0,-8.155290604413872e-21,,,,False,False,False
huge_abies_3858,1,0.0,0,1,0,1,0.0,1.0,0.0,-4.9279525315502076e-20,,,,False,False,False
huge_community_4221,1,0.0,0,1,0,1,0.0,1.0,0.0,3.275856475639353e-20,,,,False,False,False
huge_discipline6395,1,0.0,0,1,0,1,0.0,1.0,0.0,6.699980564473854e-20,,,,False,False,False
huitzil37,1,0.0,0,1,0,1,0.0,1.0,0.0,1.4592410663221698e-20,,,,False,False,False
humblecream,3,0.0,2,3,2,3,2.0,3.0,7.161400071586463e-05,-1.307798153261452e-18,2.0,0.0,0.0,False,False,False
humdrumgrumgrum,1,0.0,0,1,0,1,0.0,1.0,0.0,3.746592569316772e-21,,,,False,False,False
humidussupremus,1,0.0,0,1,0,1,0.0,1.0,0.0,-8.68884726456793e-22,,,,False,False,False
hundertwasserinsel,1,0.0,0,1,0,1,0.0,1.0,0.0,-1.6291609090815314e-21,,,,False,False,False
hungryvito_,1,0.0,3,1,3,1,3.0,1.0,8.258389222793289e-05,2.648551635394395e-19,3.0,0.0,0.0,True,False,False
huntah54,1,0.0,0,1,0,1,0.0,1.0,0.0,-9.822486064531925e-20,,,,False,False,False
hunteddwumpus,8,0.0,12,6,12,6,14.0,8.0,0.003373043142176934,0.00039762546012555363,14.0,0.0,0.0,True,False,True
hunterknight95,1,0.0,0,1,0,1,0.0,1.0,0.0,4.227368451825707e-20,,,,False,False,False
hunternika,2,0.0,1,2,1,2,1.0,2.0,4.747584262096746e-05,-1.8083513873344588e-19,1.0,0.0,0.0,False,False,False
huron_23,1,0.0,9,0,9,0,9.0,0.0,0.0,6.65631032930173e-20,9.0,0.0,0.0,True,False,False
huroyox,1,0.0,0,1,0,1,0.0,1.0,0.0,2.1070575275059543e-19,,,,False,False,False
hviiiid,2,0.0,1,2,1,2,1.0,2.0,3.043180851121129e-06,-1.2144701933755068e-19,1.0,0.0,0.0,False,False,False
hydrobass88,2,0.5,1,2,1,2,1.0,2.0,0.0,3.201377444382377e-05,1.0,0.0,0.0,False,False,False
hydros,1,0.0,0,1,0,1,0.0,1.0,0.0,1.3964376674569596e-20,,,,False,False,False
hynch,1,0.0,1,1,1,1,1.0,1.0,0.0,0.09344260543759522,1.0,0.0,0.0,False,False,False
hyperdruid,1,0.0,0,1,0,1,0.0,1.0,0.0,5.810736003972291e-20,,,,False,False,False
hyperionotter,1,0.0,3,1,3,1,3.0,1.0,0.00012487174876375966,0.0003753997569993772,3.0,0.0,0.0,True,False,False
hypnoticah,3,0.0,1,3,1,3,1.0,3.0,0.00014857972833216232,4.866626460667685e-05,1.0,0.0,0.0,False,False,False
hyrcyne-,1,0.0,5,1,5,1,5.0,1.0,8.777889549571376e-07,2.675027469760216e-19,5.0,0.0,0.0,True,False,False
hyster1calanduseless,1,0.0,0,1,0,1,0.0,1.0,0.0,2.065315144816793e-19,,,,False,False,False
i-am-grok-,1,1.0,1,1,1,1,1.0,1.0,0.0,0.00044396255672759914,1.0,0.0,0.0,False,False,False
i-liveherenow,2,0.0,1,2,1,2,1.0,2.0,0.00031438996695106673,5.1562348407650614e-08,1.0,0.0,0.0,False,False,False
i3i2o,2,0.0,2,1,2,1,3.0,2.0,3.414885659748149e-05,8.687961923298389e-07,3.0,0.0,0.0,False,False,False
i3r4ndon,1,0.0,0,1,0,1,0.0,1.0,0.0,8.553519451373389e-20,,,,False,False,False
i_like_angels,2,0.0,0,2,0,2,0.0,2.0,0.0,1.685209859909013e-20,,,,False,False,False
i_like_fish_decks,1,0.0,0,1,0,1,0.0,1.0,0.0,-2.3359135624356256e-20,,,,False,False,False
i_plug_johns,1,0.0,0,1,0,1,0.0,1.0,0.0,1.1624973803799842e-19,,,,False,False,False
i_should-work,1,0.0,1,1,1,1,1.0,1.0,4.747584262096747e-05,4.476634938014807e-19,1.0,0.0,0.0,False,False,False
i_wear_green_pants,1,0.0,0,1,0,1,0.0,1.0,0.0,5.908748370332779e-20,,,,False,False,False
iam_iana,2,0.0,0,2,0,2,0.0,2.0,0.0,7.01752931954367e-20,,,,False,False,False
iamananxiousmess35,3,0.0,0,3,0,3,0.0,3.0,0.0,1.1654578777470007e-19,,,,False,False,False
iambara,3,0.0,2,2,2,2,2.0,3.0,0.0001295291408127437,0.00028848695011537365,2.0,0.0,0.0,False,False,False
iamroofstone,3,0.0,2,3,2,3,2.0,3.0,0.0004525562431870247,1.2724557712104311e-05,2.0,0.0,0.0,False,False,False
iamshorteh,1,0.0,0,1,0,1,0.0,1.0,0.0,-2.1544270777024662e-20,,,,False,False,False
ian_w-g,3,0.0,2,3,2,3,2.0,3.0,3.385757397691816e-07,1.8773584073471198e-19,2.0,0.0,0.0,False,False,False
ibanezht,1,1.0,0,1,0,1,0.0,1.0,0.0,-1.2256911592287382e-19,,,,False,False,False
iblameoleka,1,0.0,2,1,2,1,2.0,1.0,0.0,0.00029805468426837315,2.0,0.0,0.0,False,False,False
icantkeeptrack,1,0.0,1,1,1,1,1.0,1.0,0.0,0.0018104914958801848,1.0,0.0,0.0,False,False,False
ice-flght,1,0.0,0,1,0,1,0.0,1.0,0.0,8.659052203873233e-20,,,,False,False,False
icefyer,3,0.0,0,3,0,3,0.0,3.0,0.0,1.3703874696411816e-20,,,,False,False,False
icenein,2,0.0,1,2,1,2,1.0,2.0,0.00016457009302351546,0.00031429377006591023,1.0,0.0,0.0,False,False,False
icer816,5,0.0,2,4,2,4,3.0,5.0,0.0004506543935675309,2.5088108110279546e-06,3.0,0.0,0.0,False,False,False
icewall198,1,0.0,0,1,0,1,0.0,1.0,0.0,1.3849924287760102e-19,,,,False,False,False
iconofsin_,4,0.0,1,3,1,3,3.0,4.0,5.431971440472291e-05,1.6997009725967755e-08,3.0,0.0,0.0,False,False,False
icy-commission66,1,0.0,0,1,0,1,0.0,1.0,0.0,1.0715634912259358e-19,,,,False,False,False
icy-gazelle-1331,1,0.0,0,1,0,1,0.0,1.0,0.0,-1.3210063004144905e-19,,,,False,False,False
icy-policy-5890,4,0.5,5,3,5,3,5.0,4.0,0.0001475698002000821,0.00010211395329994743,5.0,0.0,0.0,True,False,False
icy_blacksmith8107,2,0.0,1,2,1,2,1.0,2.0,4.747584262096747e-05,6.51374128215156e-19,1.0,0.0,0.0,False,False,False
icy_elevator_9228,1,0.0,1,1,1,1,1.0,1.0,4.747584262096748e-05,4.617328757754266e-20,1.0,0.0,0.0,False,False,False
icy_turnover1,1,0.0,1,1,1,1,1.0,1.0,0.0,1.815398398699012e-05,1.0,0.0,0.0,False,False,False
icymoment,1,0.0,0,1,0,1,0.0,1.0,0.0,-2.7955196582849124e-21,,,,False,False,False
icyrow,4,0.0,3,4,3,4,3.0,4.0,0.00019628641616728265,-4.877643120173721e-18,3.0,0.0,0.0,True,False,False
iddqdwtf,1,0.0,0,1,0,1,0.0,1.0,0.0,-4.444623351424404e-20,,,,False,False,False
idejtauren,1,0.0,8,1,8,1,8.0,1.0,0.0005496484938080739,0.005158243267997137,8.0,0.0,0.0,True,False,True
ididntseeitcoming,1,0.0,2,1,2,1,2.0,1.0,3.9706344227549665e-05,1.0062107390044541e-07,2.0,0.0,0.0,False,False,False
idulomar,1,0.0,0,1,0,1,0.0,1.0,0.0,1.2978485045802226e-19,,,,False,False,False
ignauy,1,0.0,0,1,0,1,0.0,1.0,0.0,-1.629313667443106e-20,,,,False,False,False
ignimortis,2,0.0,1,1,1,1,1.0,2.0,0.0,1.9919072795421126e-18,1.0,0.0,0.0,False,False,False
ihatecasualgamers,2,0.0,1,2,1,2,1.0,2.0,1.8435956373194256e-06,-3.171365754892047e-19,1.0,0.0,0.0,False,False,False
iibaneii,1,0.0,0,1,0,1,0.0,1.0,0.0,-2.2724752551072484e-20,,,,False,False,False
ijustwannaplaywowpls,1,0.0,0,1,0,1,0.0,1.0,0.0,-5.881845159704933e-20,,,,False,False,False
ikeewa12,1,0.0,0,1,0,1,0.0,1.0,0.0,7.221755974465087e-20,,,,False,False,False
ikemayelixfay,1,0.0,0,1,0,1,0.0,1.0,0.0,1.9624711247381967e-20,,,,False,False,False
ikokai,1,0.0,0,1,0,1,0.0,1.0,0.0,8.31728165174429e-20,,,,False,False,False
ilikebreadsticks,2,0.0,1,2,1,2,1.0,2.0,0.00014307123976320429,3.466010627787075e-05,1.0,0.0,0.0,False,False,False
ill-expert-511,1,0.0,2,1,2,1,2.0,1.0,7.120761250347705e-06,3.490951223357071e-05,2.0,0.0,0.0,False,False,False
ill-prompt5510,1,0.0,0,1,0,1,0.0,1.0,0.0,1.3888915494787155e-19,,,,False,False,False
ill_tumblr_4_ya,1,0.0,1,1,1,1,1.0,1.0,1.0083744927778132e-05,4.1704634113038103e-19,1.0,0.0,0.0,False,False,False
ill_werth,2,0.0,0,2,0,2,0.0,2.0,0.0,-1.8537193331570254e-20,,,,False,False,False
illlogik1,2,0.0,0,2,0,2,0.0,2.0,0.0,2.962703775003931e-20,,,,False,False,False
illnegrow,1,0.0,0,1,0,1,0.0,1.0,0.0,-1.6370586356901713e-19,,,,False,False,False
illustrious-rain8380,1,0.0,0,1,0,1,0.0,1.0,0.0,5.624927284503227e-20,,,,False,False,False
illyria817,1,0.0,0,1,0,1,0.0,1.0,0.0,-1.7277737277170502e-20,,,,False,False,False
ilostmydildoinmynose,1,0.0,0,1,0,1,0.0,1.0,0.0,-9.07974558530146e-20,,,,False,False,False
ilphfein,4,0.0,1,4,1,4,1.0,4.0,0.00048399239051158936,7.468743649639501e-06,1.0,0.0,0.0,False,False,False
im-quite-stupid,2,0.0,0,2,0,2,0.0,2.0,0.0,9.916402172743986e-20,,,,False,False,False
im36degrees,1,0.0,0,1,0,1,0.0,1.0,0.0,1.9786346994073916e-19,,,,False,False,False
im_a_mechanicalman,2,0.0,0,2,0,2,0.0,2.0,0.0,1.8195494766750694e-19,,,,False,False,False
im_a_teapot418,1,0.0,1,1,1,1,1.0,1.0,0.0,0.00034287065191086145,1.0,0.0,0.0,False,False,False
im_still_at_work,1,0.0,0,1,0,1,0.0,1.0,0.0,-1.5859661210789131e-22,,,,False,False,False
imabout2combust,2,0.0,2,2,2,2,2.0,2.0,4.585157679138012e-05,0.0016693538540084223,2.0,0.0,0.0,False,False,False
imaginary-present-18,1,0.0,1,1,1,1,1.0,1.0,4.747584262096746e-05,-1.2192523892768523e-18,1.0,0.0,0.0,False,False,False
imaginary_fox3165,1,0.0,1,1,1,1,1.0,1.0,1.2539842213673394e-08,-1.3871832436657832e-20,1.0,0.0,0.0,False,False,False
imaginary_north7177,1,0.0,0,1,0,1,0.0,1.0,0.0,-3.596489754555275e-20,,,,False,False,False
imaginaryad6499,2,0.0,1,2,1,2,1.0,2.0,4.750092230539481e-05,-4.252827007080277e-22,1.0,0.0,0.0,False,False,False
imaginarysense,1,0.0,0,1,0,1,0.0,1.0,0.0,-3.3604126379474537e-20,,,,False,False,False
imaginetheabsolute,1,0.0,0,1,0,1,0.0,1.0,0.0,-6.440323068279127e-20,,,,False,False,False
imalloutofbubblegums,5,0.0,3,5,3,5,3.0,5.0,0.0014781327035314233,0.00040807509053795434,3.0,0.0,0.0,True,False,False
imhullu,1,0.0,1,1,1,1,1.0,1.0,0.0,4.754447622063458e-19,1.0,0.0,0.0,False,False,False
imisstheapolloapp7,6,0.0,3,5,3,5,4.0,6.0,0.0009658039443951215,0.0020934519156313247,4.0,0.0,0.0,True,False,False
imjustmagik_,1,0.0,0,1,0,1,0.0,1.0,0.0,4.152286085363226e-20,,,,False,False,False
imkastian,1,0.0,0,1,0,1,0.0,1.0,0.0,3.092241345240924e-20,,,,False,False,False
immadrainonsociety,2,0.0,0,2,0,2,0.0,2.0,0.0,5.1050171459699916e-20,,,,False,False,False
immediatehorror3878,1,0.0,1,1,1,1,1.0,1.0,0.0,-3.300166816430358e-19,1.0,0.0,0.0,False,False,False
impossible-ball7166,1,0.0,0,1,0,1,0.0,1.0,0.0,2.54914566920316e-19,,,,False,False,False
impossible-diver6565,4,0.0,2,3,2,3,2.0,4.0,0.0010618717945064518,0.0004551151101567116,2.0,0.0,0.0,False,False,False
impossible-society-8,2,0.0,1,2,1,2,1.0,2.0,0.00023763000994911083,-3.0869240902057656e-19,1.0,0.0,0.0,False,False,False
impossible-stop-2104,1,0.0,0,1,0,1,0.0,1.0,0.0,3.7784378376796063e-20,,,,False,False,False
impressive-name7601,5,0.0,6,5,6,5,7.0,5.0,0.0011518400282660695,0.00023573351715499823,7.0,0.0,0.0,True,False,True
impressive_cow5483,1,0.0,0,1,0,1,0.0,1.0,0.0,-1.430966963084923e-19,,,,False,False,False
improving_myself_,1,0.0,0,1,0,1,0.0,1.0,0.0,-7.416097637609366e-20,,,,False,False,False
impsterr,5,0.0,2,3,2,3,3.0,4.0,0.0005236689571261888,8.57729162028181e-05,3.0,0.0,0.0,False,False,False
impzor,1,0.0,1,1,1,1,1.0,1.0,2.507968442734679e-08,-1.8673454012332764e-20,1.0,0.0,0.0,False,False,False
imreallydum,3,0.0,2,3,2,3,2.0,3.0,8.55592167588207e-05,2.2391060721935964e-19,2.0,0.0,0.0,False,False,False
imspacemanspiff,1,0.0,1,1,1,1,1.0,1.0,2.8562973931144954e-06,1.8926992128299386e-09,1.0,0.0,0.0,False,False,False
imt_justice,1,1.0,1,1,1,1,1.0,1.0,1.5398926238390927e-06,-3.7165392659792194e-19,1.0,0.0,0.0,False,False,False
imtheone989,1,0.0,1,1,1,1,1.0,1.0,4.750092230539482e-05,-1.0616585615175423e-19,1.0,0.0,0.0,False,False,False
imzocrazy,1,0.0,1,1,1,1,1.0,1.0,2.507968442734679e-07,9.941244376075344e-19,1.0,0.0,0.0,False,False,False
inanoi,2,0.0,2,1,2,1,2.0,1.0,4.750092230539482e-05,2.5820306204138946e-20,2.0,0.0,0.0,False,False,False
incognitimmo,2,0.0,1,2,1,2,1.0,2.0,1.6358683781001355e-05,0.00213819071681719,1.0,0.0,0.0,False,False,False
incognito_side,6,0.0,13,4,13,4,15.0,6.0,0.003988090688690115,0.00618027635972967,15.0,0.0,0.0,True,False,True
inconspiciousperson,1,0.0,1,1,1,1,1.0,1.0,7.838297086561134e-06,1.3872554593605203e-19,1.0,0.0,0.0,False,False,False
inconspicuous2012,1,0.0,3,1,3,1,3.0,1.0,2.590174075024316e-06,3.774400960540695e-07,3.0,0.0,0.0,True,False,False
incred,1,0.0,0,1,0,1,0.0,1.0,0.0,9.261781637640701e-20,,,,False,False,False
independenceok3851,1,0.0,0,1,0,1,0.0,1.0,0.0,-1.5327697852269122e-19,,,,False,False,False
independent-net-2380,1,0.0,0,1,0,1,0.0,1.0,0.0,1.136143789407291e-19,,,,False,False,False
independent_analyst3,2,0.0,1,2,1,2,1.0,2.0,6.0090525797693895e-06,4.7246746495129355e-08,1.0,0.0,0.0,False,False,False
independent_tip2538,1,0.0,4,1,4,1,4.0,1.0,5.409224336812014e-05,0.00016574965467360664,4.0,0.0,0.0,True,False,False
indig3o,3,0.0,7,3,7,3,7.0,3.0,0.0017712452443322604,0.0005581830661370965,7.0,0.0,0.0,True,False,True
individual-hat-8367,3,0.0,1,2,1,2,1.0,3.0,2.3737921310483734e-05,-5.371552784979384e-19,1.0,0.0,0.0,False,False,False
individual_bed_8752,1,0.0,0,1,0,1,0.0,1.0,0.0,7.861971153311607e-20,,,,False,False,False
indusnoir,4,0.0,28,4,28,4,28.0,4.0,0.003186585453329802,0.013315691198673716,28.0,0.0,0.0,True,False,True
indyvat,1,0.0,1,1,1,1,1.0,1.0,4.7475842620967475e-05,-3.0942038062538973e-19,1.0,0.0,0.0,False,False,False
inevitable-ad-6334,1,0.0,0,1,0,1,0.0,1.0,0.0,2.750251441392983e-19,,,,False,False,False
inevitable_crow9456,2,0.0,1,1,1,1,1.0,2.0,0.0,1.0259136426688626e-07,1.0,0.0,0.0,False,False,False
inevitable_leg_980,2,0.0,0,1,0,1,0.0,2.0,0.0,3.6387845066845944e-20,,,,False,False,False
infamous_mention_796,1,0.0,0,1,0,1,0.0,1.0,0.0,2.7289106808161392e-19,,,,False,False,False
infinite_respect_,1,0.0,1,1,1,1,1.0,1.0,2.5240612402422266e-06,-3.7899563711819386e-19,1.0,0.0,0.0,False,False,False
informal_bench_7219,1,0.0,1,1,1,1,1.0,1.0,4.114322230306241e-06,5.879096240041338e-19,1.0,0.0,0.0,False,False,False
ingloriousomen,3,0.0,4,3,4,3,5.0,3.0,0.0002862640378393555,2.659294647999359e-05,5.0,0.0,0.0,True,False,False
inithra,2,0.0,2,2,2,2,2.0,2.0,6.922893351423398e-05,1.3685943189512328e-18,2.0,0.0,0.0,False,False,False
ink-responsibly,1,0.0,0,1,0,1,0.0,1.0,0.0,7.598697059493194e-20,,,,False,False,False
inkbetweens,2,0.5,1,2,1,2,1.0,2.0,0.0007331333095362916,2.017301882816483e-05,1.0,0.0,0.0,False,False,False
inktheus,1,0.0,0,1,0,1,0.0,1.0,0.0,2.1239794211494474e-19,,,,False,False,False
inlacou,1,0.0,0,1,0,1,0.0,1.0,0.0,-1.0156846307118382e-19,,,,False,False,False
innowebventures,2,0.0,2,2,2,2,2.0,2.0,0.00025698813127347233,8.957374774462878e-06,2.0,0.0,0.0,False,False,False
insanelyphat,1,0.0,1,1,1,1,1.0,1.0,2.740893377433029e-06,-2.0041713616453324e-19,1.0,0.0,0.0,False,False,False
inshabel,2,0.0,0,2,0,2,0.0,2.0,0.0,1.6131321427801118e-20,,,,False,False,False
inside_signal_2715,4,0.0,7,2,7,2,9.0,2.0,0.00495695583349525,0.0010079730836130348,9.0,0.0,0.0,True,False,True
insomsanity,1,0.0,0,1,0,1,0.0,1.0,0.0,2.063393801540254e-20,,,,False,False,False
instertusernamename,2,0.0,0,2,0,2,0.0,2.0,0.0,-1.3701387365556778e-19,,,,False,False,False
insulifting,1,0.0,0,1,0,1,0.0,1.0,0.0,1.267601821465046e-19,,,,False,False,False
insulindianphasmidy,1,0.0,0,1,0,1,0.0,1.0,0.0,-8.353433186274515e-20,,,,False,False,False
intelligent-bus-1966,1,0.0,0,1,0,1,0.0,1.0,0.0,-2.2119073963032465e-20,,,,False,False,False
intelligent-net1034,19,0.0,7,19,7,19,7.0,19.0,0.008169327802507401,0.0009182820423403568,7.0,0.0,0.0,True,False,True
intelligent_act7099,1,0.0,1,1,1,1,1.0,1.0,0.0,3.649527526387064e-05,1.0,0.0,0.0,False,False,False
intelligent_bee3466,2,0.0,0,2,0,2,0.0,2.0,0.0,-3.2476643959113493e-19,,,,False,False,False
intelligent_rub528,1,0.0,0,1,0,1,0.0,1.0,0.0,-4.5814602952080677e-20,,,,False,False,False
intelligenthotel356,1,0.0,1,1,1,1,1.0,1.0,4.747584262096746e-05,-1.9083272185555827e-19,1.0,0.0,0.0,False,False,False
interesting-use966,3,0.0,3,3,3,3,3.0,3.0,0.00022582886528652748,5.38367084465526e-06,3.0,0.0,0.0,True,False,False
interesting_basil_80,1,0.0,0,1,0,1,0.0,1.0,0.0,-1.8847416683009124e-19,,,,False,False,False
interesting_bit_5179,2,0.0,0,2,0,2,0.0,2.0,0.0,2.064486612356923e-20,,,,False,False,False
interesting_let_6743,1,0.0,0,1,0,1,0.0,1.0,0.0,1.8897448792194885e-19,,,,False,False,False
international-sky605,1,0.0,0,1,0,1,0.0,1.0,0.0,-6.982514762618307e-20,,,,False,False,False
internationaldeal410,1,0.0,0,1,0,1,0.0,1.0,0.0,1.4469707095253212e-20,,,,False,False,False
internationalfly9396,1,0.0,0,1,0,1,0.0,1.0,0.0,2.4276143160035047e-20,,,,False,False,False
interneven9916,1,0.0,0,1,0,1,0.0,1.0,0.0,1.686075193891094e-19,,,,False,False,False
interztellar_,2,0.0,0,2,0,2,0.0,2.0,0.0,9.320155779758397e-21,,,,False,False,False
inthenstus,5,0.0,1,5,1,5,1.0,5.0,0.0001378248583964194,1.2164556788483326e-06,1.0,0.0,0.0,False,False,False
intoxicatedpancakes,1,0.0,0,1,0,1,0.0,1.0,0.0,1.9202494622925017e-20,,,,False,False,False
intulor,9,0.1111111111111111,6,8,6,8,8.0,9.0,0.0008976745849432809,3.504306967696072e-05,8.0,0.0,0.0,True,False,True
inukojon,13,0.0769230769230769,8,10,8,10,9.0,12.0,0.003118820956161374,0.004658240300859011,9.0,0.0,0.0,True,False,True
invalid-superior0,1,0.0,0,1,0,1,0.0,1.0,0.0,1.7475440963528578e-19,,,,False,False,False
invasive_wargaming,1,0.0,0,1,0,1,0.0,1.0,0.0,-1.0839512581180314e-19,,,,False,False,False
invisiblethermometer,1,0.0,0,1,0,1,0.0,1.0,0.0,8.593193312435924e-20,,,,False,False,False
inxert,2,0.0,1,1,1,1,2.0,2.0,0.0,5.770193968322486e-05,2.0,0.0,0.0,False,False,False
ionhazzikostasisgod,7,0.0,1,7,1,7,1.0,7.0,2.6057347748315378e-05,-1.4972545815296652e-19,1.0,0.0,0.0,False,False,False
ios_static,2,0.0,0,2,0,2,0.0,2.0,0.0,-5.677932681617855e-20,,,,False,False,False
iovebite,1,0.0,0,1,0,1,0.0,1.0,0.0,9.038821917813793e-21,,,,False,False,False
ippeiwasframed,1,0.0,0,1,0,1,0.0,1.0,0.0,1.0029868824832817e-19,,,,False,False,False
irauh,2,0.5,1,2,1,2,1.0,2.0,4.747584262096747e-05,-1.1857499302798174e-18,1.0,0.0,0.0,False,False,False
ironeyed_wizard,6,0.0,4,4,4,4,5.0,6.0,0.0007965690749585349,8.102618439745651e-05,5.0,0.0,0.0,True,False,True
ironivmonkey,2,0.0,0,2,0,2,0.0,2.0,0.0,-2.0604521069482513e-20,,,,False,False,False
ironmanmclaren,1,0.0,1,1,1,1,1.0,1.0,5.015936885469358e-08,-1.2527855329587137e-19,1.0,0.0,0.0,False,False,False
ironmcchef,3,0.0,3,2,3,2,4.0,3.0,0.0002942352473240579,8.960538255318206e-06,4.0,0.0,0.0,True,False,False
irveria,5,0.0,1,4,1,4,1.0,5.0,0.0007763472819575347,0.0006491032041415966,1.0,0.0,0.0,False,False,False
isburough,1,0.0,0,1,0,1,0.0,1.0,0.0,-3.682000448712324e-19,,,,False,False,False
isilmalith,1,0.0,1,1,1,1,1.0,1.0,0.0,0.0018104914958801896,1.0,0.0,0.0,False,False,False
isine,1,0.0,1,1,1,1,1.0,1.0,6.239825485523881e-05,0.007969422761699404,1.0,0.0,0.0,False,False,False
isklar1993,1,0.0,0,1,0,1,0.0,1.0,0.0,-3.6975566173683186e-20,,,,False,False,False
iskle,1,0.0,1,1,1,1,1.0,1.0,0.00012497206750146904,4.083103475121925e-05,1.0,0.0,0.0,False,False,False
island_of_the_godz,4,0.0,3,3,3,3,4.0,4.0,0.000288316346220693,1.1492619616169944e-05,4.0,0.0,0.0,True,False,False
ismellhats,1,0.0,0,1,0,1,0.0,1.0,0.0,3.345633862184767e-20,,,,False,False,False
isolated_hippo,8,0.0,8,6,8,6,10.0,8.0,0.006817377766248375,0.001800270568027525,10.0,0.0,0.0,True,False,True
isospeedrix,1,0.0,0,1,0,1,0.0,1.0,0.0,1.9582973491287277e-20,,,,False,False,False
italianprincessxo,1,0.0,0,1,0,1,0.0,1.0,0.0,-1.2008498877533595e-19,,,,False,False,False
itchy-marsupial4174,1,0.0,0,1,0,1,0.0,1.0,0.0,3.287901477025495e-20,,,,False,False,False
itchyscales,1,0.0,6,1,6,1,6.0,1.0,0.00022594014356936578,5.300612458622522e-05,6.0,0.0,0.0,True,False,False
itessaigai,1,0.0,0,1,0,1,0.0,1.0,0.0,3.763235341933586e-21,,,,False,False,False
itjustlurks,1,0.0,1,1,1,1,1.0,1.0,6.049414116209047e-05,1.7474038811986034e-07,1.0,0.0,0.0,False,False,False
its-not-that-hard,1,0.0,4,1,4,1,4.0,1.0,0.00012492190813261436,0.00012705041931605394,4.0,0.0,0.0,True,False,False
its1207amcantsleep,1,0.0,0,1,0,1,0.0,1.0,0.0,-1.6854413652432172e-19,,,,False,False,False
its_your_father,2,0.0,0,2,0,2,0.0,2.0,0.0,5.026657952359356e-20,,,,False,False,False
itsbleyjo,1,0.0,0,1,0,1,0.0,1.0,0.0,2.3058570641958465e-20,,,,False,False,False
itsdom94,1,0.0,1,1,1,1,1.0,1.0,4.7475842620967475e-05,1.4283757624612088e-20,1.0,0.0,0.0,False,False,False
itsjustreen,4,0.0,2,4,2,4,2.0,4.0,5.703717374122168e-05,-5.686703263738483e-19,2.0,0.0,0.0,False,False,False
itsnowornever13,1,0.0,4,1,4,1,4.0,1.0,9.900098667133683e-06,0.00012502011319375902,4.0,0.0,0.0,True,False,False
itsnurf,1,0.0,0,1,0,1,0.0,1.0,0.0,2.5537048925106153e-19,,,,False,False,False
itsrevan,1,0.0,1,1,1,1,1.0,1.0,0.0,-1.8414161828269947e-20,1.0,0.0,0.0,False,False,False
itsrittzbitch,1,0.0,0,1,0,1,0.0,1.0,0.0,3.366636500662305e-20,,,,False,False,False
itsvishuss,4,0.25,2,2,2,2,4.0,4.0,0.0011724233543383752,6.632759141849629e-06,4.0,0.0,0.0,False,False,False
ittenvoid,2,0.0,0,2,0,2,0.0,2.0,0.0,8.068868526511864e-20,,,,False,False,False
itzzchrizzz,1,0.0,0,1,0,1,0.0,1.0,0.0,-2.4818938423887346e-20,,,,False,False,False
ivebeentohellandback,1,0.0,0,1,0,1,0.0,1.0,0.0,3.2450152533886715e-20,,,,False,False,False
ivstan,2,0.0,2,2,2,2,2.0,2.0,0.0012048078707550705,0.00010991695433628995,2.0,0.0,0.0,False,False,False
iwant2bethatguy,1,0.0,0,1,0,1,0.0,1.0,0.0,-1.0342516957992654e-19,,,,False,False,False
iwillnotpost8004,1,0.0,1,1,1,1,1.0,1.0,0.0,0.0013850527573937325,1.0,0.0,0.0,False,False,False
ixmyth,1,0.0,2,1,2,1,2.0,1.0,4.246205137413528e-05,8.79217409280483e-06,2.0,0.0,0.0,False,False,False
izaul13,2,0.0,2,2,2,2,2.0,2.0,9.502692429521698e-05,1.2025908684132856e-18,2.0,0.0,0.0,False,False,False
izznyxthewitch,1,0.0,1,1,1,1,1.0,1.0,0.0,1.7381644607477724e-07,1.0,0.0,0.0,False,False,False
j-alora,1,0.0,1,1,1,1,1.0,1.0,0.0,1.2712894944694444e-05,1.0,0.0,0.0,False,False,False
j-shade,1,0.0,3,1,3,1,3.0,1.0,0.00030624981029278033,0.0018429649644612553,3.0,0.0,0.0,True,False,False
j-t2o,1,0.0,2,1,2,1,2.0,1.0,2.0012994656681266e-05,0.0001583380042933401,2.0,0.0,0.0,False,False,False
jaakers87,2,0.0,2,2,2,2,2.0,2.0,0.00018520905135353097,7.40923557510107e-07,2.0,0.0,0.0,False,False,False
jaberalsakka89,1,0.0,0,1,0,1,0.0,1.0,0.0,-1.4170808712524703e-21,,,,False,False,False
jacco1234,1,0.0,0,1,0,1,0.0,1.0,0.0,1.1240800759021586e-19,,,,False,False,False
jackms916,2,0.0,0,2,0,2,0.0,2.0,0.0,-1.651604449857646e-19,,,,False,False,False
jackofallstraits,1,0.0,0,1,0,1,0.0,1.0,0.0,-5.995893163966835e-20,,,,False,False,False
jackofblades420,1,0.0,0,1,0,1,0.0,1.0,0.0,1.966529312684551e-20,,,,False,False,False
jackofdemons,1,0.0,0,1,0,1,0.0,1.0,0.0,-5.619858573899674e-20,,,,False,False,False
jackpkmn,3,0.0,4,3,4,3,4.0,3.0,0.00073335183675769,0.0001179574284526246,4.0,0.0,0.0,True,False,False
jackshinra,1,0.0,0,1,0,1,0.0,1.0,0.0,2.632091826336246e-19,,,,False,False,False
jacktec,1,0.0,0,1,0,1,0.0,1.0,0.0,-1.6786385209212445e-19,,,,False,False,False
jacobrallen,1,0.0,0,1,0,1,0.0,1.0,0.0,-1.2632020608894293e-19,,,,False,False,False
jadmonk,11,0.0,4,9,4,9,4.0,11.0,0.0008317493923071653,3.59151356560687e-05,4.0,0.0,0.0,True,False,False
jaegerjaquez25,5,0.2,8,4,8,4,8.0,5.0,0.002988335990823295,0.0014265428538303272,8.0,0.0,0.0,True,True,True
jaeyx,1,1.0,2,1,2,1,2.0,1.0,2.507968442734679e-08,7.312791698956152e-20,2.0,0.0,0.0,False,False,False
jag-,2,0.0,2,2,2,2,2.0,2.0,0.0008986408342963959,1.984939273282466e-08,2.0,0.0,0.0,False,False,False
jaggiboi,1,0.0,1,1,1,1,1.0,1.0,0.0,6.076365463787415e-19,1.0,0.0,0.0,False,False,False
jai07,1,0.0,0,1,0,1,0.0,1.0,0.0,-2.834891586602035e-20,,,,False,False,False
jake-of-the-sands,1,0.0,0,1,0,1,0.0,1.0,0.0,1.7114925645538744e-19,,,,False,False,False
jakegh,2,0.0,0,2,0,2,0.0,2.0,0.0,1.3977560447452136e-19,,,,False,False,False
jakeparkbench,1,0.0,1,1,1,1,1.0,1.0,0.0001258444822383346,5.798841981025042e-07,1.0,0.0,0.0,False,False,False
jakota_,7,0.0,2,4,2,4,2.0,7.0,0.0010701519080804365,5.3308186435e-06,2.0,0.0,0.0,False,False,False
jambarine,1,0.0,0,1,0,1,0.0,1.0,0.0,5.333371949017752e-20,,,,False,False,False
jambot9000,1,0.0,0,1,0,1,0.0,1.0,0.0,-3.2966350211836104e-19,,,,False,False,False
jamesdarque56,1,0.0,1,1,1,1,1.0,1.0,4.747584262096747e-05,-1.0105911620170055e-19,1.0,0.0,0.0,False,False,False
jampk24,5,0.0,2,5,2,5,2.0,5.0,0.004671552258186455,0.0005708367731384166,2.0,0.0,0.0,False,False,False
janner_10,2,0.0,3,2,3,2,3.0,2.0,9.762644300368479e-05,4.169887996992862e-05,3.0,0.0,0.0,True,False,False
japjer,4,0.0,0,4,0,4,0.0,4.0,0.0,4.255069680151455e-20,,,,False,False,False
jarlwolfe,2,0.0,0,1,0,1,0.0,2.0,0.0,-2.3942461623354303e-20,,,,False,False,False
jarnis,7,0.0,1,7,1,7,1.0,7.0,4.7601241043104205e-05,1.9449031263254073e-19,1.0,0.0,0.0,False,False,False
jarocket,9,0.1111111111111111,7,9,7,9,8.0,9.0,0.0012266841002803064,0.0002458250933298683,8.0,0.0,0.0,True,False,True
jasdavi,1,0.0,0,1,0,1,0.0,1.0,0.0,-1.6702864422188935e-21,,,,False,False,False
jaseandrews,2,0.0,2,2,2,2,2.0,2.0,0.0004536050061884519,2.2728012755037357e-07,2.0,0.0,0.0,False,False,False
jash0822,1,0.0,0,1,0,1,0.0,1.0,0.0,-3.23419531002898e-20,,,,False,False,False
jason498,3,0.0,2,1,2,1,3.0,3.0,1.7555779099142752e-07,9.720814686099696e-06,3.0,0.0,0.0,False,False,False
jasonreid1976,1,0.0,4,1,4,1,4.0,1.0,0.00029616185597840813,2.322478450881605e-18,4.0,0.0,0.0,True,False,False
jaw4ever,1,0.0,0,1,0,1,0.0,1.0,0.0,1.8250626837760807e-21,,,,False,False,False
jayabalard,2,0.0,0,1,0,1,0.0,2.0,0.0,-1.0083929690257528e-19,,,,False,False,False
jaydee117,1,0.0,0,1,0,1,0.0,1.0,0.0,-1.3292373445036442e-20,,,,False,False,False
jayfrank1132,1,0.0,0,1,0,1,0.0,1.0,0.0,1.9077563798933492e-19,,,,False,False,False
jaylux86,1,0.0,0,1,0,1,0.0,1.0,0.0,3.1260533983885417e-20,,,,False,False,False
jays_arravan,3,0.0,1,3,1,3,1.0,3.0,3.8108536147252e-05,4.5898392143624435e-06,1.0,0.0,0.0,False,False,False
jayvjthevvalour,1,0.0,0,1,0,1,0.0,1.0,0.0,2.568872263139111e-20,,,,False,False,False
jazusa03,1,0.0,2,1,2,1,2.0,1.0,5.015936885469358e-08,-9.665616297343673e-20,2.0,0.0,0.0,False,False,False
jazzani,1,0.0,0,1,0,1,0.0,1.0,0.0,4.954278616126932e-20,,,,False,False,False
jbrandt1110,1,0.0,0,1,0,1,0.0,1.0,0.0,-1.0226555228089347e-20,,,,False,False,False
jcriver4,1,0.0,1,1,1,1,1.0,1.0,0.0,-1.883728694962288e-18,1.0,0.0,0.0,False,False,False
jd_crichton,1,1.0,1,1,1,1,1.0,1.0,0.0,-5.094531671235061e-20,1.0,0.0,0.0,False,False,False
jdlyga,1,0.0,0,1,0,1,0.0,1.0,0.0,-1.3041636961198542e-19,,,,False,False,False
jealous-leg-5648,1,0.0,0,1,0,1,0.0,1.0,0.0,-9.849465350499187e-20,,,,False,False,False
jealous_row_6356,1,0.0,3,1,3,1,3.0,1.0,8.665079296141997e-05,0.00029273706958313965,3.0,0.0,0.0,True,False,False
jealousastronomer342,3,0.3333333333333333,0,3,0,3,0.0,3.0,0.0,-1.3651002043436044e-20,,,,False,False,False
jean-cobra,1,0.0,0,1,0,1,0.0,1.0,0.0,4.6251878281584696e-20,,,,False,False,False
jeancv8,1,0.0,0,1,0,1,0.0,1.0,0.0,-1.0045313956854078e-19,,,,False,False,False
jec0995,2,0.0,0,2,0,2,0.0,2.0,0.0,1.791974348091983e-20,,,,False,False,False
jeffois,1,0.0,0,1,0,1,0.0,1.0,0.0,-4.393697707936974e-19,,,,False,False,False
jejouch1,4,0.0,1,4,1,4,1.0,4.0,1.493799927623795e-05,1.7736835790908825e-20,1.0,0.0,0.0,False,False,False
jelly-unhappy,3,0.0,0,3,0,3,0.0,3.0,0.0,-2.2861596752858406e-20,,,,False,False,False
jellywish96,1,0.0,0,1,0,1,0.0,1.0,0.0,-1.2198019096987501e-19,,,,False,False,False
jemacaslan,2,0.0,4,2,4,2,6.0,2.0,0.0006082257070824233,0.00041244257522144194,6.0,0.0,0.0,True,False,True
jereboy216,1,0.0,0,1,0,1,0.0,1.0,0.0,-3.268448864454716e-20,,,,False,False,False
jerrysam6509,1,0.0,0,1,0,1,0.0,1.0,0.0,-7.855810074013268e-20,,,,False,False,False
jeshyqt,3,0.0,0,3,0,3,0.0,3.0,0.0,-1.8605394593177755e-19,,,,False,False,False
jester-joe,7,0.0,10,6,10,6,12.0,7.0,0.00442325738872847,0.0030346339843200913,12.0,0.0,0.0,True,False,True
jesusdidntlikethat,2,0.0,0,2,0,2,0.0,2.0,0.0,7.568568076860459e-20,,,,False,False,False
jfx3311,5,0.0,1,4,1,4,2.0,5.0,7.541057177953513e-05,5.798841981026823e-07,2.0,0.0,0.0,False,False,False
jh7373,3,0.0,3,3,3,3,3.0,3.0,0.00013490091552114113,3.4466452208952574e-20,3.0,0.0,0.0,True,False,False
jhinmarston,2,0.0,0,2,0,2,0.0,2.0,0.0,2.2475920335904307e-21,,,,False,False,False
jigagug,2,0.0,3,2,3,2,3.0,2.0,0.00011662481633007189,1.2489878951779071e-05,3.0,0.0,0.0,True,False,False
jigawatts42,1,0.0,0,1,0,1,0.0,1.0,0.0,-7.190827124730821e-20,,,,False,False,False
jillian1410,1,0.0,0,1,0,1,0.0,1.0,0.0,2.9148950312938427e-19,,,,False,False,False
jimjarspace,1,0.0,0,1,0,1,0.0,1.0,0.0,6.777780236533049e-21,,,,False,False,False
jindujun,1,0.0,0,1,0,1,0.0,1.0,0.0,-2.5961162679607758e-20,,,,False,False,False
jinokun,1,0.0,0,1,0,1,0.0,1.0,0.0,5.07503282768862e-20,,,,False,False,False
jinreeko,2,0.0,0,2,0,2,0.0,2.0,0.0,3.135657071372208e-20,,,,False,False,False
jish5,1,0.0,0,1,0,1,0.0,1.0,0.0,1.1961620340564902e-19,,,,False,False,False
jjason82,1,0.0,0,1,0,1,0.0,1.0,0.0,-1.6293736525550104e-20,,,,False,False,False
jjcox315,1,0.0,0,1,0,1,0.0,1.0,0.0,-2.643360911672066e-19,,,,False,False,False
jjgfunk,1,0.0,0,1,0,1,0.0,1.0,0.0,-7.821464398121574e-20,,,,False,False,False
jjjjjjjjjjjjjjjjjq,2,0.0,2,2,2,2,2.0,2.0,0.0013801387013788542,1.026243717582995e-07,2.0,0.0,0.0,False,False,False
jkwengert,1,0.0,0,1,0,1,0.0,1.0,0.0,2.0289911857746264e-19,,,,False,False,False
jmcrash98,1,0.0,0,1,0,1,0.0,1.0,0.0,-9.50795954620184e-20,,,,False,False,False
jmintydoe,1,0.0,0,1,0,1,0.0,1.0,0.0,9.194807276046846e-20,,,,False,False,False
jmj05,1,0.0,1,1,1,1,1.0,1.0,0.0,-2.850416666526237e-19,1.0,0.0,0.0,False,False,False
jmxd,1,0.0,1,1,1,1,1.0,1.0,0.0,-5.112809429257925e-19,1.0,0.0,0.0,False,False,False
jnezz,1,0.0,4,1,4,1,4.0,1.0,0.0007985788976091984,0.00040546613126786365,4.0,0.0,0.0,True,False,False
jntjr2005,4,0.25,3,3,3,3,3.0,4.0,9.530280082391779e-07,-8.008397939851918e-19,3.0,0.0,0.0,True,False,False
joaogroo,2,0.0,0,2,0,2,0.0,2.0,0.0,1.6701069204031955e-19,,,,False,False,False
jobjoboj,2,0.0,1,1,1,1,1.0,2.0,0.0,0.00017965560579449787,1.0,0.0,0.0,False,False,False
jobless_jones,1,0.0,0,1,0,1,0.0,1.0,0.0,-3.100602122178038e-20,,,,False,False,False
jobojboj,1,0.0,0,1,0,1,0.0,1.0,0.0,4.9467881951740797e-20,,,,False,False,False
jocic,1,0.0,1,1,1,1,1.0,1.0,1.1851221973682245e-05,-7.198368491149058e-19,1.0,0.0,0.0,False,False,False
jodoukast,4,0.0,4,4,4,4,4.0,4.0,0.0005327015072673035,0.00017384313580787,4.0,0.0,0.0,True,False,False
joe2030,1,0.0,1,1,1,1,1.0,1.0,0.0,-5.124977053783144e-20,1.0,0.0,0.0,False,False,False
joeban1,1,0.0,0,1,0,1,0.0,1.0,0.0,2.060260769457258e-19,,,,False,False,False
joefran6,1,0.0,0,1,0,1,0.0,1.0,0.0,5.794423990068949e-20,,,,False,False,False
joehatesfanfiction,2,0.0,5,2,5,2,6.0,2.0,0.0004807810836080896,0.0018320159823857858,6.0,0.0,0.0,True,False,True
joeshock_,1,0.0,1,1,1,1,1.0,1.0,0.0,1.3010781870055214e-18,1.0,0.0,0.0,False,False,False
johanamino,1,0.0,0,1,0,1,0.0,1.0,0.0,1.658268418809813e-19,,,,False,False,False
john_cages022,1,1.0,1,1,1,1,1.0,1.0,0.0,1.068832592577224e-05,1.0,0.0,0.0,False,False,False
jojopojo64,1,0.0,0,1,0,1,0.0,1.0,0.0,6.895821887306008e-20,,,,False,False,False
jolly-weather-457,2,0.0,0,2,0,2,0.0,2.0,0.0,2.4321320823609775e-20,,,,False,False,False
jombino12,2,0.0,0,2,0,2,0.0,2.0,0.0,-1.3219507596668085e-19,,,,False,False,False
jonathanrl,1,0.0,0,1,0,1,0.0,1.0,0.0,-4.412852264865237e-20,,,,False,False,False
jonerthan,1,1.0,0,1,0,1,0.0,1.0,0.0,-1.362113526478903e-19,,,,False,False,False
jonnyd3pp,1,0.0,0,1,0,1,0.0,1.0,0.0,9.925373636711398e-20,,,,False,False,False
jopowz,1,0.0,0,1,0,1,0.0,1.0,0.0,1.5383831274462195e-19,,,,False,False,False
jordanrhys,3,0.0,1,3,1,3,1.0,3.0,1.7264029053542754e-05,9.496224804838936e-20,1.0,0.0,0.0,False,False,False
jorickcz,1,0.0,0,1,0,1,0.0,1.0,0.0,1.1558945284523049e-20,,,,False,False,False
josecholas,1,0.0,1,1,1,1,1.0,1.0,6.970821988706499e-06,4.156687974307607e-05,1.0,0.0,0.0,False,False,False
josefgremlin,1,0.0,0,1,0,1,0.0,1.0,0.0,2.1208365441903575e-20,,,,False,False,False
josephjts,6,0.0,5,6,5,6,5.0,6.0,0.00559636255676859,0.008585272356404267,5.0,0.0,0.0,True,False,True
josh_hilll,1,0.0,0,1,0,1,0.0,1.0,0.0,3.2409324175192984e-19,,,,False,False,False
joshr03,1,0.0,1,1,1,1,1.0,1.0,0.0,2.6301191824478918e-19,1.0,0.0,0.0,False,False,False
jovegaming,1,0.0,0,1,0,1,0.0,1.0,0.0,-1.6504121827047502e-19,,,,False,False,False
jox223,1,0.0,0,1,0,1,0.0,1.0,0.0,-1.8557647790706063e-19,,,,False,False,False
jozehtf,1,0.0,0,1,0,1,0.0,1.0,0.0,2.7124432237196785e-19,,,,False,False,False
jreesecup,2,0.0,2,2,2,2,2.0,2.0,0.00022214063006769098,7.752244958647396e-05,2.0,0.0,0.0,False,False,False
jsnex,1,0.0,1,1,1,1,1.0,1.0,0.0,1.2077631801915132e-18,1.0,0.0,0.0,False,False,False
jsnlxndrlv,1,0.0,1,1,1,1,1.0,1.0,0.0,4.0401597567202834e-05,1.0,0.0,0.0,False,False,False
jt99-firstballot,10,0.0,5,9,5,9,6.0,10.0,0.0025226703288529603,0.0018293114553009917,6.0,0.0,0.0,True,False,True
jtayls,1,0.0,0,1,0,1,0.0,1.0,0.0,3.1677304136900804e-20,,,,False,False,False
jthecrazed,1,0.0,0,1,0,1,0.0,1.0,0.0,3.455089227963664e-19,,,,False,False,False
juapp,4,0.0,1,4,1,4,1.0,4.0,7.331787136797605e-05,3.722869098815325e-20,1.0,0.0,0.0,False,False,False
judge_wapner,6,0.0,2,6,2,6,2.0,6.0,0.0004483060316739123,8.175926555303125e-12,2.0,0.0,0.0,False,False,False
judgyfinch,1,0.0,0,1,0,1,0.0,1.0,0.0,-8.131178854396525e-20,,,,False,False,False
judic22,2,0.0,1,2,1,2,1.0,2.0,7.523905328204037e-08,-1.1834501985327991e-18,1.0,0.0,0.0,False,False,False
juggernaught99,1,0.0,0,1,0,1,0.0,1.0,0.0,-1.1521049892890342e-19,,,,False,False,False
juicd_,1,0.0,5,1,5,1,5.0,1.0,0.0001870571350300822,1.3199928599479195e-05,5.0,0.0,0.0,True,False,False
juicedupgal,2,0.0,0,2,0,2,0.0,2.0,0.0,-1.0026195389998886e-19,,,,False,False,False
juicyman69,1,0.0,0,1,0,1,0.0,1.0,0.0,-1.5358257036210056e-19,,,,False,False,False
jules3313,3,0.0,1,1,1,1,1.0,3.0,0.0,9.391416904224019e-06,1.0,0.0,0.0,False,False,False
jumplol,1,0.0,0,1,0,1,0.0,1.0,0.0,-2.650981398393813e-20,,,,False,False,False
jumpy-company5330,1,0.0,0,1,0,1,0.0,1.0,0.0,-2.0941149099371287e-20,,,,False,False,False
jumpy-description550,1,0.0,0,1,0,1,0.0,1.0,0.0,-1.199011027575316e-19,,,,False,False,False
jumpy_lavishness_533,1,0.0,0,1,0,1,0.0,1.0,0.0,-9.455194416847129e-20,,,,False,False,False
jumpy_security_1703,2,0.5,0,2,0,2,0.0,2.0,0.0,-2.529199549935292e-19,,,,False,False,False
junmainook,1,0.0,0,1,0,1,0.0,1.0,0.0,-2.8294400097703976e-19,,,,False,False,False
jupiternimbus,1,0.0,1,1,1,1,1.0,1.0,0.00043332292621195103,0.00010351626568707381,1.0,0.0,0.0,False,False,False
jupppie,2,0.0,2,2,2,2,2.0,2.0,0.0006399814251191892,0.0021519486491696415,2.0,0.0,0.0,False,False,False
jurke39,1,0.0,6,1,6,1,6.0,1.0,0.0001249469878170417,3.5315681019250666e-05,6.0,0.0,0.0,True,False,False
jusavler,2,0.0,1,2,1,2,1.0,2.0,4.747584262096747e-05,1.9697090808996196e-19,1.0,0.0,0.0,False,False,False
jussech,1,0.0,1,1,1,1,1.0,1.0,5.869637373827669e-06,4.287930897685732e-19,1.0,0.0,0.0,False,False,False
justadutchiegirl,1,0.0,0,1,0,1,0.0,1.0,0.0,-2.299377498730383e-19,,,,False,False,False
justalittleplague,2,0.0,0,2,0,2,0.0,2.0,0.0,1.068453093578423e-19,,,,False,False,False
justanotherpoopdick,17,0.0588235294117647,35,11,35,11,50.0,17.0,0.006706587657224412,0.0006181594633995647,50.0,0.0,0.0,True,False,True
justburnburnburn,1,0.0,0,1,0,1,0.0,1.0,0.0,3.1809818304341874e-20,,,,False,False,False
justcausefucklogic,1,1.0,0,1,0,1,0.0,1.0,0.0,-1.3684444874033754e-20,,,,False,False,False
justexpect,1,0.0,1,1,1,1,1.0,1.0,0.0,0.002243639548609554,1.0,0.0,0.0,False,False,False
justice502,1,0.0,0,1,0,1,0.0,1.0,0.0,-1.295331634389887e-19,,,,False,False,False
justinbisu,5,0.2,7,5,7,5,9.0,5.0,0.0007293278412742953,0.00012216463164860402,9.0,0.0,0.0,True,True,True
justjoekingg,1,0.0,1,1,1,1,1.0,1.0,4.7475842620967475e-05,-2.0987334011414832e-19,1.0,0.0,0.0,False,False,False
justnothavinganyfun,1,0.0,0,1,0,1,0.0,1.0,0.0,-5.020518897390936e-20,,,,False,False,False
justphil97,1,0.0,1,1,1,1,1.0,1.0,0.0,7.649167275810414e-07,1.0,0.0,0.0,False,False,False
justrecharged,1,0.0,0,1,0,1,0.0,1.0,0.0,5.662169293387339e-20,,,,False,False,False
justthisoncepp,1,0.0,0,1,0,1,0.0,1.0,0.0,3.45723788665528e-20,,,,False,False,False
juts,1,0.0,0,1,0,1,0.0,1.0,0.0,3.64751603182775e-20,,,,False,False,False
juvenall,1,0.0,0,1,0,1,0.0,1.0,0.0,4.582642627974595e-21,,,,False,False,False
juznyzaliv,1,0.0,1,1,1,1,1.0,1.0,0.0,4.7590217207848985e-06,1.0,0.0,0.0,False,False,False
jvonfilm,1,0.0,1,1,1,1,1.0,1.0,9.836471565822163e-05,3.649527526387134e-05,1.0,0.0,0.0,False,False,False
jwava,2,0.0,1,2,1,2,1.0,2.0,0.00012522286434574252,9.72081468609951e-06,1.0,0.0,0.0,False,False,False
jyuuni,1,0.0,0,1,0,1,0.0,1.0,0.0,3.27171769700038e-19,,,,False,False,False
k1n-,2,0.0,1,1,1,1,2.0,2.0,0.0,1.1226368682989284e-18,2.0,0.0,0.0,False,False,False
k4zetsukai,1,1.0,0,1,0,1,0.0,1.0,0.0,-1.579783566825911e-21,,,,False,False,False
k_rocc,6,0.3333333333333333,1,4,1,4,1.0,6.0,4.7526001989822165e-05,-2.5910289031846e-19,1.0,0.0,0.0,False,False,False
ka_yu,3,0.0,17,3,17,3,18.0,3.0,0.0003888308370750208,0.005034385325984583,18.0,0.0,0.0,True,False,False
kababalan,1,0.0,1,1,1,1,1.0,1.0,0.0,8.559479155026931e-05,1.0,0.0,0.0,False,False,False
kadaan,1,0.0,0,1,0,1,0.0,1.0,0.0,-9.30025664427618e-21,,,,False,False,False
kaedekins,1,0.0,0,1,0,1,0.0,1.0,0.0,-1.1643291415319793e-19,,,,False,False,False
kaehl0311,1,0.0,0,1,0,1,0.0,1.0,0.0,9.194939152765489e-20,,,,False,False,False
kaelor1,1,0.0,0,1,0,1,0.0,1.0,0.0,6.836064043206701e-20,,,,False,False,False
kaemaahl,1,1.0,0,1,0,1,0.0,1.0,0.0,2.1490670796737825e-20,,,,False,False,False
kage1831,1,0.0,0,1,0,1,0.0,1.0,0.0,1.3459275228761688e-19,,,,False,False,False
kagestar,1,0.0,0,1,0,1,0.0,1.0,0.0,-3.542811828944701e-20,,,,False,False,False
kagrith,1,0.0,0,1,0,1,0.0,1.0,0.0,5.743464307240738e-21,,,,False,False,False
kahleytriangles,1,0.0,1,1,1,1,1.0,1.0,0.0,0.007969422761699395,1.0,0.0,0.0,False,False,False
kaiiboraka,2,0.0,1,1,1,1,1.0,2.0,0.0,7.210483608242325e-05,1.0,0.0,0.0,False,False,False
kainie85,1,0.0,1,1,1,1,1.0,1.0,0.0,0.0035252854299136858,1.0,0.0,0.0,False,False,False
kaiser25x,1,1.0,0,1,0,1,0.0,1.0,0.0,1.5728750034146683e-19,,,,False,False,False
kaisernick27,5,0.0,2,2,2,2,3.0,5.0,0.001081882476580514,0.00813068142290538,3.0,0.0,0.0,False,False,False
kaisha001,1,0.0,0,1,0,1,0.0,1.0,0.0,1.864143335656821e-19,,,,False,False,False
kaj_00ta,2,1.0,1,2,1,2,1.0,2.0,4.747584262096747e-05,2.83566189739974e-19,1.0,0.0,0.0,False,False,False
kakihara123,1,0.0,0,1,0,1,0.0,1.0,0.0,4.2095978768383714e-20,,,,False,False,False
kakjit,1,0.0,1,1,1,1,1.0,1.0,3.365806551551991e-05,5.1826842424775576e-08,1.0,0.0,0.0,False,False,False
kakysan,3,0.0,0,2,0,2,0.0,3.0,0.0,2.4511939648747387e-20,,,,False,False,False
kal930,1,0.0,0,1,0,1,0.0,1.0,0.0,5.544698008016525e-20,,,,False,False,False
kalaap,1,0.0,0,1,0,1,0.0,1.0,0.0,8.167454094322912e-21,,,,False,False,False
kalamari__,1,0.0,1,1,1,1,1.0,1.0,4.747584262096747e-05,-7.939288430311443e-19,1.0,0.0,0.0,False,False,False
kalderr,1,0.0,0,1,0,1,0.0,1.0,0.0,-3.20578190454836e-21,,,,False,False,False
kaldricus,1,0.0,0,1,0,1,0.0,1.0,0.0,-3.2097430082427093e-20,,,,False,False,False
kami77,1,0.0,0,1,0,1,0.0,1.0,0.0,8.628324351820549e-20,,,,False,False,False
kampeerwijzer,1,0.0,0,1,0,1,0.0,1.0,0.0,2.6608191052409947e-19,,,,False,False,False
kanetheboom,1,0.0,0,1,0,1,0.0,1.0,0.0,3.194232111487015e-20,,,,False,False,False
kao194,7,0.0,4,3,4,3,7.0,7.0,0.0005170055456937919,5.597079486292844e-05,7.0,0.0,0.0,True,False,True
kaospunk,2,0.0,1,1,1,1,2.0,2.0,0.0,0.0003831452147860268,2.0,0.0,0.0,False,False,False
kaptingavrin,3,0.3333333333333333,0,3,0,3,0.0,3.0,0.0,-7.811249576779354e-20,,,,False,False,False
karahx,3,0.0,2,3,2,3,2.0,3.0,0.00048589760663880234,0.0021899288555855896,2.0,0.0,0.0,False,False,False
karlfrednvlad,1,0.0,2,1,2,1,2.0,1.0,4.7450762936540124e-05,0.0002558490365720789,2.0,0.0,0.0,False,False,False
karloroy_wow,1,0.0,0,1,0,1,0.0,1.0,0.0,-5.965430209744239e-20,,,,False,False,False
karnadas,1,1.0,0,1,0,1,0.0,1.0,0.0,-1.4259783387001832e-20,,,,False,False,False
karpulltunnel,1,0.0,1,1,1,1,1.0,1.0,0.00010293164510275817,1.1817511052682319e-06,1.0,0.0,0.0,False,False,False
karthak_maz_urzak,3,0.0,2,1,2,1,3.0,3.0,2.507968442734679e-08,7.111938935374748e-19,3.0,0.0,0.0,False,False,False
karthmorphon,1,0.0,0,1,0,1,0.0,1.0,0.0,-2.0535598017669758e-20,,,,False,False,False
karypto-7,1,0.0,0,1,0,1,0.0,1.0,0.0,2.9784098449131626e-19,,,,False,False,False
kashquests,2,0.0,2,1,2,1,2.0,1.0,0.00012487174876375966,2.618675071930954e-10,2.0,0.0,0.0,False,False,False
kasumikeiko,1,0.0,0,1,0,1,0.0,1.0,0.0,-3.8208711307258984e-20,,,,False,False,False
katapros,1,0.0,1,1,1,1,1.0,1.0,0.0,0.09344260543759526,1.0,0.0,0.0,False,False,False
katsutomai,2,0.0,0,2,0,2,0.0,2.0,0.0,-4.8834716880703584e-20,,,,False,False,False
katur,1,0.0,0,1,0,1,0.0,1.0,0.0,-6.404360281853701e-20,,,,False,False,False
kawlinx,1,1.0,0,1,0,1,0.0,1.0,0.0,-2.1082392931988784e-20,,,,False,False,False
kayll-,5,0.2,2,2,2,2,5.0,5.0,1.3500839890862565e-05,0.0028522699390317948,5.0,0.0,0.0,False,False,False
kaynpayn,2,0.0,1,2,1,2,1.0,2.0,4.752600198982217e-05,-8.613368606154707e-19,1.0,0.0,0.0,False,False,False
kazeespada,1,0.0,0,1,0,1,0.0,1.0,0.0,-3.4391360989755455e-20,,,,False,False,False
kb3_fk8,5,0.0,2,1,2,1,6.0,5.0,3.1714580084638854e-05,2.744208675855897e-06,6.0,0.0,0.0,False,False,False
keahi20,1,0.0,0,1,0,1,0.0,1.0,0.0,-2.3645134802488482e-20,,,,False,False,False
keashot,1,0.0,0,1,0,1,0.0,1.0,0.0,-6.865380855714789e-20,,,,False,False,False
keatonb87,1,0.0,0,1,0,1,0.0,1.0,0.0,-2.9092933255611912e-21,,,,False,False,False
kebab-time,1,0.0,0,1,0,1,0.0,1.0,0.0,9.806029460156032e-20,,,,False,False,False
keelbeard,1,0.0,0,1,0,1,0.0,1.0,0.0,1.2965271574243907e-19,,,,False,False,False
keep_improving_self,1,0.0,2,1,2,1,2.0,1.0,0.00012482158939490496,4.199092294891978e-05,2.0,0.0,0.0,False,False,False
keffmeistr,1,0.0,0,1,0,1,0.0,1.0,0.0,9.435966840526796e-20,,,,False,False,False
keianh,2,0.0,2,2,2,2,2.0,2.0,0.00023150815244808417,3.290392893951969e-08,2.0,0.0,0.0,False,False,False
keikobad,2,0.0,0,2,0,2,0.0,2.0,0.0,4.17124859256642e-20,,,,False,False,False
keletheen,1,0.0,0,1,0,1,0.0,1.0,0.0,5.0054588295533826e-20,,,,False,False,False
kelfupanda,4,0.0,3,4,3,4,3.0,4.0,7.638245015451104e-05,6.781268752165637e-19,3.0,0.0,0.0,True,False,False
kellksm,2,0.0,2,2,2,2,2.0,2.0,2.4705642675963877e-05,-2.3449982601437223e-18,2.0,0.0,0.0,False,False,False
kellmaster,1,0.0,0,1,0,1,0.0,1.0,0.0,-1.395835206900846e-19,,,,False,False,False
kellven,1,0.0,0,1,0,1,0.0,1.0,0.0,1.4942634538221687e-21,,,,False,False,False
kelstengaminguk,1,0.0,0,1,0,1,0.0,1.0,0.0,1.4282942667141803e-19,,,,False,False,False
kenjair07,1,0.0,0,1,0,1,0.0,1.0,0.0,2.4610814600360785e-19,,,,False,False,False
kenshinborealis,1,0.0,0,1,0,1,0.0,1.0,0.0,-2.0725407912126575e-19,,,,False,False,False
kentack,4,0.0,5,4,5,4,5.0,4.0,0.0005477187093585166,9.361143728284278e-05,5.0,0.0,0.0,True,False,True
kenzaro_,1,0.0,0,1,0,1,0.0,1.0,0.0,-3.392610531438356e-20,,,,False,False,False
kerenar,1,0.0,1,1,1,1,1.0,1.0,4.747584262096747e-05,-2.0282336080897174e-20,1.0,0.0,0.0,False,False,False
kersplode,2,0.0,1,2,1,2,1.0,2.0,9.9792069082744e-05,1.0995500698203031e-05,1.0,0.0,0.0,False,False,False
kerthard,10,0.0,3,8,3,8,4.0,10.0,0.0008985539777781344,5.017256724069836e-05,4.0,0.0,0.0,True,False,False
kerxes,1,0.0,0,1,0,1,0.0,1.0,0.0,4.3176127454173606e-20,,,,False,False,False
kethcup_,1,0.0,5,1,5,1,5.0,1.0,8.878208287280762e-07,0.002626106719089265,5.0,0.0,0.0,True,False,False
kevkoss,6,0.0,1,5,1,5,1.0,6.0,0.001029704695147079,9.576067640761909e-05,1.0,0.0,0.0,False,False,False
kevthuluu,1,0.0,4,1,4,1,4.0,1.0,0.00010003694346820602,3.417704269414906e-05,4.0,0.0,0.0,True,False,False
key-proof-1673,1,0.0,0,1,0,1,0.0,1.0,0.0,-7.110917685505021e-20,,,,False,False,False
key_arrival2927,1,0.0,0,1,0,1,0.0,1.0,0.0,3.277554619036801e-20,,,,False,False,False
key_pop_8116,5,0.0,2,5,2,5,2.0,5.0,0.00035115011631022257,8.3592123102871e-06,2.0,0.0,0.0,False,False,False
keyboardturn,2,0.0,7,2,7,2,7.0,2.0,6.5301725940490424e-06,1.0784601059894724e-05,7.0,0.0,0.0,True,False,False
keylus,1,0.0,1,1,1,1,1.0,1.0,0.0,8.541339921000327e-06,1.0,0.0,0.0,False,False,False
keymaster999,2,0.0,0,2,0,2,0.0,2.0,0.0,1.7200969483912437e-20,,,,False,False,False
keynarin,1,0.0,0,1,0,1,0.0,1.0,0.0,-6.285472866424008e-21,,,,False,False,False
kfasek,1,0.0,0,1,0,1,0.0,1.0,0.0,-1.8374427727044516e-19,,,,False,False,False
khadgarisadreadlord,10,0.0,1,2,1,2,10.0,10.0,0.00017722244631355127,3.025142757684306e-06,10.0,0.0,0.0,False,False,False
khaldaan,2,0.0,3,2,3,2,3.0,2.0,4.892745333122019e-05,7.776190088743583e-19,3.0,0.0,0.0,True,False,False
khalkong,1,0.0,1,1,1,1,1.0,1.0,0.0,8.308675121191582e-19,1.0,0.0,0.0,False,False,False
khaosfury,3,0.0,3,3,3,3,4.0,3.0,0.00014260308565389385,2.8494240057043112e-18,4.0,0.0,0.0,True,False,False
khaoticsuccubus,3,0.3333333333333333,3,3,3,3,3.0,3.0,0.0003482336474288055,4.996362571683944e-06,3.0,0.0,0.0,True,False,False
kharathos,1,0.0,1,1,1,1,1.0,1.0,4.747584262096747e-05,-1.0253271861877096e-19,1.0,0.0,0.0,False,False,False
khasim83,1,0.0,0,1,0,1,0.0,1.0,0.0,-2.5393760026753498e-20,,,,False,False,False
khazalgarfairy,1,0.0,0,1,0,1,0.0,1.0,0.0,-1.2006824455147833e-20,,,,False,False,False
kheiron,1,0.0,1,1,1,1,1.0,1.0,2.3122544067658093e-05,3.128274566334312e-08,1.0,0.0,0.0,False,False,False
kibasburner,1,0.0,0,1,0,1,0.0,1.0,0.0,5.2034018526450594e-20,,,,False,False,False
kid-karma,2,0.0,1,2,1,2,1.0,2.0,4.752600198982217e-05,1.4118820005405371e-19,1.0,0.0,0.0,False,False,False
kii_at_work,1,0.0,1,1,1,1,1.0,1.0,0.0,3.817976104896152e-05,1.0,0.0,0.0,False,False,False
kiksonjara,1,0.0,2,1,2,1,2.0,1.0,0.0006257253776227184,0.0018640670920214474,2.0,0.0,0.0,False,False,False
kildal,1,0.0,0,1,0,1,0.0,1.0,0.0,1.2252424062323971e-19,,,,False,False,False
kildar2112,1,1.0,0,1,0,1,0.0,1.0,0.0,3.8839778393427786e-20,,,,False,False,False
kill_william_vol_3,3,0.0,1,2,1,2,1.0,3.0,9.495168524193494e-05,1.8914765521936096e-18,1.0,0.0,0.0,False,False,False
killbroccoli,1,0.0,1,1,1,1,1.0,1.0,4.7475842620967475e-05,-1.4773529240326516e-19,1.0,0.0,0.0,False,False,False
kills_zombies,3,0.0,0,3,0,3,0.0,3.0,0.0,1.2363023657221747e-20,,,,False,False,False
killsb,1,0.0,2,1,2,1,2.0,1.0,7.337244163446133e-05,3.941077011539134e-05,2.0,0.0,0.0,False,False,False
kiloyounited,1,0.0,1,1,1,1,1.0,1.0,0.0,0.0022436395486095575,1.0,0.0,0.0,False,False,False
kimberkitsuragi,1,0.0,0,1,0,1,0.0,1.0,0.0,5.742463896806999e-20,,,,False,False,False
kiminifurete_,1,0.0,0,1,0,1,0.0,1.0,0.0,-2.4405572382534545e-20,,,,False,False,False
kimite_,1,0.0,2,1,2,1,2.0,1.0,0.0001249469878170417,1.025562117289369e-05,2.0,0.0,0.0,False,False,False
kimjongkung,1,0.0,4,1,4,1,4.0,1.0,0.00011326152685285992,-1.6704664146455715e-19,4.0,0.0,0.0,True,False,False
kind-apricot22,1,0.0,0,1,0,1,0.0,1.0,0.0,-1.0823435175842697e-19,,,,False,False,False
kindly_walk_3529,1,0.0,0,1,0,1,0.0,1.0,0.0,-4.229755821878873e-20,,,,False,False,False
king_teddy_bear,1,0.0,1,1,1,1,1.0,1.0,4.747584262096747e-05,4.2083287277720716e-19,1.0,0.0,0.0,False,False,False
kingalicane,1,0.0,0,1,0,1,0.0,1.0,0.0,-1.664336364944245e-19,,,,False,False,False
kingchrisy,2,0.0,2,2,2,2,2.0,2.0,0.00015234744098401154,0.0017893624308875304,2.0,0.0,0.0,False,False,False
kingfisherc,1,0.0,0,1,0,1,0.0,1.0,0.0,-1.195380419088184e-19,,,,False,False,False
kingk0ngdong,1,0.0,0,1,0,1,0.0,1.0,0.0,-1.325931631553658e-20,,,,False,False,False
kingofazmerloth,2,0.0,1,2,1,2,1.0,2.0,4.747584262096747e-05,2.591012605928556e-19,1.0,0.0,0.0,False,False,False
kingofgama,4,0.0,3,4,3,4,3.0,4.0,0.0024421273307871894,5.4996114636488466e-05,3.0,0.0,0.0,True,False,False
kingofwarz,1,0.0,0,1,0,1,0.0,1.0,0.0,-1.173524029811662e-19,,,,False,False,False
kinkypaddling,2,0.0,0,2,0,2,0.0,2.0,0.0,1.2847899872925828e-19,,,,False,False,False
kintaco,1,1.0,0,1,0,1,0.0,1.0,0.0,2.171859078166539e-19,,,,False,False,False
kinzo149,31,0.0,47,23,47,23,60.0,30.0,0.006541962621403201,0.0005560718119842971,60.0,0.0,0.0,True,False,True
kioskryttaren,3,0.0,0,3,0,3,0.0,3.0,0.0,-1.1190081083687506e-19,,,,False,False,False
kirbydude65,2,0.0,2,2,2,2,2.0,2.0,0.00046014272494378656,0.000186154293464362,2.0,0.0,0.0,False,False,False
kirire-,1,0.0,0,1,0,1,0.0,1.0,0.0,-7.763855959891993e-20,,,,False,False,False
kirur,1,0.0,1,1,1,1,1.0,1.0,9.966700914632879e-06,-1.245881896822631e-19,1.0,0.0,0.0,False,False,False
kiruz_,1,0.0,0,1,0,1,0.0,1.0,0.0,6.508262625804512e-20,,,,False,False,False
kiry1,2,0.0,0,1,0,1,0.0,2.0,0.0,3.685678991618615e-20,,,,False,False,False
kissofthehell,1,0.0,1,1,1,1,1.0,1.0,4.747584262096747e-05,-7.841947244546514e-19,1.0,0.0,0.0,False,False,False
kitsunekyo,6,0.0,1,6,1,6,2.0,6.0,4.747584262096747e-05,-1.3951996920929637e-18,2.0,0.0,0.0,False,False,False
kittenpantzen,4,0.0,2,4,2,4,2.0,4.0,0.0002982626748050522,9.65265252606307e-06,2.0,0.0,0.0,False,False,False
kittie_ghede104,1,0.0,0,1,0,1,0.0,1.0,0.0,-4.898591748333328e-20,,,,False,False,False
kiwical,3,0.0,3,3,3,3,3.0,3.0,0.001060434481977451,0.00014040248873229563,3.0,0.0,0.0,True,False,False
kizzil,1,0.0,0,1,0,1,0.0,1.0,0.0,9.967145117707267e-20,,,,False,False,False
klaroxy,2,0.0,4,2,4,2,5.0,2.0,0.0008052784185746715,0.0047796732490072375,5.0,0.0,0.0,True,False,True
klatelbat,1,0.0,1,1,1,1,1.0,1.0,6.0523318776854826e-06,-9.370626233069985e-19,1.0,0.0,0.0,False,False,False
klatt3n,2,0.0,1,1,1,1,3.0,2.0,0.0,0.00021852462345968096,3.0,0.0,0.0,False,False,False
klenexts,1,0.0,0,1,0,1,0.0,1.0,0.0,1.296403571919082e-19,,,,False,False,False
kleowi,1,0.0,0,1,0,1,0.0,1.0,0.0,2.572652939727916e-20,,,,False,False,False
klinf1,1,0.0,0,1,0,1,0.0,1.0,0.0,-1.145517777929262e-19,,,,False,False,False
klippan23,1,0.0,0,1,0,1,0.0,1.0,0.0,7.667692913558184e-20,,,,False,False,False
kluian2005,1,0.0,1,1,1,1,1.0,1.0,0.0,7.864725225287297e-12,1.0,0.0,0.0,False,False,False
kluna01,1,0.0,0,1,0,1,0.0,1.0,0.0,-5.494368361248059e-20,,,,False,False,False
klutzy_scarcity_6207,1,0.0,0,1,0,1,0.0,1.0,0.0,-9.297776991520566e-20,,,,False,False,False
km_the_frog,2,0.0,13,2,13,2,13.0,2.0,0.0011399356619873097,0.0014559366842434287,13.0,0.0,0.0,True,False,True
kme026,1,0.0,0,1,0,1,0.0,1.0,0.0,2.705044723717799e-19,,,,False,False,False
kng_89,1,0.0,1,1,1,1,1.0,1.0,0.0,2.5885066409404146e-18,1.0,0.0,0.0,False,False,False
knickenbok,1,0.0,0,1,0,1,0.0,1.0,0.0,-1.3174166733057124e-19,,,,False,False,False
knightbane007,1,0.0,0,1,0,1,0.0,1.0,0.0,-2.832293744705095e-19,,,,False,False,False
knightress_oxhide,1,0.0,0,1,0,1,0.0,1.0,0.0,-1.0057831243972979e-19,,,,False,False,False
knowen91,1,0.0,0,1,0,1,0.0,1.0,0.0,8.355694738283954e-20,,,,False,False,False
kocki123,1,0.0,0,1,0,1,0.0,1.0,0.0,8.475154360293824e-21,,,,False,False,False
kodycarp19,10,0.0,3,6,3,6,5.0,10.0,0.0011706408121403696,0.0026385605221580866,5.0,0.0,0.0,True,False,True
kokeshi_doll7,2,0.0,1,2,1,2,1.0,2.0,8.435219201250573e-05,5.3484537510498674e-05,1.0,0.0,0.0,False,False,False
kokozie06,1,0.0,0,1,0,1,0.0,1.0,0.0,-2.6576082049953132e-20,,,,False,False,False
kolhammer93,1,0.0,1,1,1,1,1.0,1.0,0.0,0.00012053256889668985,1.0,0.0,0.0,False,False,False
kolima_,1,0.0,0,1,0,1,0.0,1.0,0.0,-1.1241213346424804e-19,,,,False,False,False
konsathepanda,1,0.0,0,1,0,1,0.0,1.0,0.0,-1.0421133361980192e-19,,,,False,False,False
konsume1337,1,1.0,0,1,0,1,0.0,1.0,0.0,-1.5902260572970116e-21,,,,False,False,False
konungrr,1,0.0,0,1,0,1,0.0,1.0,0.0,1.1992307694803112e-19,,,,False,False,False
koolguykris,1,0.0,0,1,0,1,0.0,1.0,0.0,-1.554533447055235e-19,,,,False,False,False
koomaow,2,0.0,1,2,1,2,1.0,2.0,7.801515358902065e-06,4.691918782186877e-19,1.0,0.0,0.0,False,False,False
kooparogue,2,0.0,1,2,1,2,1.0,2.0,0.0012576209760422493,9.760292506207106e-06,1.0,0.0,0.0,False,False,False
korderon,2,0.0,16,2,16,2,16.0,2.0,0.00014586748730143124,0.0008438230022996357,16.0,0.0,0.0,True,False,False
korijenkins,2,0.0,5,2,5,2,5.0,2.0,0.00028194189058670753,3.5967055698837486e-05,5.0,0.0,0.0,True,False,False
korize,1,0.0,0,1,0,1,0.0,1.0,0.0,-6.7255878903533576e-21,,,,False,False,False
kormit_der_frag,1,0.0,0,1,0,1,0.0,1.0,0.0,2.960092905541295e-19,,,,False,False,False
korrigan_goblin,4,0.0,4,4,4,4,4.0,4.0,0.0003609559956762055,6.187943800682308e-05,4.0,0.0,0.0,True,False,False
kotouu,1,0.0,1,1,1,1,1.0,1.0,0.0,0.007969422761699405,1.0,0.0,0.0,False,False,False
kourtbard,1,0.0,0,1,0,1,0.0,1.0,0.0,-1.7882672931447851e-22,,,,False,False,False
kozpot,1,0.0,0,1,0,1,0.0,1.0,0.0,2.0227701881191173e-21,,,,False,False,False
kr1tterz,1,0.0,0,1,0,1,0.0,1.0,0.0,-6.050653927556733e-21,,,,False,False,False
kradgger,1,0.0,0,1,0,1,0.0,1.0,0.0,-5.975385568527842e-22,,,,False,False,False
kragenstein,1,0.0,0,1,0,1,0.0,1.0,0.0,1.2855319771710096e-19,,,,False,False,False
krags,1,0.0,1,1,1,1,1.0,1.0,4.747584262096747e-05,-5.879390507670899e-20,1.0,0.0,0.0,False,False,False
kraistor,1,0.0,0,1,0,1,0.0,1.0,0.0,-1.8888971827210988e-19,,,,False,False,False
kramjam,1,0.0,0,1,0,1,0.0,1.0,0.0,6.167544123421207e-20,,,,False,False,False
krasi183,1,0.0,0,1,0,1,0.0,1.0,0.0,-1.5571238896585949e-19,,,,False,False,False
kraxiloth,6,0.1666666666666666,4,6,4,6,4.0,6.0,0.0005699308801337443,5.381174009203834e-08,4.0,0.0,0.0,True,False,False
kraydez,2,0.0,2,2,2,2,2.0,2.0,4.2092944352899796e-05,2.5311222989287573e-05,2.0,0.0,0.0,False,False,False
krazystanbg,2,0.0,1,1,1,1,1.0,2.0,0.0,0.0001376446263664686,1.0,0.0,0.0,False,False,False
krea-kaos,1,0.0,1,1,1,1,1.0,1.0,1.1626303225035282e-05,6.43479750957802e-05,1.0,0.0,0.0,False,False,False
kreezle27,1,1.0,0,1,0,1,0.0,1.0,0.0,-8.892056336713712e-20,,,,False,False,False
kreiger81,3,0.0,2,3,2,3,2.0,3.0,9.502692429521698e-05,9.027760635913817e-19,2.0,0.0,0.0,False,False,False
kremlo,2,0.0,0,2,0,2,0.0,2.0,0.0,-6.354115656146241e-20,,,,False,False,False
krin132,1,0.0,1,1,1,1,1.0,1.0,4.750092230539482e-05,-1.3585696213784582e-19,1.0,0.0,0.0,False,False,False
kripto_,2,0.0,0,2,0,2,0.0,2.0,0.0,-2.1375401937398447e-19,,,,False,False,False
kris9876,1,0.0,2,1,2,1,2.0,1.0,4.742568325211278e-05,7.283193099777822e-08,2.0,0.0,0.0,False,False,False
krisredm,1,0.0,0,1,0,1,0.0,1.0,0.0,5.707307444238614e-20,,,,False,False,False
krizzqy,1,0.0,0,1,0,1,0.0,1.0,0.0,-1.4195932859449715e-19,,,,False,False,False
kroggol,6,0.0,4,6,4,6,4.0,6.0,0.0008404329360677142,1.5556370816760942e-05,4.0,0.0,0.0,True,False,False
kroick,5,0.0,16,5,16,5,16.0,5.0,0.0027673122986684685,0.0021947264965712404,16.0,0.0,0.0,True,False,True
krombough,2,0.0,8,2,8,2,8.0,2.0,0.0007292244805570409,3.7492689091222234e-05,8.0,0.0,0.0,True,False,True
kromdartv,1,0.0,0,1,0,1,0.0,1.0,0.0,-1.228600153771176e-19,,,,False,False,False
kronuk,2,0.0,0,2,0,2,0.0,2.0,0.0,1.3223569604950572e-20,,,,False,False,False
krraxia,1,0.0,0,1,0,1,0.0,1.0,0.0,-6.07811449078462e-20,,,,False,False,False
krumpopodes,1,0.0,0,1,0,1,0.0,1.0,0.0,-1.3785578244798418e-19,,,,False,False,False
kruse002,1,0.0,0,1,0,1,0.0,1.0,0.0,1.4577057073333282e-19,,,,False,False,False
krustyllamabimbo,1,0.0,0,1,0,1,0.0,1.0,0.0,-5.194850771803152e-20,,,,False,False,False
krydanx,1,0.0,0,1,0,1,0.0,1.0,0.0,-1.8131840241520753e-19,,,,False,False,False
kryoize,2,0.0,1,2,1,2,1.0,2.0,0.00021762103937524217,3.0161378957013062e-05,1.0,0.0,0.0,False,False,False
kryptyx,2,0.0,5,2,5,2,5.0,2.0,0.00012507238623917844,6.622024437782463e-07,5.0,0.0,0.0,True,False,False
kryz1te94,1,0.0,0,1,0,1,0.0,1.0,0.0,2.77346910735988e-20,,,,False,False,False
krzr,1,0.0,0,1,0,1,0.0,1.0,0.0,1.2171189024940845e-20,,,,False,False,False
ksaucedesk,2,0.0,0,2,0,2,0.0,2.0,0.0,-5.240650299549487e-20,,,,False,False,False
ksobby,1,0.0,0,1,0,1,0.0,1.0,0.0,4.668141292338758e-20,,,,False,False,False
ksperspective113,1,0.0,0,1,0,1,0.0,1.0,0.0,-1.2829466975778397e-20,,,,False,False,False
ktaily,1,0.0,0,1,0,1,0.0,1.0,0.0,3.401998850572188e-19,,,,False,False,False
kthegamergirl,4,0.0,1,3,1,3,1.0,4.0,0.00080089444393922,3.748989023748782e-05,1.0,0.0,0.0,False,False,False
kthegoat,1,0.0,0,1,0,1,0.0,1.0,0.0,-3.1910118765116175e-20,,,,False,False,False
ktheonetrueking,7,0.0,3,7,3,7,4.0,7.0,0.0009855114469630448,8.27919442784556e-05,4.0,0.0,0.0,True,False,False
ktmpanda,1,0.0,1,1,1,1,1.0,1.0,4.852725398133169e-05,5.403835241793187e-19,1.0,0.0,0.0,False,False,False
kualikuri,4,0.0,2,4,2,4,2.0,4.0,8.631394335748495e-05,-1.0089129069494671e-18,2.0,0.0,0.0,False,False,False
kudrel,1,0.0,1,1,1,1,1.0,1.0,7.439790755831623e-05,6.6834481497499175e-06,1.0,0.0,0.0,False,False,False
kujasgoldmine,1,0.0,0,1,0,1,0.0,1.0,0.0,-2.9032545539527453e-20,,,,False,False,False
kujira-san,4,0.0,6,4,6,4,6.0,4.0,0.0005836424118073882,8.843826687874319e-06,6.0,0.0,0.0,True,False,True
kuldrick,1,0.0,2,1,2,1,2.0,1.0,5.187375347341091e-06,1.7659867781546896e-06,2.0,0.0,0.0,False,False,False
kulyor,1,0.0,0,1,0,1,0.0,1.0,0.0,-2.280383295316848e-19,,,,False,False,False
kunagi,1,0.0,0,1,0,1,0.0,1.0,0.0,5.41557797036428e-21,,,,False,False,False
kungfunick9979,1,0.0,0,1,0,1,0.0,1.0,0.0,-1.2667395871579722e-19,,,,False,False,False
kupogasm,1,0.0,0,1,0,1,0.0,1.0,0.0,3.0697270699499596e-21,,,,False,False,False
kurai_x_kitsune,1,0.0,0,1,0,1,0.0,1.0,0.0,2.9206820149835e-20,,,,False,False,False
kuramatotchi,1,0.0,1,1,1,1,1.0,1.0,0.0,-1.463035318120158e-19,1.0,0.0,0.0,False,False,False
kurohige20,1,0.0,0,1,0,1,0.0,1.0,0.0,3.9098977501631467e-20,,,,False,False,False
kurraga,4,0.0,2,3,2,3,3.0,4.0,0.0013617625134858277,2.7442086758542735e-06,3.0,0.0,0.0,False,False,False
kurtik567,1,0.0,0,1,0,1,0.0,1.0,0.0,-2.625327420642982e-20,,,,False,False,False
kurwek,1,0.0,0,1,0,1,0.0,1.0,0.0,-1.2095972740041784e-21,,,,False,False,False
kuschelbunny,1,1.0,0,1,0,1,0.0,1.0,0.0,1.8784754141180745e-19,,,,False,False,False
kushbuam,1,0.0,0,1,0,1,0.0,1.0,0.0,2.590248590317921e-19,,,,False,False,False
kuszza,1,0.0,0,1,0,1,0.0,1.0,0.0,3.82809452035413e-21,,,,False,False,False
kutasb,1,0.0,0,1,0,1,0.0,1.0,0.0,-3.044268220304192e-19,,,,False,False,False
kuvanet,3,0.0,0,3,0,3,0.0,3.0,0.0,3.2774206432292005e-20,,,,False,False,False
kuyun,2,0.0,0,2,0,2,0.0,2.0,0.0,-3.414774702439771e-19,,,,False,False,False
kyhron,1,0.0,0,1,0,1,0.0,1.0,0.0,-9.159239975957394e-20,,,,False,False,False
kyleeverett,1,0.0,1,1,1,1,1.0,1.0,1.5141793843619559e-05,7.151192822158737e-20,1.0,0.0,0.0,False,False,False
kylevd444,1,0.0,1,1,1,1,1.0,1.0,0.0,0.0019583422850959343,1.0,0.0,0.0,False,False,False
kyonarai,1,0.0,0,1,0,1,0.0,1.0,0.0,1.2053424601811545e-21,,,,False,False,False
kyr-shara,4,0.0,3,4,3,4,3.0,4.0,2.6333668648714127e-07,2.072929520429512e-18,3.0,0.0,0.0,True,False,False
kyuremiskeel,1,0.0,0,1,0,1,0.0,1.0,0.0,-2.7470108633007294e-20,,,,False,False,False
kyz123,11,0.0,4,10,4,10,4.0,11.0,0.0023347592046193254,3.3117359174587975e-05,4.0,0.0,0.0,True,False,False
l0nz,2,0.5,1,1,1,1,2.0,2.0,0.0,0.00011793283186534817,2.0,0.0,0.0,False,False,False
l3rn,1,0.0,1,1,1,1,1.0,1.0,0.0,6.748279583179719e-07,1.0,0.0,0.0,False,False,False
labpracticum,1,0.0,1,1,1,1,1.0,1.0,4.7475842620967475e-05,-3.1635541545322293e-20,1.0,0.0,0.0,False,False,False
lachrymir,1,0.0,0,1,0,1,0.0,1.0,0.0,1.5773922878730662e-20,,,,False,False,False
ladyanacondra,1,0.0,0,1,0,1,0.0,1.0,0.0,1.1845356429898882e-19,,,,False,False,False
ladydalama,1,0.0,0,1,0,1,0.0,1.0,0.0,-1.6160784772709013e-19,,,,False,False,False
ladyelectadub,1,0.0,0,1,0,1,0.0,1.0,0.0,2.271390347810444e-19,,,,False,False,False
lagom_kul,1,0.0,1,1,1,1,1.0,1.0,0.0,0.0026020982384506947,1.0,0.0,0.0,False,False,False
laika93,2,0.0,2,1,2,1,3.0,2.0,8.97198550473669e-05,0.00015896462008380135,3.0,0.0,0.0,False,False,False
lakesobacon,1,0.0,0,1,0,1,0.0,1.0,0.0,3.827434731927673e-20,,,,False,False,False
lalapla28,1,0.0,0,1,0,1,0.0,1.0,0.0,8.559552971239381e-20,,,,False,False,False
lancruses,1,0.0,0,1,0,1,0.0,1.0,0.0,1.7227057399119228e-19,,,,False,False,False
laney_moon_,3,0.3333333333333333,1,3,1,3,1.0,3.0,3.270025542728893e-05,7.41737950952551e-07,1.0,0.0,0.0,False,False,False
lankey_fish,3,0.0,0,3,0,3,0.0,3.0,0.0,1.3598145707692542e-19,,,,False,False,False
lankeyjevans,1,0.0,5,1,5,1,5.0,1.0,0.00018990337048386987,1.034937972459566e-19,5.0,0.0,0.0,True,False,False
lantisca,1,0.0,0,1,0,1,0.0,1.0,0.0,4.130894524261632e-20,,,,False,False,False
laptican,1,0.0,1,1,1,1,1.0,1.0,0.0,-7.012818318519698e-19,1.0,0.0,0.0,False,False,False
laranna,1,0.0,0,1,0,1,0.0,1.0,0.0,2.6253751120809084e-20,,,,False,False,False
lardath,1,0.0,1,1,1,1,1.0,1.0,0.0,0.013438534758796321,1.0,0.0,0.0,False,False,False
laredon,1,0.0,0,1,0,1,0.0,1.0,0.0,9.253398923198155e-20,,,,False,False,False
larsj_02,2,0.0,1,1,1,1,1.0,2.0,0.0,-1.1212474500243555e-18,1.0,0.0,0.0,False,False,False
larso567,1,0.0,0,1,0,1,0.0,1.0,0.0,-2.307148173343114e-19,,,,False,False,False
last_ad3103,1,0.0,0,1,0,1,0.0,1.0,0.0,5.149808139419575e-19,,,,False,False,False
last_pumpkin_1395,1,0.0,4,1,4,1,4.0,1.0,0.000124896828448187,3.7468952985932e-05,4.0,0.0,0.0,True,False,False
lastdefenseacademy,3,0.3333333333333333,2,3,2,3,2.0,3.0,0.0008221310519159889,2.6897375781425827e-06,2.0,0.0,0.0,False,False,False
lastoflast67,10,0.0,3,5,3,5,7.0,9.0,0.00046746390817095244,1.1398571870492924e-05,7.0,0.0,0.0,True,False,True
late-elderberry6761,1,0.0,0,1,0,1,0.0,1.0,0.0,3.155900030654032e-20,,,,False,False,False
late_stage_exception,1,1.0,1,1,1,1,1.0,1.0,0.0,6.273923023251527e-09,1.0,0.0,0.0,False,False,False
lateyeight,1,0.0,1,1,1,1,1.0,1.0,7.523905328204037e-08,-8.611092168944299e-19,1.0,0.0,0.0,False,False,False
lats9,10,0.0,45,10,45,10,48.0,10.0,0.0044924957182406805,0.019434865324755003,48.0,0.0,0.0,True,False,True
latviacm,1,0.0,0,1,0,1,0.0,1.0,0.0,2.293186818392052e-19,,,,False,False,False
lava-jacket,1,0.0,1,1,1,1,1.0,1.0,5.232035245834088e-05,-1.675206313049201e-19,1.0,0.0,0.0,False,False,False
lavarious3038,1,0.0,0,1,0,1,0.0,1.0,0.0,-4.5416378548170927e-20,,,,False,False,False
lavishnesslow3764,1,0.0,0,1,0,1,0.0,1.0,0.0,-9.669830845295131e-20,,,,False,False,False
lazarus-online,1,0.0,0,1,0,1,0.0,1.0,0.0,-5.1875161463850387e-20,,,,False,False,False
lazykaiju,1,0.0,1,1,1,1,1.0,1.0,0.0,1.2489878951780218e-05,1.0,0.0,0.0,False,False,False
lazylazygecko,2,0.0,2,2,2,2,2.0,2.0,0.00038731285110594186,0.0006840569736481564,2.0,0.0,0.0,False,False,False
lbiggy,1,0.0,0,1,0,1,0.0,1.0,0.0,4.1563233811611744e-20,,,,False,False,False
lcspartan,2,0.0,1,2,1,2,1.0,2.0,5.307940647141861e-06,2.1417363021326697e-07,1.0,0.0,0.0,False,False,False
ldwchanjrl,1,0.0,1,1,1,1,1.0,1.0,1.3495258763286603e-07,5.382921220485029e-19,1.0,0.0,0.0,False,False,False
leafstorm23,1,0.0,0,1,0,1,0.0,1.0,0.0,-9.579472688034524e-20,,,,False,False,False
lealmadlid,1,0.0,0,1,0,1,0.0,1.0,0.0,-1.097281512913499e-19,,,,False,False,False
leather-analyst7523,1,0.0,0,1,0,1,0.0,1.0,0.0,-4.432255289235141e-21,,,,False,False,False
leather_ad_3377,1,0.0,1,1,1,1,1.0,1.0,0.0,-9.468579047565895e-20,1.0,0.0,0.0,False,False,False
lebowskii,1,0.0,0,1,0,1,0.0,1.0,0.0,-8.177569857473603e-20,,,,False,False,False
lecampy,1,1.0,5,1,5,1,5.0,1.0,7.408260116677938e-07,2.7602557457910448e-05,5.0,0.0,0.0,True,False,False
leerising,1,0.0,0,1,0,1,0.0,1.0,0.0,1.046306386092252e-19,,,,False,False,False
leetokeen,1,0.0,0,1,0,1,0.0,1.0,0.0,-4.8967412431129494e-20,,,,False,False,False
leetzor,3,0.0,0,3,0,3,0.0,3.0,0.0,-2.8373594028547835e-20,,,,False,False,False
lefroiis,2,0.0,1,2,1,2,1.0,2.0,1.2539842213673395e-07,2.4023309696083877e-18,1.0,0.0,0.0,False,False,False
left-journalist-3672,1,0.0,1,1,1,1,1.0,1.0,4.750092230539482e-05,8.282708994442853e-20,1.0,0.0,0.0,False,False,False
left_bison2076,1,0.0,0,1,0,1,0.0,1.0,0.0,-2.3024966975127606e-20,,,,False,False,False
leftoversn,1,0.0,1,1,1,1,1.0,1.0,0.0,0.0010822869221975618,1.0,0.0,0.0,False,False,False
legal_history4023,1,0.0,1,1,1,1,1.0,1.0,1.2539842213673394e-08,2.459816678732705e-19,1.0,0.0,0.0,False,False,False
legallykat,3,0.0,6,3,6,3,6.0,3.0,0.0005953570729241731,1.669748307197715e-06,6.0,0.0,0.0,True,False,True
legateaurelius,1,1.0,0,1,0,1,0.0,1.0,0.0,2.200859091085623e-20,,,,False,False,False
legio_dg,1,0.0,0,1,0,1,0.0,1.0,0.0,-4.9626883286057796e-20,,,,False,False,False
legitimate-east9708,3,0.0,1,2,1,2,2.0,3.0,0.0002531994780416077,4.16296722517748e-06,2.0,0.0,0.0,False,False,False
legitimate-golf-5986,1,0.0,0,1,0,1,0.0,1.0,0.0,-6.686951494956469e-21,,,,False,False,False
legitimate-mind-8022,1,0.0,0,1,0,1,0.0,1.0,0.0,8.360423617001904e-21,,,,False,False,False
legitimate_flamingo6,1,0.0,0,1,0,1,0.0,1.0,0.0,-1.8778449454006184e-20,,,,False,False,False
legitimate_shift5700,1,0.0,0,1,0,1,0.0,1.0,0.0,4.516504031029036e-22,,,,False,False,False
lehranslight,1,0.0,0,1,0,1,0.0,1.0,0.0,1.1038898181685037e-19,,,,False,False,False
leiacaldarian,1,0.0,0,1,0,1,0.0,1.0,0.0,-3.712165790502969e-20,,,,False,False,False
leisuresuitlarr,1,0.0,0,1,0,1,0.0,1.0,0.0,7.161597424022159e-20,,,,False,False,False
lemi69,2,0.0,0,2,0,2,0.0,2.0,0.0,-2.1518944881907915e-19,,,,False,False,False
lenyor-rr,4,0.25,3,4,3,4,3.0,4.0,0.0005331871099543018,0.0003429645578855737,3.0,0.0,0.0,True,False,False
leon978,2,0.0,2,2,2,2,2.0,2.0,0.00022889152367662968,0.0002549864428611062,2.0,0.0,0.0,False,False,False
leotargaryen,3,0.0,4,3,4,3,4.0,3.0,0.0005230282742684022,5.445255135631972e-06,4.0,0.0,0.0,True,False,False
lepprechaun25,3,0.0,2,3,2,3,4.0,3.0,0.00047090389223431573,0.0005513802396709742,4.0,0.0,0.0,False,False,False
less-advisor3238,1,0.0,0,1,0,1,0.0,1.0,0.0,-2.1344341271713885e-19,,,,False,False,False
less_wall_9656,1,0.0,0,1,0,1,0.0,1.0,0.0,4.9074390484233384e-20,,,,False,False,False
letfilonicook,1,0.0,0,1,0,1,0.0,1.0,0.0,-9.539353485845797e-20,,,,False,False,False
lethean93,1,0.0,0,1,0,1,0.0,1.0,0.0,2.225744811518937e-19,,,,False,False,False
letoiv,2,0.0,3,2,3,2,4.0,2.0,0.0005510661129024575,4.351324926654321e-10,4.0,0.0,0.0,True,False,False
lets_fuck_420,5,0.0,2,4,2,4,3.0,5.0,0.0006734508049822304,0.0003092002779211172,3.0,0.0,0.0,False,False,False
lett0026,1,0.0,0,1,0,1,0.0,1.0,0.0,-8.490784973413905e-20,,,,False,False,False
level7cannoneer,2,0.0,1,2,1,2,1.0,2.0,4.685279974630564e-05,6.11968983386439e-19,1.0,0.0,0.0,False,False,False
levviathann,2,0.0,0,2,0,2,0.0,2.0,0.0,-4.5026714652292836e-20,,,,False,False,False
lexicon79,1,0.0,0,1,0,1,0.0,1.0,0.0,7.188194660397949e-20,,,,False,False,False
lexihard,1,0.0,0,1,0,1,0.0,1.0,0.0,6.034777346885032e-20,,,,False,False,False
lexluthorsfortycakes,2,0.0,0,2,0,2,0.0,2.0,0.0,4.725487908044071e-20,,,,False,False,False
lezzles,3,0.0,3,2,3,2,4.0,3.0,6.571119085038719e-06,1.0569331508470608e-18,4.0,0.0,0.0,True,False,False
liberate90,2,0.0,1,1,1,1,2.0,2.0,0.0,0.09344260543759524,2.0,0.0,0.0,False,False,False
librarianno6865,1,0.0,0,1,0,1,0.0,1.0,0.0,-2.125082768911177e-20,,,,False,False,False
librarytimeisover,1,0.0,0,1,0,1,0.0,1.0,0.0,-4.752043354169504e-21,,,,False,False,False
lich-slapped,4,0.0,1,4,1,4,1.0,4.0,4.755108167424951e-05,5.007927077038879e-19,1.0,0.0,0.0,False,False,False
lichgim,1,0.0,0,1,0,1,0.0,1.0,0.0,-9.473879446156899e-20,,,,False,False,False
liehl_,2,0.0,0,2,0,2,0.0,2.0,0.0,-1.8974186272812458e-19,,,,False,False,False
lifeisalime11,1,0.0,0,1,0,1,0.0,1.0,0.0,3.267707954319657e-20,,,,False,False,False
lifeissuffering442,1,0.0,0,1,0,1,0.0,1.0,0.0,-3.073563282688155e-21,,,,False,False,False
lifendeath1,7,0.0,1,6,1,6,1.0,7.0,0.000319170159705385,5.9414311983125034e-05,1.0,0.0,0.0,False,False,False
lightofangels,1,0.0,1,1,1,1,1.0,1.0,0.00024115059119707532,4.6999777052037903e-05,1.0,0.0,0.0,False,False,False
likeviolence,1,0.0,1,1,1,1,1.0,1.0,0.0002508643006627729,3.964392348596202e-05,1.0,0.0,0.0,False,False,False
lil-nib,1,0.0,0,1,0,1,0.0,1.0,0.0,6.569012733865091e-21,,,,False,False,False
lilacs_and_marigolds,1,0.0,0,1,0,1,0.0,1.0,0.0,1.9355388177638203e-20,,,,False,False,False
limitunlikely910,2,0.0,2,2,2,2,2.0,2.0,0.0004685042713349453,0.0022178267218823638,2.0,0.0,0.0,False,False,False
limp-marzipan-4051,1,0.0,2,1,2,1,2.0,1.0,2.507968442734679e-08,5.2033010126954655e-05,2.0,0.0,0.0,False,False,False
limp_platypus_9424,1,0.0,6,1,6,1,6.0,1.0,0.002331224904437998,8.724088837393945e-06,6.0,0.0,0.0,True,False,True
limpetsbride,1,0.0,0,1,0,1,0.0,1.0,0.0,5.0130103136394924e-21,,,,False,False,False
linasclrem,1,0.0,2,1,2,1,2.0,1.0,0.0,0.10754806647100697,2.0,0.0,0.0,False,False,False
lindt_licker,1,0.0,0,1,0,1,0.0,1.0,0.0,-6.411968098141471e-20,,,,False,False,False
line_boy,2,0.0,0,2,0,2,0.0,2.0,0.0,2.6778916170764436e-19,,,,False,False,False
linino,1,0.0,0,1,0,1,0.0,1.0,0.0,9.793615923765995e-20,,,,False,False,False
linktoheaven090,2,0.5,1,2,1,2,1.0,2.0,0.00012482158939490496,0.00034287065191085267,1.0,0.0,0.0,False,False,False
linkysnow,1,0.0,0,1,0,1,0.0,1.0,0.0,1.4341801623422683e-19,,,,False,False,False
lio-ns,4,0.0,1,2,1,2,2.0,4.0,0.0007718405580714352,0.0018104914958801874,2.0,0.0,0.0,False,False,False
lion11037,4,0.0,3,3,3,3,3.0,4.0,5.74142662417634e-05,4.2546169404156755e-18,3.0,0.0,0.0,True,False,False
lionmom,1,0.0,0,1,0,1,0.0,1.0,0.0,9.847097234282442e-21,,,,False,False,False
lionsrise,1,0.0,1,1,1,1,1.0,1.0,4.747584262096746e-05,-2.559604441660434e-19,1.0,0.0,0.0,False,False,False
lirael_91,1,1.0,0,1,0,1,0.0,1.0,0.0,-7.831091564952489e-20,,,,False,False,False
lirielswhisper,1,0.0,0,1,0,1,0.0,1.0,0.0,-7.125638748433286e-20,,,,False,False,False
lirillemirth,1,0.0,0,1,0,1,0.0,1.0,0.0,9.091922075165382e-20,,,,False,False,False
lison52,1,0.0,2,1,2,1,2.0,1.0,4.7375523883258083e-05,0.012930051456661783,2.0,0.0,0.0,False,False,False
little-inflation-192,2,0.0,1,2,1,2,1.0,2.0,1.2539842213673395e-07,0.0002708142708815509,1.0,0.0,0.0,False,False,False
littlelunia,1,0.0,0,1,0,1,0.0,1.0,0.0,-1.3378026876373928e-19,,,,False,False,False
littlevilegoblin,5,0.2,1,4,1,4,1.0,5.0,0.00014908245810693114,4.586272048596821e-06,1.0,0.0,0.0,False,False,False
liturginator9000,1,0.0,0,1,0,1,0.0,1.0,0.0,-8.180370416707894e-20,,,,False,False,False
liv_0203,1,0.0,0,1,0,1,0.0,1.0,0.0,-2.054970879322413e-19,,,,False,False,False
live-steaky,1,0.0,1,1,1,1,1.0,1.0,0.0,-9.309624113280881e-19,1.0,0.0,0.0,False,False,False
live_pirate881,1,0.0,0,1,0,1,0.0,1.0,0.0,-5.0182275835597085e-20,,,,False,False,False
livesinacabin,2,0.0,1,2,1,2,2.0,2.0,4.755108167424951e-05,1.9183470954947724e-19,2.0,0.0,0.0,False,False,False
lividcauliflower3914,1,0.0,0,1,0,1,0.0,1.0,0.0,5.2976927240612525e-21,,,,False,False,False
livvi10,1,0.0,0,1,0,1,0.0,1.0,0.0,-6.47344240603539e-20,,,,False,False,False
llamamanta,1,0.0,2,1,2,1,2.0,1.0,4.7450762936540124e-05,7.359725309571228e-06,2.0,0.0,0.0,False,False,False
llogaburr,1,0.0,3,1,3,1,3.0,1.0,0.0011799036367846896,0.0003039346448517106,3.0,0.0,0.0,True,False,False
llstonesll,5,0.0,3,4,3,4,4.0,5.0,0.0013007593625942464,0.09556828952252236,4.0,0.0,0.0,True,False,False
llyon_,3,0.0,1,3,1,3,1.0,3.0,0.00014321732093958684,4.626994700727975e-08,1.0,0.0,0.0,False,False,False
lmaotank,1,0.0,0,1,0,1,0.0,1.0,0.0,-2.592354414708926e-19,,,,False,False,False
lnk-cr-b82rez-2g4,2,0.0,4,2,4,2,4.0,2.0,0.001131650403372921,3.926391979756771e-05,4.0,0.0,0.0,True,False,False
lnvector,1,0.0,1,1,1,1,1.0,1.0,0.0,0.00034287065191085554,1.0,0.0,0.0,False,False,False
loan_fancy,1,1.0,0,1,0,1,0.0,1.0,0.0,1.8794014859017334e-19,,,,False,False,False
local-operation2307,1,0.0,0,1,0,1,0.0,1.0,0.0,-2.7830164748620364e-20,,,,False,False,False
local-opposite5953,1,0.0,0,1,0,1,0.0,1.0,0.0,1.7205522069240775e-19,,,,False,False,False
localcannon,2,0.0,0,2,0,2,0.0,2.0,0.0,-6.468418266660261e-21,,,,False,False,False
lockdenload,1,0.0,0,1,0,1,0.0,1.0,0.0,-9.030250659559941e-20,,,,False,False,False
lofi-ahsoka,2,0.0,3,2,3,2,3.0,2.0,0.0004240061270098448,0.09344260543759524,3.0,0.0,0.0,True,False,False
logicbox_,9,0.0,6,9,6,9,6.0,9.0,0.003182665549447461,0.0008875419063005385,6.0,0.0,0.0,True,False,True
logicskca,1,0.0,2,1,2,1,2.0,1.0,6.193998293482323e-05,0.00018354143182861628,2.0,0.0,0.0,False,False,False
lokarlalingran,1,1.0,0,1,0,1,0.0,1.0,0.0,-3.89431676681774e-20,,,,False,False,False
loki-616,2,0.0,0,2,0,2,0.0,2.0,0.0,-3.138786877186893e-19,,,,False,False,False
loki_the_pbgv,1,0.0,0,1,0,1,0.0,1.0,0.0,2.229542655657961e-19,,,,False,False,False
lokiniouz,1,0.0,0,1,0,1,0.0,1.0,0.0,2.074513224177279e-19,,,,False,False,False
lokithesiberianhusky,1,0.0,1,1,1,1,1.0,1.0,4.7475842620967475e-05,3.891276897158601e-19,1.0,0.0,0.0,False,False,False
lolflore,5,0.8,3,3,3,3,7.0,5.0,0.0012023342312152444,0.0002526515711509698,7.0,0.0,0.0,True,True,True
lolpunny_,1,0.0,0,1,0,1,0.0,1.0,0.0,-8.10256873981926e-20,,,,False,False,False
lolseabass,1,0.0,0,1,0,1,0.0,1.0,0.0,-9.506646374099807e-20,,,,False,False,False
lolxd_1337,2,0.0,2,2,2,2,2.0,2.0,0.00019634478277783562,8.780717515752036e-05,2.0,0.0,0.0,False,False,False
lombardyn,1,0.0,0,1,0,1,0.0,1.0,0.0,5.18196917541727e-23,,,,False,False,False
lonely_fenix,1,0.0,0,1,0,1,0.0,1.0,0.0,-3.399758057750427e-20,,,,False,False,False
lonely_gur4841,1,0.0,0,1,0,1,0.0,1.0,0.0,1.6080427125336548e-19,,,,False,False,False
lonethesmurf,1,0.0,0,1,0,1,0.0,1.0,0.0,2.7677684605690775e-20,,,,False,False,False
long-mention-3923,1,0.0,0,1,0,1,0.0,1.0,0.0,-3.818253224329869e-19,,,,False,False,False
longbark,1,0.0,1,1,1,1,1.0,1.0,0.0,4.586722488999396e-09,1.0,0.0,0.0,False,False,False
longjumpingturnip,1,0.0,0,1,0,1,0.0,1.0,0.0,-1.998706636305517e-20,,,,False,False,False
longtailist,3,0.0,1,3,1,3,1.0,3.0,4.747584262096747e-05,2.366457828964266e-19,1.0,0.0,0.0,False,False,False
lookltsgordo,2,0.0,1,1,1,1,1.0,2.0,0.0,5.0538862936031304e-08,1.0,0.0,0.0,False,False,False
loon_cheese,1,0.0,0,1,0,1,0.0,1.0,0.0,-9.527207089081717e-20,,,,False,False,False
loonartear2665,2,0.0,2,2,2,2,2.0,2.0,0.00023840220456607347,2.3699282611390386e-06,2.0,0.0,0.0,False,False,False
loopeded,1,0.0,1,1,1,1,1.0,1.0,0.00010392732035825817,5.79651363965667e-06,1.0,0.0,0.0,False,False,False
lootingdaroom,4,0.0,3,4,3,4,3.0,4.0,0.00041841917759226756,1.89269921315741e-09,3.0,0.0,0.0,True,False,False
lootman,1,0.0,0,1,0,1,0.0,1.0,0.0,1.0802789009996173e-19,,,,False,False,False
lootvig,1,0.0,2,1,2,1,2.0,1.0,9.495168524193494e-05,5.628179936387871e-20,2.0,0.0,0.0,False,False,False
lopsided-head4170,1,0.0,0,1,0,1,0.0,1.0,0.0,-2.692743498403362e-19,,,,False,False,False
lopsided-orchid-5013,1,0.0,0,1,0,1,0.0,1.0,0.0,2.4004001370759447e-19,,,,False,False,False
lorantec,1,0.0,1,1,1,1,1.0,1.0,0.0,-8.791896581575722e-19,1.0,0.0,0.0,False,False,False
lord-cuervo,1,0.0,0,1,0,1,0.0,1.0,0.0,-2.2400102546330313e-19,,,,False,False,False
lord-momentor,3,0.0,3,3,3,3,3.0,3.0,0.00010791358090689893,2.935858296023946e-20,3.0,0.0,0.0,True,False,False
lord0fhats,5,0.0,2,4,2,4,3.0,5.0,9.497676492636229e-05,7.852852053188024e-19,3.0,0.0,0.0,False,False,False
lord_dankston,1,0.0,0,1,0,1,0.0,1.0,0.0,1.0660712017770536e-19,,,,False,False,False
lord_galen,1,0.0,0,1,0,1,0.0,1.0,0.0,-1.8370759524724594e-19,,,,False,False,False
lord_stingo,1,0.0,0,1,0,1,0.0,1.0,0.0,2.1151643282430404e-19,,,,False,False,False
lord_teaspoon,5,0.2,3,5,3,5,3.0,5.0,0.00010724297311123688,-3.6317205658371643e-19,3.0,0.0,0.0,True,False,False
lordfifrelin,2,0.0,4,2,4,2,4.0,2.0,0.0004676207163062578,0.001864067092021449,4.0,0.0,0.0,True,False,False
lordkauth,1,0.0,0,1,0,1,0.0,1.0,0.0,-5.3760236005667814e-21,,,,False,False,False
lordlacaar,1,0.0,7,1,7,1,7.0,1.0,0.005645564027322069,0.009450842042344273,7.0,0.0,0.0,True,False,True
lordloss390,1,0.0,0,1,0,1,0.0,1.0,0.0,-1.8394786698584759e-19,,,,False,False,False
lordmaxi10,1,0.0,10,1,10,1,10.0,1.0,0.0004487010942596954,1.837096471945023e-18,10.0,0.0,0.0,True,False,True
lordpaleskin,1,0.0,0,1,0,1,0.0,1.0,0.0,-2.3151389320630144e-20,,,,False,False,False
lordwiesy,2,0.5,2,2,2,2,2.0,2.0,9.863758127146776e-05,0.00014504276460414374,2.0,0.0,0.0,False,False,False
loremastermotoss,1,0.0,0,1,0,1,0.0,1.0,0.0,-7.280252417260175e-20,,,,False,False,False
lost-opportunity8425,2,0.0,4,2,4,2,4.0,2.0,0.00012092986926840287,2.7921807122357265e-18,4.0,0.0,0.0,True,False,False
lostdog861,1,0.0,0,1,0,1,0.0,1.0,0.0,2.401828037125065e-19,,,,False,False,False
lostinstereo28,2,0.0,0,2,0,2,0.0,2.0,0.0,4.2342224412289737e-20,,,,False,False,False
lostsinclair,2,0.5,1,2,1,2,1.0,2.0,4.799895615228718e-05,0.0022441175312224036,1.0,0.0,0.0,False,False,False
lotheren,1,0.0,0,1,0,1,0.0,1.0,0.0,-6.822122082004938e-20,,,,False,False,False
loud-educator-5443,3,0.0,1,3,1,3,1.0,3.0,1.1510237026132406e-05,-1.0260415148859278e-19,1.0,0.0,0.0,False,False,False
louisgkun,2,0.0,1,2,1,2,1.0,2.0,2.507968442734679e-08,4.0954629413120255e-19,1.0,0.0,0.0,False,False,False
loveincarnate,1,0.0,0,1,0,1,0.0,1.0,0.0,-3.276126027312441e-20,,,,False,False,False
lovemonkeyz,1,0.0,1,1,1,1,1.0,1.0,0.0,2.461671474183361e-06,1.0,0.0,0.0,False,False,False
lovesyouandhugsyou,1,0.0,1,1,1,1,1.0,1.0,0.0005258633790055475,0.0010838964932845662,1.0,0.0,0.0,False,False,False
low_acanthisitta6960,1,0.0,0,1,0,1,0.0,1.0,0.0,-1.5218546520270912e-19,,,,False,False,False
low_definition4513,1,0.0,0,1,0,1,0.0,1.0,0.0,-2.342799561600711e-19,,,,False,False,False
lowkinator,1,0.0,0,1,0,1,0.0,1.0,0.0,-3.383263661401153e-20,,,,False,False,False
lowloser2,1,0.0,0,1,0,1,0.0,1.0,0.0,4.597632299277139e-20,,,,False,False,False
lpunit,2,0.0,1,2,1,2,1.0,2.0,1.544804062039448e-05,-6.530064837981706e-19,1.0,0.0,0.0,False,False,False
lrdubz,1,0.0,0,1,0,1,0.0,1.0,0.0,1.0162493181792733e-19,,,,False,False,False
lrsband,5,0.0,1,2,1,2,3.0,5.0,0.0001146655159962691,2.050376245453606e-05,3.0,0.0,0.0,False,False,False
lucarin415,3,0.0,8,3,8,3,8.0,3.0,0.0009188902629819515,4.778049484519364e-06,8.0,0.0,0.0,True,False,True
lucasnogueirart,3,0.0,1,2,1,2,1.0,3.0,2.507968442734679e-08,6.925176510348083e-19,1.0,0.0,0.0,False,False,False
luchadorbane,4,0.0,4,4,4,4,4.0,4.0,0.0015194809377771866,0.0008707840092760204,4.0,0.0,0.0,True,False,False
luciannight21,1,0.0,0,1,0,1,0.0,1.0,0.0,-1.2367257990801233e-20,,,,False,False,False
lucidnytemare,1,0.0,0,1,0,1,0.0,1.0,0.0,-4.185652847099489e-19,,,,False,False,False
lucifa42,2,0.0,0,2,0,2,0.0,2.0,0.0,-3.310088179132945e-20,,,,False,False,False
lucisabyssus,1,0.0,0,1,0,1,0.0,1.0,0.0,9.57832716479738e-20,,,,False,False,False
luckeratron,1,0.0,0,1,0,1,0.0,1.0,0.0,-7.549163881120574e-20,,,,False,False,False
lucky_knot,1,0.0,0,1,0,1,0.0,1.0,0.0,1.6066366497629323e-19,,,,False,False,False
lucky_vermicelli7864,3,0.3333333333333333,1,3,1,3,1.0,3.0,0.00023712841626056388,2.293965093919422e-18,1.0,0.0,0.0,False,False,False
luckylukse,1,0.0,0,1,0,1,0.0,1.0,0.0,2.436492616218507e-19,,,,False,False,False
luckynines,1,0.0,1,1,1,1,1.0,1.0,2.5241693092120864e-05,-3.8331578870169746e-19,1.0,0.0,0.0,False,False,False
lucroarna56,3,0.3333333333333333,1,2,1,2,2.0,3.0,4.750092230539481e-05,-7.195050010787961e-19,2.0,0.0,0.0,False,False,False
lucyfairix,1,0.0,0,1,0,1,0.0,1.0,0.0,1.5897492072590973e-19,,,,False,False,False
ludek_cortex,2,0.0,1,2,1,2,1.0,2.0,2.209003515905872e-05,0.0003428706519108511,1.0,0.0,0.0,False,False,False
lugonn,1,0.0,2,1,2,1,2.0,1.0,4.742568325211278e-05,0.0021645738443951245,2.0,0.0,0.0,False,False,False
lukas-bruh,1,0.0,1,1,1,1,1.0,1.0,0.0,1.2745631944417507e-18,1.0,0.0,0.0,False,False,False
luluco15,1,0.0,0,1,0,1,0.0,1.0,0.0,8.527717474196815e-21,,,,False,False,False
lumpy-shower-8968,1,0.0,0,1,0,1,0.0,1.0,0.0,2.790765698311795e-19,,,,False,False,False
lumpy999,2,0.0,2,2,2,2,2.0,2.0,9.495168524193494e-05,-6.068713840266607e-19,2.0,0.0,0.0,False,False,False
lunale504,1,0.0,1,1,1,1,1.0,1.0,0.0,0.00011857937689319579,1.0,0.0,0.0,False,False,False
luncheon_lord,1,0.0,0,1,0,1,0.0,1.0,0.0,-1.0746871015182336e-19,,,,False,False,False
lurcjs,1,0.0,0,1,0,1,0.0,1.0,0.0,-2.36622996928339e-19,,,,False,False,False
lurkerlarry42069,2,0.0,0,2,0,2,0.0,2.0,0.0,9.243627851946739e-20,,,,False,False,False
luronn,1,0.0,0,1,0,1,0.0,1.0,0.0,1.690095138732912e-19,,,,False,False,False
lusochampion1,1,0.0,2,1,2,1,2.0,1.0,3.009562131281615e-07,3.838553519808651e-19,2.0,0.0,0.0,False,False,False
lutinja,1,0.0,1,1,1,1,1.0,1.0,9.869701763897606e-07,7.301410759743248e-07,1.0,0.0,0.0,False,False,False
lvl_60,1,0.0,1,1,1,1,1.0,1.0,0.0,1.71291253941139e-05,1.0,0.0,0.0,False,False,False
lycanthropys,2,0.0,1,2,1,2,1.0,2.0,7.523905328204037e-08,-6.642251436699988e-20,1.0,0.0,0.0,False,False,False
lydialunavt,3,0.0,0,3,0,3,0.0,3.0,0.0,5.762881426387055e-21,,,,False,False,False
lyeesia,1,0.0,0,1,0,1,0.0,1.0,0.0,-1.5851635595286315e-19,,,,False,False,False
lyggo,1,0.0,1,1,1,1,1.0,1.0,5.029330631224248e-05,1.6508861152947118e-19,1.0,0.0,0.0,False,False,False
lying_hedgehog,2,0.0,2,2,2,2,2.0,2.0,4.7785158728904746e-05,-3.7992335138922945e-19,2.0,0.0,0.0,False,False,False
lynxariatv,1,0.0,0,1,0,1,0.0,1.0,0.0,-7.386696093230805e-20,,,,False,False,False
lyorian,1,0.0,0,1,0,1,0.0,1.0,0.0,-5.161632180250211e-20,,,,False,False,False
lyoss,8,0.0,3,5,3,5,8.0,8.0,0.0008748306034885163,1.2657041126964287e-05,8.0,0.0,0.0,True,False,True
lyphegames,1,0.0,10,1,10,1,10.0,1.0,2.390322827807827e-06,0.0003452141406276465,10.0,0.0,0.0,True,False,False
lyric111,1,0.0,2,1,2,1,2.0,1.0,6.0840796881506623e-05,0.0005412111450712921,2.0,0.0,0.0,False,False,False
lysta-the-hunter,1,0.0,0,1,0,1,0.0,1.0,0.0,-7.594167306602151e-21,,,,False,False,False
m3-4t,1,0.0,0,1,0,1,0.0,1.0,0.0,8.52068338141591e-21,,,,False,False,False
m3li0d4s88,1,0.0,0,1,0,1,0.0,1.0,0.0,5.673099334411079e-20,,,,False,False,False
m44ds,1,0.0,0,1,0,1,0.0,1.0,0.0,2.1921072503058862e-20,,,,False,False,False
m47715,1,0.0,1,1,1,1,1.0,1.0,2.507968442734679e-08,9.984170981087379e-20,1.0,0.0,0.0,False,False,False
m4dm1nd,3,0.0,2,3,2,3,2.0,3.0,0.0007144547433887628,0.013180717743603142,2.0,0.0,0.0,False,False,False
m4ru92,1,0.0,3,1,3,1,3.0,1.0,0.0002872106352288762,4.191722791090101e-09,3.0,0.0,0.0,True,False,False
maasd4m,1,0.0,0,1,0,1,0.0,1.0,0.0,1.8625525899189167e-20,,,,False,False,False
macaluso100,1,0.0,0,1,0,1,0.0,1.0,0.0,-3.854504117516561e-20,,,,False,False,False
macfatty,3,0.0,2,3,2,3,3.0,3.0,0.0005413373171477266,0.0002505819897426406,3.0,0.0,0.0,False,False,False
machiavellisj,2,0.0,1,2,1,2,1.0,2.0,2.3600758245443393e-05,9.628808924057263e-19,1.0,0.0,0.0,False,False,False
machineii,1,0.0,0,1,0,1,0.0,1.0,0.0,2.0747915011816148e-19,,,,False,False,False
maciqos,1,0.0,1,1,1,1,1.0,1.0,0.0,-1.2609175151781997e-18,1.0,0.0,0.0,False,False,False
mack_95993,1,0.0,0,1,0,1,0.0,1.0,0.0,3.5300262867915104e-20,,,,False,False,False
mackdawg92,1,0.0,0,1,0,1,0.0,1.0,0.0,-1.6169729144811363e-19,,,,False,False,False
macrosmatic,1,0.0,0,1,0,1,0.0,1.0,0.0,1.2805116763759187e-20,,,,False,False,False
mad-suker,4,0.0,1,1,1,1,5.0,4.0,0.0,7.551729502992074e-05,5.0,0.0,0.0,False,False,False
mad_moriarty,1,0.0,0,1,0,1,0.0,1.0,0.0,1.2835902780943056e-19,,,,False,False,False
madadam211,1,0.0,3,1,3,1,3.0,1.0,3.3048712878422064e-05,0.0003331596055812616,3.0,0.0,0.0,True,False,False
madd_castomira,1,0.0,0,1,0,1,0.0,1.0,0.0,-4.313964127332407e-22,,,,False,False,False
maddiellayne,3,0.3333333333333333,0,3,0,3,0.0,3.0,0.0,7.95646832585692e-21,,,,False,False,False
madman19,1,0.0,0,1,0,1,0.0,1.0,0.0,1.4318216771849105e-19,,,,False,False,False
madman751,1,0.0,1,1,1,1,1.0,1.0,0.00012487174876375966,4.23564639883342e-05,1.0,0.0,0.0,False,False,False
madmarx__,3,0.0,3,3,3,3,3.0,3.0,0.0001425780059694665,-7.19002909550006e-19,3.0,0.0,0.0,True,False,False
maethor_derien,1,0.0,1,1,1,1,1.0,1.0,0.0,0.007969422761699404,1.0,0.0,0.0,False,False,False
maeveymaeveymaevey,2,0.0,4,1,4,1,5.0,2.0,0.00031288059651956673,7.492327933590754e-05,5.0,0.0,0.0,True,False,False
maeviezdarc,1,1.0,0,1,0,1,0.0,1.0,0.0,5.2135079786188076e-20,,,,False,False,False
mafiohz,2,0.0,8,2,8,2,8.0,2.0,8.295722424400145e-05,0.00010905877631872735,8.0,0.0,0.0,True,False,False
magdanimous,2,0.0,2,2,2,2,2.0,2.0,0.0003086360503990669,1.728057704346124e-06,2.0,0.0,0.0,False,False,False
magebuff,1,0.0,0,1,0,1,0.0,1.0,0.0,3.951961115547197e-19,,,,False,False,False
magetomlan,1,0.0,2,1,2,1,2.0,1.0,0.00012487174876375966,0.0047796732490072375,2.0,0.0,0.0,False,False,False
maggotheforgettable,1,0.0,0,1,0,1,0.0,1.0,0.0,-1.242312562708256e-19,,,,False,False,False
magiblood,1,0.0,0,1,0,1,0.0,1.0,0.0,-2.0531346539790068e-19,,,,False,False,False
magicturtle2939,1,0.0,0,1,0,1,0.0,1.0,0.0,2.981673176288881e-19,,,,False,False,False
magik160,4,0.0,2,4,2,4,2.0,4.0,0.00010406337746054227,1.7659867781560188e-06,2.0,0.0,0.0,False,False,False
magiknuggets,1,0.0,0,1,0,1,0.0,1.0,0.0,2.1422004667600797e-20,,,,False,False,False
magnakilro,1,0.0,0,1,0,1,0.0,1.0,0.0,2.547409477974016e-19,,,,False,False,False
magnazore,1,0.0,0,1,0,1,0.0,1.0,0.0,2.5749105480271747e-20,,,,False,False,False
magnitudinus,1,0.0,0,1,0,1,0.0,1.0,0.0,1.5220169414503846e-19,,,,False,False,False
magnummeatball,1,0.0,0,1,0,1,0.0,1.0,0.0,2.1004958044097205e-19,,,,False,False,False
magnus1177,2,0.5,2,2,2,2,2.0,2.0,0.0003808291162938717,3.4790154920961725e-07,2.0,0.0,0.0,False,False,False
maidenless_undead,2,0.0,0,2,0,2,0.0,2.0,0.0,-1.52493429143436e-20,,,,False,False,False
maikusann,1,0.0,0,1,0,1,0.0,1.0,0.0,9.760549627187417e-22,,,,False,False,False
main-world-7637,1,0.0,1,1,1,1,1.0,1.0,2.507968442734679e-08,-3.574785049051252e-19,1.0,0.0,0.0,False,False,False
main_potential_6015,1,0.0,0,1,0,1,0.0,1.0,0.0,-5.056312194166969e-21,,,,False,False,False
mainfrym,1,0.0,1,1,1,1,1.0,1.0,2.2675227586908224e-05,6.368082930994445e-19,1.0,0.0,0.0,False,False,False
mainmorte,17,0.0588235294117647,24,16,24,16,26.0,17.0,0.015608632399584467,0.0020928862778911085,26.0,0.0,0.0,True,False,True
majestic_habit5726,10,0.0,2,9,2,9,4.0,10.0,0.00047656756946885755,7.554317961179315e-07,4.0,0.0,0.0,False,False,False
majestic_molasses335,1,0.0,0,1,0,1,0.0,1.0,0.0,-7.132756863880663e-20,,,,False,False,False
majesticalotter,2,0.0,1,1,1,1,1.0,2.0,0.0,3.774400960532476e-07,1.0,0.0,0.0,False,False,False
majin_melmo,2,0.0,2,2,2,2,2.0,2.0,3.7619526641020183e-07,-1.0838062765492468e-18,2.0,0.0,0.0,False,False,False
makani_art,2,0.0,1,2,1,2,1.0,2.0,3.6406147623011404e-06,-1.8101250833332205e-18,1.0,0.0,0.0,False,False,False
makesmashgreatagain,1,0.0,0,1,0,1,0.0,1.0,0.0,7.833862282511415e-20,,,,False,False,False
makkii62391,1,0.0,5,1,5,1,5.0,1.0,0.0001937814890459003,7.960101014376256e-06,5.0,0.0,0.0,True,False,False
makorus,7,0.0,2,3,2,3,5.0,7.0,0.0005178330794282001,8.876037887810971e-07,5.0,0.0,0.0,False,False,True
mal-ya-pal,1,0.0,0,1,0,1,0.0,1.0,0.0,-1.0411894631758027e-19,,,,False,False,False
malacath_terumi,2,0.0,0,2,0,2,0.0,2.0,0.0,-2.797983114259017e-19,,,,False,False,False
malacon,2,0.0,2,2,2,2,2.0,2.0,0.00029994108143049404,1.8241370346577255e-05,2.0,0.0,0.0,False,False,False
malaphesto,1,0.0,0,1,0,1,0.0,1.0,0.0,1.020545985411122e-19,,,,False,False,False
maleficent0,1,0.0,0,1,0,1,0.0,1.0,0.0,-8.650059861559411e-20,,,,False,False,False
maleficent_might5630,2,0.0,0,2,0,2,0.0,2.0,0.0,7.745418935289472e-20,,,,False,False,False
maleninsekt,2,0.0,0,2,0,2,0.0,2.0,0.0,2.4196991320747473e-20,,,,False,False,False
malevolent_vengeance,1,0.0,0,1,0,1,0.0,1.0,0.0,3.750339816622765e-19,,,,False,False,False
malicemes,1,0.0,0,1,0,1,0.0,1.0,0.0,-4.156626600686737e-20,,,,False,False,False
malleus83,15,0.0,4,15,4,15,4.0,15.0,0.003832135567589778,9.196925839876063e-05,4.0,0.0,0.0,True,False,False
mallymallow,1,0.0,0,1,0,1,0.0,1.0,0.0,-1.4261152169547088e-19,,,,False,False,False
malydrax,2,0.0,1,2,1,2,1.0,2.0,6.272254112566157e-05,0.00034287065191085625,1.0,0.0,0.0,False,False,False
maman_dion,1,0.0,1,1,1,1,1.0,1.0,1.1837579170556992e-05,-1.9540213522031896e-19,1.0,0.0,0.0,False,False,False
mammoth-indication10,2,0.0,0,1,0,1,0.0,1.0,0.0,8.240785798658469e-20,,,,False,False,False
mammoth_support_2634,1,0.0,1,1,1,1,1.0,1.0,0.0,-3.0798322409433765e-18,1.0,0.0,0.0,False,False,False
manatidederp,2,0.5,3,1,3,1,3.0,2.0,6.834214006451999e-07,-1.738195431392717e-18,3.0,0.0,0.0,True,False,False
mane1234,2,0.0,0,2,0,2,0.0,2.0,0.0,-1.6683065854487843e-19,,,,False,False,False
mangafan_20,1,0.0,1,1,1,1,1.0,1.0,1.897546207433056e-06,-1.8707455404123397e-18,1.0,0.0,0.0,False,False,False
mangobasher,1,0.0,0,1,0,1,0.0,1.0,0.0,-1.0776251732445711e-20,,,,False,False,False
mangostoast,1,0.0,0,1,0,1,0.0,1.0,0.0,4.319277476367218e-20,,,,False,False,False
maniklas,1,0.0,0,1,0,1,0.0,1.0,0.0,-1.099808628155722e-19,,,,False,False,False
manitoba100,1,0.0,0,1,0,1,0.0,1.0,0.0,-2.9781784960897905e-20,,,,False,False,False
manthos1978,1,0.0,1,1,1,1,1.0,1.0,0.0,0.00044396255672759935,1.0,0.0,0.0,False,False,False
many-waters,1,0.0,1,1,1,1,1.0,1.0,0.0,0.0026393505784059945,1.0,0.0,0.0,False,False,False
manycarrots,2,0.0,1,2,1,2,1.0,2.0,0.00016825523378280626,1.5013075261041019e-18,1.0,0.0,0.0,False,False,False
maokaby,2,0.0,0,2,0,2,0.0,2.0,0.0,-8.583074175507864e-20,,,,False,False,False
maorel,1,0.0,0,1,0,1,0.0,1.0,0.0,-6.428417271078667e-20,,,,False,False,False
mapletree23,1,0.0,0,1,0,1,0.0,1.0,0.0,-1.184626956701249e-19,,,,False,False,False
marcelit4,1,0.0,0,1,0,1,0.0,1.0,0.0,-1.174543465438894e-19,,,,False,False,False
marco_polaris,2,0.0,12,2,12,2,12.0,2.0,0.0008863185499935862,3.230871340546126e-07,12.0,0.0,0.0,True,False,True
marem-bzh,14,0.0714285714285714,8,11,8,11,11.0,14.0,0.002962541397908859,4.9213589038969034e-05,11.0,0.0,0.0,True,False,True
marganth,1,0.0,0,1,0,1,0.0,1.0,0.0,-8.626300403200166e-20,,,,False,False,False
maris_sea,1,0.0,1,1,1,1,1.0,1.0,0.0,5.088468640416057e-06,1.0,0.0,0.0,False,False,False
mark_knight,2,0.0,0,2,0,2,0.0,2.0,0.0,-2.845595315866952e-20,,,,False,False,False
markibuhr,2,0.0,0,2,0,2,0.0,2.0,0.0,4.5580029145929584e-20,,,,False,False,False
markliebs,2,0.0,0,2,0,2,0.0,2.0,0.0,6.17883299178885e-20,,,,False,False,False
marktbde,1,0.0,0,1,0,1,0.0,1.0,0.0,1.9032896218009143e-19,,,,False,False,False
markyyyymark,1,0.0,0,1,0,1,0.0,1.0,0.0,3.6542760282099156e-20,,,,False,False,False
maroonedontues,1,0.0,0,1,0,1,0.0,1.0,0.0,1.8111260104183988e-19,,,,False,False,False
marsjust,1,0.0,2,1,2,1,2.0,1.0,6.654954741888945e-06,0.0002725748518369901,2.0,0.0,0.0,False,False,False
martin_fasthands99,1,0.0,0,1,0,1,0.0,1.0,0.0,-3.0940795356519074e-20,,,,False,False,False
martindeth,1,1.0,2,1,2,1,2.0,1.0,9.495168524193494e-05,-7.498530284484819e-20,2.0,0.0,0.0,False,False,False
martokk78,1,0.0,0,1,0,1,0.0,1.0,0.0,-9.238895440987933e-20,,,,False,False,False
masahikokobe,2,0.0,3,2,3,2,3.0,2.0,5.1363830780877885e-05,9.39610840949245e-19,3.0,0.0,0.0,True,False,False
masam10,1,0.0,3,1,3,1,3.0,1.0,0.00028508077288565093,1.4583987371410508e-18,3.0,0.0,0.0,True,False,False
masonictraveler,1,0.0,0,1,0,1,0.0,1.0,0.0,-9.197015912794584e-20,,,,False,False,False
massive_cake_6824,1,0.0,0,1,0,1,0.0,1.0,0.0,2.5119790168482912e-19,,,,False,False,False
massive_store_1940,1,0.0,0,1,0,1,0.0,1.0,0.0,-9.802548517908038e-20,,,,False,False,False
mastataku96,2,0.0,0,2,0,2,0.0,2.0,0.0,3.1952685262128766e-19,,,,False,False,False
master-m99,1,0.0,0,1,0,1,0.0,1.0,0.0,2.9959316866636894e-20,,,,False,False,False
master_smasher,1,0.0,0,1,0,1,0.0,1.0,0.0,-3.9935880884667854e-20,,,,False,False,False
masterchiefh3,1,0.0,0,1,0,1,0.0,1.0,0.0,1.7004110899086773e-19,,,,False,False,False
masterofknees,2,0.0,0,2,0,2,0.0,2.0,0.0,-1.282039318053802e-19,,,,False,False,False
masterreindeer,2,0.0,0,2,0,2,0.0,2.0,0.0,8.281477811276507e-20,,,,False,False,False
mastroflip,1,0.0,0,1,0,1,0.0,1.0,0.0,6.937430793185234e-20,,,,False,False,False
matenki,1,0.0,1,1,1,1,1.0,1.0,0.0,-1.544944138560022e-20,1.0,0.0,0.0,False,False,False
material-jacket-6878,2,0.0,10,1,10,1,12.0,2.0,0.0004656357728668663,0.00038658123942984785,12.0,0.0,0.0,True,False,True
material_carpet5344,1,0.0,1,1,1,1,1.0,1.0,0.0,-1.3118518903587279e-18,1.0,0.0,0.0,False,False,False
materialunion1132,2,0.0,0,2,0,2,0.0,2.0,0.0,-9.345580510513612e-20,,,,False,False,False
mathematiciansame466,3,0.0,10,3,10,3,11.0,3.0,0.0008136491460338399,0.014420258862920187,11.0,0.0,0.0,True,False,True
mathren25,4,0.25,9,4,9,4,9.0,4.0,0.0014763149034881487,0.0006075514775276982,9.0,0.0,0.0,True,False,True
matitjes,1,0.0,0,1,0,1,0.0,1.0,0.0,3.1981212302629955e-21,,,,False,False,False
matronluna,1,0.0,0,1,0,1,0.0,1.0,0.0,-4.984440544538715e-21,,,,False,False,False
matsen115,1,0.0,0,1,0,1,0.0,1.0,0.0,8.764569971562179e-20,,,,False,False,False
matsoga,1,0.0,0,1,0,1,0.0,1.0,0.0,1.2137052116117123e-20,,,,False,False,False
mattc2442,1,0.0,0,1,0,1,0.0,1.0,0.0,9.639057941944457e-20,,,,False,False,False
mattdnd,7,0.1428571428571428,10,6,10,6,12.0,7.0,0.005997947237903418,0.00293070515580216,12.0,0.0,0.0,True,False,True
matter-environmental,1,0.0,0,1,0,1,0.0,1.0,0.0,-1.895993439824445e-19,,,,False,False,False
matthra,2,0.0,1,1,1,1,1.0,2.0,0.0,0.0021495400420287114,1.0,0.0,0.0,False,False,False
mattiandino,1,1.0,0,1,0,1,0.0,1.0,0.0,2.1910000705341028e-19,,,,False,False,False
maupow,3,0.3333333333333333,0,3,0,3,0.0,3.0,0.0,6.564507998362093e-20,,,,False,False,False
maurombo,1,0.0,1,1,1,1,1.0,1.0,3.323876916248277e-05,2.2894492481532838e-07,1.0,0.0,0.0,False,False,False
mauso88,1,0.0,0,1,0,1,0.0,1.0,0.0,1.2027849729937959e-19,,,,False,False,False
maverick936,1,1.0,0,1,0,1,0.0,1.0,0.0,-2.204262589252415e-20,,,,False,False,False
maverickxiceman4ever,1,0.0,1,1,1,1,1.0,1.0,3.7619526641020184e-08,6.440964824255466e-06,1.0,0.0,0.0,False,False,False
mavperry,1,0.0,0,1,0,1,0.0,1.0,0.0,1.1070497064534244e-19,,,,False,False,False
mavric911,2,0.0,0,2,0,2,0.0,2.0,0.0,8.849231227023533e-20,,,,False,False,False
maxdps_,1,0.0,0,1,0,1,0.0,1.0,0.0,5.279247876514759e-21,,,,False,False,False
maxenin,2,0.0,1,2,1,2,1.0,2.0,0.00020921353371291607,0.09344260543759522,1.0,0.0,0.0,False,False,False
maxf1eld,1,0.0,0,1,0,1,0.0,1.0,0.0,2.6498232038392746e-19,,,,False,False,False
maxhardwood,2,0.0,1,2,1,2,1.0,2.0,0.0005830247984357125,0.001968260696631274,1.0,0.0,0.0,False,False,False
maximum-airline-4900,1,0.0,0,1,0,1,0.0,1.0,0.0,6.428959949322818e-20,,,,False,False,False
maximumjones,1,0.0,0,1,0,1,0.0,1.0,0.0,-5.720771932746717e-20,,,,False,False,False
maxistwitching,1,0.0,1,1,1,1,1.0,1.0,0.0,0.09344260543759525,1.0,0.0,0.0,False,False,False
maxlimmy,1,0.0,0,1,0,1,0.0,1.0,0.0,-1.1381669666273096e-19,,,,False,False,False
maxlvlpvp,1,0.0,0,1,0,1,0.0,1.0,0.0,2.32966540478378e-19,,,,False,False,False
maxpowers07,1,0.0,0,1,0,1,0.0,1.0,0.0,8.505477170510755e-20,,,,False,False,False
maxtopel,1,0.0,0,1,0,1,0.0,1.0,0.0,-1.0733094434197474e-19,,,,False,False,False
mayonnaisemaze,1,0.0,0,1,0,1,0.0,1.0,0.0,1.7727657088822007e-19,,,,False,False,False
mayordasmoose,1,0.0,0,1,0,1,0.0,1.0,0.0,1.1954312776603516e-19,,,,False,False,False
mayuiwatani,1,0.0,1,1,1,1,1.0,1.0,0.0,-3.100590275887971e-20,1.0,0.0,0.0,False,False,False
mazgill,2,0.0,1,2,1,2,1.0,2.0,1.620762884426813e-05,1.859068019975549e-05,1.0,0.0,0.0,False,False,False
mazi710,2,0.0,3,2,3,2,3.0,2.0,0.00042408911686389714,4.266042890464229e-05,3.0,0.0,0.0,True,False,False
mazzkitten,4,0.0,0,2,0,2,0.0,4.0,0.0,-8.479309584549812e-21,,,,False,False,False
mbdjd,10,0.0,8,8,8,8,10.0,10.0,0.0023952056779956137,0.00024144706069799355,10.0,0.0,0.0,True,False,True
mcbadguy,2,0.0,1,1,1,1,2.0,2.0,0.0,3.1438958816165323e-09,2.0,0.0,0.0,False,False,False
mcbizco,1,0.0,0,1,0,1,0.0,1.0,0.0,4.84602598959726e-20,,,,False,False,False
mcclellunlogan,3,0.0,1,3,1,3,1.0,3.0,4.4215220502203325e-05,-1.138593358377018e-18,1.0,0.0,0.0,False,False,False
mcfartster,1,0.0,1,1,1,1,1.0,1.0,0.0,0.0001983355280533405,1.0,0.0,0.0,False,False,False
mcfigroll,4,0.0,2,4,2,4,2.0,4.0,0.00042191641144351125,0.00031189194038151453,2.0,0.0,0.0,False,False,False
mckeon1921,1,0.0,13,1,13,1,13.0,1.0,0.0008105292156790836,0.00014854408024720254,13.0,0.0,0.0,True,False,True
mclemente26,4,0.0,4,4,4,4,4.0,4.0,0.00026491517533036325,0.0005997487686497411,4.0,0.0,0.0,True,False,False
mcmillanme,3,0.0,1,1,1,1,2.0,3.0,0.0,3.510812993581469e-05,2.0,0.0,0.0,False,False,False
mcsteel_dakir,1,0.0,0,1,0,1,0.0,1.0,0.0,-3.087297032836366e-19,,,,False,False,False
mcwolf7,1,0.0,0,1,0,1,0.0,1.0,0.0,-2.5807936862103056e-19,,,,False,False,False
me_auxilium,1,0.0,0,1,0,1,0.0,1.0,0.0,1.9418980313538715e-20,,,,False,False,False
meadpagan,4,0.0,1,4,1,4,1.0,4.0,9.495168524193495e-05,1.4123392588507589e-18,1.0,0.0,0.0,False,False,False
mean-bathroom-6112,1,0.0,0,1,0,1,0.0,1.0,0.0,-5.2956182680124605e-20,,,,False,False,False
meanoron,1,0.0,1,1,1,1,1.0,1.0,0.0,9.096676631622135e-19,1.0,0.0,0.0,False,False,False
meatflavored,1,0.0,0,1,0,1,0.0,1.0,0.0,-2.793350919378631e-19,,,,False,False,False
mebell333,1,0.0,0,1,0,1,0.0,1.0,0.0,-6.094716746698874e-20,,,,False,False,False
mecca_lecca_hi,5,0.0,1,5,1,5,1.0,5.0,4.747584262096748e-05,8.14019507662541e-20,1.0,0.0,0.0,False,False,False
mechaelectro,1,0.0,1,1,1,1,1.0,1.0,9.495168524193494e-05,2.1224723124598553e-19,1.0,0.0,0.0,False,False,False
mechanicaccording229,1,0.0,0,1,0,1,0.0,1.0,0.0,-5.122500631230225e-22,,,,False,False,False
mechanicarts,1,0.0,1,1,1,1,2.0,1.0,0.0,2.2364667967657144e-19,2.0,0.0,0.0,False,False,False
mechatui,5,0.0,2,5,2,5,2.0,5.0,0.0001360803971561501,-1.1388994357750237e-18,2.0,0.0,0.0,False,False,False
medas90,1,0.0,0,1,0,1,0.0,1.0,0.0,8.978695631067226e-20,,,,False,False,False
medicaeval,1,0.0,0,1,0,1,0.0,1.0,0.0,7.609912008099105e-20,,,,False,False,False
mediocre-building228,1,0.0,1,1,1,1,1.0,1.0,0.0001405202885486651,1.988518912569872e-09,1.0,0.0,0.0,False,False,False
mediocre_comb_1385,1,0.0,1,1,1,1,1.0,1.0,0.0,1.1691686666997754e-18,1.0,0.0,0.0,False,False,False
medium-coconut-1011,4,0.0,2,4,2,4,2.0,4.0,0.00042998682046659737,9.943683662726855e-06,2.0,0.0,0.0,False,False,False
mediumkek,1,0.0,0,1,0,1,0.0,1.0,0.0,9.204495307453551e-20,,,,False,False,False
meesterchris,3,0.0,1,3,1,3,1.0,3.0,4.747584262096747e-05,-1.0315095929829764e-18,1.0,0.0,0.0,False,False,False
meesterdg,1,0.0,1,1,1,1,1.0,1.0,0.0,5.0048172344527585e-05,1.0,0.0,0.0,False,False,False
megasxlrwasrad,1,0.0,0,1,0,1,0.0,1.0,0.0,2.5045279476587048e-20,,,,False,False,False
meglathon,1,0.0,0,1,0,1,0.0,1.0,0.0,-5.389932889265917e-20,,,,False,False,False
meharryp,1,0.0,1,1,1,1,1.0,1.0,4.747584262096747e-05,-3.22648487166936e-21,1.0,0.0,0.0,False,False,False
meikos,5,0.0,7,4,7,4,7.0,5.0,0.0010848806814350257,0.000346082989040228,7.0,0.0,0.0,True,False,True
melanieavellano,5,0.0,4,4,4,4,4.0,5.0,1.053346745948565e-06,2.4850260970375776e-18,4.0,0.0,0.0,True,False,False
meleewizardheals,1,0.0,1,1,1,1,1.0,1.0,0.0,0.09344260543759526,1.0,0.0,0.0,False,False,False
melete,1,0.0,4,1,4,1,4.0,1.0,0.0001001016651513908,0.0018772678016243068,4.0,0.0,0.0,True,False,False
mellowjr,1,0.0,0,1,0,1,0.0,1.0,0.0,-1.073734234219498e-20,,,,False,False,False
melmcgee,1,0.0,0,1,0,1,0.0,1.0,0.0,1.1420634845114852e-20,,,,False,False,False
melodic-way6522,1,0.0,0,1,0,1,0.0,1.0,0.0,2.111599343124683e-20,,,,False,False,False
melodic_compote3187,1,0.0,0,1,0,1,0.0,1.0,0.0,1.412803414335728e-20,,,,False,False,False
meloonitatti,1,0.0,0,1,0,1,0.0,1.0,0.0,1.1490776707190419e-20,,,,False,False,False
melqart310,1,0.0,0,1,0,1,0.0,1.0,0.0,1.1436442583208556e-19,,,,False,False,False
meltingpenguinsprime,1,0.0,3,1,3,1,3.0,1.0,7.275838387675974e-05,1.3504012910906015e-06,3.0,0.0,0.0,True,False,False
melvindorkus,5,0.0,1,5,1,5,1.0,5.0,0.0001653149849003574,0.0006086303904222376,1.0,0.0,0.0,False,False,False
memmnoc,1,0.0,0,1,0,1,0.0,1.0,0.0,-5.618459794490753e-20,,,,False,False,False
menarra,3,0.0,1,3,1,3,1.0,3.0,4.755108167424951e-05,-1.8195026004044543e-21,1.0,0.0,0.0,False,False,False
menatwo,3,0.0,3,2,3,2,3.0,3.0,0.0001424776872317571,-9.991230774045416e-19,3.0,0.0,0.0,True,False,False
mendac67,1,0.0,0,1,0,1,0.0,1.0,0.0,2.2737873725515354e-20,,,,False,False,False
menkoy,1,0.0,1,1,1,1,1.0,1.0,0.0,-1.02370806393991e-18,1.0,0.0,0.0,False,False,False
mennzo,10,0.0,6,9,6,9,8.0,10.0,0.0020240811801920844,0.00026452166672319785,8.0,0.0,0.0,True,False,True
meoang,1,0.0,0,1,0,1,0.0,1.0,0.0,5.818107902094917e-20,,,,False,False,False
meowing-to-the-stars,4,0.0,7,4,7,4,8.0,4.0,0.007553853591272878,0.0009588684786221553,8.0,0.0,0.0,True,False,True
meowsomeme,1,0.0,1,1,1,1,1.0,1.0,0.0,0.0002504935228107966,1.0,0.0,0.0,False,False,False
mephyss,1,0.0,0,1,0,1,0.0,1.0,0.0,3.6576632534007796e-19,,,,False,False,False
meraned,1,0.0,0,1,0,1,0.0,1.0,0.0,-1.6515237550961243e-23,,,,False,False,False
merc08,2,0.0,1,2,1,2,1.0,2.0,2.0807006230891202e-05,8.877826030285103e-07,1.0,0.0,0.0,False,False,False
mercalon79,1,0.0,0,1,0,1,0.0,1.0,0.0,1.0948512105838059e-20,,,,False,False,False
mercs,2,0.5,0,2,0,2,0.0,2.0,0.0,9.531558791720783e-20,,,,False,False,False
mercy26,1,0.0,0,1,0,1,0.0,1.0,0.0,1.1765039585097287e-19,,,,False,False,False
mercylas,28,0.0,6,10,6,10,22.0,28.0,0.004028850216137436,0.0005369570384390861,22.0,0.0,0.0,True,False,True
merliniusdemidget,1,0.0,0,1,0,1,0.0,1.0,0.0,-8.679239615548805e-20,,,,False,False,False
merpob,1,0.0,0,1,0,1,0.0,1.0,0.0,-1.8174499523938265e-19,,,,False,False,False
merwanor,1,0.0,1,1,1,1,1.0,1.0,9.495168524193492e-05,-1.3582929356377022e-18,1.0,0.0,0.0,False,False,False
mesprite,1,0.0,0,1,0,1,0.0,1.0,0.0,-2.4838659925692478e-20,,,,False,False,False
metacious,1,0.0,17,1,17,1,17.0,1.0,0.0009835067669012737,0.0013830387050718105,17.0,0.0,0.0,True,False,True
metalbawx,11,0.1818181818181818,9,9,9,9,10.0,11.0,0.004278093779903045,0.00039597891174672744,10.0,0.0,0.0,True,False,True
metalsalami,1,0.0,0,1,0,1,0.0,1.0,0.0,-7.907441644694831e-20,,,,False,False,False
method_man110,2,0.0,0,1,0,1,0.0,2.0,0.0,7.126053201452106e-20,,,,False,False,False
metrex89,2,0.5,0,2,0,2,0.0,2.0,0.0,1.3362968504382093e-19,,,,False,False,False
metrix1234,1,0.0,0,1,0,1,0.0,1.0,0.0,-2.169704781936575e-20,,,,False,False,False
mettahlock,2,0.0,0,2,0,2,0.0,2.0,0.0,-1.0229374698244783e-19,,,,False,False,False
meuhidk,2,0.0,0,2,0,2,0.0,2.0,0.0,-2.649370311801431e-19,,,,False,False,False
mf_haze,1,0.0,0,1,0,1,0.0,1.0,0.0,-1.7613605063524333e-19,,,,False,False,False
mfamf,1,0.0,0,1,0,1,0.0,1.0,0.0,-1.3060609149175897e-19,,,,False,False,False
mgdark,3,0.0,0,3,0,3,0.0,3.0,0.0,8.797054099310625e-20,,,,False,False,False
mghtymrv,3,0.0,1,3,1,3,1.0,3.0,0.0005119028814512203,1.3004772219494048e-05,1.0,0.0,0.0,False,False,False
miaysxe,1,0.0,0,1,0,1,0.0,1.0,0.0,1.5541080198176265e-19,,,,False,False,False
michaelmarr_92,5,0.4,1,4,1,4,1.0,5.0,0.0003744647681847149,4.6775023517995875e-06,1.0,0.0,0.0,False,False,False
michelanvalo,8,0.0,4,7,4,7,5.0,8.0,0.00438398399784558,0.0002560557576108913,5.0,0.0,0.0,True,False,True
mickey_oneil_0311,1,0.0,0,1,0,1,0.0,1.0,0.0,8.446693094700118e-21,,,,False,False,False
middle-condition5057,1,0.0,0,1,0,1,0.0,1.0,0.0,1.3727158088355331e-19,,,,False,False,False
midniteburger,2,0.0,1,2,1,2,1.0,2.0,0.00012573648265587988,0.09344260543759526,1.0,0.0,0.0,False,False,False
midsizedopossum,1,0.0,0,1,0,1,0.0,1.0,0.0,2.3012119400986036e-20,,,,False,False,False
mightbeagoodidea,2,0.0,0,2,0,2,0.0,2.0,0.0,1.5914096760448262e-19,,,,False,False,False
mightyenan0,1,0.0,0,1,0,1,0.0,1.0,0.0,2.459691502279026e-20,,,,False,False,False
migrainebutter,3,0.0,27,3,27,3,30.0,3.0,0.005069306932719599,0.003951524275611593,30.0,0.0,0.0,True,False,True
mihaidragos,1,0.0,1,1,1,1,1.0,1.0,0.0,0.0018104914958801859,1.0,0.0,0.0,False,False,False
mikadomea,3,0.0,1,2,1,2,1.0,3.0,3.598961586414722e-05,-1.8127735245118947e-18,1.0,0.0,0.0,False,False,False
mikal996,1,1.0,1,1,1,1,1.0,1.0,5.015936885469358e-07,1.3355381001712582e-18,1.0,0.0,0.0,False,False,False
mikasah,1,0.0,0,1,0,1,0.0,1.0,0.0,1.9973780796131292e-19,,,,False,False,False
mike4steelers,1,0.0,0,1,0,1,0.0,1.0,0.0,5.026182339228918e-20,,,,False,False,False
mikeyhoho,2,0.5,0,2,0,2,0.0,2.0,0.0,3.7338270156795064e-20,,,,False,False,False
mikeyironheart,1,0.0,0,1,0,1,0.0,1.0,0.0,-2.742138494653665e-20,,,,False,False,False
mikina,1,0.0,1,1,1,1,1.0,1.0,0.0,0.0005861034783252716,1.0,0.0,0.0,False,False,False
mikkeluno,1,1.0,0,1,0,1,0.0,1.0,0.0,9.31930343685732e-20,,,,False,False,False
milkbud22,1,0.0,2,1,2,1,2.0,1.0,3.3714830582553584e-05,0.014105461033411728,2.0,0.0,0.0,False,False,False
milkofgallon,1,0.0,0,1,0,1,0.0,1.0,0.0,7.57823528704494e-20,,,,False,False,False
millilux,1,0.0,1,1,1,1,1.0,1.0,0.0,5.6134167076931556e-05,1.0,0.0,0.0,False,False,False
milotic03,1,1.0,0,1,0,1,0.0,1.0,0.0,1.4462551119812392e-19,,,,False,False,False
min-ji_jung,1,0.0,1,1,1,1,1.0,1.0,0.0,0.00028422428021942006,1.0,0.0,0.0,False,False,False
mini_nin,1,0.0,0,1,0,1,0.0,1.0,0.0,-1.187645345118523e-19,,,,False,False,False
miniegun,1,1.0,0,1,0,1,0.0,1.0,0.0,-3.860536831559639e-20,,,,False,False,False
minimaxir,8,0.0,71,6,71,6,74.0,8.0,0.01924403081108973,0.007087496517625827,74.0,0.0,0.0,True,False,True
minimech79,1,0.0,0,1,0,1,0.0,1.0,0.0,-3.249507472455742e-20,,,,False,False,False
minimum-writing3439,2,0.0,1,2,1,2,1.0,2.0,5.723301102795601e-05,-3.0922523343015244e-19,1.0,0.0,0.0,False,False,False
minimum_ad_8288,1,0.0,0,1,0,1,0.0,1.0,0.0,-9.31829461297596e-20,,,,False,False,False
miniperez87,1,0.0,0,1,0,1,0.0,1.0,0.0,-2.397131508617317e-19,,,,False,False,False
minmax_stirner,1,0.0,1,1,1,1,1.0,1.0,3.0720014980005054e-05,2.4119843894739252e-05,1.0,0.0,0.0,False,False,False
minotarking,1,0.0,0,1,0,1,0.0,1.0,0.0,1.764247627060005e-19,,,,False,False,False
mintyu,1,0.0,0,1,0,1,0.0,1.0,0.0,1.85204100291745e-19,,,,False,False,False
minute_dentist,1,0.0,0,1,0,1,0.0,1.0,0.0,1.284633632496776e-19,,,,False,False,False
minx-boo,1,0.0,0,1,0,1,0.0,1.0,0.0,-1.683086713819454e-19,,,,False,False,False
mir3c,4,0.0,4,3,4,3,4.0,4.0,0.0026130855464054177,0.00023927775979902757,4.0,0.0,0.0,True,False,False
misbehavinator,1,0.0,4,1,4,1,4.0,1.0,0.0002000556319780892,1.7702878899201782e-18,4.0,0.0,0.0,True,False,False
miserabledream713,1,0.0,0,1,0,1,0.0,1.0,0.0,8.058121473856087e-20,,,,False,False,False
misjudgeffart,1,0.0,0,1,0,1,0.0,1.0,0.0,-3.372118612282702e-19,,,,False,False,False
mispaghet,1,0.0,0,1,0,1,0.0,1.0,0.0,-6.982018118250399e-20,,,,False,False,False
misshiroshi,1,0.0,0,1,0,1,0.0,1.0,0.0,4.383100393240338e-21,,,,False,False,False
missingxpert,4,0.0,1,4,1,4,1.0,4.0,0.0021713549474934772,0.0006291351253453499,1.0,0.0,0.0,False,False,False
mission-water-6129,1,0.0,0,1,0,1,0.0,1.0,0.0,-7.613246539372743e-20,,,,False,False,False
mission_ad2914,1,0.0,0,1,0,1,0.0,1.0,0.0,-8.372009927092376e-20,,,,False,False,False
mister_gone,1,0.0,0,1,0,1,0.0,1.0,0.0,3.305242302095935e-19,,,,False,False,False
misterforkbeard,1,0.0,0,1,0,1,0.0,1.0,0.0,2.9323075672124336e-20,,,,False,False,False
mitarrex,3,0.0,6,2,6,2,7.0,3.0,0.00029121526514344826,0.00023423159769241574,7.0,0.0,0.0,True,False,False
mitchellangelo86,5,0.0,2,5,2,5,2.0,5.0,0.00016700213963366254,5.791190628144569e-11,2.0,0.0,0.0,False,False,False
mitchelvincent,1,0.0,1,1,1,1,1.0,1.0,0.0,0.09344260543759521,1.0,0.0,0.0,False,False,False
miturtow,1,0.0,0,1,0,1,0.0,1.0,0.0,-1.377765516023107e-19,,,,False,False,False
miyamojogaming,5,0.0,1,4,1,4,1.0,5.0,4.745076293654013e-05,-7.847365401671089e-19,1.0,0.0,0.0,False,False,False
mk7orl,1,0.0,0,1,0,1,0.0,1.0,0.0,-1.2439147781683072e-20,,,,False,False,False
mkyend,1,0.0,1,1,1,1,1.0,1.0,0.0010527820259097435,1.2489878951780045e-05,1.0,0.0,0.0,False,False,False
mlmcmillion,2,0.0,17,2,17,2,17.0,2.0,0.0012518578969318273,7.883157238164061e-05,17.0,0.0,0.0,True,False,True
mloofburrow,2,0.0,1,2,1,2,1.0,2.0,2.432117137815819e-05,5.701594700707732e-19,1.0,0.0,0.0,False,False,False
mmasmaza,1,0.0,0,1,0,1,0.0,1.0,0.0,-4.6309823441909784e-20,,,,False,False,False
mmorpgjunkie,2,0.0,1,2,1,2,1.0,2.0,0.002121123738500181,7.404310467522696e-05,1.0,0.0,0.0,False,False,False
mmrassassin,2,0.0,1,2,1,2,2.0,2.0,8.534952829838755e-06,3.6495275263871154e-05,2.0,0.0,0.0,False,False,False
mn_yogi1988,4,0.0,2,4,2,4,2.0,4.0,0.0005758902275869642,0.00038314521478602836,2.0,0.0,0.0,False,False,False
mntnmedia,1,0.0,0,1,0,1,0.0,1.0,0.0,-2.580512178399255e-19,,,,False,False,False
moaiman-ifest,2,0.0,1,1,1,1,2.0,2.0,0.0,7.864779913449684e-07,2.0,0.0,0.0,False,False,False
mobilename32,1,0.0,0,1,0,1,0.0,1.0,0.0,4.800980488559423e-20,,,,False,False,False
mobiletreat1172,1,0.0,0,1,0,1,0.0,1.0,0.0,-1.7887138070984912e-19,,,,False,False,False
moblam,3,0.0,1,3,1,3,1.0,3.0,4.7526001989822165e-05,1.4902143766505228e-18,1.0,0.0,0.0,False,False,False
mocca_master,1,0.0,0,1,0,1,0.0,1.0,0.0,9.159262397914323e-20,,,,False,False,False
modern_odysseus,1,0.0,0,1,0,1,0.0,1.0,0.0,-1.7097372143055737e-19,,,,False,False,False
modifiedleaf,1,0.0,0,1,0,1,0.0,1.0,0.0,-7.914187557493177e-20,,,,False,False,False
modularmode,2,0.0,0,2,0,2,0.0,2.0,0.0,2.1252191977968272e-19,,,,False,False,False
modullah,1,0.0,0,1,0,1,0.0,1.0,0.0,1.5997133001882243e-19,,,,False,False,False
mog_varos,7,0.1428571428571428,8,6,8,6,10.0,7.0,0.0009648582494519481,0.0038313113598547627,10.0,0.0,0.0,True,False,True
moghz,5,0.0,2,4,2,4,3.0,5.0,0.0013072115043277386,0.0021235797924117734,3.0,0.0,0.0,False,False,False
moht81,7,0.0,12,4,12,4,12.0,7.0,0.009107439572694527,0.10539569492100156,12.0,0.0,0.0,True,False,True
moikrochip_master,1,0.0,0,1,0,1,0.0,1.0,0.0,1.6735556810332027e-19,,,,False,False,False
mojo12000,1,0.0,1,1,1,1,1.0,1.0,0.00018582992880266397,4.2682644307097024e-05,1.0,0.0,0.0,False,False,False
mojordomoseuw,3,0.0,2,3,2,3,2.0,3.0,0.00010866619649226347,5.7736428894481715e-05,2.0,0.0,0.0,False,False,False
mojothemobile,2,0.0,0,2,0,2,0.0,2.0,0.0,-6.637884474785055e-20,,,,False,False,False
moldybreadoo,1,0.0,0,1,0,1,0.0,1.0,0.0,-9.431874754699072e-20,,,,False,False,False
mologar,1,0.0,1,1,1,1,1.0,1.0,1.0031873770938715e-07,-2.8514027331784096e-19,1.0,0.0,0.0,False,False,False
molonari,1,1.0,0,1,0,1,0.0,1.0,0.0,-1.3286921253891484e-19,,,,False,False,False
moment_of_rat,2,0.0,8,2,8,2,8.0,2.0,0.0005963475182473121,7.870351768119316e-05,8.0,0.0,0.0,True,False,True
mommyafk,2,0.0,0,2,0,2,0.0,2.0,0.0,-2.4103260766665102e-20,,,,False,False,False
mommypegmeplease,1,1.0,0,1,0,1,0.0,1.0,0.0,-3.332486986059362e-20,,,,False,False,False
money_echidna2605,1,0.0,0,1,0,1,0.0,1.0,0.0,5.878650823916909e-20,,,,False,False,False
mongomike,2,0.0,0,2,0,2,0.0,2.0,0.0,1.981353735081515e-19,,,,False,False,False
monjepm,1,0.0,0,1,0,1,0.0,1.0,0.0,2.5855010114611738e-20,,,,False,False,False
monkehzxx,1,0.0,0,1,0,1,0.0,1.0,0.0,-3.822517194185213e-21,,,,False,False,False
monkeybacon76,1,0.0,0,1,0,1,0.0,1.0,0.0,5.225446539066253e-20,,,,False,False,False
monkpawfire,1,0.0,1,1,1,1,1.0,1.0,0.0,1.157234138529576e-18,1.0,0.0,0.0,False,False,False
monrar,2,0.0,3,2,3,2,3.0,2.0,0.00017246224679918343,1.6937575989999932e-06,3.0,0.0,0.0,True,False,False
monsiuergeneral,2,0.0,4,2,4,2,4.0,2.0,0.000515936833973183,9.590853340248249e-05,4.0,0.0,0.0,True,False,False
monsterkillwow,1,0.0,0,1,0,1,0.0,1.0,0.0,5.062023422723778e-21,,,,False,False,False
moochao,4,0.0,2,2,2,2,4.0,4.0,0.0001410386994852496,1.2397499789222666e-06,4.0,0.0,0.0,False,False,False
moonbluertwo,1,0.0,0,1,0,1,0.0,1.0,0.0,1.843658739554032e-20,,,,False,False,False
moonlit-wisteria,2,0.0,1,2,1,2,1.0,2.0,0.0006925232089761093,4.1566879743076396e-05,1.0,0.0,0.0,False,False,False
moonstoner,1,0.0,0,1,0,1,0.0,1.0,0.0,-3.2689353351693186e-20,,,,False,False,False
moonwrath8,2,0.0,2,2,2,2,1.0,2.0,4.634287003444403e-05,6.440964824251002e-06,1.0,0.0,0.0,False,False,False
moose-caboose,1,0.0,1,1,1,1,1.0,1.0,4.747584262096747e-05,1.2670956158916138e-19,1.0,0.0,0.0,False,False,False
moosplauze,4,0.0,6,4,6,4,7.0,4.0,0.0006649251333800318,-5.885752334293644e-19,7.0,0.0,0.0,True,False,True
mopper300,3,0.0,1,3,1,3,2.0,3.0,0.00010226517997959812,0.0002752862994814299,2.0,0.0,0.0,False,False,False
moralapostel1337,1,0.0,0,1,0,1,0.0,1.0,0.0,1.9849427547398553e-19,,,,False,False,False
moralsydney,1,0.0,0,1,0,1,0.0,1.0,0.0,4.8148961327569196e-20,,,,False,False,False
morasar,3,0.0,1,3,1,3,1.0,3.0,0.0005483294714799262,0.0002531495060708064,1.0,0.0,0.0,False,False,False
more-leg-329,1,0.0,0,1,0,1,0.0,1.0,0.0,-3.8689453884784467e-20,,,,False,False,False
more__cowbell,1,0.0,2,1,2,1,2.0,1.0,5.582082950777646e-05,3.8959179089497576e-05,2.0,0.0,0.0,False,False,False
more_piglet4309,1,0.0,0,1,0,1,0.0,1.0,0.0,-7.502419091926789e-21,,,,False,False,False
more_purpose2758,1,0.0,0,1,0,1,0.0,1.0,0.0,-1.7023790294331615e-20,,,,False,False,False
morgenstern_br,1,0.0,0,1,0,1,0.0,1.0,0.0,-9.235751665933264e-20,,,,False,False,False
morgn_ladimore,1,0.0,2,1,2,1,2.0,1.0,0.00018997860953715192,1.9244055326036054e-18,2.0,0.0,0.0,False,False,False
morkinis,2,0.0,2,2,2,2,3.0,2.0,4.777679883409563e-05,4.902710034841652e-18,3.0,0.0,0.0,False,False,False
mornyr,1,0.0,0,1,0,1,0.0,1.0,0.0,2.218721769379836e-19,,,,False,False,False
mortal_12,1,0.0,0,1,0,1,0.0,1.0,0.0,-5.133805526121489e-20,,,,False,False,False
mortedeangel,2,0.0,1,2,1,2,1.0,2.0,4.747584262096747e-05,6.7293152326577e-19,1.0,0.0,0.0,False,False,False
morthra,1,0.0,0,1,0,1,0.0,1.0,0.0,-2.4551442539043438e-21,,,,False,False,False
mortiverious85,1,0.0,0,1,0,1,0.0,1.0,0.0,1.6603203647197568e-19,,,,False,False,False
mosey1245,2,0.5,0,1,0,1,0.0,2.0,0.0,8.830880946750523e-21,,,,False,False,False
mossysnail27,2,0.0,0,2,0,2,0.0,2.0,0.0,-4.2267679647334556e-20,,,,False,False,False
most-based,1,0.0,0,1,0,1,0.0,1.0,0.0,6.641734203226783e-20,,,,False,False,False
mother_republic_2719,2,0.0,0,1,0,1,0.0,2.0,0.0,-1.4338192357926047e-19,,,,False,False,False
motherofspots,1,0.0,1,1,1,1,1.0,1.0,4.750092230539482e-05,-9.273093993023594e-20,1.0,0.0,0.0,False,False,False
mothman91,2,0.0,2,2,2,2,2.0,2.0,1.5908387105257657e-05,4.942282462691172e-06,2.0,0.0,0.0,False,False,False
mothwizard,1,0.0,0,1,0,1,0.0,1.0,0.0,-7.801169902082948e-21,,,,False,False,False
motor22,1,0.0,0,1,0,1,0.0,1.0,0.0,-7.515474334224451e-20,,,,False,False,False
mountain-cod516,1,0.0,0,1,0,1,0.0,1.0,0.0,7.406315339955836e-20,,,,False,False,False
mountain_chemist6391,1,0.0,0,1,0,1,0.0,1.0,0.0,6.913950158407473e-20,,,,False,False,False
mountain_dentist_180,1,0.0,0,1,0,1,0.0,1.0,0.0,-1.157864427781765e-19,,,,False,False,False
mountain_film8737,3,0.0,2,3,2,3,2.0,3.0,0.0001434527296296603,6.732837941313297e-06,2.0,0.0,0.0,False,False,False
mountaindevice8892,1,0.0,0,1,0,1,0.0,1.0,0.0,2.494926216322067e-19,,,,False,False,False
mountnsntrees,18,0.0,10,12,10,12,16.0,18.0,0.007753706589036059,0.00013101304391193155,16.0,0.0,0.0,True,False,True
mousepad1212,1,0.0,2,1,2,1,2.0,1.0,2.507968442734679e-08,-1.846750917963338e-18,2.0,0.0,0.0,False,False,False
mouzonne,1,0.0,0,1,0,1,0.0,1.0,0.0,-1.5342972565359454e-19,,,,False,False,False
moviesandazeroth,5,0.0,2,5,2,5,2.0,5.0,0.0004886573664066628,0.0006444984832663453,2.0,0.0,0.0,False,False,False
moxfy,1,0.0,0,1,0,1,0.0,1.0,0.0,1.943293347042422e-20,,,,False,False,False
mozambiquietimtalkin,1,0.0,0,1,0,1,0.0,1.0,0.0,-1.7859234997027603e-19,,,,False,False,False
mr0bvl0us,1,0.0,0,1,0,1,0.0,1.0,0.0,-2.7358535235428486e-20,,,,False,False,False
mr30below1,1,0.0,0,1,0,1,0.0,1.0,0.0,-1.2296032716118719e-19,,,,False,False,False
mr_chrootkit,1,0.0,0,1,0,1,0.0,1.0,0.0,-4.920838314022288e-20,,,,False,False,False
mr_morio,1,0.0,0,1,0,1,0.0,1.0,0.0,3.812411810076507e-20,,,,False,False,False
mr_plaggy,2,0.5,1,2,1,2,1.0,2.0,1.910676848811553e-05,6.222590968514224e-07,1.0,0.0,0.0,False,False,False
mr_redacted_b_o_e_m_,4,0.0,6,3,6,3,6.0,3.0,0.0004866461966282371,1.2355397261651405e-05,6.0,0.0,0.0,True,False,True
mr_sparx,5,0.2,2,4,2,4,2.0,5.0,0.0023904261729377073,0.0005366364885038031,2.0,0.0,0.0,False,True,False
mranderson588,1,0.0,5,1,5,1,5.0,1.0,0.00014207276676861318,0.002172112779820537,5.0,0.0,0.0,True,False,False
mratt8,1,0.0,1,1,1,1,1.0,1.0,0.0,2.2937657738306727e-18,1.0,0.0,0.0,False,False,False
mrbiiz,1,1.0,1,1,1,1,1.0,1.0,0.0,9.72081468610071e-06,1.0,0.0,0.0,False,False,False
mrbojingles77,1,0.0,1,1,1,1,1.0,1.0,0.0,1.5368040615046192e-21,1.0,0.0,0.0,False,False,False
mrbunnybrightside,1,0.0,1,1,1,1,1.0,1.0,0.0,0.09344260543759525,1.0,0.0,0.0,False,False,False
mrcritical3,1,0.0,1,1,1,1,1.0,1.0,6.970821988706499e-06,4.156687974307606e-05,1.0,0.0,0.0,False,False,False
mrcuddlez69,2,0.0,1,2,1,2,1.0,2.0,0.0,8.541339921000449e-06,1.0,0.0,0.0,False,False,False
mrghost2023,1,0.0,2,1,2,1,2.0,1.0,0.0,4.044591392781897e-05,2.0,0.0,0.0,False,False,False
mrghoul123,3,0.0,0,3,0,3,0.0,3.0,0.0,3.215541859252912e-20,,,,False,False,False
mrhandsanitization,1,0.0,0,1,0,1,0.0,1.0,0.0,-1.2339356331570624e-20,,,,False,False,False
mrhemingray,1,0.0,1,1,1,1,1.0,1.0,0.0,0.00029740314095696643,1.0,0.0,0.0,False,False,False
mrhossie,2,0.0,1,1,1,1,1.0,2.0,0.0,6.693924219773613e-06,1.0,0.0,0.0,False,False,False
mrjujuvete,1,0.0,1,1,1,1,1.0,1.0,0.0,1.0270980938608304e-18,1.0,0.0,0.0,False,False,False
mrkeeeler,1,0.0,1,1,1,1,1.0,1.0,4.625558009368084e-05,3.381670527726342e-05,1.0,0.0,0.0,False,False,False
mrmadmaxi77,1,0.0,1,1,1,1,1.0,1.0,0.0,1.3423020010353664e-18,1.0,0.0,0.0,False,False,False
mrmontecristo71,1,0.0,0,1,0,1,0.0,1.0,0.0,-2.125574934955262e-19,,,,False,False,False
mrnoobyy,6,0.0,3,5,3,5,4.0,6.0,0.0031500431525223783,0.0012193478264152068,4.0,0.0,0.0,True,False,False
mrosvall,6,0.0,3,5,3,5,5.0,5.0,0.00046033671056455223,4.742806239726179e-05,5.0,0.0,0.0,True,False,True
mroz123,1,0.0,0,1,0,1,0.0,1.0,0.0,-1.0781105288873076e-19,,,,False,False,False
mrpirro,1,0.0,0,1,0,1,0.0,1.0,0.0,-7.955272433436912e-20,,,,False,False,False
mrpms,4,0.0,2,4,2,4,2.0,4.0,0.00033160358749837924,-8.661523004118538e-19,2.0,0.0,0.0,False,False,False
mrshilvar,3,0.0,1,3,1,3,1.0,3.0,0.0003613734174098937,0.0005412111450712937,1.0,0.0,0.0,False,False,False
mrspidey80,2,0.0,1,2,1,2,1.0,2.0,0.0003417833250357979,1.574495079717106e-05,1.0,0.0,0.0,False,False,False
mrtastix,2,0.0,2,2,2,2,2.0,2.0,5.2663561564717776e-05,1.0105554432194562e-07,2.0,0.0,0.0,False,False,False
mrvit0,3,0.0,1,2,1,2,1.0,3.0,2.6839442284665616e-06,7.551729502992153e-05,1.0,0.0,0.0,False,False,False
mrwaffler,1,0.0,0,1,0,1,0.0,1.0,0.0,1.8390507503553988e-20,,,,False,False,False
mrzummers,1,0.0,1,1,1,1,1.0,1.0,0.0,2.6215704836990853e-06,1.0,0.0,0.0,False,False,False
msabre__7,1,0.0,1,1,1,1,1.0,1.0,0.0,1.2470333087309356e-06,1.0,0.0,0.0,False,False,False
mschuster434,2,0.0,2,2,2,2,2.0,2.0,0.00020966393229854784,4.743843186285321e-05,2.0,0.0,0.0,False,False,False
mtdt1,4,0.25,5,4,5,4,6.0,4.0,0.0005754794521910218,7.237043200128255e-05,6.0,0.0,0.0,True,False,True
muckduck92,1,0.0,2,1,2,1,2.0,1.0,1.0343528146892711e-05,4.800784456733164e-05,2.0,0.0,0.0,False,False,False
multicolored_squares,1,0.0,1,1,1,1,0.0,1.0,0.0,0.0018104914958801846,0.0,0.0,,False,False,False
multimarcus,3,0.0,2,3,2,3,2.0,3.0,0.00012784085497551852,1.1505949843820757e-06,2.0,0.0,0.0,False,False,False
mundane-ambition-934,1,0.0,0,1,0,1,0.0,1.0,0.0,-1.4108794141236428e-20,,,,False,False,False
munno22,6,0.1666666666666666,5,5,5,5,5.0,6.0,0.001536731902505473,0.0006499975140446544,5.0,0.0,0.0,True,False,True
muntaacas,4,0.0,6,4,6,4,6.0,4.0,0.0006008614998095942,8.316152893101596e-06,6.0,0.0,0.0,True,False,True
muppetrubber,1,0.0,0,1,0,1,0.0,1.0,0.0,-7.208348023112678e-20,,,,False,False,False
muriden,1,0.0,6,1,6,1,6.0,1.0,0.0013511574633285018,0.0035623161041745304,6.0,0.0,0.0,True,False,True
murk_adurk,1,1.0,0,1,0,1,0.0,1.0,0.0,-2.4066333664739687e-20,,,,False,False,False
murtag,10,0.1,6,9,6,9,6.0,10.0,0.0019442602888819307,0.0007780472313078,6.0,0.0,0.0,True,False,True
muscle_squad,2,0.0,1,1,1,1,1.0,2.0,0.0,2.1438226330943844e-06,1.0,0.0,0.0,False,False,False
musclecrow,1,0.0,1,1,1,1,1.0,1.0,0.0,7.551729502991966e-05,1.0,0.0,0.0,False,False,False
musclesmarinara87,1,0.0,0,1,0,1,0.0,1.0,0.0,-9.00797067376539e-20,,,,False,False,False
muspel,1,0.0,0,1,0,1,0.0,1.0,0.0,3.3949819205229255e-20,,,,False,False,False
musridc,6,0.0,0,6,0,6,0.0,6.0,0.0,8.302908942964218e-20,,,,False,False,False
mustangbex,1,0.0,1,1,1,1,1.0,1.0,2.507968442734679e-08,-4.903503617962243e-19,1.0,0.0,0.0,False,False,False
mutepaladin07,1,0.0,0,1,0,1,0.0,1.0,0.0,2.0189449086109658e-19,,,,False,False,False
muticere,1,0.0,0,1,0,1,0.0,1.0,0.0,-1.5078097893301877e-19,,,,False,False,False
my0445316,5,0.0,15,5,15,5,16.0,5.0,0.0055489308299372375,0.0008813936003350129,16.0,0.0,0.0,True,False,True
my_cat_barks_,1,1.0,0,1,0,1,0.0,1.0,0.0,-6.581865169950243e-20,,,,False,False,False
my_shoes_hurt,1,0.0,1,1,1,1,1.0,1.0,1.1902233760382564e-05,6.758115447895578e-19,1.0,0.0,0.0,False,False,False
mycolortv,1,0.0,2,1,2,1,2.0,1.0,0.00010526748321357228,9.418194931776574e-08,2.0,0.0,0.0,False,False,False
myfirstreddit8u519,1,0.0,0,1,0,1,0.0,1.0,0.0,-8.410098785338419e-21,,,,False,False,False
myfistsaremymoney,1,0.0,0,1,0,1,0.0,1.0,0.0,-5.3309754014601217e-20,,,,False,False,False
mylifeforanetype,1,0.0,0,1,0,1,0.0,1.0,0.0,2.1201245482963574e-20,,,,False,False,False
mylifemyworld17,1,0.0,0,1,0,1,0.0,1.0,0.0,-1.9705430717248268e-19,,,,False,False,False
mynbhd,1,0.0,1,1,1,1,1.0,1.0,0.0,2.4637876290855355e-20,1.0,0.0,0.0,False,False,False
myonetaps,2,0.0,0,2,0,2,0.0,2.0,0.0,-7.809324374044996e-20,,,,False,False,False
myopinionsucks2,4,0.0,2,4,2,4,3.0,4.0,0.001560946914290217,3.082139502628205e-09,3.0,0.0,0.0,False,False,False
myrdraall,1,0.0,0,1,0,1,0.0,1.0,0.0,-8.458634464059326e-20,,,,False,False,False
myrlista,1,0.0,0,1,0,1,0.0,1.0,0.0,8.714222649011362e-20,,,,False,False,False
myrwyss,1,0.0,0,1,0,1,0.0,1.0,0.0,6.755107642943535e-20,,,,False,False,False
mysterious-drama4743,5,0.0,1,3,1,3,1.0,5.0,2.1836428934248365e-05,3.6495275263870856e-05,1.0,0.0,0.0,False,False,False
mysterious-mall3756,3,0.0,4,3,4,3,4.0,3.0,0.0013205469747556043,6.674055646987676e-06,4.0,0.0,0.0,True,False,False
mysterious_turn_3286,1,0.0,0,1,0,1,0.0,1.0,0.0,-6.252799359441772e-20,,,,False,False,False
mysteriousapricot701,2,0.0,1,2,1,2,2.0,2.0,0.0,1.5240202553342712e-18,2.0,0.0,0.0,False,False,False
mysterymel,1,0.0,0,1,0,1,0.0,1.0,0.0,-1.586584662302642e-19,,,,False,False,False
mystikalrush,1,0.0,0,1,0,1,0.0,1.0,0.0,-5.170094444295838e-20,,,,False,False,False
mystogyn,1,0.0,1,1,1,1,1.0,1.0,0.0,1.9448830640715932e-20,1.0,0.0,0.0,False,False,False
mystvixen,1,0.0,0,1,0,1,0.0,1.0,0.0,1.2455438884925438e-19,,,,False,False,False
mythikbean,1,0.0,1,1,1,1,1.0,1.0,0.0,0.002146857337147186,1.0,0.0,0.0,False,False,False
myusername2459,3,0.0,6,2,6,2,6.0,3.0,0.0003578513526458994,0.0028045679741611584,6.0,0.0,0.0,True,False,False
mzero33,1,1.0,0,1,0,1,0.0,1.0,0.0,-8.962652902311908e-22,,,,False,False,False
n051de,1,0.0,0,1,0,1,0.0,1.0,0.0,-9.167814948755004e-20,,,,False,False,False
n0proxy,1,0.0,0,1,0,1,0.0,1.0,0.0,-2.0675088181981518e-19,,,,False,False,False
n0rrix,1,0.0,0,1,0,1,0.0,1.0,0.0,5.661256976730542e-20,,,,False,False,False
n0stalgiapunk,2,0.0,0,2,0,2,0.0,2.0,0.0,8.800064140576787e-20,,,,False,False,False
n3rdm3tal,1,0.0,0,1,0,1,0.0,1.0,0.0,1.6070444334652354e-20,,,,False,False,False
naahthisisnotme,2,0.0,1,2,1,2,1.0,2.0,4.747584262096747e-05,6.242085149433423e-19,1.0,0.0,0.0,False,False,False
nachoaveragetamale,5,0.0,4,5,4,5,4.0,5.0,0.00035893261572909863,1.9139323600003226e-05,4.0,0.0,0.0,True,False,False
naeii,1,0.0,0,1,0,1,0.0,1.0,0.0,2.0300763928700928e-19,,,,False,False,False
nagoragama,4,0.0,1,3,1,3,1.0,4.0,1.1617436391549943e-05,4.76072803104804e-19,1.0,0.0,0.0,False,False,False
naguro,1,0.0,1,1,1,1,1.0,1.0,0.0,3.7393239154589354e-05,1.0,0.0,0.0,False,False,False
nagynorbie,1,0.0,2,1,2,1,2.0,1.0,5.4200131010591105e-05,0.00015467382163231874,2.0,0.0,0.0,False,False,False
naleenatren,1,0.0,0,1,0,1,0.0,1.0,0.0,-2.1115496034207284e-20,,,,False,False,False
name_escape,1,0.0,0,1,0,1,0.0,1.0,0.0,4.1448209728788007e-19,,,,False,False,False
namealreadyexistss,1,0.0,2,1,2,1,2.0,1.0,0.00011228671250703173,0.013210277728868304,2.0,0.0,0.0,False,False,False
namirocket,3,0.0,2,3,2,3,2.0,3.0,0.0006971623772617103,3.8162709833734063e-07,2.0,0.0,0.0,False,False,False
nangz,1,0.0,1,1,1,1,1.0,1.0,4.7475842620967475e-05,-5.242026708816388e-19,1.0,0.0,0.0,False,False,False
naniplease,1,0.0,0,1,0,1,0.0,1.0,0.0,7.776419632409339e-22,,,,False,False,False
nankoon_the_dude,4,0.0,1,1,1,1,4.0,4.0,0.0,0.0003196993730632453,4.0,0.0,0.0,False,False,False
nanocephalic,3,0.0,1,3,1,3,1.0,3.0,4.747584262096747e-05,9.058016664052114e-20,1.0,0.0,0.0,False,False,False
naranox,1,0.0,2,1,2,1,2.0,1.0,4.757616135867686e-05,-2.517362610525845e-18,2.0,0.0,0.0,False,False,False
narium,1,0.0,0,1,0,1,0.0,1.0,0.0,1.9753470429100663e-20,,,,False,False,False
narux117,4,0.0,3,4,3,4,4.0,4.0,0.0010556365598819895,0.0001754004589997071,4.0,0.0,0.0,True,False,False
narwalrus420,1,1.0,0,1,0,1,0.0,1.0,0.0,-1.7387049436424827e-19,,,,False,False,False
narwien,2,0.0,0,2,0,2,0.0,2.0,0.0,1.9187360433180124e-20,,,,False,False,False
nater255,1,0.0,0,1,0,1,0.0,1.0,0.0,3.45918406528088e-20,,,,False,False,False
nathanbrotherbob,2,0.0,1,1,1,1,1.0,2.0,0.0,1.9760921381450378e-05,1.0,0.0,0.0,False,False,False
nathremar8,1,0.0,1,1,1,1,1.0,1.0,4.747584262096747e-05,-3.8115086043332207e-20,1.0,0.0,0.0,False,False,False
national_error_6946,1,0.0,0,1,0,1,0.0,1.0,0.0,6.435960784604313e-20,,,,False,False,False
nativo1,1,0.0,4,1,4,1,4.0,1.0,0.0001969894714730047,0.00038551153308757734,4.0,0.0,0.0,True,False,False
natomicbombs,2,0.0,1,2,1,2,1.0,2.0,3.739291837150759e-05,1.8691213932080037e-18,1.0,0.0,0.0,False,False,False
naturzaros,1,0.0,0,1,0,1,0.0,1.0,0.0,-6.156882892957677e-20,,,,False,False,False
naucturne,1,0.0,2,1,2,1,2.0,1.0,4.757616135867686e-05,-1.2993830260286734e-18,2.0,0.0,0.0,False,False,False
naustis,2,0.0,0,2,0,2,0.0,2.0,0.0,5.4766385369723856e-21,,,,False,False,False
navexeu,1,0.0,1,1,1,1,1.0,1.0,0.0,5.410693010259707e-19,1.0,0.0,0.0,False,False,False
nazgul_1994,1,0.0,0,1,0,1,0.0,1.0,0.0,-9.456660688108883e-21,,,,False,False,False
nbdichotomy,2,0.5,0,2,0,2,0.0,2.0,0.0,-5.295276476540083e-20,,,,False,False,False
nbogie055,4,0.0,0,4,0,4,0.0,4.0,0.0,-1.5947133348802457e-20,,,,False,False,False
nbotero,1,0.0,0,1,0,1,0.0,1.0,0.0,8.62631824956465e-20,,,,False,False,False
ncatter,2,0.0,0,2,0,2,0.0,2.0,0.0,2.2295914961405853e-19,,,,False,False,False
ncemtp,2,0.0,0,2,0,2,0.0,2.0,0.0,1.8828123450533358e-19,,,,False,False,False
neanoa,1,0.0,1,1,1,1,1.0,1.0,0.0,3.592334715988694e-05,1.0,0.0,0.0,False,False,False
nearby-staff-9013,3,0.0,0,2,0,2,0.0,2.0,0.0,-3.041803933592569e-19,,,,False,False,False
neat-source4706,1,0.0,0,1,0,1,0.0,1.0,0.0,5.852048449063644e-20,,,,False,False,False
nebichan,2,0.0,0,2,0,2,0.0,2.0,0.0,8.451065601233124e-21,,,,False,False,False
nech-ro,9,0.0,20,9,20,9,20.0,9.0,0.004326763179913106,0.015808389973004846,20.0,0.0,0.0,True,False,True
necka44,1,0.0,3,1,3,1,3.0,1.0,0.0012616923115644314,0.0020382628906229516,3.0,0.0,0.0,True,False,False
necr0versegaming,1,0.0,0,1,0,1,0.0,1.0,0.0,-1.9937912751568345e-20,,,,False,False,False
necrazen,1,0.0,0,1,0,1,0.0,1.0,0.0,8.671344149998639e-20,,,,False,False,False
necrid101,5,0.0,3,5,3,5,4.0,5.0,0.00045504160016788403,1.4642464537783689e-08,4.0,0.0,0.0,True,False,False
necro429,1,0.0,0,1,0,1,0.0,1.0,0.0,4.1305506636646665e-22,,,,False,False,False
necropaw,2,0.5,1,2,1,2,1.0,2.0,0.0006422201890125519,0.0003142937700659096,1.0,0.0,0.0,False,False,False
needmorepizzza,1,0.0,1,1,1,1,1.0,1.0,2.8760018642246955e-05,-1.2463585714637604e-19,1.0,0.0,0.0,False,False,False
nefariousnessbusy507,1,1.0,0,1,0,1,0.0,1.0,0.0,7.152495641881247e-20,,,,False,False,False
neighborredditor,1,0.0,0,1,0,1,0.0,1.0,0.0,1.8820667064669834e-19,,,,False,False,False
neither-attention940,2,0.5,0,2,0,2,0.0,2.0,0.0,5.050203513685389e-20,,,,False,False,False
neitherpotato,1,0.0,0,1,0,1,0.0,1.0,0.0,-4.649261545932976e-20,,,,False,False,False
nelfdk1991,1,0.0,0,1,0,1,0.0,1.0,0.0,-1.355111325064773e-19,,,,False,False,False
nendro,1,0.0,0,1,0,1,0.0,1.0,0.0,-4.1955953428076224e-21,,,,False,False,False
neonsparrows,1,0.0,0,1,0,1,0.0,1.0,0.0,-9.336389370918433e-20,,,,False,False,False
neotr0n,3,0.0,2,3,2,3,2.0,3.0,8.080815185144458e-05,-3.6527305573909183e-19,2.0,0.0,0.0,False,False,False
nerdmoot,1,0.0,0,1,0,1,0.0,1.0,0.0,-2.3775560623692438e-20,,,,False,False,False
nerdy_valkyrie,2,0.0,1,2,1,2,1.0,2.0,2.9935008117231708e-06,-3.0830609472621934e-20,1.0,0.0,0.0,False,False,False
nerdyponcho,1,0.0,1,1,1,1,1.0,1.0,7.523905328204037e-08,-3.43064918841097e-19,1.0,0.0,0.0,False,False,False
neromius,1,0.0,1,1,1,1,1.0,1.0,0.0,7.349914315918903e-05,1.0,0.0,0.0,False,False,False
nerral35,1,0.0,0,1,0,1,0.0,1.0,0.0,-7.951784381923177e-20,,,,False,False,False
nerty94,1,0.0,0,1,0,1,0.0,1.0,0.0,2.673882700039049e-19,,,,False,False,False
nervouscranberry47,4,0.0,3,4,3,4,3.0,4.0,0.0012965274271230798,9.003885545972975e-05,3.0,0.0,0.0,True,False,False
neshtoto,1,0.0,0,1,0,1,0.0,1.0,0.0,1.4127788127895847e-19,,,,False,False,False
netheri,1,0.0,1,1,1,1,1.0,1.0,3.8097861907937476e-05,5.7965136396567795e-06,1.0,0.0,0.0,False,False,False
nethias25,1,0.0,0,1,0,1,0.0,1.0,0.0,-1.369143202420254e-19,,,,False,False,False
networkok5234,1,0.0,0,1,0,1,0.0,1.0,0.0,8.234804690015696e-20,,,,False,False,False
never_unclench,3,0.0,3,3,3,3,3.0,3.0,0.00039587679274425666,0.00043022969720308494,3.0,0.0,0.0,True,False,False
neveralwayss,1,0.0,1,1,1,1,1.0,1.0,0.0,0.0019450909020323334,1.0,0.0,0.0,False,False,False
neverender26,1,0.0,2,1,2,1,2.0,1.0,4.647079104022427e-05,0.0001873396995649334,2.0,0.0,0.0,False,False,False
neverlife,1,0.0,0,1,0,1,0.0,1.0,0.0,7.723557350954542e-20,,,,False,False,False
neverscream,1,0.0,0,1,0,1,0.0,1.0,0.0,1.890932736140332e-19,,,,False,False,False
neverwinterdrow,1,0.0,0,1,0,1,0.0,1.0,0.0,-4.475042898542376e-20,,,,False,False,False
neverworkagainplz,1,0.0,1,1,1,1,1.0,1.0,4.6203466631020084e-05,5.513526266861803e-19,1.0,0.0,0.0,False,False,False
nevialarolyn,1,1.0,0,1,0,1,0.0,1.0,0.0,1.2834859576507191e-19,,,,False,False,False
nevotheless,2,0.0,2,2,2,2,2.0,2.0,0.00030935237183445644,1.4221508730507708e-05,2.0,0.0,0.0,False,False,False
new-bodybuilder8566,4,0.0,4,4,4,4,4.0,4.0,0.0003220147875727643,3.736081777420702e-05,4.0,0.0,0.0,True,False,False
new_ad5687,1,0.0,0,1,0,1,0.0,1.0,0.0,7.502811649499314e-20,,,,False,False,False
new_excitement_1878,3,0.3333333333333333,2,3,2,3,2.0,3.0,0.00037246897729259173,1.0877641660081293e-05,2.0,0.0,0.0,False,False,False
newbhero,1,1.0,1,1,1,1,1.0,1.0,0.0001527139206217555,0.00015833800429333901,1.0,0.0,0.0,False,False,False
newbkid,1,1.0,0,1,0,1,0.0,1.0,0.0,-2.3986531067268127e-20,,,,False,False,False
newcaravan,2,0.0,6,2,6,2,6.0,2.0,0.0001417418073363998,9.071106815428769e-06,6.0,0.0,0.0,True,False,False
newdane,4,0.0,1,4,1,4,1.0,4.0,0.0008227577225783153,2.9948398350305113e-06,1.0,0.0,0.0,False,False,False
newgator11,1,0.0,1,1,1,1,1.0,1.0,4.669419892876091e-05,2.1830459675988194e-06,1.0,0.0,0.0,False,False,False
newhugh123,1,0.0,0,1,0,1,0.0,1.0,0.0,-1.9737915428705038e-19,,,,False,False,False
newjalian,2,0.0,2,2,2,2,2.0,2.0,0.000473535211300777,7.295599558517365e-06,2.0,0.0,0.0,False,False,False
newjerseysbody,1,0.0,1,1,1,1,1.0,1.0,0.0,3.246936510485707e-08,1.0,0.0,0.0,False,False,False
newmetaorer,1,0.0,0,1,0,1,0.0,1.0,0.0,1.3455691841923344e-19,,,,False,False,False
newsargeras,1,0.0,0,1,0,1,0.0,1.0,0.0,2.0358311327803282e-19,,,,False,False,False
newsonofvader,2,0.0,0,2,0,2,0.0,2.0,0.0,4.9491551466998213e-20,,,,False,False,False
newtype06,10,0.0,20,9,20,9,20.0,9.0,0.002465884507528507,0.0016353853526595516,20.0,0.0,0.0,True,False,True
nexrex,6,0.0,2,2,2,2,4.0,6.0,0.0004871902502587087,0.0022857964461996576,4.0,0.0,0.0,False,False,False
next_complaint_1343,1,0.0,0,1,0,1,0.0,1.0,0.0,-5.006493606801475e-21,,,,False,False,False
nexyke94,1,0.0,0,1,0,1,0.0,1.0,0.0,6.183978142683677e-20,,,,False,False,False
neyubin,4,0.0,1,2,1,2,2.0,4.0,1.392291948575872e-05,1.6473668489899288e-07,2.0,0.0,0.0,False,False,False
nfl_porn_throwaway,2,0.0,2,1,2,1,3.0,2.0,4.7450762936540124e-05,1.24703330873051e-06,3.0,0.0,0.0,False,False,False
ngbling,1,0.0,1,1,1,1,1.0,1.0,0.0,0.0002476592857464411,1.0,0.0,0.0,False,False,False
ngelz,1,0.0,0,1,0,1,0.0,1.0,0.0,-7.399431373937918e-20,,,,False,False,False
ngordon7,1,0.0,0,1,0,1,0.0,1.0,0.0,-9.605101955132062e-20,,,,False,False,False
niadain,1,0.0,0,1,0,1,0.0,1.0,0.0,7.381491567228688e-21,,,,False,False,False
nice_porson,2,0.0,3,2,3,2,3.0,2.0,0.00030214064792428904,9.907784074042992e-07,3.0,0.0,0.0,True,False,False
nice_strawberry5512,1,0.0,1,1,1,1,1.0,1.0,0.0,6.273923023884233e-09,1.0,0.0,0.0,False,False,False
nickball88,1,0.0,0,1,0,1,0.0,1.0,0.0,3.4166327852634106e-19,,,,False,False,False
nickimus_rex,1,0.0,0,1,0,1,0.0,1.0,0.0,-2.0479425632698968e-19,,,,False,False,False
nickyfox13,1,0.0,0,1,0,1,0.0,1.0,0.0,2.0451052391811789e-22,,,,False,False,False
nicodemus_mercy,1,0.0,0,1,0,1,0.0,1.0,0.0,-1.1185685502865171e-20,,,,False,False,False
nidalee2diaorafk,3,0.0,1,3,1,3,1.0,3.0,0.0023821187480465907,0.00013203661856644463,1.0,0.0,0.0,False,False,False
nigelmcexplosion,1,0.0,0,1,0,1,0.0,1.0,0.0,-3.3423307000314597e-20,,,,False,False,False
niggo372,1,0.0,0,1,0,1,0.0,1.0,0.0,-1.9603500753131974e-19,,,,False,False,False
nighthunter555,1,0.0,0,1,0,1,0.0,1.0,0.0,-2.276924387649223e-19,,,,False,False,False
nightstalker314,1,1.0,0,1,0,1,0.0,1.0,0.0,-1.3717964291340465e-19,,,,False,False,False
nihilus_rex,1,0.0,0,1,0,1,0.0,1.0,0.0,-6.05893836520657e-20,,,,False,False,False
niiro__,1,0.0,1,1,1,1,1.0,1.0,2.507968442734679e-08,8.830955604423022e-20,1.0,0.0,0.0,False,False,False
nikky-nami,1,0.0,0,1,0,1,0.0,1.0,0.0,-9.581622562915873e-20,,,,False,False,False
nilanar,1,0.0,2,1,2,1,2.0,1.0,3.251179014874217e-05,2.1703698149561368e-05,2.0,0.0,0.0,False,False,False
nillztastic,1,0.0,0,1,0,1,0.0,1.0,0.0,1.0288106085688124e-19,,,,False,False,False
nilsmf,1,0.0,0,1,0,1,0.0,1.0,0.0,7.761163238351651e-20,,,,False,False,False
nimda_lel,1,0.0,0,1,0,1,0.0,1.0,0.0,1.3272887531049054e-19,,,,False,False,False
ninedark,1,0.0,1,1,1,1,1.0,1.0,0.0,0.0007083991582375906,1.0,0.0,0.0,False,False,False
ninja_hedgehog,4,0.0,2,3,2,3,2.0,3.0,0.0002282578377739633,4.000166978370921e-05,2.0,0.0,0.0,False,False,False
ninofresh,1,0.0,0,1,0,1,0.0,1.0,0.0,1.3470416314290834e-19,,,,False,False,False
ninommo,2,0.0,1,1,1,1,2.0,2.0,0.0,7.551729502992046e-05,2.0,0.0,0.0,False,False,False
nippys4,8,0.0,4,4,4,4,8.0,8.0,0.0016395017265530892,0.0004133440953934752,8.0,0.0,0.0,True,False,True
nipslippinjizzsippin,4,0.0,0,4,0,4,0.0,4.0,0.0,3.209082773977725e-20,,,,False,False,False
nirathiel,2,0.0,0,2,0,2,0.0,2.0,0.0,2.792484405537325e-20,,,,False,False,False
nirdee,1,0.0,2,1,2,1,2.0,1.0,2.84702481381881e-06,0.00028483506300434246,2.0,0.0,0.0,False,False,False
nishoba07,2,0.0,1,2,1,2,1.0,2.0,7.071493154149271e-05,7.864779913451247e-07,1.0,0.0,0.0,False,False,False
nisiom,1,0.0,0,1,0,1,0.0,1.0,0.0,-1.3872362649382058e-19,,,,False,False,False
nkkouros,6,0.0,2,5,2,5,3.0,6.0,0.0008043462139834634,1.2767679586442674e-05,3.0,0.0,0.0,False,False,False
nkovi,3,0.0,1,3,1,3,1.0,3.0,0.0002873815538849637,7.86785426792901e-07,1.0,0.0,0.0,False,False,False
nmfpriv,1,0.0,2,1,2,1,2.0,1.0,0.00024157668996607165,5.554719774253215e-05,2.0,0.0,0.0,False,False,False
nnorbie,1,0.0,3,1,3,1,3.0,1.0,0.00027860225166366156,3.791036139911326e-06,3.0,0.0,0.0,True,False,False
nnyquick,1,1.0,0,1,0,1,0.0,1.0,0.0,-1.2893983520370549e-19,,,,False,False,False
no-abbreviations7109,1,0.0,0,1,0,1,0.0,1.0,0.0,7.067621700217277e-20,,,,False,False,False
no-accountant1665,1,0.0,0,1,0,1,0.0,1.0,0.0,-6.084317636485232e-20,,,,False,False,False
no-ad5549,2,0.0,1,1,1,1,1.0,2.0,0.0,0.00011969759861852267,1.0,0.0,0.0,False,False,False
no-addendum6379,1,0.0,0,1,0,1,0.0,1.0,0.0,-3.722752394549379e-21,,,,False,False,False
no-amphibian689,1,0.0,1,1,1,1,1.0,1.0,0.0,7.551729502992032e-05,1.0,0.0,0.0,False,False,False
no-bit-2913,2,0.0,6,2,6,2,6.0,2.0,0.00037954605955014674,0.0019376270309938652,6.0,0.0,0.0,True,False,False
no-breadfruit6137,1,0.0,5,0,5,0,5.0,0.0,0.0,2.429738909559809e-06,5.0,0.0,0.0,True,False,False
no-buddy4783,2,0.0,2,2,2,2,2.0,2.0,0.00029076861142757584,3.468257408247659e-05,2.0,0.0,0.0,False,False,False
no-calligrapher4536,1,0.0,1,1,1,1,1.0,1.0,0.0,0.0003428706519108564,1.0,0.0,0.0,False,False,False
no-comb-1832,5,0.0,3,5,3,5,4.0,5.0,0.0016807170608823315,0.001165922334989692,4.0,0.0,0.0,True,False,False
no-communication9458,2,0.0,0,2,0,2,0.0,2.0,0.0,-2.4808961043359505e-19,,,,False,False,False
no-earth-8428,1,0.0,0,1,0,1,0.0,1.0,0.0,7.991921987774614e-20,,,,False,False,False
no-neighborhood-3212,1,0.0,0,1,0,1,0.0,1.0,0.0,6.647969714593315e-20,,,,False,False,False
no-opportunity4369,1,0.0,0,1,0,1,0.0,1.0,0.0,5.7807656480843644e-21,,,,False,False,False
no-palpitation6707,3,0.0,1,3,1,3,1.0,3.0,7.775982766437307e-05,3.6530397784790666e-05,1.0,0.0,0.0,False,False,False
no-pen-3209,2,0.0,1,2,1,2,1.0,2.0,1.0707996340346726e-05,-1.906861420015763e-18,1.0,0.0,0.0,False,False,False
no-sky-479,1,0.0,2,1,2,1,2.0,1.0,0.00036477746002775595,5.793496678423086e-06,2.0,0.0,0.0,False,False,False
no_bookkeeper_582,1,0.0,0,1,0,1,0.0,1.0,0.0,-2.0254271581931801e-19,,,,False,False,False
no_cantaloupe_2786,1,0.0,0,1,0,1,0.0,1.0,0.0,1.6525171287004408e-20,,,,False,False,False
no_combination1828,3,0.0,1,2,1,2,1.0,3.0,0.0,5.842731509510861e-05,1.0,0.0,0.0,False,False,False
no_consequence7064,1,0.0,1,1,1,1,1.0,1.0,0.0,0.00029805468426837456,1.0,0.0,0.0,False,False,False
no_explanation2932,2,0.5,1,2,1,2,1.0,2.0,5.015936885469358e-08,-9.29229307255334e-19,1.0,0.0,0.0,False,False,False
no_fix_7842,1,0.0,0,1,0,1,0.0,1.0,0.0,2.3368231919515763e-21,,,,False,False,False
no_operation_5279,4,0.0,6,3,6,3,7.0,3.0,0.0005660662822994379,0.0005863999447841314,7.0,0.0,0.0,True,False,True
no_reply6673,1,0.0,0,1,0,1,0.0,1.0,0.0,-3.124188125713207e-21,,,,False,False,False
no_soft_1131,1,0.0,1,1,1,1,1.0,1.0,0.0,-1.4155923442143918e-19,1.0,0.0,0.0,False,False,False
no_solid_9028,1,0.0,1,1,1,1,1.0,1.0,2.006374754187743e-07,2.374791146457546e-19,1.0,0.0,0.0,False,False,False
no_temperature8234,4,0.0,2,4,2,4,2.0,4.0,0.0002914977194750332,5.8611826541849495e-06,2.0,0.0,0.0,False,False,False
no_wish_2437,1,0.0,0,1,0,1,0.0,1.0,0.0,2.3507961951230345e-19,,,,False,False,False
noattorney3896,1,0.0,1,1,1,1,1.0,1.0,2.4809595587725398e-05,-1.6408253024687497e-19,1.0,0.0,0.0,False,False,False
nob1e613,5,0.2,3,5,3,5,3.0,5.0,0.0006434144601402786,0.00013184311320746492,3.0,0.0,0.0,True,True,False
noblelie17,3,0.0,1,3,1,3,1.0,3.0,0.00015513365071883966,3.4030270265004615e-05,1.0,0.0,0.0,False,False,False
nobonus6969,3,0.0,0,3,0,3,0.0,3.0,0.0,-1.6947026487212268e-19,,,,False,False,False
nobulliepls,1,0.0,0,1,0,1,0.0,1.0,0.0,1.885656783516233e-20,,,,False,False,False
nodelphi,1,0.0,0,1,0,1,0.0,1.0,0.0,8.088211722285172e-21,,,,False,False,False
noeagle77,2,0.0,0,2,0,2,0.0,2.0,0.0,-5.195620348458182e-20,,,,False,False,False
noelvansek_ttv,1,0.0,0,1,0,1,0.0,1.0,0.0,-4.606097665914146e-21,,,,False,False,False
nogamara,1,,0,1,0,1,0.0,0.0,0.0,-4.2594395741002965e-20,,,,False,False,False
nogrocery9618,1,0.0,0,1,0,1,0.0,1.0,0.0,8.448634392500662e-20,,,,False,False,False
noinformation9351,1,0.0,0,1,0,1,0.0,1.0,0.0,-7.017418210500053e-20,,,,False,False,False
noisse_,1,0.0,0,1,0,1,0.0,1.0,0.0,-2.8932818508260897e-19,,,,False,False,False
noke_95,2,0.0,2,1,2,1,2.0,2.0,0.00014336950886728668,9.021973812113152e-06,2.0,0.0,0.0,False,False,False
nonbinarysororitas,4,0.0,1,1,1,1,4.0,4.0,0.0,-1.028638177563161e-18,4.0,0.0,0.0,False,False,False
noojas,1,1.0,1,1,1,1,1.0,1.0,6.269921106836698e-08,-3.65712292762414e-19,1.0,0.0,0.0,False,False,False
nooobzocker,1,0.0,1,1,1,1,1.0,1.0,1.5873062580120474e-06,-7.403099027679216e-19,1.0,0.0,0.0,False,False,False
noosemane,2,0.0,0,2,0,2,0.0,2.0,0.0,-2.625438683349062e-19,,,,False,False,False
nordon,1,0.0,0,1,0,1,0.0,1.0,0.0,1.7651096690507748e-19,,,,False,False,False
nordrasir,1,0.0,0,1,0,1,0.0,1.0,0.0,-2.3131910963512847e-20,,,,False,False,False
nordschleifelover,2,0.5,1,1,1,1,1.0,2.0,0.0,-7.628008277614003e-19,1.0,0.0,0.0,False,False,False
noriel_sylvire,1,0.0,0,1,0,1,0.0,1.0,0.0,-2.45449476316018e-19,,,,False,False,False
noriello,2,0.0,1,2,1,2,1.0,2.0,0.00034414270050191204,0.0006086303904222394,1.0,0.0,0.0,False,False,False
norst,10,0.0,3,7,3,7,5.0,10.0,0.0025551085278688566,3.9642675237880554e-05,5.0,0.0,0.0,True,False,True
north_sheepherder711,1,0.0,1,1,1,1,1.0,1.0,1.1652251191577517e-05,2.722567756020111e-19,1.0,0.0,0.0,False,False,False
northerndarks6070,1,0.0,0,1,0,1,0.0,1.0,0.0,-8.55366676709755e-20,,,,False,False,False
northsunny,1,0.0,1,1,1,1,1.0,1.0,1.5047810656408074e-07,-5.13007287086283e-19,1.0,0.0,0.0,False,False,False
norwegianpearl,1,0.0,0,1,0,1,0.0,1.0,0.0,-7.451118458330331e-20,,,,False,False,False
norwegianwhiteeagle,2,0.0,1,2,1,2,2.0,2.0,4.2071170626874244e-07,-1.0146606220890097e-19,2.0,0.0,0.0,False,False,False
noseaworthiness2516,1,0.0,0,1,0,1,0.0,1.0,0.0,5.2376581555439336e-21,,,,False,False,False
not-my-proudestwank,1,0.0,0,1,0,1,0.0,1.0,0.0,4.161314401277753e-21,,,,False,False,False
not_another_usernam,3,0.0,0,3,0,3,0.0,3.0,0.0,1.1234585173980382e-19,,,,False,False,False
not_to_be_named,1,0.0,0,1,0,1,0.0,1.0,0.0,4.283150112361391e-20,,,,False,False,False
notamadlad1,2,0.0,0,2,0,2,0.0,2.0,0.0,-7.276337122409952e-20,,,,False,False,False
notapublicfundsleech,1,0.0,4,1,4,1,4.0,1.0,1.0449868511394496e-06,5.363216515707468e-06,4.0,0.0,0.0,True,False,False
notbad9111,1,0.0,0,1,0,1,0.0,1.0,0.0,1.5612347420965524e-20,,,,False,False,False
notegmsta,2,0.5,3,2,3,2,3.0,2.0,0.0003695692627434818,0.00011592993648635225,3.0,0.0,0.0,True,False,False
notfakegodz,3,0.0,0,3,0,3,0.0,3.0,0.0,1.0010405608198885e-20,,,,False,False,False
nothanksjefferson,1,0.0,0,1,0,1,0.0,1.0,0.0,1.163221387639835e-19,,,,False,False,False
nothoughtsjustchaos,1,0.0,0,1,0,1,0.0,1.0,0.0,1.9780664385643342e-20,,,,False,False,False
nothxsleeping,2,0.0,1,2,1,2,1.0,2.0,0.00041962588184621565,0.00035832953426472714,1.0,0.0,0.0,False,False,False
notjrm,1,0.0,0,1,0,1,0.0,1.0,0.0,8.227434376194921e-20,,,,False,False,False
notmiefault,11,0.0,7,10,7,10,8.0,11.0,0.0019603470000554785,0.001936218088784327,8.0,0.0,0.0,True,False,True
notorious_kiwi59,1,0.0,0,1,0,1,0.0,1.0,0.0,-1.4936218594018644e-22,,,,False,False,False
notreallyzuul,1,0.0,0,1,0,1,0.0,1.0,0.0,1.2118489250921232e-19,,,,False,False,False
notthatkindoforc1121,3,0.0,3,3,3,3,3.0,3.0,0.00023326489087453114,7.231891946166907e-19,3.0,0.0,0.0,True,False,False
notyoursweatbusiness,1,0.0,0,1,0,1,0.0,1.0,0.0,3.69342888325442e-20,,,,False,False,False
notzish,1,0.0,2,1,2,1,2.0,1.0,1.0149654961565644e-05,7.349914315918948e-05,2.0,0.0,0.0,False,False,False
noun-numbers,1,0.0,1,1,1,1,1.0,1.0,0.0,0.0006291351253453484,1.0,0.0,0.0,False,False,False
nousernamesleft199,1,0.0,0,1,0,1,0.0,1.0,0.0,-5.2575574772048415e-21,,,,False,False,False
novakosova,1,0.0,0,1,0,1,0.0,1.0,0.0,-7.222866170823482e-20,,,,False,False,False
novareason,1,0.0,0,1,0,1,0.0,1.0,0.0,9.00120019925962e-20,,,,False,False,False
novarne,1,0.0,0,1,0,1,0.0,1.0,0.0,1.064575591207343e-19,,,,False,False,False
novaskysaber,2,0.0,0,2,0,2,0.0,2.0,0.0,9.25734830796979e-21,,,,False,False,False
novicepro_,1,0.0,0,1,0,1,0.0,1.0,0.0,-1.1313767483242003e-19,,,,False,False,False
nowaysomebodytookthi,2,0.0,1,1,1,1,1.0,2.0,0.0,8.394910435486728e-05,1.0,0.0,0.0,False,False,False
noyx_,1,0.0,1,1,1,1,1.0,1.0,0.0,0.0018793116259451187,1.0,0.0,0.0,False,False,False
nubautist,1,0.0,0,1,0,1,0.0,1.0,0.0,-9.67178193937601e-20,,,,False,False,False
nuclearsunburn,1,0.0,0,1,0,1,0.0,1.0,0.0,1.8394583421035852e-19,,,,False,False,False
nuisible,1,0.0,0,1,0,1,0.0,1.0,0.0,7.202761391984179e-20,,,,False,False,False
nulian,2,0.0,0,2,0,2,0.0,2.0,0.0,-3.750662571033831e-21,,,,False,False,False
nullhotrox,3,0.0,0,3,0,3,0.0,3.0,0.0,1.008985676959348e-19,,,,False,False,False
nullus_fidus,2,0.0,0,2,0,2,0.0,2.0,0.0,-2.138056602343164e-19,,,,False,False,False
nunya0-0,6,0.0,7,5,7,5,8.0,6.0,0.002517141424666903,0.001057718453973391,8.0,0.0,0.0,True,False,True
nuraalek,1,0.0,1,1,1,1,1.0,1.0,4.747584262096747e-05,4.975375542865073e-19,1.0,0.0,0.0,False,False,False
nutcrackit,1,0.0,0,1,0,1,0.0,1.0,0.0,-6.929703512398606e-20,,,,False,False,False
nvaughan81,3,0.0,0,3,0,3,0.0,3.0,0.0,1.9934629600367293e-21,,,,False,False,False
nyackonyackonii,1,1.0,0,1,0,1,0.0,1.0,0.0,-5.949122589816886e-20,,,,False,False,False
nyakon,1,0.0,0,1,0,1,0.0,1.0,0.0,1.3283383026754114e-20,,,,False,False,False
nymsii,1,0.0,0,1,0,1,0.0,1.0,0.0,8.45490359245866e-21,,,,False,False,False
nyorliest,1,0.0,0,1,0,1,0.0,1.0,0.0,1.0879344393205968e-19,,,,False,False,False
nyx_antumbra,1,0.0,0,1,0,1,0.0,1.0,0.0,-2.0832342419382922e-19,,,,False,False,False
nyx_ilwynn,2,0.0,0,2,0,2,0.0,2.0,0.0,-3.5034449526221976e-20,,,,False,False,False
obayobean,1,0.0,0,1,0,1,0.0,1.0,0.0,9.713053324440662e-20,,,,False,False,False
oberonfirst,1,1.0,2,1,2,1,2.0,1.0,7.949879504045866e-05,4.656352582421649e-05,2.0,0.0,0.0,False,False,False
obeythemuffin,1,0.0,1,1,1,1,1.0,1.0,0.00012482158939490496,1.892699212661283e-09,1.0,0.0,0.0,False,False,False
obidiahwtfjerwalk,1,0.0,0,1,0,1,0.0,1.0,0.0,-1.0745252991157907e-19,,,,False,False,False
objective-error1223,6,0.0,16,5,16,5,16.0,6.0,0.0033001801440888405,0.009902872574685261,16.0,0.0,0.0,True,False,True
objective-mission-40,1,0.0,0,1,0,1,0.0,1.0,0.0,7.405743027104176e-20,,,,False,False,False
objective-neck-2063,2,0.0,2,2,2,2,2.0,2.0,0.0003538243466257177,3.535729356207106e-05,2.0,0.0,0.0,False,False,False
objective-speech4058,1,0.0,0,1,0,1,0.0,1.0,0.0,-4.727755649646864e-20,,,,False,False,False
obvioussavings2631,1,0.0,0,1,0,1,0.0,1.0,0.0,-1.880064581850447e-21,,,,False,False,False
oc34ne,1,0.0,1,1,1,1,1.0,1.0,0.0,7.665564323804379e-07,1.0,0.0,0.0,False,False,False
ockwords,1,0.0,0,1,0,1,0.0,1.0,0.0,-4.0165173247186144e-20,,,,False,False,False
ocronus,4,0.0,21,4,21,4,21.0,4.0,0.003415139548281257,0.0021467727798254576,21.0,0.0,0.0,True,False,True
odasto_,1,0.0,0,1,0,1,0.0,1.0,0.0,2.3777406375275714e-19,,,,False,False,False
odb281,2,0.0,1,1,1,1,1.0,2.0,0.0,6.442568962698709e-06,1.0,0.0,0.0,False,False,False
odd_cryptographer450,1,0.0,1,1,1,1,1.0,1.0,0.0,6.734974354018877e-20,1.0,0.0,0.0,False,False,False
oddhexbreaker,1,1.0,1,1,1,1,1.0,1.0,1.2385940531139866e-05,3.916009707065922e-05,1.0,0.0,0.0,False,False,False
oddtervt,1,0.0,0,1,0,1,0.0,1.0,0.0,1.101225378199228e-19,,,,False,False,False
ofcourseitsok,1,0.0,1,1,1,1,1.0,1.0,0.0009753861197669522,1.6961871710836211e-06,1.0,0.0,0.0,False,False,False
oftheatom,10,0.0,4,9,4,9,4.0,10.0,0.001200607629745229,6.289418026379257e-05,4.0,0.0,0.0,True,False,False
og_stodds13,1,0.0,0,1,0,1,0.0,1.0,0.0,2.8819187687582456e-20,,,,False,False,False
oglilptownfunk,1,0.0,5,1,5,1,5.0,1.0,0.0003917858730938589,3.7967949593035827e-07,5.0,0.0,0.0,True,False,False
oh-no-a-bear,1,0.0,1,1,1,1,1.0,1.0,0.0,3.592334715988756e-05,1.0,0.0,0.0,False,False,False
oh_hey_michelle,1,0.0,0,1,0,1,0.0,1.0,0.0,-6.312258288281449e-20,,,,False,False,False
ohajik98,1,0.0,0,1,0,1,0.0,1.0,0.0,-1.0541342490382632e-19,,,,False,False,False
ohcrocsle,2,0.0,0,2,0,2,0.0,2.0,0.0,1.302991540457373e-20,,,,False,False,False
ohmyke,1,0.0,0,1,0,1,0.0,1.0,0.0,-4.2635512983164076e-20,,,,False,False,False
ohwerk82,2,0.0,3,1,3,1,4.0,2.0,2.3204148278297477e-05,0.0001161332671483709,4.0,0.0,0.0,True,False,False
ok-association8751,1,0.0,0,1,0,1,0.0,1.0,0.0,-1.6686270350800252e-20,,,,False,False,False
ok-baby-3249,1,0.0,0,1,0,1,0.0,1.0,0.0,1.8797001452259814e-19,,,,False,False,False
ok-implement-2518,1,0.0,2,1,2,1,2.0,1.0,7.863078203316716e-06,0.0002988257620632313,2.0,0.0,0.0,False,False,False
ok-instance-2940,1,0.0,0,1,0,1,0.0,1.0,0.0,2.3784484962705704e-19,,,,False,False,False
ok-key5729,15,0.0,8,13,8,13,8.0,15.0,0.0029497933683251113,0.0025343284378897333,8.0,0.0,0.0,True,False,True
ok-lead126,1,0.0,0,1,0,1,0.0,1.0,0.0,-3.9774214902686376e-20,,,,False,False,False
ok-letterhead-8539,1,0.0,0,1,0,1,0.0,1.0,0.0,7.290467382357118e-20,,,,False,False,False
ok-level-8907,1,0.0,1,1,1,1,1.0,1.0,4.7416527176845654e-06,0.00027528629948142996,1.0,0.0,0.0,False,False,False
ok-masterpiece4983,2,0.0,1,2,1,2,1.0,2.0,1.3793826435040734e-07,8.420805672575733e-05,1.0,0.0,0.0,False,False,False
ok-necessary1396,1,0.0,0,1,0,1,0.0,1.0,0.0,-1.2940633140213163e-19,,,,False,False,False
ok-nerve6441,1,0.0,1,1,1,1,1.0,1.0,0.0,2.658438939016508e-05,1.0,0.0,0.0,False,False,False
ok-pop843,2,0.5,1,2,1,2,1.0,2.0,0.0003089040585908764,2.378196564195518e-07,1.0,0.0,0.0,False,False,False
ok-quantity7601,1,0.0,0,1,0,1,0.0,1.0,0.0,1.724722586326257e-19,,,,False,False,False
ok-revenue7000,1,0.0,0,1,0,1,0.0,1.0,0.0,-1.0678622638280693e-20,,,,False,False,False
ok-strain2948,1,0.0,0,1,0,1,0.0,1.0,0.0,4.0451190530023776e-20,,,,False,False,False
ok-till-3444,1,0.0,0,1,0,1,0.0,1.0,0.0,-1.8800721836410404e-19,,,,False,False,False
ok_ad_6626,1,0.0,0,1,0,1,0.0,1.0,0.0,-8.60884639044839e-20,,,,False,False,False
ok_butterscotch1449,3,0.3333333333333333,1,3,1,3,1.0,3.0,0.00031694299650320213,0.0008393120154007071,1.0,0.0,0.0,False,False,False
ok_collar5068,2,0.0,1,2,1,2,1.0,2.0,2.3799040827143367e-05,5.0538862934632925e-08,1.0,0.0,0.0,False,False,False
ok_conference7012,1,0.0,1,1,1,1,1.0,1.0,0.0,1.6779238942011823e-06,1.0,0.0,0.0,False,False,False
ok_ebb_9330,1,0.0,0,1,0,1,0.0,1.0,0.0,1.3798222568239668e-19,,,,False,False,False
ok_explorer9526,1,0.0,1,1,1,1,1.0,1.0,0.0,-2.423211507083517e-19,1.0,0.0,0.0,False,False,False
ok_fun2953,1,0.0,0,1,0,1,0.0,1.0,0.0,9.581796576498464e-21,,,,False,False,False
ok_head_6119,1,0.0,0,1,0,1,0.0,1.0,0.0,3.941988457547827e-20,,,,False,False,False
ok_money_3140,1,0.0,1,1,1,1,1.0,1.0,0.0,4.796043685788932e-06,1.0,0.0,0.0,False,False,False
ok_outside_4650,1,0.0,2,1,2,1,2.0,1.0,2.9647835780240806e-06,3.7766502050279117e-06,2.0,0.0,0.0,False,False,False
ok_river_88,1,0.0,0,1,0,1,0.0,1.0,0.0,-4.881527712774159e-20,,,,False,False,False
ok_seaworthiness7314,1,0.0,0,1,0,1,0.0,1.0,0.0,-1.9883079944081938e-20,,,,False,False,False
ok_second_3170,5,0.0,1,2,1,2,4.0,5.0,0.0015102434034735808,0.09344260543759524,4.0,0.0,0.0,False,False,False
ok_special1732,1,0.0,0,1,0,1,0.0,1.0,0.0,-6.648303338483704e-20,,,,False,False,False
ok_try_6377,4,0.0,3,4,3,4,3.0,4.0,9.744547248581943e-05,-1.0416645511287787e-18,3.0,0.0,0.0,True,False,False
ok_willingness3059,1,0.0,1,1,1,1,1.0,1.0,4.750092230539482e-05,8.179035981608888e-19,1.0,0.0,0.0,False,False,False
okdisplay5619,2,0.0,1,2,1,2,1.0,2.0,0.00015557710281834905,0.0018104914958801857,1.0,0.0,0.0,False,False,False
okkar4,2,0.0,0,1,0,1,0.0,2.0,0.0,2.419822813691784e-19,,,,False,False,False
okmongoose1487,1,0.0,0,1,0,1,0.0,1.0,0.0,-2.8304556666658553e-20,,,,False,False,False
okrussianmoney,1,0.0,0,1,0,1,0.0,1.0,0.0,2.533999286083543e-19,,,,False,False,False
oksupermarket3371,1,0.0,0,1,0,1,0.0,1.0,0.0,1.0142748086607458e-19,,,,False,False,False
oktackle7306,2,0.0,0,2,0,2,0.0,2.0,0.0,-2.773067878904466e-20,,,,False,False,False
old-entertainment844,1,1.0,0,1,0,1,0.0,1.0,0.0,1.5104158817310126e-20,,,,False,False,False
old_crow7450,1,0.0,0,1,0,1,0.0,1.0,0.0,5.272474414003089e-20,,,,False,False,False
old_engine_9592,1,0.0,0,1,0,1,0.0,1.0,0.0,1.2705392005907204e-19,,,,False,False,False
old_preparation9838,1,0.0,2,1,2,1,2.0,1.0,6.548588248042841e-05,-9.902249670545373e-19,2.0,0.0,0.0,False,False,False
old_resident8050,5,0.0,15,5,15,5,12.0,5.0,0.006594726378352966,0.09895468807216214,12.0,0.0,0.0,True,False,True
oldenfat,1,0.0,1,1,1,1,1.0,1.0,4.747584262096747e-05,-1.0949371556160286e-19,1.0,0.0,0.0,False,False,False
oldgromm,4,0.0,2,4,2,4,2.0,4.0,0.0006505997408643526,0.012932970991893873,2.0,0.0,0.0,False,False,False
oldtimernubbins,1,1.0,0,1,0,1,0.0,1.0,0.0,2.2353348305184275e-19,,,,False,False,False
olick,2,0.0,1,2,1,2,1.0,2.0,4.747584262096747e-05,2.3142910095081663e-20,1.0,0.0,0.0,False,False,False
oliferro,23,0.0434782608695652,11,16,11,16,18.0,23.0,0.007866448978643397,0.0023541072227112243,18.0,0.0,0.0,True,False,True
olivercrooks,3,0.0,1,3,1,3,1.0,3.0,4.747584262096747e-05,7.962813394408906e-19,1.0,0.0,0.0,False,False,False
olongjohnson1271,1,0.0,0,1,0,1,0.0,1.0,0.0,-1.4325195563424752e-19,,,,False,False,False
olvekstoneheid_2006,73,0.0,149,54,149,54,168.0,73.0,0.047682281877732345,0.6880648850258706,168.0,0.0,0.0,True,False,True
omfgitsbob,3,0.0,23,3,23,3,24.0,3.0,0.003428224132205452,0.000276056911032023,24.0,0.0,0.0,True,False,True
omgkthxby,1,0.0,4,1,4,1,4.0,1.0,0.00013601476202964279,0.0021742986532205235,4.0,0.0,0.0,True,False,False
omgowlo,5,0.0,0,5,0,5,0.0,5.0,0.0,1.4884653443078164e-21,,,,False,False,False
omnigear,5,0.0,2,3,2,3,4.0,5.0,0.00041489098080022224,0.0003458773654118183,4.0,0.0,0.0,False,False,False
one-cellist5032,2,0.0,4,1,4,1,4.0,2.0,0.0001425780059694665,1.1812947163000598e-18,4.0,0.0,0.0,True,False,False
one-independence136,1,0.0,0,1,0,1,0.0,1.0,0.0,-2.3926358809106e-19,,,,False,False,False
one-jury-6140,1,0.0,2,1,2,1,2.0,1.0,4.745076293654012e-05,0.0002552903036453994,2.0,0.0,0.0,False,False,False
one-mechanic6128,1,0.0,0,1,0,1,0.0,1.0,0.0,-1.8519237101924128e-19,,,,False,False,False
one_battle8749,2,0.0,2,2,2,2,2.0,2.0,9.502692429521696e-05,1.3804852246092208e-18,2.0,0.0,0.0,False,False,False
onebadger7469,3,0.3333333333333333,11,2,11,2,11.0,3.0,0.0004901083918736509,0.0010912342930352022,11.0,0.0,0.0,True,False,True
oneiropolos,1,0.0,0,1,0,1,0.0,1.0,0.0,2.9781828990180905e-21,,,,False,False,False
oneleggedmushroom,1,0.0,0,1,0,1,0.0,1.0,0.0,2.0266951391221043e-19,,,,False,False,False
onetimenancy,3,0.0,1,3,1,3,1.0,3.0,4.747584262096747e-05,2.2472450275818164e-19,1.0,0.0,0.0,False,False,False
onetrueczar,1,0.0,0,1,0,1,0.0,1.0,0.0,1.6073332319298148e-19,,,,False,False,False
onibachi,1,0.0,0,1,0,1,0.0,1.0,0.0,-7.027309391880757e-21,,,,False,False,False
onigokko0101,4,0.0,2,4,2,4,2.0,4.0,0.00032235082374701,8.253217176104635e-06,2.0,0.0,0.0,False,False,False
onilovi,1,0.0,0,1,0,1,0.0,1.0,0.0,-2.317050113826138e-20,,,,False,False,False
only_lion1452,2,0.0,1,2,1,2,1.0,2.0,4.750092230539482e-05,-1.7373423826117915e-19,1.0,0.0,0.0,False,False,False
onlygetbricks,2,0.0,1,2,1,2,1.0,2.0,4.7450762936540124e-05,5.036553411227569e-19,1.0,0.0,0.0,False,False,False
onlyr6s,2,0.0,6,2,6,2,6.0,2.0,3.1349605534183484e-07,-1.660542885080804e-18,6.0,0.0,0.0,True,False,False
onlytinglef,1,0.0,0,1,0,1,0.0,1.0,0.0,1.2382431041470476e-19,,,,False,False,False
onmius,1,0.0,0,1,0,1,0.0,1.0,0.0,-3.085139857781132e-19,,,,False,False,False
oogie_droogey,8,0.0,4,6,4,6,6.0,8.0,0.0007578912137997129,9.182533237126888e-06,6.0,0.0,0.0,True,False,True
ookitsu,1,0.0,0,1,0,1,0.0,1.0,0.0,1.261115970959175e-20,,,,False,False,False
oopsallsmites,1,0.0,0,1,0,1,0.0,1.0,0.0,-2.0628247255265758e-19,,,,False,False,False
oopsiedazy,1,0.0,1,1,1,1,1.0,1.0,0.0,1.5625647447467135e-07,1.0,0.0,0.0,False,False,False
open-possible-2189,1,0.0,0,1,0,1,0.0,1.0,0.0,-1.7647052670146725e-20,,,,False,False,False
openil,8,0.0,2,2,2,2,7.0,8.0,0.00017222219296259038,0.00034931302495969113,7.0,0.0,0.0,False,False,False
opening-current-6400,1,0.0,0,1,0,1,0.0,1.0,0.0,1.8509918844124665e-21,,,,False,False,False
opening_web1898,1,0.0,1,1,1,1,1.0,1.0,2.507968442734679e-08,-2.721208370227452e-19,1.0,0.0,0.0,False,False,False
opiatesmile,1,1.0,0,1,0,1,0.0,1.0,0.0,-1.629036421427639e-19,,,,False,False,False
opixer,1,0.0,0,1,0,1,0.0,1.0,0.0,-4.1764721645665453e-19,,,,False,False,False
optimal_living7230,1,1.0,0,1,0,1,0.0,1.0,0.0,-1.9330863707271106e-19,,,,False,False,False
optimized_laziness,1,0.0,0,1,0,1,0.0,1.0,0.0,3.7117799360669976e-19,,,,False,False,False
orange-murderer,1,0.0,0,1,0,1,0.0,1.0,0.0,-3.873655565297438e-21,,,,False,False,False
orchidlilee9,1,1.0,1,1,1,1,1.0,1.0,1.035810518051854e-05,6.352278923169932e-07,1.0,0.0,0.0,False,False,False
orcslayer31,1,0.0,1,1,1,1,1.0,1.0,0.0,2.411984389473889e-05,1.0,0.0,0.0,False,False,False
orcvader,1,0.0,1,1,1,1,1.0,1.0,0.0,0.09344260543759525,1.0,0.0,0.0,False,False,False
ordaz,1,0.0,0,1,0,1,0.0,1.0,0.0,6.09234335857681e-20,,,,False,False,False
ordinaryslimeguy,1,0.0,1,1,1,1,1.0,1.0,0.0,-8.721021386559907e-19,1.0,0.0,0.0,False,False,False
oreillyaddict,1,0.0,0,1,0,1,0.0,1.0,0.0,4.993201990703668e-19,,,,False,False,False
oreofro,11,0.0909090909090909,6,7,6,7,9.0,11.0,0.0016786501693149326,6.976645589480912e-05,9.0,0.0,0.0,True,False,True
orett_,3,0.0,28,3,28,3,29.0,3.0,0.005871417581164797,0.0028714873359413813,29.0,0.0,0.0,True,False,True
organic_bit3337,1,0.0,0,1,0,1,0.0,1.0,0.0,-1.7571611881856927e-19,,,,False,False,False
orgasmic_interlude,1,0.0,1,1,1,1,1.0,1.0,6.410068771958085e-06,-6.382697168289223e-19,1.0,0.0,0.0,False,False,False
oriondc,4,0.0,4,4,4,4,4.0,4.0,0.0007715871350958647,3.3771026985377073e-05,4.0,0.0,0.0,True,False,False
orisulker,2,0.0,0,2,0,2,0.0,2.0,0.0,-9.587434609551568e-20,,,,False,False,False
ornery-air-6968,1,0.0,0,1,0,1,0.0,1.0,0.0,-1.1721871472880193e-19,,,,False,False,False
ornery-dog6760,2,0.0,0,1,0,1,0.0,2.0,0.0,-7.518346290199217e-20,,,,False,False,False
orrockable,1,0.0,0,1,0,1,0.0,1.0,0.0,1.3346335113966118e-19,,,,False,False,False
oruniti,1,0.0,0,1,0,1,0.0,1.0,0.0,-7.220775462604689e-20,,,,False,False,False
osaft1989,1,0.0,0,1,0,1,0.0,1.0,0.0,-4.0353682063869335e-20,,,,False,False,False
oscarmanxz,1,0.0,6,1,6,1,6.0,1.0,2.507968442734679e-07,1.3927639436787442e-06,6.0,0.0,0.0,True,False,False
oscillatorvacillate,1,0.0,0,1,0,1,0.0,1.0,0.0,1.5858044378508928e-19,,,,False,False,False
osirisob,9,0.0,3,5,3,5,6.0,9.0,0.0004479006626244069,1.2515752837147373e-07,6.0,0.0,0.0,True,False,True
oskoskosk,5,0.0,2,1,2,1,6.0,5.0,4.742568325211278e-05,6.375746386170993e-05,6.0,0.0,0.0,False,False,False
ostepops1212,1,1.0,0,1,0,1,0.0,1.0,0.0,-1.325739788145015e-19,,,,False,False,False
otaconucf,2,0.0,0,2,0,2,0.0,2.0,0.0,3.107387722647585e-20,,,,False,False,False
otatormeps,1,0.0,2,1,2,1,2.0,1.0,9.49266055575076e-05,-9.190228666375897e-20,2.0,0.0,0.0,False,False,False
other-illustrator531,3,0.0,0,3,0,3,0.0,3.0,0.0,2.0199394495474353e-19,,,,False,False,False
other_force_9888,1,0.0,0,1,0,1,0.0,1.0,0.0,-2.1391609998947271e-19,,,,False,False,False
otheraccounthackedl,1,0.0,1,1,1,1,1.0,1.0,0.0,5.759119467841744e-19,1.0,0.0,0.0,False,False,False
otrew,1,0.0,0,1,0,1,0.0,1.0,0.0,6.076542547532779e-20,,,,False,False,False
ottawadeveloper,1,0.0,0,1,0,1,0.0,1.0,0.0,-1.467172935597149e-20,,,,False,False,False
ougaa,1,0.0,0,1,0,1,0.0,1.0,0.0,5.446673977548346e-20,,,,False,False,False
outie_fact_checker,3,0.3333333333333333,3,3,3,3,4.0,3.0,0.0005997460685143895,0.0001343203812806231,4.0,0.0,0.0,True,False,False
outlandishnesskey349,3,0.0,0,2,0,2,0.0,3.0,0.0,-8.082255424667325e-20,,,,False,False,False
outrageous-reach-852,1,0.0,0,1,0,1,0.0,1.0,0.0,-1.7550711589696307e-19,,,,False,False,False
over67,1,0.0,0,1,0,1,0.0,1.0,0.0,-2.070483753910479e-19,,,,False,False,False
overlo4d,1,0.0,0,1,0,1,0.0,1.0,0.0,-7.535769465760755e-20,,,,False,False,False
overthehamlimit,2,0.0,1,2,1,2,1.0,2.0,7.672863453893733e-07,2.5996792992538828e-19,1.0,0.0,0.0,False,False,False
overwatcher_leo,1,0.0,3,1,3,1,3.0,1.0,0.000244233750191649,0.0001482828654150351,3.0,0.0,0.0,True,False,False
ovrlrd1377,1,0.0,0,1,0,1,0.0,1.0,0.0,-5.345364181484547e-21,,,,False,False,False
ow1gu,1,0.0,0,1,0,1,0.0,1.0,0.0,-6.034367498255951e-20,,,,False,False,False
owlblack,2,0.0,2,1,2,1,2.0,1.0,0.00012487174876375966,0.001494963068617612,2.0,0.0,0.0,False,False,False
own-contribution-188,1,0.0,0,1,0,1,0.0,1.0,0.0,7.862751788016283e-20,,,,False,False,False
own_construction3376,1,0.0,0,1,0,1,0.0,1.0,0.0,8.588278460800852e-20,,,,False,False,False
owncommission8673,3,0.0,3,3,3,3,3.0,3.0,0.0003920748464267372,3.7214305779365e-07,3.0,0.0,0.0,True,False,False
owndownd,1,0.0,1,1,1,1,1.0,1.0,1.5047810656408074e-07,1.0810480757990251e-20,1.0,0.0,0.0,False,False,False
ownzye,3,0.0,1,1,1,1,2.0,2.0,0.0,7.551729502992248e-05,2.0,0.0,0.0,False,False,False
owoegano_evolved,3,0.0,3,3,3,3,3.0,3.0,0.00028505569320122357,1.5085062869164468e-18,3.0,0.0,0.0,True,False,False
oxyfire,2,0.0,1,2,1,2,1.0,2.0,1.893584777725375e-05,2.770372711684744e-20,1.0,0.0,0.0,False,False,False
oxyfool,1,0.0,0,1,0,1,0.0,1.0,0.0,-2.496588839901569e-19,,,,False,False,False
ozmega,1,0.0,0,1,0,1,0.0,1.0,0.0,-4.385174890539802e-21,,,,False,False,False
ozok123,3,0.0,3,3,3,3,2.0,3.0,0.00044733021849816196,3.445210474777467e-05,2.0,0.0,0.0,True,False,False
ozzel1138,1,0.0,0,1,0,1,0.0,1.0,0.0,1.4392443646140092e-19,,,,False,False,False
p4acem4ker94,1,0.0,0,1,0,1,0.0,1.0,0.0,8.435744076717584e-21,,,,False,False,False
p4nk-tp,1,0.0,0,1,0,1,0.0,1.0,0.0,1.7078619113582615e-19,,,,False,False,False
p_b_n_jealous,1,0.0,1,1,1,1,1.0,1.0,1.0031873770938715e-07,1.3390028648348122e-18,1.0,0.0,0.0,False,False,False
paah,13,0.0,5,12,5,12,6.0,13.0,0.003454600129514036,0.0009708271307902623,6.0,0.0,0.0,True,False,True
paceronikus,2,0.0,1,1,1,1,1.0,2.0,0.0,0.00022991166907729372,1.0,0.0,0.0,False,False,False
paddzr,1,0.0,1,1,1,1,1.0,1.0,0.0,0.0001580327582486123,1.0,0.0,0.0,False,False,False
padhiver-,1,0.0,0,1,0,1,0.0,1.0,0.0,-9.107679218644994e-20,,,,False,False,False
padimus,1,0.0,0,1,0,1,0.0,1.0,0.0,1.1551018006008558e-19,,,,False,False,False
padyak,1,0.0,1,1,1,1,1.0,1.0,0.0,9.97618295533589e-06,1.0,0.0,0.0,False,False,False
paidfire,1,0.0,0,1,0,1,0.0,1.0,0.0,-1.8995463880344142e-19,,,,False,False,False
painchaud213,1,0.0,0,1,0,1,0.0,1.0,0.0,-1.3925865362693704e-19,,,,False,False,False
painsubstantial5936,3,0.0,0,3,0,3,0.0,3.0,0.0,-1.0581402374844794e-19,,,,False,False,False
paket911,1,0.0,1,1,1,1,1.0,1.0,0.0,6.461409289367814e-06,1.0,0.0,0.0,False,False,False
pala_,1,0.0,0,1,0,1,0.0,1.0,0.0,-9.515246571391637e-20,,,,False,False,False
paladar2,1,0.0,0,1,0,1,0.0,1.0,0.0,-2.4670061475854073e-19,,,,False,False,False
pale_jackfruit_941,1,0.0,0,1,0,1,0.0,1.0,0.0,-9.160991409050294e-20,,,,False,False,False
paleojoe86,1,0.0,0,1,0,1,0.0,1.0,0.0,2.5983706735361927e-19,,,,False,False,False
paleontologistno8308,1,0.0,0,1,0,1,0.0,1.0,0.0,-3.1466961398952562e-19,,,,False,False,False
palladlum,1,0.0,0,1,0,1,0.0,1.0,0.0,1.306061346635688e-19,,,,False,False,False
palnecro1,1,0.0,0,1,0,1,0.0,1.0,0.0,-2.172613446933323e-19,,,,False,False,False
palpitationactive765,4,0.0,3,3,3,3,4.0,4.0,0.0003576406253051653,6.861767215158296e-06,4.0,0.0,0.0,True,False,False
palumtra,1,0.0,0,1,0,1,0.0,1.0,0.0,-5.2385788315408385e-20,,,,False,False,False
pan0phobik,1,0.0,0,1,0,1,0.0,1.0,0.0,-7.485960592027709e-20,,,,False,False,False
pan151,1,0.0,1,1,1,1,1.0,1.0,0.0,7.448900709127342e-07,1.0,0.0,0.0,False,False,False
panadeshkor,1,0.0,0,1,0,1,0.0,1.0,0.0,-9.10207559919467e-21,,,,False,False,False
pancauldenassuack,3,0.0,6,2,6,2,7.0,3.0,0.00044514837545368797,0.0002758175435843021,7.0,0.0,0.0,True,False,True
pandalishus,1,0.0,0,1,0,1,0.0,1.0,0.0,1.371518222676723e-19,,,,False,False,False
pandaman_dag,1,0.0,0,1,0,1,0.0,1.0,0.0,9.480916959935764e-20,,,,False,False,False
pandapat123,1,0.0,0,1,0,1,0.0,1.0,0.0,-2.898576555375305e-20,,,,False,False,False
pandastrafe,1,0.0,0,1,0,1,0.0,1.0,0.0,-7.802366463338867e-20,,,,False,False,False
pandeyxo,26,0.0384615384615384,11,19,11,19,18.0,26.0,0.006703118721421025,0.016521046056282355,18.0,0.0,0.0,True,False,True
pandycandies,1,0.0,7,1,7,1,7.0,1.0,0.0003300708972167953,0.10642679499647026,7.0,0.0,0.0,True,False,False
panicforce,1,0.0,1,1,1,1,1.0,1.0,0.0,6.965368712744882e-05,1.0,0.0,0.0,False,False,False
panlakes,1,0.0,1,1,1,1,1.0,1.0,5.015936885469358e-08,-1.2779138302656221e-20,1.0,0.0,0.0,False,False,False
pano98,1,0.0,1,1,1,1,1.0,1.0,4.747584262096747e-05,6.148668863441632e-20,1.0,0.0,0.0,False,False,False
panoramicpanda,1,0.0,0,1,0,1,0.0,1.0,0.0,8.565743388362242e-20,,,,False,False,False
pantrokator-bezsens,1,0.0,0,1,0,1,0.0,1.0,0.0,6.872130944721268e-20,,,,False,False,False
pantsyman,1,0.0,1,1,1,1,1.0,1.0,0.0,2.53748573793605e-18,1.0,0.0,0.0,False,False,False
papa_beanz,2,0.0,2,1,2,1,3.0,2.0,6.939714145631517e-05,0.013745845471861778,3.0,0.0,0.0,False,False,False
papagamasjr,2,0.0,1,2,1,2,1.0,2.0,4.747584262096747e-05,-1.6765088889402525e-19,1.0,0.0,0.0,False,False,False
papakahn94,9,0.0,1,8,1,8,3.0,9.0,0.0005802330029289521,2.2139943226709384e-05,3.0,0.0,0.0,False,False,False
papamock,1,0.0,0,1,0,1,0.0,1.0,0.0,8.293192782376848e-20,,,,False,False,False
papanak94,1,0.0,1,1,1,1,1.0,1.0,1.2977921029947267e-06,5.684383574005592e-11,1.0,0.0,0.0,False,False,False
papapatchesxd,1,0.0,0,1,0,1,0.0,1.0,0.0,-5.664348433309087e-20,,,,False,False,False
papermoonskies,2,0.0,1,2,1,2,1.0,2.0,3.0494092935151728e-06,5.684383643445916e-11,1.0,0.0,0.0,False,False,False
papierheart,1,0.0,0,1,0,1,0.0,1.0,0.0,4.79804920868891e-20,,,,False,False,False
paradiselost91,2,0.0,2,2,2,2,2.0,2.0,4.756362151646319e-05,4.154572394320975e-19,2.0,0.0,0.0,False,False,False
paragon_73,1,0.0,2,1,2,1,2.0,1.0,0.00029099125864270225,0.0011550592885866836,2.0,0.0,0.0,False,False,False
paragonx1989,9,0.1111111111111111,12,6,12,6,17.0,9.0,0.0030038980136447954,0.002894524204541985,17.0,0.0,0.0,True,False,True
parallax-,1,0.0,0,1,0,1,0.0,1.0,0.0,-6.494216681404445e-22,,,,False,False,False
parking-froyo-303,2,0.0,1,2,1,2,1.0,2.0,4.747584262096747e-05,1.292303042893242e-18,1.0,0.0,0.0,False,False,False
parking_tip5577,11,0.0,5,8,5,8,5.0,11.0,0.006239965367360097,0.0010680228005610591,5.0,0.0,0.0,True,False,True
parkwayy,1,0.0,0,1,0,1,0.0,1.0,0.0,-9.313042337922152e-20,,,,False,False,False
parryhisparry,1,0.0,0,1,0,1,0.0,1.0,0.0,-2.5698416659403278e-20,,,,False,False,False
parthorax,1,0.0,0,1,0,1,0.0,1.0,0.0,3.9991783107691684e-20,,,,False,False,False
particular_survey648,2,0.0,1,2,1,2,1.0,2.0,3.506975872423993e-07,-3.156324941602044e-19,1.0,0.0,0.0,False,False,False
party_cantaloupe_822,2,0.0,1,1,1,1,1.0,2.0,0.0,0.00011857937689319735,1.0,0.0,0.0,False,False,False
pastsolid,2,0.0,4,2,4,2,4.0,2.0,0.0011416581900479835,1.4245749704761955e-05,4.0,0.0,0.0,True,False,False
patheticgroundthing,1,0.0,1,1,1,1,1.0,1.0,0.00012479650971047762,5.362981264589555e-07,1.0,0.0,0.0,False,False,False
patriaslo92,1,0.0,0,1,0,1,0.0,1.0,0.0,-1.9224766455009098e-19,,,,False,False,False
patrick66,4,0.25,2,3,2,3,2.0,3.0,0.0004763264767815134,1.2867013339157974e-06,2.0,0.0,0.0,False,False,False
patroclious4,2,0.0,1,2,1,2,1.0,2.0,4.747584262096747e-05,3.2001341699706054e-19,1.0,0.0,0.0,False,False,False
pauczan,1,0.0,2,1,2,1,2.0,1.0,9.605901302293665e-05,4.1706867847902537e-19,2.0,0.0,0.0,False,False,False
pavedorunseen,1,0.0,0,1,0,1,0.0,1.0,0.0,2.3711068425922545e-20,,,,False,False,False
paymeinsteak,2,0.5,0,2,0,2,0.0,2.0,0.0,1.5553343834639246e-19,,,,False,False,False
pc7437,1,0.0,1,1,1,1,1.0,1.0,4.75510816742495e-05,1.4223310508988476e-19,1.0,0.0,0.0,False,False,False
peach774,2,0.0,1,2,1,2,1.0,2.0,2.507968442734679e-08,5.005880734497321e-19,1.0,0.0,0.0,False,False,False
peak_flaky,1,0.0,0,1,0,1,0.0,1.0,0.0,3.3350046074903117e-21,,,,False,False,False
pecimpo,3,0.0,2,2,2,2,3.0,3.0,0.00013063177600077466,6.167775222088465e-05,3.0,0.0,0.0,False,False,False
peeposmilelol,1,0.0,0,1,0,1,0.0,1.0,0.0,-3.231500382891027e-20,,,,False,False,False
peerlesspixie,1,0.0,6,1,6,1,6.0,1.0,0.0009420589379839765,0.006192886094681913,6.0,0.0,0.0,True,False,True
peetzaguy,3,0.0,1,3,1,3,1.0,3.0,0.00013847528894542913,1.9507480037186696e-05,1.0,0.0,0.0,False,False,False
pefii,1,0.0,0,1,0,1,0.0,1.0,0.0,1.0065999268495198e-19,,,,False,False,False
pegussu,1,0.0,0,1,0,1,0.0,1.0,0.0,6.535431730204873e-20,,,,False,False,False
peimai,1,0.0,0,1,0,1,0.0,1.0,0.0,-1.310886046703325e-19,,,,False,False,False
peliss,3,0.0,7,3,7,3,7.0,3.0,0.0035543019451248167,0.000545216607207549,7.0,0.0,0.0,True,False,True
pendragon_puma,3,0.0,2,3,2,3,2.0,3.0,0.0002865207074401596,0.0007806115815095766,2.0,0.0,0.0,False,False,False
penguinsomnia,4,0.0,0,4,0,4,0.0,4.0,0.0,-1.2154740405127776e-19,,,,False,False,False
pepentakill,3,0.3333333333333333,2,2,2,2,2.0,2.0,0.00037860646719142376,2.507925085776589e-06,2.0,0.0,0.0,False,False,False
percentageless6648,1,0.0,0,1,0,1,0.0,1.0,0.0,3.2823952240796725e-19,,,,False,False,False
peregrine2976,5,0.2,7,4,7,4,7.0,5.0,0.0020947346474033453,0.000787660084809839,7.0,0.0,0.0,True,True,True
perendia,1,0.0,0,1,0,1,0.0,1.0,0.0,5.63852518818511e-20,,,,False,False,False
perfect-external609,1,0.0,0,1,0,1,0.0,1.0,0.0,1.0557686795666989e-19,,,,False,False,False
perfect_cake8678,1,0.0,0,1,0,1,0.0,1.0,0.0,4.0753672496992594e-19,,,,False,False,False
perhizzle,2,0.0,1,2,1,2,1.0,2.0,6.01912426256323e-07,-2.3836183090569304e-19,1.0,0.0,0.0,False,False,False
periwinkleditor,5,0.0,1,5,1,5,1.0,5.0,2.4129303719130502e-05,-3.8592044437942585e-19,1.0,0.0,0.0,False,False,False
perodis,3,0.0,2,3,2,3,3.0,3.0,0.0003788702757708103,3.949032745756243e-06,3.0,0.0,0.0,False,False,False
persimmonok5097,5,0.0,0,5,0,5,0.0,5.0,0.0,-8.376975974927925e-21,,,,False,False,False
persistentworld,3,0.3333333333333333,1,3,1,3,1.0,3.0,0.00027064470537170647,6.914769060134673e-07,1.0,0.0,0.0,False,False,False
personal-answer-4703,2,0.0,1,2,1,2,1.0,2.0,0.0,-1.6535305395509673e-18,1.0,0.0,0.0,False,False,False
personal-army-9493,1,0.0,2,1,2,1,2.0,1.0,2.507968442734679e-08,-8.949841002854947e-19,2.0,0.0,0.0,False,False,False
pet_cheetah_,1,0.0,0,1,0,1,0.0,1.0,0.0,-3.5258365273529455e-19,,,,False,False,False
pete_pa,1,0.0,0,1,0,1,0.0,1.0,0.0,1.7110306631448413e-19,,,,False,False,False
petimr,1,0.0,0,1,0,1,0.0,1.0,0.0,1.5647421825815522e-21,,,,False,False,False
pfshfine,1,0.0,0,1,0,1,0.0,1.0,0.0,-1.2030940426675592e-19,,,,False,False,False
phalanx22,2,0.0,1,2,1,2,1.0,2.0,0.00016429477185460198,0.0001318431132074651,1.0,0.0,0.0,False,False,False
phalanx976,1,0.0,1,1,1,1,1.0,1.0,0.0,-8.380652207296844e-19,1.0,0.0,0.0,False,False,False
phantasmal-lore420,5,0.2,4,4,4,4,6.0,5.0,0.0008952296820121604,0.00046016658499143314,6.0,0.0,0.0,True,True,True
phazmoooooooon,1,0.0,0,1,0,1,0.0,1.0,0.0,-1.0504276534904923e-19,,,,False,False,False
phenogenesis-,1,0.0,1,1,1,1,1.0,1.0,4.7475842620967475e-05,-8.259796780653932e-21,1.0,0.0,0.0,False,False,False
philgraves75,1,0.0,120,1,120,1,120.0,1.0,0.004720232875751933,0.04617119131045983,120.0,0.0,0.0,True,False,True
philhartlessman,1,0.0,0,1,0,1,0.0,1.0,0.0,2.4497156241486143e-20,,,,False,False,False
philistine_hick,1,0.0,0,1,0,1,0.0,1.0,0.0,2.668918386324088e-22,,,,False,False,False
phillydilly87,1,0.0,0,1,0,1,0.0,1.0,0.0,1.0042015019746082e-19,,,,False,False,False
phillylegrand,2,0.0,0,2,0,2,0.0,2.0,0.0,6.158447820892242e-20,,,,False,False,False
philopino,1,0.0,0,1,0,1,0.0,1.0,0.0,1.6234563312974448e-19,,,,False,False,False
philosophyforone,1,0.0,0,1,0,1,0.0,1.0,0.0,-5.2080322728473067e-20,,,,False,False,False
phlooo,1,0.0,0,1,0,1,0.0,1.0,0.0,-2.0352282552533577e-19,,,,False,False,False
phoenixform369,1,0.0,0,1,0,1,0.0,1.0,0.0,2.882647607060578e-19,,,,False,False,False
phoenixsrage73,1,0.0,0,1,0,1,0.0,1.0,0.0,1.2941258388836865e-19,,,,False,False,False
phonebeneficial3387,1,0.0,0,1,0,1,0.0,1.0,0.0,2.484203622143508e-19,,,,False,False,False
phonylady,1,0.0,1,1,1,1,1.0,1.0,0.00012479650971047762,2.3262197221885466e-06,1.0,0.0,0.0,False,False,False
phototropic-,1,0.0,1,1,1,1,1.0,1.0,0.00012853923461651867,4.067140223896504e-07,1.0,0.0,0.0,False,False,False
phpnoworkwell,1,0.0,0,1,0,1,0.0,1.0,0.0,2.372402682482208e-21,,,,False,False,False
phtevus,1,0.0,0,1,0,1,0.0,1.0,0.0,3.8603231555051523e-19,,,,False,False,False
physical-box-1119,1,0.0,1,1,1,1,1.0,1.0,2.507968442734679e-08,7.835614460115309e-19,1.0,0.0,0.0,False,False,False
physical-hospital282,5,0.0,1,4,1,4,2.0,5.0,9.50633495511709e-06,0.0006326120107848641,2.0,0.0,0.0,False,False,False
pianoceo,1,0.0,4,1,4,1,4.0,1.0,0.00023140771110234998,1.2470333087306843e-06,4.0,0.0,0.0,True,False,False
picard2331,3,0.0,2,2,2,2,3.0,3.0,0.00015952266066923841,2.0066688523499717e-18,3.0,0.0,0.0,False,False,False
pieland1,1,0.0,0,1,0,1,0.0,1.0,0.0,1.4780102191373258e-19,,,,False,False,False
piercingheavens,1,0.0,0,1,0,1,0.0,1.0,0.0,1.496656701845516e-19,,,,False,False,False
pikassamaop,1,0.0,1,1,1,1,1.0,1.0,0.0,1.189965657843694e-05,1.0,0.0,0.0,False,False,False
pikkuhukka,4,0.0,1,3,1,3,2.0,4.0,2.9678993351565984e-05,4.156687974307718e-05,2.0,0.0,0.0,False,False,False
pillarob,3,1.0,1,1,1,1,2.0,3.0,0.0,3.406284169995199e-05,2.0,0.0,0.0,False,False,False
pimpestplayer,1,0.0,1,1,1,1,1.0,1.0,0.0,8.023264382490576e-20,1.0,0.0,0.0,False,False,False
pipboy_warrior,3,0.0,1,3,1,3,2.0,3.0,0.0001587322190804457,7.409235575099143e-07,2.0,0.0,0.0,False,False,False
pirate-4-eternity,1,0.0,0,1,0,1,0.0,1.0,0.0,1.2263958106791162e-20,,,,False,False,False
pirateshepherd,1,0.0,0,1,0,1,0.0,1.0,0.0,-4.6317119046442917e-20,,,,False,False,False
pixelatednomad,2,0.0,0,2,0,2,0.0,2.0,0.0,5.695267629530348e-20,,,,False,False,False
pixelpaint64,1,0.0,2,1,2,1,2.0,1.0,0.00012539842213673394,1.370807729057105e-07,2.0,0.0,0.0,False,False,False
pizzaday,1,0.0,1,1,1,1,1.0,1.0,0.0,1.1208751015424196e-18,1.0,0.0,0.0,False,False,False
plackoz,1,0.0,0,1,0,1,0.0,1.0,0.0,-6.438685667576868e-20,,,,False,False,False
plagve_gaming,1,0.0,0,1,0,1,0.0,1.0,0.0,-1.1818635808243086e-20,,,,False,False,False
plaincow,1,0.0,0,1,0,1,0.0,1.0,0.0,-1.1021911272175218e-21,,,,False,False,False
plainswalker75,5,0.0,1,4,1,4,1.0,5.0,2.0847099542258732e-05,-7.410132219885897e-19,1.0,0.0,0.0,False,False,False
plams_unlimited,2,0.0,4,2,4,2,4.0,2.0,0.0002043783691097623,0.00043229850615066393,4.0,0.0,0.0,True,False,False
plane_winter,1,0.0,0,1,0,1,0.0,1.0,0.0,-2.6511738062609433e-19,,,,False,False,False
planteater65,1,0.0,0,1,0,1,0.0,1.0,0.0,2.5371745305491e-19,,,,False,False,False
plasticangle,1,0.0,0,1,0,1,0.0,1.0,0.0,-1.45109886068407e-19,,,,False,False,False
plasticcontinent,4,0.0,2,2,2,2,5.0,4.0,1.0031873770938715e-07,1.4753943402037506e-19,5.0,0.0,0.0,False,False,False
playfultrip4800,1,0.0,0,1,0,1,0.0,1.0,0.0,5.307721952955088e-20,,,,False,False,False
pleasebechillonline,1,0.0,0,1,0,1,0.0,1.0,0.0,-7.705583455678457e-20,,,,False,False,False
pleaserecharge,1,0.0,0,1,0,1,0.0,1.0,0.0,-1.4482489167624255e-19,,,,False,False,False
pleasure0102,1,0.0,1,1,1,1,1.0,1.0,0.0,-1.0225062458604874e-18,1.0,0.0,0.0,False,False,False
plebplebberson,3,0.0,1,3,1,3,1.0,3.0,4.747584262096747e-05,-8.336242799429234e-22,1.0,0.0,0.0,False,False,False
plethorum,17,0.0588235294117647,5,16,5,16,6.0,17.0,0.004498550669311552,0.0002687330609075876,6.0,0.0,0.0,True,False,True
plips44,2,0.0,0,2,0,2,0.0,2.0,0.0,3.695688804670758e-20,,,,False,False,False
plumbsmasher,6,0.3333333333333333,4,2,4,2,7.0,6.0,0.00019147621239983198,0.00011065692727380001,7.0,0.0,0.0,True,False,False
plus_professor4451,1,0.0,1,1,1,1,1.0,1.0,4.747584262096747e-05,6.450619805806992e-19,1.0,0.0,0.0,False,False,False
plus_singer_6565,11,0.0,5,8,5,8,8.0,11.0,0.004077302475550299,0.013838316384460082,8.0,0.0,0.0,True,False,True
plusiminusi,1,0.0,0,1,0,1,0.0,1.0,0.0,1.0623769926010358e-20,,,,False,False,False
pm_feet_pls_ty,6,0.1666666666666666,1,6,1,6,2.0,6.0,1.8179767159713698e-05,-1.4395387737200067e-19,2.0,0.0,0.0,False,False,False
pm_plz_im_lonely,5,0.0,1,5,1,5,1.0,5.0,0.0008258992950335827,0.0002753834039640901,1.0,0.0,0.0,False,False,False
pm_your__bubble_butt,1,0.0,1,1,1,1,1.0,1.0,0.00136295012627137,0.00038996214454590833,1.0,0.0,0.0,False,False,False
pneis1,1,0.0,0,1,0,1,0.0,1.0,0.0,-1.7618985864386494e-19,,,,False,False,False
pneumaddict,3,0.0,1,3,1,3,1.0,3.0,1.7106274821099246e-05,5.5355150059022605e-19,1.0,0.0,0.0,False,False,False
pockydo,2,0.0,0,2,0,2,0.0,2.0,0.0,-4.8578636539742744e-20,,,,False,False,False
pogsimusmaximus,2,0.0,1,1,1,1,1.0,2.0,0.0,1.9710364632293417e-05,1.0,0.0,0.0,False,False,False
pohoferceni,1,1.0,1,1,1,1,1.0,1.0,0.0,-9.424626638036835e-19,1.0,0.0,0.0,False,False,False
poison_cat_,1,0.0,0,1,0,1,0.0,1.0,0.0,3.8397433128369e-20,,,,False,False,False
pokemaster1337roxxor,1,0.0,1,1,1,1,1.0,1.0,0.0,1.0705716385754444e-05,1.0,0.0,0.0,False,False,False
pommes1991,2,0.0,2,2,2,2,2.0,2.0,5.2337878728653824e-05,3.761032993976973e-19,2.0,0.0,0.0,False,False,False
pontificatus_maximus,1,0.0,0,1,0,1,0.0,1.0,0.0,-1.4227472215583536e-19,,,,False,False,False
ponweiponfarr,2,0.0,1,1,1,1,1.0,2.0,0.0,0.0002882339244161896,1.0,0.0,0.0,False,False,False
poopdoot,2,0.0,0,2,0,2,0.0,2.0,0.0,2.533883994540934e-20,,,,False,False,False
poopoodomo,1,0.0,0,1,0,1,0.0,1.0,0.0,3.9543798343987997e-20,,,,False,False,False
poopoopooyttgv,1,0.0,1,1,1,1,1.0,1.0,4.747584262096747e-05,8.4047823778859e-20,1.0,0.0,0.0,False,False,False
poopypantsmcbuttface,1,0.0,0,1,0,1,0.0,1.0,0.0,-6.723788527589879e-20,,,,False,False,False
popikaify,7,0.0,5,6,5,6,7.0,7.0,0.0007830068586341336,3.3774343814594314e-08,7.0,0.0,0.0,True,False,True
poptartdragonfart,2,0.0,2,2,2,2,2.0,2.0,0.0005330924239824971,6.104513615462127e-06,2.0,0.0,0.0,False,False,False
popular-box-7893,1,0.0,1,1,1,1,1.0,1.0,0.0,7.649167275805246e-07,1.0,0.0,0.0,False,False,False
porn_alt_987654321,2,0.0,0,2,0,2,0.0,2.0,0.0,-7.175321345415861e-20,,,,False,False,False
portgasdaceofbase,1,0.0,1,1,1,1,1.0,1.0,0.0,5.446397733851328e-19,1.0,0.0,0.0,False,False,False
positive_suit960,1,0.0,0,1,0,1,0.0,1.0,0.0,-9.965576137955106e-20,,,,False,False,False
possibilityno6940,1,0.0,0,1,0,1,0.0,1.0,0.0,2.36863097041125e-20,,,,False,False,False
possible_chemistry_9,2,0.0,1,2,1,2,1.0,2.0,4.747584262096747e-05,5.214605723403359e-20,1.0,0.0,0.0,False,False,False
posturechecknow,1,1.0,0,1,0,1,0.0,1.0,0.0,-6.029100305464818e-20,,,,False,False,False
potato_fortress,17,0.0,6,9,6,9,14.0,17.0,0.00428541886688831,0.00017760653760195793,14.0,0.0,0.0,True,False,True
potatovelrobur,2,0.0,0,2,0,2,0.0,2.0,0.0,2.3821622609912444e-21,,,,False,False,False
potential_baseball_2,1,0.0,0,1,0,1,0.0,1.0,0.0,-8.32884993352069e-20,,,,False,False,False
potential_effect_874,1,0.0,0,1,0,1,0.0,1.0,0.0,2.956485293267093e-20,,,,False,False,False
potential_layer7777,1,1.0,0,1,0,1,0.0,1.0,0.0,-1.043204889481236e-19,,,,False,False,False
potsandpandas,1,0.0,0,1,0,1,0.0,1.0,0.0,1.1434138746569812e-19,,,,False,False,False
poulx,1,0.0,0,1,0,1,0.0,1.0,0.0,-8.38285454625139e-20,,,,False,False,False
powerful_equipment84,1,0.0,11,1,11,1,11.0,1.0,0.0006270914499813223,1.0299342698199546e-06,11.0,0.0,0.0,True,False,True
powerofmind_,2,0.0,1,2,1,2,1.0,2.0,4.747584262096747e-05,7.704667434668918e-19,1.0,0.0,0.0,False,False,False
pozhinat,1,0.0,0,1,0,1,0.0,1.0,0.0,-4.868673584096787e-21,,,,False,False,False
poziomka35,4,0.0,3,4,3,4,3.0,4.0,0.0022668081594204924,0.0021529725159351205,3.0,0.0,0.0,True,False,False
ppppppppp1231,1,0.0,0,1,0,1,0.0,1.0,0.0,-2.06630127060153e-20,,,,False,False,False
pr0t3ct0rr,1,0.0,0,1,0,1,0.0,1.0,0.0,1.492587544899127e-20,,,,False,False,False
practical-skirt-2457,2,0.0,0,2,0,2,0.0,2.0,0.0,-7.817563191947151e-20,,,,False,False,False
practical-smell5495,1,0.0,0,1,0,1,0.0,1.0,0.0,2.446329936436657e-19,,,,False,False,False
praelior,1,0.0,0,1,0,1,0.0,1.0,0.0,-3.784628094334427e-20,,,,False,False,False
pralineglittering997,1,0.0,0,1,0,1,0.0,1.0,0.0,-4.190962568035397e-21,,,,False,False,False
prancingpapio,1,0.0,0,1,0,1,0.0,1.0,0.0,-3.838538835021808e-20,,,,False,False,False
praporuniversity,2,0.0,1,2,1,2,1.0,2.0,2.3804860182491013e-05,1.1966568017677596e-06,1.0,0.0,0.0,False,False,False
present_finance5219,2,0.0,0,2,0,2,0.0,2.0,0.0,4.1555628123394674e-22,,,,False,False,False
pressureno5130,1,0.0,0,1,0,1,0.0,1.0,0.0,1.574191020553143e-19,,,,False,False,False
prestigiousemu16,1,0.0,1,1,1,1,1.0,1.0,9.303846360133449e-06,5.961381445981967e-19,1.0,0.0,0.0,False,False,False
pretend-newspaper-86,1,0.0,0,1,0,1,0.0,1.0,0.0,1.9450397257260858e-21,,,,False,False,False
pretend_purchase_893,1,0.0,0,1,0,1,0.0,1.0,0.0,2.114742854612344e-19,,,,False,False,False
prettybluedress89,1,0.0,0,1,0,1,0.0,1.0,0.0,8.749117108191104e-20,,,,False,False,False
prezjesus,1,0.0,0,1,0,1,0.0,1.0,0.0,-3.8964377205350986e-20,,,,False,False,False
primedb29,3,0.0,4,3,4,3,4.0,3.0,0.002558947048307374,0.014651059826848889,4.0,0.0,0.0,True,False,False
primordial-pineapple,2,0.0,84,2,84,2,84.0,2.0,0.00813765725093509,0.005294860949233267,84.0,0.0,0.0,True,False,True
princewinter,2,0.0,8,2,8,2,8.0,2.0,0.0003763877486036206,0.00013542842159278287,8.0,0.0,0.0,True,False,False
printing88,1,0.0,0,1,0,1,0.0,1.0,0.0,-3.197448184775554e-21,,,,False,False,False
prinz_morbo,1,0.0,0,1,0,1,0.0,1.0,0.0,2.07363260434791e-20,,,,False,False,False
prior-cow959,1,0.0,0,1,0,1,0.0,1.0,0.0,-1.385553241291138e-20,,,,False,False,False
priorityheavy,1,0.0,0,1,0,1,0.0,1.0,0.0,3.6914202752069464e-20,,,,False,False,False
prize_priority1818,1,1.0,0,1,0,1,0.0,1.0,0.0,-1.6148446222700322e-19,,,,False,False,False
probablymythiuz,2,0.0,0,2,0,2,0.0,2.0,0.0,1.6777198445052083e-19,,,,False,False,False
professional-cow7702,1,0.0,0,1,0,1,0.0,1.0,0.0,3.912993231852513e-20,,,,False,False,False
professional-ebb6711,2,0.0,0,2,0,2,0.0,2.0,0.0,-4.295781441555922e-21,,,,False,False,False
professionallazy8181,1,0.0,0,1,0,1,0.0,1.0,0.0,-5.407850549277103e-20,,,,False,False,False
professorjay,1,0.0,0,1,0,1,0.0,1.0,0.0,-1.0504784675098258e-20,,,,False,False,False
professorrev,2,0.0,0,2,0,2,0.0,2.0,0.0,7.033310092328688e-20,,,,False,False,False
profitinternal427,1,1.0,1,1,1,1,1.0,1.0,1.035810518051854e-05,6.352278923166149e-07,1.0,0.0,0.0,False,False,False
profmap,2,0.0,0,2,0,2,0.0,2.0,0.0,1.0738901630056804e-20,,,,False,False,False
prolapsedassholeear,2,0.0,0,2,0,2,0.0,2.0,0.0,-4.815743976330475e-20,,,,False,False,False
prometheo567,1,0.0,0,1,0,1,0.0,1.0,0.0,4.992757268662865e-21,,,,False,False,False
proostgaming,2,0.0,0,1,0,1,0.0,1.0,0.0,-5.775830715588365e-22,,,,False,False,False
prot34n,1,0.0,1,1,1,1,1.0,1.0,4.747584262096747e-05,1.9380405809288824e-20,1.0,0.0,0.0,False,False,False
prototype_09,2,0.0,3,1,3,1,3.0,2.0,8.151574192277015e-05,0.0006656992217829431,3.0,0.0,0.0,True,False,False
proud_purchase_8394,1,0.0,0,1,0,1,0.0,1.0,0.0,3.5533146276604965e-20,,,,False,False,False
proudnoob4393,1,0.0,0,1,0,1,0.0,1.0,0.0,7.251500197376054e-21,,,,False,False,False
proxyttv,1,0.0,1,1,1,1,1.0,1.0,0.0,-3.1751698636788697e-18,1.0,0.0,0.0,False,False,False
prtidobeesmrtigee,2,0.0,0,2,0,2,0.0,2.0,0.0,1.9353497444416452e-20,,,,False,False,False
prudent_active_2052,2,0.0,0,2,0,2,0.0,2.0,0.0,1.6982859235941556e-19,,,,False,False,False
psa_lilsouth,2,0.0,9,2,9,2,11.0,2.0,0.0008342400959066307,0.01687285464370347,11.0,0.0,0.0,True,False,True
psyavaig,2,0.0,5,2,5,2,5.0,2.0,0.0005404799334527128,0.0004265040110399781,5.0,0.0,0.0,True,False,True
psychachi,1,0.0,0,1,0,1,0.0,1.0,0.0,1.2106672698699617e-19,,,,False,False,False
psychedelic_stingray,1,0.0,0,1,0,1,0.0,1.0,0.0,1.091052533689413e-19,,,,False,False,False
psychedelicduck,1,0.0,2,1,2,1,2.0,1.0,6.08617013175898e-05,0.0004787511507289625,2.0,0.0,0.0,False,False,False
psychological-part1,1,0.0,0,1,0,1,0.0,1.0,0.0,2.3071046674312556e-20,,,,False,False,False
psychosomat1x,1,0.0,0,1,0,1,0.0,1.0,0.0,2.1442229151471096e-19,,,,False,False,False
psyckosis1,1,0.0,0,1,0,1,0.0,1.0,0.0,-6.02982411865514e-20,,,,False,False,False
psyexaile,1,0.0,1,1,1,1,1.0,1.0,0.0,1.905560682191962e-19,1.0,0.0,0.0,False,False,False
psytech,1,0.0,0,1,0,1,0.0,1.0,0.0,1.520444669076537e-19,,,,False,False,False
puaka,1,0.0,0,1,0,1,0.0,1.0,0.0,-5.378771755848499e-20,,,,False,False,False
public_fire_hazard,1,0.0,1,1,1,1,1.0,1.0,0.0,2.74940115964719e-19,1.0,0.0,0.0,False,False,False
public_gift_7279,2,0.0,0,2,0,2,0.0,2.0,0.0,1.5497842244267934e-20,,,,False,False,False
public_opinion2723,1,0.0,4,1,4,1,5.0,1.0,0.00012492190813261436,4.74398744751785e-05,5.0,0.0,0.0,True,False,False
publicconstruction95,2,0.0,1,2,1,2,1.0,2.0,5.015936885469358e-08,1.2819986442828363e-19,1.0,0.0,0.0,False,False,False
puddingzestyclose12,1,0.0,0,1,0,1,0.0,1.0,0.0,-6.983024874398298e-20,,,,False,False,False
puertofreakin85,1,0.0,0,1,0,1,0.0,1.0,0.0,-1.681187859826201e-20,,,,False,False,False
puffic,2,0.0,2,2,2,2,2.0,2.0,0.00013911596453164077,5.357441403191688e-06,2.0,0.0,0.0,False,False,False
punsnotincluded,2,0.0,1,2,1,2,1.0,2.0,0.0008843375465593331,0.00026624305105987984,1.0,0.0,0.0,False,False,False
pupmaster,11,0.0909090909090909,4,11,4,11,4.0,11.0,0.0007042121503026694,2.4394958094170693e-06,4.0,0.0,0.0,True,False,False
puppy_in_huggies,2,0.5,0,2,0,2,0.0,2.0,0.0,2.2479936899547106e-20,,,,False,False,False
purifiedflubber,1,0.0,0,1,0,1,0.0,1.0,0.0,7.507411871542076e-20,,,,False,False,False
puritano-selvagem,1,0.0,1,1,1,1,1.0,1.0,7.009403410869971e-05,1.438177021728125e-18,1.0,0.0,0.0,False,False,False
purple-phone9,1,0.0,0,1,0,1,0.0,1.0,0.0,-3.817100468726938e-20,,,,False,False,False
purple_kathryn,1,0.0,0,1,0,1,0.0,1.0,0.0,8.123207085649306e-20,,,,False,False,False
purpletieflingbard,1,0.0,1,1,1,1,1.0,1.0,4.7526001989822165e-05,-2.1060497441562891e-19,1.0,0.0,0.0,False,False,False
pusclfer,1,0.0,0,1,0,1,0.0,1.0,0.0,-1.4029971093964303e-19,,,,False,False,False
puzzled-addition5740,13,0.0769230769230769,2,13,2,13,2.0,13.0,0.0013182101514395918,1.393689590581109e-08,2.0,0.0,0.0,False,False,False
puzzled-field-8912,1,0.0,0,1,0,1,0.0,1.0,0.0,2.399416260617128e-19,,,,False,False,False
puzzleheaded-tea3341,5,0.0,1,5,1,5,1.0,5.0,4.750092230539482e-05,-9.974510489993257e-19,1.0,0.0,0.0,False,False,False
puzzleheaded_ad5580,1,0.0,0,1,0,1,0.0,1.0,0.0,-2.725308070307055e-20,,,,False,False,False
puzzleheaded_tap2328,5,0.0,2,5,2,5,2.0,5.0,0.000254312572800681,0.0018236398393933451,2.0,0.0,0.0,False,False,False
puzzleheadedjob4413,1,0.0,0,1,0,1,0.0,1.0,0.0,1.117014416687863e-19,,,,False,False,False
pyconcux,1,0.0,0,1,0,1,0.0,1.0,0.0,-1.860342667386822e-19,,,,False,False,False
pyromike16,1,0.0,0,1,0,1,0.0,1.0,0.0,-2.3467565543242457e-19,,,,False,False,False
pyrospade,2,0.0,1,2,1,2,1.0,2.0,0.0,4.8774525824271024e-06,1.0,0.0,0.0,False,False,False
qruxxurq,7,0.1428571428571428,1,4,1,4,1.0,7.0,0.00012482158939490496,7.551729502992191e-05,1.0,0.0,0.0,False,False,False
qtfsniper,1,0.0,0,1,0,1,0.0,1.0,0.0,2.7994234362010294e-19,,,,False,False,False
quaalyst,3,0.0,1,1,1,1,2.0,3.0,0.0,0.0003428706519108594,2.0,0.0,0.0,False,False,False
quaestiodraconis,4,0.0,1,3,1,3,2.0,4.0,0.0009560646093491281,3.3797293820409404e-05,2.0,0.0,0.0,False,False,False
qualazabinga,1,0.0,0,1,0,1,0.0,1.0,0.0,-9.963005824085491e-20,,,,False,False,False
quantumlettuce2025,1,0.0,0,1,0,1,0.0,1.0,0.0,-1.202720690570386e-19,,,,False,False,False
quarterdollarking,4,0.0,1,3,1,3,1.0,4.0,0.0007075860585323853,0.0006491032041415942,1.0,0.0,0.0,False,False,False
quazetsu,1,0.0,0,1,0,1,0.0,1.0,0.0,-1.7844605436698278e-19,,,,False,False,False
queasy_initiative666,3,0.3333333333333333,1,3,1,3,1.0,3.0,4.755108167424951e-05,-2.518848741458e-19,1.0,0.0,0.0,False,False,False
queencuntpunt,2,0.0,3,2,3,2,3.0,2.0,0.0008837423922257191,0.00047875115072896357,3.0,0.0,0.0,True,False,False
quick_cat_3538,1,0.0,0,1,0,1,0.0,1.0,0.0,-1.2689740628264722e-19,,,,False,False,False
quickgooglesearch,1,0.0,0,1,0,1,0.0,1.0,0.0,-9.084269790252359e-20,,,,False,False,False
quiet-mechanic4424,2,0.0,1,2,1,2,1.0,2.0,8.562307495530565e-05,0.09344260543759525,1.0,0.0,0.0,False,False,False
quiet_warthog5088,14,0.0714285714285714,5,5,5,5,17.0,14.0,0.00043017568912022994,0.00010854346032960479,17.0,0.0,0.0,True,False,False
quietandalonenow,8,0.0,4,7,4,7,4.0,8.0,0.0010116500465894964,0.0002974972760525629,4.0,0.0,0.0,True,False,False
quietlocomotion,2,0.5,0,2,0,2,0.0,2.0,0.0,1.4428847485388477e-19,,,,False,False,False
quikfox3a,1,0.0,0,1,0,1,0.0,1.0,0.0,2.682118374884966e-21,,,,False,False,False
quillnsofa,1,0.0,0,1,0,1,0.0,1.0,0.0,-8.25804602210118e-20,,,,False,False,False
quinpon64337_x,1,0.0,0,1,0,1,0.0,1.0,0.0,-7.847658547823249e-20,,,,False,False,False
quintex78,1,0.0,0,1,0,1,0.0,1.0,0.0,-2.378228985213504e-19,,,,False,False,False
quinzal,1,0.0,1,1,1,1,1.0,1.0,0.0,-4.568347649842804e-19,1.0,0.0,0.0,False,False,False
quiver_and_quill,1,0.0,0,1,0,1,0.0,1.0,0.0,-3.252797147374198e-20,,,,False,False,False
quiveringfear,2,0.0,0,2,0,2,0.0,2.0,0.0,-2.7786948817224385e-20,,,,False,False,False
quizzicalwombat,1,0.0,0,1,0,1,0.0,1.0,0.0,-2.5056296427449792e-21,,,,False,False,False
qwaai,1,0.0,0,1,0,1,0.0,1.0,0.0,2.936100305987761e-20,,,,False,False,False
qwertlol,1,0.0,0,1,0,1,0.0,1.0,0.0,-4.778044603111898e-20,,,,False,False,False
r3al_se4l,2,0.0,1,1,1,1,1.0,2.0,0.0,2.7442086758554005e-06,1.0,0.0,0.0,False,False,False
raccooncreekburgers,1,0.0,0,1,0,1,0.0,1.0,0.0,-2.4762097897263444e-20,,,,False,False,False
raccoonjoy,2,0.0,0,2,0,2,0.0,2.0,0.0,-6.137709492151763e-21,,,,False,False,False
race-hearse,2,0.0,2,2,2,2,2.0,2.0,5.015936885469358e-07,-5.601483179579531e-19,2.0,0.0,0.0,False,False,False
racecaroon,1,0.0,0,1,0,1,0.0,1.0,0.0,8.391306471713657e-20,,,,False,False,False
raddragonfang,1,0.0,0,1,0,1,0.0,1.0,0.0,-2.6914378340847296e-20,,,,False,False,False
radiant_melon,1,0.0,0,1,0,1,0.0,1.0,0.0,-6.67336444709496e-20,,,,False,False,False
radiatedlockz,1,0.0,0,1,0,1,0.0,1.0,0.0,-7.935352201391183e-20,,,,False,False,False
radiobottom,1,0.0,1,1,1,1,1.0,1.0,2.507968442734679e-08,1.014136165968542e-18,1.0,0.0,0.0,False,False,False
radioimh,1,0.0,0,1,0,1,0.0,1.0,0.0,-1.2460592130231736e-19,,,,False,False,False
radius8887,2,0.0,0,2,0,2,0.0,2.0,0.0,4.229708204097072e-19,,,,False,False,False
raefwolfe,3,0.0,2,3,2,3,2.0,3.0,0.0001819036749519625,0.00029749260314778823,2.0,0.0,0.0,False,False,False
raffus_daffus_baffus,1,0.0,0,1,0,1,0.0,1.0,0.0,-1.8784143643577804e-20,,,,False,False,False
rafii2198,1,0.0,0,1,0,1,0.0,1.0,0.0,-1.6439256407940643e-20,,,,False,False,False
ragebojoo,2,0.0,1,1,1,1,2.0,2.0,0.0,0.0018104914958801859,2.0,0.0,0.0,False,False,False
ragna677,1,0.0,0,1,0,1,0.0,1.0,0.0,1.6913453931321032e-19,,,,False,False,False
ragnorr,1,0.0,1,1,1,1,1.0,1.0,0.0,0.0002702670341856757,1.0,0.0,0.0,False,False,False
raicoron2,1,0.0,1,1,1,1,1.0,1.0,0.0,0.0003428706519108543,1.0,0.0,0.0,False,False,False
raidernation47,1,0.0,0,1,0,1,0.0,1.0,0.0,2.3837136684024405e-20,,,,False,False,False
raidguy,1,0.0,0,1,0,1,0.0,1.0,0.0,1.553400011121516e-19,,,,False,False,False
raidriar889,1,0.0,0,1,0,1,0.0,1.0,0.0,-9.931034483479911e-20,,,,False,False,False
railander,2,0.0,1,2,1,2,1.0,2.0,4.747584262096747e-05,9.744551493190383e-19,1.0,0.0,0.0,False,False,False
raimand,1,0.0,0,1,0,1,0.0,1.0,0.0,-9.496452945470201e-20,,,,False,False,False
rainbowmc,1,0.0,1,1,1,1,1.0,1.0,0.0,0.0018104914958801876,1.0,0.0,0.0,False,False,False
rainfall7711,1,0.0,0,1,0,1,0.0,1.0,0.0,2.872434780730372e-19,,,,False,False,False
raistrasz,1,0.0,1,1,1,1,1.0,1.0,4.7475842620967475e-05,1.0087400161159943e-19,1.0,0.0,0.0,False,False,False
raji_lev,1,0.0,0,1,0,1,0.0,1.0,0.0,-5.792504495479388e-20,,,,False,False,False
rakshasaranja,1,0.0,0,1,0,1,0.0,1.0,0.0,-1.8645314634657643e-19,,,,False,False,False
raltararianrhod,1,0.0,0,1,0,1,0.0,1.0,0.0,3.0680320119900016e-20,,,,False,False,False
ramm,1,0.0,0,1,0,1,0.0,1.0,0.0,2.9074433799257296e-20,,,,False,False,False
random_guy_12345,1,0.0,1,1,1,1,1.0,1.0,7.691636360858354e-05,1.747403881206553e-07,1.0,0.0,0.0,False,False,False
randomfleshprison,11,0.0,4,2,4,2,12.0,11.0,0.0003569622686864039,2.2275647109840816e-05,12.0,0.0,0.0,True,False,False
randomgenname1234,5,0.0,3,4,3,4,4.0,5.0,0.0004502305484943011,2.045585745993078e-06,4.0,0.0,0.0,True,False,False
randominternetfren,1,0.0,0,1,0,1,0.0,1.0,0.0,-2.0863553388045146e-20,,,,False,False,False
randyclive,3,0.0,0,3,0,3,0.0,3.0,0.0,4.5513681873283667e-20,,,,False,False,False
rangersfan121,5,0.4,5,3,5,3,8.0,5.0,0.0023291953749520976,0.001812864398114124,8.0,0.0,0.0,True,True,True
raoasidg,8,0.0,5,8,5,8,5.0,8.0,0.005384811155899875,0.004184747014399597,5.0,0.0,0.0,True,False,True
raphers,3,0.0,10,2,10,2,10.0,3.0,0.0004971889545185496,0.012951820750921548,10.0,0.0,0.0,True,False,True
rappy28,5,0.0,2,5,2,5,2.0,5.0,0.0001416605718210492,9.547975200404435e-20,2.0,0.0,0.0,False,False,False
rarazan,1,0.0,0,1,0,1,0.0,1.0,0.0,3.680807568174556e-19,,,,False,False,False
rastaba,1,0.0,2,1,2,1,2.0,1.0,1.719899344564813e-05,3.218479481216094e-07,2.0,0.0,0.0,False,False,False
ratedrkno,1,0.0,0,1,0,1,0.0,1.0,0.0,5.635300572957939e-20,,,,False,False,False
ravenangel42,4,0.25,7,3,7,3,8.0,3.0,0.0008529962826531396,0.0009918411669530714,8.0,0.0,0.0,True,False,True
ravinsild,2,0.0,1,2,1,2,1.0,2.0,4.747584262096747e-05,2.2898435105554217e-19,1.0,0.0,0.0,False,False,False
rawgu_,1,0.0,0,1,0,1,0.0,1.0,0.0,9.8902293867507e-21,,,,False,False,False
raynedrop98,7,0.1428571428571428,3,3,3,3,6.0,7.0,0.00036167402410770003,2.3018441135966805e-05,6.0,0.0,0.0,True,False,False
rayzorrel,1,0.0,0,1,0,1,0.0,1.0,0.0,9.250030997556218e-21,,,,False,False,False
razael89,1,0.0,0,1,0,1,0.0,1.0,0.0,2.0035799767352444e-19,,,,False,False,False
razekdpp,10,0.1,3,10,3,10,3.0,10.0,0.0025972417861242275,1.7129125394114005e-05,3.0,0.0,0.0,True,False,False
razermane08,1,0.0,0,1,0,1,0.0,1.0,0.0,-8.766189039409086e-20,,,,False,False,False
raziers,1,0.0,1,1,1,1,1.0,1.0,0.0,5.275340299313476e-06,1.0,0.0,0.0,False,False,False
razorwipe,3,0.0,3,3,3,3,5.0,3.0,0.0018499587348514536,0.002343271598356103,5.0,0.0,0.0,True,False,True
razoul05,1,0.0,2,1,2,1,2.0,1.0,0.00019000368922157928,-1.342860744214991e-19,2.0,0.0,0.0,False,False,False
razzia1993,1,0.0,0,1,0,1,0.0,1.0,0.0,2.0035751382523695e-20,,,,False,False,False
rbabarberbarbar,1,0.0,0,1,0,1,0.0,1.0,0.0,-1.0964090698767514e-20,,,,False,False,False
rcoop020,5,0.0,3,4,3,4,6.0,5.0,0.0005317523230851844,7.07463688986363e-06,6.0,0.0,0.0,True,False,True
rdtsc,1,0.0,0,1,0,1,0.0,1.0,0.0,7.686067366348311e-20,,,,False,False,False
ready-possibility374,3,0.0,2,3,2,3,2.0,3.0,0.0005753227224666106,1.849508853039399e-05,2.0,0.0,0.0,False,False,False
real-emotion1874,1,0.0,6,1,6,1,7.0,1.0,0.0004629301120979307,0.00011404171544695644,7.0,0.0,0.0,True,False,True
real_solution,1,0.0,2,1,2,1,2.0,1.0,0.00012719265317733577,-1.051726813019929e-18,2.0,0.0,0.0,False,False,False
realduckytv,2,0.0,0,2,0,2,0.0,2.0,0.0,-2.4613658827527636e-19,,,,False,False,False
realistic-put-7535,1,1.0,0,1,0,1,0.0,1.0,0.0,-1.7191307227958804e-19,,,,False,False,False
realistic_equal9975,1,0.0,0,1,0,1,0.0,1.0,0.0,1.555028023374913e-19,,,,False,False,False
realnathael,1,0.0,0,1,0,1,0.0,1.0,0.0,2.7723988106388643e-19,,,,False,False,False
reanimated_nerd,3,0.0,3,2,3,2,4.0,3.0,0.000895799412627115,0.09523261192434321,4.0,0.0,0.0,True,False,False
reasonable-weekend99,1,0.0,2,1,2,1,2.0,1.0,9.495168524193494e-05,-1.8017213135156894e-19,2.0,0.0,0.0,False,False,False
reasonable_camp944,6,0.0,4,5,4,5,4.0,6.0,0.0025256592781894554,0.0006214140273139306,4.0,0.0,0.0,True,False,False
reasonable_driver129,1,0.0,0,1,0,1,0.0,1.0,0.0,8.646710854766451e-20,,,,False,False,False
reasonable_home8186,1,0.0,0,1,0,1,0.0,1.0,0.0,-1.545503619276277e-19,,,,False,False,False
reasonable_sky9688,4,0.0,1,3,1,3,1.0,4.0,0.0021517252450540536,0.0008326775178419294,1.0,0.0,0.0,False,False,False
reasonablepositive,5,0.0,1,3,1,3,2.0,5.0,0.00041841515310720405,9.25071518335911e-06,2.0,0.0,0.0,False,False,False
reavershadow,1,0.0,0,1,0,1,0.0,1.0,0.0,-2.8578350803540706e-19,,,,False,False,False
reborn_rhubarb,1,0.0,1,1,1,1,1.0,1.0,3.321456371064492e-05,0.0002552903036453994,1.0,0.0,0.0,False,False,False
reckert47,1,0.0,0,1,0,1,0.0,1.0,0.0,1.0309852612579825e-19,,,,False,False,False
rectoryofwolves-,1,0.0,0,1,0,1,0.0,1.0,0.0,-1.8425793923920529e-19,,,,False,False,False
red-pillz,1,0.0,0,1,0,1,0.0,1.0,0.0,8.860198320268702e-20,,,,False,False,False
red_cactus,1,0.0,0,1,0,1,0.0,1.0,0.0,-9.159930747529372e-21,,,,False,False,False
red_coats,1,0.0,0,1,0,1,0.0,1.0,0.0,8.712151684115224e-20,,,,False,False,False
red_scar321,1,0.0,0,1,0,1,0.0,1.0,0.0,1.0068514856451645e-20,,,,False,False,False
redantisocial,1,0.0,0,1,0,1,0.0,1.0,0.0,1.8793942066593904e-19,,,,False,False,False
reddawnrises,1,0.0,0,1,0,1,0.0,1.0,0.0,1.1918446169947593e-19,,,,False,False,False
reddit_isbullsheet,2,0.0,2,2,2,2,2.0,2.0,0.00013785426731208718,4.268264430709605e-05,2.0,0.0,0.0,False,False,False
redditmodsharassus,1,0.0,0,1,0,1,0.0,1.0,0.0,5.2684849679625757e-20,,,,False,False,False
reddituser46853,1,0.0,0,1,0,1,0.0,1.0,0.0,5.180110400278823e-22,,,,False,False,False
redeclipse47,1,0.0,0,1,0,1,0.0,1.0,0.0,1.266664405649218e-19,,,,False,False,False
redgrave_soda,1,0.0,0,1,0,1,0.0,1.0,0.0,-2.609148607190096e-19,,,,False,False,False
redrixen83,11,0.0,3,7,3,7,4.0,11.0,0.0016166224813849023,0.008277619168995803,4.0,0.0,0.0,True,False,False
redshirt007,1,0.0,0,1,0,1,0.0,1.0,0.0,1.871866184601938e-20,,,,False,False,False
redspectraltiger,4,0.5,2,2,2,2,2.0,3.0,0.0003855843653239932,1.5778428738660802e-05,2.0,0.0,0.0,False,False,False
redsquirrelgeneral22,2,0.0,0,2,0,2,0.0,2.0,0.0,-1.3261663263273261e-20,,,,False,False,False
redtantor,1,0.0,1,1,1,1,1.0,1.0,1.5860544569133934e-06,7.311290570004653e-07,1.0,0.0,0.0,False,False,False
redtherobot,4,0.0,8,4,8,4,8.0,4.0,0.0026656246516514387,0.007981274842875119,8.0,0.0,0.0,True,False,True
reead,1,0.0,1,1,1,1,1.0,1.0,0.0,0.0005412111450712948,1.0,0.0,0.0,False,False,False
reelyreid,1,0.0,0,1,0,1,0.0,1.0,0.0,3.1178227784993105e-19,,,,False,False,False
references_paramore,1,0.0,1,1,1,1,1.0,1.0,0.0,-1.3590249420749386e-18,1.0,0.0,0.0,False,False,False
reflexoflove,2,0.0,1,1,1,1,1.0,2.0,0.0,-5.383684801281955e-19,1.0,0.0,0.0,False,False,False
reganstoen,1,,1,1,1,1,0.0,0.0,0.0,0.001810491495880187,0.0,0.0,,False,False,False
regular-ad8290,1,0.0,0,1,0,1,0.0,1.0,0.0,1.5809937775798526e-19,,,,False,False,False
regular_tonight_389,1,0.0,4,1,4,1,4.0,1.0,0.0004421205686109593,5.092555383405011e-06,4.0,0.0,0.0,True,False,False
reicehh,1,0.0,0,1,0,1,0.0,1.0,0.0,-3.646782230014428e-20,,,,False,False,False
reimmi,3,0.0,2,3,2,3,2.0,3.0,0.0006055252052348558,0.009051709683896963,2.0,0.0,0.0,False,False,False
reivers,1,0.0,0,1,0,1,0.0,1.0,0.0,-1.1513157336561887e-21,,,,False,False,False
relative-age-3096,1,0.0,0,1,0,1,0.0,1.0,0.0,-3.4485076475416013e-19,,,,False,False,False
relativeyouth,2,0.0,1,2,1,2,1.0,2.0,1.1952369605723726e-06,-2.4182607963698047e-19,1.0,0.0,0.0,False,False,False
relevant-syrup9328,1,0.0,0,1,0,1,0.0,1.0,0.0,4.877050971737975e-19,,,,False,False,False
reliquent,1,0.0,1,1,1,1,1.0,1.0,0.0,8.376142992440162e-06,1.0,0.0,0.0,False,False,False
relnor,8,0.25,2,8,2,8,2.0,8.0,0.0006063012458867845,5.3836708446561205e-06,2.0,0.0,0.0,False,True,False
remarkable_ring3613,1,0.0,0,1,0,1,0.0,1.0,0.0,1.1548800553665829e-20,,,,False,False,False
remarkable_spare5704,1,0.0,0,1,0,1,0.0,1.0,0.0,1.0341794910194907e-19,,,,False,False,False
remillard,1,1.0,0,1,0,1,0.0,1.0,0.0,-2.5808172633400952e-19,,,,False,False,False
reminiscenceof2020,1,0.0,0,1,0,1,0.0,1.0,0.0,5.666176544479685e-20,,,,False,False,False
remtonjdulyak,1,1.0,4,1,4,1,4.0,1.0,0.0004174074031787245,1.9294176251229203e-05,4.0,0.0,0.0,True,False,False
renokotheshaman,2,0.0,0,2,0,2,0.0,2.0,0.0,-1.0888279853039584e-20,,,,False,False,False
reporterforduty,1,1.0,0,1,0,1,0.0,1.0,0.0,-1.3556530325010142e-19,,,,False,False,False
repulsive-camel1533,2,0.0,2,2,2,2,3.0,2.0,0.00010218661161385236,-3.890954802233355e-19,3.0,0.0,0.0,False,False,False
repulsive-owl7952,1,0.0,0,1,0,1,0.0,1.0,0.0,-5.509747819426136e-20,,,,False,False,False
repulsive_golf_409,8,0.0,3,6,3,6,5.0,8.0,0.0011243052157133805,8.080836526249368e-05,5.0,0.0,0.0,True,False,True
repulsivethrowaway,2,0.0,2,1,2,1,4.0,2.0,2.647467482696627e-05,0.0020264643795888347,4.0,0.0,0.0,False,False,False
requient_,1,0.0,0,1,0,1,0.0,1.0,0.0,-2.3897002602732483e-20,,,,False,False,False
requirementsea4776,1,0.0,0,1,0,1,0.0,1.0,0.0,2.4177388220788086e-19,,,,False,False,False
rerollwarlock,2,0.0,0,2,0,2,0.0,2.0,0.0,-1.3691705854674088e-20,,,,False,False,False
resident-elephant234,1,0.0,1,1,1,1,1.0,1.0,0.0,0.0004121182641571352,1.0,0.0,0.0,False,False,False
residentwaifu,5,0.0,10,5,10,5,13.0,5.0,0.001399966785892448,4.410600298377781e-05,13.0,0.0,0.0,True,False,True
resies,7,0.0,2,3,2,3,4.0,7.0,0.00024817100537228437,0.0018104914958801894,4.0,0.0,0.0,False,False,False
resilientkeystone,2,0.0,0,2,0,2,0.0,2.0,0.0,-1.5955024915151923e-20,,,,False,False,False
responsible_gur5163,2,0.0,0,2,0,2,0.0,2.0,0.0,6.418227103592186e-20,,,,False,False,False
responsible_wish3895,1,0.0,1,1,1,1,1.0,1.0,4.747584262096747e-05,-3.9175289859173137e-20,1.0,0.0,0.0,False,False,False
restaurantturbulent7,2,0.0,0,2,0,2,0.0,2.0,0.0,-7.503736417530548e-20,,,,False,False,False
retro1989,2,0.0,1,2,1,2,1.0,2.0,4.747584262096746e-05,6.021764502110035e-19,1.0,0.0,0.0,False,False,False
revengepies,1,0.0,0,1,0,1,0.0,1.0,0.0,-2.5701814457738914e-19,,,,False,False,False
revilation,1,0.0,0,1,0,1,0.0,1.0,0.0,-7.41419641222323e-20,,,,False,False,False
reworked,1,0.0,0,1,0,1,0.0,1.0,0.0,-4.9515584018790444e-20,,,,False,False,False
rguch14,1,0.0,0,1,0,1,0.0,1.0,0.0,-2.504193659112677e-19,,,,False,False,False
rhaerc,1,0.0,1,1,1,1,1.0,1.0,4.747584262096746e-05,3.28769046854421e-20,1.0,0.0,0.0,False,False,False
rhao0,1,0.0,0,1,0,1,0.0,1.0,0.0,6.455971041402437e-20,,,,False,False,False
rhea_33,1,0.0,1,1,1,1,1.0,1.0,4.742568325211278e-05,2.570378900076942e-10,1.0,0.0,0.0,False,False,False
rhobodactylos,1,0.0,0,1,0,1,0.0,1.0,0.0,2.3332740235716238e-20,,,,False,False,False
rhymesaying,1,1.0,0,1,0,1,0.0,1.0,0.0,-7.900053812921727e-20,,,,False,False,False
rhynotaken,1,0.0,0,1,0,1,0.0,1.0,0.0,-9.683670180238401e-20,,,,False,False,False
riablo01,1,0.0,0,1,0,1,0.0,1.0,0.0,3.9003417316255334e-20,,,,False,False,False
riario,2,0.0,1,1,1,1,2.0,2.0,0.0,8.394910435485987e-05,2.0,0.0,0.0,False,False,False
ribaldforurpleasure,1,0.0,0,1,0,1,0.0,1.0,0.0,-2.339964273125206e-19,,,,False,False,False
richtech80,1,0.0,0,1,0,1,0.0,1.0,0.0,-1.464731446956686e-21,,,,False,False,False
riddleofthesphynx,1,0.0,0,1,0,1,0.0,1.0,0.0,-5.827208321379719e-20,,,,False,False,False
right-scientist9357,1,0.0,0,1,0,1,0.0,1.0,0.0,2.9237162679712685e-19,,,,False,False,False
riipley92,1,0.0,0,1,0,1,0.0,1.0,0.0,-6.245262533567867e-20,,,,False,False,False
rinnteresting,1,0.0,0,1,0,1,0.0,1.0,0.0,-4.844594646888773e-20,,,,False,False,False
riot_wolfe,1,0.0,1,1,1,1,1.0,1.0,7.921000331637027e-06,7.695112091884079e-19,1.0,0.0,0.0,False,False,False
risenkhira,1,0.0,0,1,0,1,0.0,1.0,0.0,-2.179992905937711e-19,,,,False,False,False
rith_reddit,2,0.0,0,2,0,2,0.0,2.0,0.0,-2.1326805423816045e-19,,,,False,False,False
ritualmedia,1,0.0,0,1,0,1,0.0,1.0,0.0,1.993238498280453e-20,,,,False,False,False
rivazinho,1,1.0,1,1,1,1,1.0,1.0,0.0,0.0003980042165896134,1.0,0.0,0.0,False,False,False
rixkst3r,1,0.0,1,1,1,1,1.0,1.0,4.750092230539481e-05,5.961757318106301e-19,1.0,0.0,0.0,False,False,False
rizto,1,0.0,0,1,0,1,0.0,1.0,0.0,-1.6764294230369786e-19,,,,False,False,False
rjeffeg,1,1.0,0,1,0,1,0.0,1.0,0.0,3.8628471752412926e-21,,,,False,False,False
rjskill3ts21,2,0.0,4,2,4,2,4.0,2.0,0.0001324398647261459,5.478631232896248e-05,4.0,0.0,0.0,True,False,False
rjstaples,2,0.0,1,1,1,1,1.0,2.0,0.0,0.00034287065191085635,1.0,0.0,0.0,False,False,False
rlyskiz,1,0.0,2,1,2,1,2.0,1.0,4.923398821285882e-05,7.933766106200331e-19,2.0,0.0,0.0,False,False,False
roamingfox,1,0.0,0,1,0,1,0.0,1.0,0.0,-2.7678557966207913e-19,,,,False,False,False
robcraftdotca,1,0.0,0,1,0,1,0.0,1.0,0.0,-1.6594441769329677e-20,,,,False,False,False
robert_pawney_junior,1,0.0,0,1,0,1,0.0,1.0,0.0,-1.4867685855327744e-19,,,,False,False,False
robertus_,1,0.0,0,1,0,1,0.0,1.0,0.0,-4.132969759351978e-20,,,,False,False,False
robglobgubob,1,0.0,0,1,0,1,0.0,1.0,0.0,3.00494565032071e-19,,,,False,False,False
robhui,1,0.0,0,1,0,1,0.0,1.0,0.0,-1.3523170705646655e-19,,,,False,False,False
robinx395,1,0.0,0,1,0,1,0.0,1.0,0.0,1.60346829823061e-21,,,,False,False,False
rockernaap,1,0.0,0,1,0,1,0.0,1.0,0.0,1.5831747163832824e-19,,,,False,False,False
rocketeer_99,1,0.0,0,1,0,1,0.0,1.0,0.0,4.082311363464225e-21,,,,False,False,False
rockshow88,1,0.0,0,1,0,1,0.0,1.0,0.0,-1.223348966529229e-19,,,,False,False,False
rocteruen,1,0.0,2,1,2,1,2.0,1.0,4.7450762936540124e-05,1.1400702471214159e-05,2.0,0.0,0.0,False,False,False
roerchen,2,0.0,1,2,1,2,1.0,2.0,7.682743329577234e-07,7.41737950954287e-07,1.0,0.0,0.0,False,False,False
roflmahwafflz,1,0.0,0,1,0,1,0.0,1.0,0.0,4.249356613712045e-21,,,,False,False,False
roflskippy,1,0.0,0,1,0,1,0.0,1.0,0.0,5.0176621002805604e-20,,,,False,False,False
rogueeyebrow,2,0.0,1,2,1,2,1.0,2.0,4.747584262096747e-05,1.1713095357990678e-18,1.0,0.0,0.0,False,False,False
roguewolf812,1,0.0,0,1,0,1,0.0,1.0,0.0,-1.278952729142978e-19,,,,False,False,False
rogueyng,1,0.0,0,1,0,1,0.0,1.0,0.0,-3.6964428492543636e-20,,,,False,False,False
rokhian,1,1.0,0,1,0,1,0.0,1.0,0.0,2.5356126262457636e-19,,,,False,False,False
rolled64,1,0.0,0,1,0,1,0.0,1.0,0.0,5.0746358251264133e-20,,,,False,False,False
romireonline,1,0.0,0,1,0,1,0.0,1.0,0.0,4.248195657189501e-20,,,,False,False,False
rony_toss,1,0.0,0,1,0,1,0.0,1.0,0.0,-2.7006208461649132e-20,,,,False,False,False
rooikappie101,1,0.0,0,1,0,1,0.0,1.0,0.0,4.7317946044345466e-20,,,,False,False,False
roosterboosted,1,0.0,0,1,0,1,0.0,1.0,0.0,-3.7382449552775224e-20,,,,False,False,False
rophet1,2,0.0,0,2,0,2,0.0,2.0,0.0,1.8912405761752615e-19,,,,False,False,False
rosary_omen,1,0.0,0,1,0,1,0.0,1.0,0.0,1.1469778735701678e-19,,,,False,False,False
rosencroft89,1,1.0,1,1,1,1,1.0,1.0,4.7475842620967475e-05,2.0695186596768543e-19,1.0,0.0,0.0,False,False,False
roseysdaddy,13,0.0,6,7,6,7,7.0,13.0,0.0014917450713513047,0.00016302753352631752,7.0,0.0,0.0,True,False,True
rough_instruction112,8,0.0,4,6,4,6,5.0,8.0,0.0018441092759742272,0.00017676492349362932,5.0,0.0,0.0,True,False,True
rounda445,1,0.0,1,1,1,1,1.0,1.0,9.575462680642585e-07,1.892699212950434e-09,1.0,0.0,0.0,False,False,False
routine_judgment184,2,0.0,1,1,1,1,2.0,2.0,0.0,2.229617295775672e-08,2.0,0.0,0.0,False,False,False
rownever,1,0.0,0,1,0,1,0.0,1.0,0.0,-8.808919335409376e-22,,,,False,False,False
royal-passenger-9252,1,0.0,0,1,0,1,0.0,1.0,0.0,-1.063059735106422e-19,,,,False,False,False
royinverse,3,0.0,2,3,2,3,2.0,3.0,5.5887035879843024e-05,5.293054539786578e-19,2.0,0.0,0.0,False,False,False
rpgsauce,1,0.0,0,1,0,1,0.0,1.0,0.0,1.0003636674120832e-19,,,,False,False,False
rpitts21,1,0.0,0,1,0,1,0.0,1.0,0.0,2.433499179629079e-20,,,,False,False,False
rubyurek,2,0.0,8,2,8,2,8.0,2.0,0.0008898934068719975,4.282670342510049e-05,8.0,0.0,0.0,True,False,True
rudahn,2,0.0,2,1,2,1,2.0,2.0,4.374869779727364e-06,4.495912911540385e-06,2.0,0.0,0.0,False,False,False
rudiracoon,1,0.0,0,1,0,1,0.0,1.0,0.0,-1.8287972282091467e-19,,,,False,False,False
rufus--t--firefly,3,0.0,2,3,2,3,3.0,3.0,2.3350858180821682e-05,1.4822785066202027e-18,3.0,0.0,0.0,False,False,False
rufusairs,1,0.0,0,1,0,1,0.0,1.0,0.0,6.240413306918179e-20,,,,False,False,False
rugged_as_fuck,5,0.0,3,4,3,4,4.0,5.0,0.002214828058767635,0.013215954554079696,4.0,0.0,0.0,True,False,False
rui-tan,2,0.0,1,1,1,1,1.0,2.0,0.0,0.0001266319187978764,1.0,0.0,0.0,False,False,False
rukale,4,0.0,2,2,2,2,6.0,4.0,0.00023981314128872965,0.0001509795118598182,6.0,0.0,0.0,False,False,False
rulejunior,2,0.0,1,2,1,2,1.0,2.0,0.0,0.0019583422850959365,1.0,0.0,0.0,False,False,False
rumblealex,1,0.0,2,1,2,1,2.0,1.0,9.495168524193494e-05,-1.9466769893066197e-19,2.0,0.0,0.0,False,False,False
runedk385,1,0.0,0,1,0,1,0.0,1.0,0.0,7.94247448119036e-20,,,,False,False,False
runindependent7163,1,0.0,0,1,0,1,0.0,1.0,0.0,-7.524611993735206e-20,,,,False,False,False
rursache,1,0.0,1,1,1,1,1.0,1.0,0.0,8.7321345837906e-19,1.0,0.0,0.0,False,False,False
rurumo666,1,0.0,1,1,1,1,1.0,1.0,1.4239687491526898e-06,3.2401494403404845e-19,1.0,0.0,0.0,False,False,False
russianbearfight,1,0.0,6,1,6,1,6.0,1.0,0.0018074606562893114,0.0010049808669774652,6.0,0.0,0.0,True,False,True
rustledjimmyss,4,0.0,2,3,2,3,2.0,4.0,0.0005275186795760539,5.455792676410349e-06,2.0,0.0,0.0,False,False,False
rvsoldier,2,0.0,1,2,1,2,1.0,2.0,0.00017363881389096213,0.00028422428021942017,1.0,0.0,0.0,False,False,False
rxstud2011,5,0.0,1,3,1,3,2.0,5.0,0.00033003437211120393,0.0003428706519108553,2.0,0.0,0.0,False,False,False
rydiamist,5,0.0,6,5,6,5,6.0,5.0,0.0016787080711352662,0.0006861863835535125,6.0,0.0,0.0,True,False,True
rydil00,6,0.0,9,6,9,6,10.0,6.0,0.00203455652279337,1.6858365906644001e-06,10.0,0.0,0.0,True,False,True
ryguy2503,1,0.0,0,1,0,1,0.0,1.0,0.0,-4.011990200919638e-20,,,,False,False,False
rykin14,2,0.0,1,2,1,2,1.0,2.0,4.750092230539482e-05,-5.196820958583817e-19,1.0,0.0,0.0,False,False,False
ryno731,1,0.0,0,1,0,1,0.0,1.0,0.0,7.025797666618025e-20,,,,False,False,False
ryoma123,1,0.0,0,1,0,1,0.0,1.0,0.0,3.487379289341405e-20,,,,False,False,False
rystrave,1,0.0,0,1,0,1,0.0,1.0,0.0,1.0142074588976124e-21,,,,False,False,False
rythian,1,0.0,0,1,0,1,0.0,1.0,0.0,-8.886842291047289e-20,,,,False,False,False
ryulightorb,1,0.0,1,1,1,1,1.0,1.0,0.0,4.482275494732419e-05,1.0,0.0,0.0,False,False,False
ryuume,1,0.0,0,1,0,1,0.0,1.0,0.0,-1.1717950848735054e-19,,,,False,False,False
ryywenn,2,0.0,0,2,0,2,0.0,2.0,0.0,1.32145894063431e-19,,,,False,False,False
s-bro,2,0.0,2,2,2,2,2.0,2.0,4.445900323326879e-05,2.5881032659966232e-05,2.0,0.0,0.0,False,False,False
s_w_moses,1,0.0,1,1,1,1,1.0,1.0,0.0,2.5117242540500183e-06,1.0,0.0,0.0,False,False,False
saatik,1,0.0,0,1,0,1,0.0,1.0,0.0,-4.9537127897188354e-20,,,,False,False,False
sabelas,1,0.0,1,1,1,1,1.0,1.0,0.00025502246315829523,0.00031429377006591066,1.0,0.0,0.0,False,False,False
sad-anteater2914,1,0.0,0,1,0,1,0.0,1.0,0.0,2.6992856672393104e-19,,,,False,False,False
sad-will5505,4,0.0,1,4,1,4,1.0,4.0,6.724922537688648e-05,0.00024300424458950908,1.0,0.0,0.0,False,False,False
sad_energy_,2,0.0,1,2,1,2,1.0,2.0,0.0008415500229222483,0.0011659223349896922,1.0,0.0,0.0,False,False,False
sad_swordfish4132,1,0.0,0,1,0,1,0.0,1.0,0.0,2.8525904500159123e-20,,,,False,False,False
sadisticdane,1,0.0,0,1,0,1,0.0,1.0,0.0,1.3603481088851458e-20,,,,False,False,False
sadly_im_that_guy,2,0.0,2,2,2,2,2.0,2.0,0.0004361240032614332,0.0003428706519108501,2.0,0.0,0.0,False,False,False
sadouque,1,0.0,1,1,1,1,1.0,1.0,0.0,1.7254073650896394e-05,1.0,0.0,0.0,False,False,False
saeger1737,1,0.0,0,1,0,1,0.0,1.0,0.0,2.0738912398674958e-20,,,,False,False,False
saelora,5,0.0,3,5,3,5,3.0,5.0,0.005234464447752213,0.0004067138755028084,3.0,0.0,0.0,True,False,False
saendra,2,0.0,1,2,1,2,1.0,2.0,2.507968442734679e-08,1.4809886395793729e-18,1.0,0.0,0.0,False,False,False
saeracursesalot,1,0.0,0,1,0,1,0.0,1.0,0.0,-8.209969289319382e-20,,,,False,False,False
safetyancient,1,0.0,4,1,4,1,4.0,1.0,4.514343196922422e-07,2.3410137033496275e-18,4.0,0.0,0.0,True,False,False
safi_89,2,0.0,1,2,1,2,1.0,2.0,1.681721750953164e-05,1.8590680199756017e-05,1.0,0.0,0.0,False,False,False
sage_of_the_6_paths,1,0.0,0,1,0,1,0.0,1.0,0.0,-7.21374660838053e-20,,,,False,False,False
sagelain,2,0.0,5,1,5,1,5.0,1.0,0.0002163363029311865,-4.966003051127683e-19,5.0,0.0,0.0,True,False,False
sagetraveler,1,0.0,0,1,0,1,0.0,1.0,0.0,1.2477318452769476e-19,,,,False,False,False
sahdgamer,1,1.0,0,1,0,1,0.0,1.0,0.0,-7.612037506012217e-20,,,,False,False,False
saiga12goburr,1,0.0,0,1,0,1,0.0,1.0,0.0,-1.9637313422219396e-19,,,,False,False,False
saikosiivu,1,0.0,0,1,0,1,0.0,1.0,0.0,-1.8524393795955873e-21,,,,False,False,False
saint-caligula,1,0.0,0,1,0,1,0.0,1.0,0.0,-8.649946397994326e-20,,,,False,False,False
saint_exmin,1,0.0,0,1,0,1,0.0,1.0,0.0,1.483336433119044e-19,,,,False,False,False
saint_furby,1,0.0,0,1,0,1,0.0,1.0,0.0,1.2191593163419112e-19,,,,False,False,False
saintbaba,1,0.0,0,1,0,1,0.0,1.0,0.0,-2.1626357084375683e-19,,,,False,False,False
saionji-sekai,4,0.0,3,4,3,4,3.0,4.0,9.545327893048187e-05,6.323671025204053e-19,3.0,0.0,0.0,True,False,False
sajgoniarz,1,0.0,0,1,0,1,0.0,1.0,0.0,-1.4663254365536225e-19,,,,False,False,False
sajintmm,7,0.0,6,5,6,5,8.0,7.0,0.0029274115095455962,0.10119978286873453,8.0,0.0,0.0,True,False,True
saked-,3,0.0,0,3,0,3,0.0,3.0,0.0,-1.5584963293073702e-19,,,,False,False,False
sakiri1955,5,0.2,1,5,1,5,1.0,5.0,0.001544156242521462,7.417379509538361e-07,1.0,0.0,0.0,False,True,False
sakrashne,2,0.0,0,2,0,2,0.0,2.0,0.0,-1.8333778667720988e-19,,,,False,False,False
sakuraforhokage,1,0.0,6,1,6,1,6.0,1.0,0.0002559649357682157,2.465807865591416e-05,6.0,0.0,0.0,True,False,False
sakuyora,1,0.0,1,1,1,1,1.0,1.0,4.7475842620967475e-05,-4.9269731971008604e-20,1.0,0.0,0.0,False,False,False
sal101,2,0.0,1,1,1,1,1.0,1.0,4.821476865654229e-05,1.1971397255383737e-05,1.0,0.0,0.0,False,False,False
salamander115,1,0.0,1,1,1,1,1.0,1.0,0.0,0.0018104914958801844,1.0,0.0,0.0,False,False,False
salamiflame,1,0.0,0,1,0,1,0.0,1.0,0.0,-8.80806428235837e-20,,,,False,False,False
saleriasfw,1,0.0,0,1,0,1,0.0,1.0,0.0,6.08003054415768e-20,,,,False,False,False
salfyded,2,0.0,2,2,2,2,2.0,2.0,0.0001262194171668002,4.7590217207848045e-06,2.0,0.0,0.0,False,False,False
sally_shears_01,1,0.0,0,1,0,1,0.0,1.0,0.0,1.4221911679810626e-19,,,,False,False,False
salmerpriest,1,0.0,2,1,2,1,2.0,1.0,0.00010372257515430677,7.759705511106916e-06,2.0,0.0,0.0,False,False,False
saltcarpenter,1,0.0,0,1,0,1,0.0,1.0,0.0,-9.558279982361229e-20,,,,False,False,False
saltdirection9735,1,0.0,0,1,0,1,0.0,1.0,0.0,7.711590600866868e-21,,,,False,False,False
saltengineer455,2,0.0,0,2,0,2,0.0,2.0,0.0,1.841724828747661e-20,,,,False,False,False
saltlich,1,0.0,0,1,0,1,0.0,1.0,0.0,-1.6997302114064921e-19,,,,False,False,False
saltyboysenberry5710,1,0.0,0,1,0,1,0.0,1.0,0.0,-1.6344079060538387e-19,,,,False,False,False
salzul,1,0.0,0,1,0,1,0.0,1.0,0.0,1.545279314562514e-19,,,,False,False,False
samerandomusername,2,0.0,1,2,1,2,1.0,2.0,2.507968442734679e-08,1.0478568364255785e-19,1.0,0.0,0.0,False,False,False
samgoldway,1,0.0,0,1,0,1,0.0,1.0,0.0,-2.196551519461053e-19,,,,False,False,False
saml23,1,1.0,0,1,0,1,0.0,1.0,0.0,-6.518508866366586e-20,,,,False,False,False
samolonxd,1,0.0,0,1,0,1,0.0,1.0,0.0,-5.7701854172303615e-21,,,,False,False,False
samrobotsin,1,1.0,1,1,1,1,1.0,1.0,3.697708477218446e-05,0.00015337026220426175,1.0,0.0,0.0,False,False,False
samstsint,1,0.0,0,1,0,1,0.0,1.0,0.0,-1.2360893993585678e-19,,,,False,False,False
samtdzn_pokemon,2,0.0,0,2,0,2,0.0,2.0,0.0,-1.4043305902514084e-21,,,,False,False,False
samurian4,1,0.0,0,1,0,1,0.0,1.0,0.0,-5.319087043907169e-22,,,,False,False,False
san4311,4,0.0,2,4,2,4,2.0,4.0,0.0009008720948896438,0.09344260543759524,2.0,0.0,0.0,False,False,False
san_slugdog,1,0.0,0,1,0,1,0.0,1.0,0.0,-1.5412426189742818e-19,,,,False,False,False
sanaera_,10,0.0,5,10,5,10,5.0,10.0,0.0014576313333537355,0.016059144154143033,5.0,0.0,0.0,True,False,True
sanavix,1,0.0,1,1,1,1,1.0,1.0,0.0,0.0018104914958801841,1.0,0.0,0.0,False,False,False
sanchopanzor,1,0.0,0,1,0,1,0.0,1.0,0.0,-2.1483047008832242e-19,,,,False,False,False
sanctions23,3,0.0,1,2,1,2,2.0,3.0,0.0,1.1899656578438952e-05,2.0,0.0,0.0,False,False,False
sandpigeon,3,0.0,3,3,3,3,3.0,3.0,9.53028008239178e-05,-7.239039126229734e-18,3.0,0.0,0.0,True,False,False
sandra2104,2,0.0,0,2,0,2,0.0,2.0,0.0,-3.506838017891022e-19,,,,False,False,False
sandtoast,2,0.0,31,2,31,2,32.0,2.0,0.004482393100326852,0.11573717027810512,32.0,0.0,0.0,True,False,True
sandwichesareamoral,4,0.0,0,4,0,4,0.0,4.0,0.0,-1.3646669995825259e-21,,,,False,False,False
sandwichhour5988,1,0.0,1,1,1,1,1.0,1.0,3.009562131281615e-07,7.652274721998919e-19,1.0,0.0,0.0,False,False,False
sangedeetaur,1,0.0,1,1,1,1,1.0,1.0,0.0,0.0004978628080375786,1.0,0.0,0.0,False,False,False
sanistz,1,0.0,1,1,1,1,1.0,1.0,0.0,0.00041211826415713654,1.0,0.0,0.0,False,False,False
sankto,4,0.0,6,4,6,4,6.0,4.0,0.0007013897423744271,0.001990112057903194,6.0,0.0,0.0,True,False,True
sanlayme,1,0.0,0,1,0,1,0.0,1.0,0.0,5.2497455639384756e-20,,,,False,False,False
sanso14,1,0.0,0,1,0,1,0.0,1.0,0.0,7.370787828695568e-21,,,,False,False,False
saphienne,4,0.0,2,2,2,2,4.0,4.0,0.0022673937226606765,3.7237013214825145e-05,4.0,0.0,0.0,False,False,False
sapitntapit,1,0.0,1,1,1,1,1.0,1.0,0.0,1.0610381092705035e-19,1.0,0.0,0.0,False,False,False
sapphire_onyx,1,0.0,0,1,0,1,0.0,1.0,0.0,2.590694876556777e-19,,,,False,False,False
saracus,1,0.0,1,1,1,1,1.0,1.0,0.0,0.007969422761699405,1.0,0.0,0.0,False,False,False
sarcasm__tone,1,0.0,0,1,0,1,0.0,1.0,0.0,1.9181268705527372e-19,,,,False,False,False
sarcophagusgravelord,1,0.0,0,1,0,1,0.0,1.0,0.0,9.246069955940621e-22,,,,False,False,False
sarefx,2,0.0,0,2,0,2,0.0,2.0,0.0,1.2933092047708862e-19,,,,False,False,False
sargerassasshole,3,0.0,0,3,0,3,0.0,3.0,0.0,3.374826512862161e-19,,,,False,False,False
sargetheseagull,1,0.0,0,1,0,1,0.0,1.0,0.0,-1.7691526629259678e-19,,,,False,False,False
satisfactionfit2040,1,0.0,0,1,0,1,0.0,1.0,0.0,1.5068550493223573e-19,,,,False,False,False
saturn_winter,1,1.0,1,1,1,1,1.0,1.0,4.747584262096747e-05,-4.591494916575688e-19,1.0,0.0,0.0,False,False,False
saxong,2,0.0,2,2,2,2,2.0,2.0,0.0020626280348106994,0.00027395099917108616,2.0,0.0,0.0,False,False,False
saxrohmer,1,1.0,0,1,0,1,0.0,1.0,0.0,-4.649480703887371e-19,,,,False,False,False
sayraysf,1,0.0,0,1,0,1,0.0,1.0,0.0,3.8623513474524e-21,,,,False,False,False
sayurisaki,4,0.0,0,4,0,4,0.0,4.0,0.0,-2.280281291576101e-19,,,,False,False,False
sazhattack,4,0.25,3,4,3,4,3.0,4.0,0.00030716021049307485,2.4895936102318514e-18,3.0,0.0,0.0,True,False,False
scantron2739,1,0.0,1,1,1,1,1.0,1.0,1.5047810656408074e-07,-3.96466618519317e-19,1.0,0.0,0.0,False,False,False
scapiti,1,0.0,0,1,0,1,0.0,1.0,0.0,1.037284536428023e-19,,,,False,False,False
scarred_wizard,4,0.0,2,3,2,3,2.0,4.0,0.00024261915511297784,9.828261650921134e-06,2.0,0.0,0.0,False,False,False
scary_ad_913,1,0.0,0,1,0,1,0.0,1.0,0.0,-3.015906023849519e-20,,,,False,False,False
scarysai,1,1.0,0,1,0,1,0.0,1.0,0.0,1.5279242923510676e-21,,,,False,False,False
scavatemyarms,3,0.0,7,3,7,3,7.0,3.0,0.0008695107100668409,9.550974815122951e-05,7.0,0.0,0.0,True,False,True
sch4lly,1,0.0,1,1,1,1,1.0,1.0,0.0,0.0003196993730632442,1.0,0.0,0.0,False,False,False
schardon,3,0.0,2,3,2,3,2.0,3.0,6.662283951864771e-05,6.861767215158292e-06,2.0,0.0,0.0,False,False,False
schmuder2k14,1,0.0,1,1,1,1,1.0,1.0,0.0,3.47540552267931e-05,1.0,0.0,0.0,False,False,False
schneptune,1,0.0,1,1,1,1,1.0,1.0,0.0,7.483462197590496e-19,1.0,0.0,0.0,False,False,False
schnitzelbro,3,0.0,5,3,5,3,5.0,3.0,0.00038791121269497443,0.00011085873032984135,5.0,0.0,0.0,True,False,False
schogegessenjojo,1,0.0,0,1,0,1,0.0,1.0,0.0,-3.015228823274263e-20,,,,False,False,False
science_logic_reason,3,0.3333333333333333,1,3,1,3,1.0,3.0,0.000514069728272106,0.00029191814084807925,1.0,0.0,0.0,False,False,False
scientistsanta,2,0.0,1,1,1,1,2.0,2.0,0.0,0.0003831452147860289,2.0,0.0,0.0,False,False,False
scobbieru,1,0.0,1,1,1,1,1.0,1.0,0.0,7.551729502992055e-05,1.0,0.0,0.0,False,False,False
scoliid,1,0.0,0,1,0,1,0.0,1.0,0.0,-2.3696753780289586e-21,,,,False,False,False
scornfulchicken,1,0.0,0,1,0,1,0.0,1.0,0.0,1.2880360451961617e-19,,,,False,False,False
scorpdelord,6,0.0,1,6,1,6,1.0,6.0,4.747584262096746e-05,7.127500925802025e-19,1.0,0.0,0.0,False,False,False
scottiedagolfmachine,1,0.0,0,1,0,1,0.0,1.0,0.0,1.4439263145041893e-20,,,,False,False,False
scotty8319,1,0.0,1,1,1,1,1.0,1.0,0.0,-1.991135771881639e-18,1.0,0.0,0.0,False,False,False
scovin,1,1.0,1,1,1,1,1.0,1.0,2.7250294924512832e-05,3.9592197340626603e-20,1.0,0.0,0.0,False,False,False
scrapbookee,1,0.0,0,1,0,1,0.0,1.0,0.0,7.841798644094134e-20,,,,False,False,False
scribblord,1,0.0,0,1,0,1,0.0,1.0,0.0,8.060111363035606e-20,,,,False,False,False
scrizzed,1,0.0,0,1,0,1,0.0,1.0,0.0,1.8906305922551485e-21,,,,False,False,False
scud121,3,0.0,0,3,0,3,0.0,3.0,0.0,1.524432882533574e-19,,,,False,False,False
scuffdude,1,0.0,0,1,0,1,0.0,1.0,0.0,2.2914043411881065e-20,,,,False,False,False
scullytude,1,0.0,0,1,0,1,0.0,1.0,0.0,6.845961518372571e-20,,,,False,False,False
sculptingmisanthrope,1,0.0,0,1,0,1,0.0,1.0,0.0,-1.848993134541225e-20,,,,False,False,False
scumfacekid,1,0.0,2,1,2,1,2.0,1.0,9.495168524193494e-05,-6.515071045203046e-19,2.0,0.0,0.0,False,False,False
scumlord69,2,0.0,4,2,4,2,4.0,2.0,9.051403159783024e-05,0.0036338024274894043,4.0,0.0,0.0,True,False,False
scuzzgasm,2,0.0,1,2,1,2,1.0,2.0,4.747584262096747e-05,-8.367088957530097e-19,1.0,0.0,0.0,False,False,False
scyllakone,1,0.0,0,1,0,1,0.0,1.0,0.0,-6.769044217491469e-20,,,,False,False,False
scytheex,1,0.0,1,1,1,1,1.0,1.0,0.0,0.00034287065191085267,1.0,0.0,0.0,False,False,False
scyths,1,1.0,1,1,1,1,1.0,1.0,1.600925013023603e-05,3.0067135009627357e-06,1.0,0.0,0.0,False,False,False
sea-particular-140,1,0.0,5,1,5,1,5.0,1.0,0.00047378449846441286,6.416341229684656e-09,5.0,0.0,0.0,True,False,True
seaadditional218,1,0.0,0,1,0,1,0.0,1.0,0.0,1.605714975490881e-20,,,,False,False,False
seadsead,1,0.0,2,1,2,1,2.0,1.0,9.792856914154261e-05,2.9169820340280936e-05,2.0,0.0,0.0,False,False,False
searing_o-ring,2,0.0,0,2,0,2,0.0,2.0,0.0,-2.424330476517377e-19,,,,False,False,False
sechlainn,1,0.0,4,1,4,1,4.0,1.0,0.0001740544841122577,0.013442433231547585,4.0,0.0,0.0,True,False,False
secret-variation-154,1,0.0,1,1,1,1,1.0,1.0,0.0,0.0003428706519108598,1.0,0.0,0.0,False,False,False
secret_future_5387,2,0.0,1,1,1,1,2.0,2.0,0.0,0.00034463596819842024,2.0,0.0,0.0,False,False,False
secretic,1,0.0,1,1,1,1,1.0,1.0,0.0,1.0376679565244679e-19,1.0,0.0,0.0,False,False,False
secretreddname,3,0.0,1,3,1,3,1.0,3.0,0.00016165370074918968,8.843826687870592e-06,1.0,0.0,0.0,False,False,False
segrand,1,0.0,1,1,1,1,1.0,1.0,3.5111558198285505e-07,6.330530306780039e-19,1.0,0.0,0.0,False,False,False
sehjlau,1,0.0,0,1,0,1,0.0,1.0,0.0,6.8113808383661e-20,,,,False,False,False
seikss,1,0.0,1,1,1,1,1.0,1.0,2.507968442734679e-08,-3.225355115244104e-20,1.0,0.0,0.0,False,False,False
sekouu,1,0.0,0,1,0,1,0.0,1.0,0.0,1.6440373226204083e-20,,,,False,False,False
select_reply,2,0.0,0,2,0,2,0.0,2.0,0.0,1.5843768494750498e-19,,,,False,False,False
selectcommunity3519,1,0.0,0,1,0,1,0.0,1.0,0.0,-1.0318754697539528e-19,,,,False,False,False
seletara,3,0.0,2,3,2,3,2.0,3.0,0.0006693393705579677,1.7424391394770185e-05,2.0,0.0,0.0,False,False,False
selfinteresting7259,1,0.0,2,1,2,1,2.0,1.0,9.495168524193494e-05,-3.5546446111743777e-19,2.0,0.0,0.0,False,False,False
sellbad_bro420,8,0.0,6,6,6,6,9.0,8.0,0.0035470081567305963,0.00044578815702656815,9.0,0.0,0.0,True,False,True
selthora,1,1.0,0,1,0,1,0.0,1.0,0.0,-1.3647538596665568e-19,,,,False,False,False
semasta,1,1.0,0,1,0,1,0.0,1.0,0.0,-1.9167950099228846e-19,,,,False,False,False
semour9,1,0.0,0,1,0,1,0.0,1.0,0.0,-5.3032155157233284e-20,,,,False,False,False
senavii,1,0.0,0,1,0,1,0.0,1.0,0.0,1.5785015556421635e-19,,,,False,False,False
sendmenudesthough,1,0.0,0,1,0,1,0.0,1.0,0.0,-8.070310037243573e-20,,,,False,False,False
senes_,1,0.0,0,1,0,1,0.0,1.0,0.0,1.1556889812648708e-19,,,,False,False,False
senior_glove_9881,1,0.0,0,1,0,1,0.0,1.0,0.0,5.477473196824952e-20,,,,False,False,False
senior_professor2623,1,0.0,0,1,0,1,0.0,1.0,0.0,1.1163277422463208e-20,,,,False,False,False
sennkoh,3,0.0,2,3,2,3,2.0,3.0,0.001605910831153711,8.559479155026791e-05,2.0,0.0,0.0,False,False,False
senor_kim_jong_doof,3,0.0,2,3,2,3,2.0,3.0,0.0004981996263173058,8.446000017476754e-07,2.0,0.0,0.0,False,False,False
senreus,1,0.0,1,1,1,1,1.0,1.0,0.0,-1.1196478039374159e-18,1.0,0.0,0.0,False,False,False
sensitive_cup4015,1,0.0,0,1,0,1,0.0,1.0,0.0,1.134490247585468e-19,,,,False,False,False
sentrux,1,1.0,0,1,0,1,0.0,1.0,0.0,-3.822250161433786e-20,,,,False,False,False
sephger,1,0.0,1,1,1,1,1.0,1.0,0.0,0.0018104914958801891,1.0,0.0,0.0,False,False,False
sepiabane,1,0.0,8,0,8,0,8.0,0.0,0.0,1.7925761411385783e-05,8.0,0.0,0.0,True,False,False
sepsev7n,1,0.0,1,1,1,1,1.0,1.0,2.507968442734679e-07,1.736279960645283e-19,1.0,0.0,0.0,False,False,False
seradima,1,0.0,0,1,0,1,0.0,1.0,0.0,1.750601041568308e-20,,,,False,False,False
serafno,4,0.0,1,3,1,3,1.0,4.0,3.084317776360569e-05,1.3371405222502897e-18,1.0,0.0,0.0,False,False,False
serbianshitstain,4,0.0,0,4,0,4,0.0,4.0,0.0,9.58115680331894e-21,,,,False,False,False
serendipittee,1,0.0,0,1,0,1,0.0,1.0,0.0,-4.6467321702237586e-20,,,,False,False,False
serfalon,1,0.0,0,1,0,1,0.0,1.0,0.0,2.464666991151473e-21,,,,False,False,False
serious-effort4427,1,0.0,0,1,0,1,0.0,1.0,0.0,6.162477296383288e-20,,,,False,False,False
serious-willow-4668,1,0.0,0,1,0,1,0.0,1.0,0.0,2.844392447425138e-20,,,,False,False,False
seriousjenkin,2,0.0,1,2,1,2,1.0,2.0,0.00016493772822411736,7.665564323797065e-07,1.0,0.0,0.0,False,False,False
seriousnessperson,1,0.0,3,1,3,1,3.0,1.0,1.2539842213673395e-07,1.89215221323533e-18,3.0,0.0,0.0,True,False,False
seripithus,1,0.0,0,1,0,1,0.0,1.0,0.0,-1.0122004779288847e-20,,,,False,False,False
sern-contractor837,1,0.0,2,1,2,1,2.0,1.0,5.3519130960431336e-05,7.394925074932048e-07,2.0,0.0,0.0,False,False,False
sernamenotdefined,1,0.0,0,1,0,1,0.0,1.0,0.0,-1.4174802703515374e-20,,,,False,False,False
serpens77,1,0.0,0,1,0,1,0.0,1.0,0.0,-2.0060428106550897e-20,,,,False,False,False
serpentrain,4,0.25,1,4,1,4,1.0,4.0,0.0017688442478845444,0.00029805468426837337,1.0,0.0,0.0,False,False,False
serphthevoltar,7,0.0,2,6,2,6,2.0,7.0,0.0034773683871994875,0.0001593888895942942,2.0,0.0,0.0,False,False,False
servovestri,1,1.0,0,0,0,0,0.0,0.0,0.0,-3.5351995737138326e-19,,,,False,False,False
sethdoessomestuff,1,0.0,1,1,1,1,1.0,1.0,0.0,3.748989023748522e-05,1.0,0.0,0.0,False,False,False
sethgoodtime,1,0.0,0,1,0,1,0.0,1.0,0.0,2.0494658511620863e-19,,,,False,False,False
seven_irons,1,1.0,0,1,0,1,0.0,1.0,0.0,-2.7072940244540928e-20,,,,False,False,False
several_concert1842,2,0.0,0,1,0,1,0.0,2.0,0.0,2.8616937058947246e-19,,,,False,False,False
severe-bottle7749,1,0.0,0,1,0,1,0.0,1.0,0.0,1.7065727350931878e-19,,,,False,False,False
severereindeer6989,1,0.0,1,1,1,1,1.0,1.0,0.0,4.266294771631302e-06,1.0,0.0,0.0,False,False,False
severnn310,1,0.0,1,1,1,1,1.0,1.0,0.0,-1.062515761457545e-18,1.0,0.0,0.0,False,False,False
sevulturus,3,0.0,1,3,1,3,1.0,3.0,1.0847441223102291e-05,-1.4715167472755168e-18,1.0,0.0,0.0,False,False,False
sffau,1,0.0,1,1,1,1,1.0,1.0,9.53028008239178e-05,2.408710568661488e-19,1.0,0.0,0.0,False,False,False
sgt-rawbeef,1,0.0,0,1,0,1,0.0,1.0,0.0,7.292706421165144e-20,,,,False,False,False
sgtbainbridge,1,0.0,0,1,0,1,0.0,1.0,0.0,-1.5356439519936649e-19,,,,False,False,False
sgtrama,2,0.0,3,1,3,1,4.0,2.0,6.857085581300904e-05,0.002116494699144473,4.0,0.0,0.0,True,False,False
sgtzimm24,1,0.0,0,1,0,1,0.0,1.0,0.0,3.1314332182078235e-19,,,,False,False,False
sh4rp27,1,0.0,0,1,0,1,0.0,1.0,0.0,1.4339895650093118e-20,,,,False,False,False
shaanuja,1,0.0,3,1,3,1,3.0,1.0,0.00014257800596946646,-2.610185320134043e-19,3.0,0.0,0.0,True,False,False
shabby-couture,1,0.0,0,1,0,1,0.0,1.0,0.0,-1.3399093048074628e-19,,,,False,False,False
shadeo11,4,0.0,3,4,3,4,3.0,4.0,0.0002392213485697978,6.537189666541968e-06,3.0,0.0,0.0,True,False,False
shadeol,1,0.0,0,1,0,1,0.0,1.0,0.0,5.161476382733603e-20,,,,False,False,False
shadostevey,1,0.0,0,1,0,1,0.0,1.0,0.0,3.6286084778952165e-19,,,,False,False,False
shadow-of-xavius,1,0.0,0,1,0,1,0.0,1.0,0.0,2.1943217618403654e-19,,,,False,False,False
shadow555,3,0.0,3,3,3,3,3.0,3.0,0.0012497148424501238,0.00014263845510901856,3.0,0.0,0.0,True,False,False
shadowblade55,1,0.0,0,1,0,1,0.0,1.0,0.0,-2.3091031294116573e-19,,,,False,False,False
shadowchaoz,1,0.0,0,1,0,1,0.0,1.0,0.0,2.264879060195912e-20,,,,False,False,False
shadowofthepastfin,2,0.0,1,2,1,2,1.0,2.0,4.01960806713056e-05,3.5108129935814465e-05,1.0,0.0,0.0,False,False,False
shadows_over_tokyo,4,0.0,2,2,2,2,2.0,4.0,4.7526001989822165e-05,3.405426609198826e-19,2.0,0.0,0.0,False,False,False
shadowthecatxd,1,0.0,1,1,1,1,1.0,1.0,4.747584262096747e-05,3.062892235155831e-19,1.0,0.0,0.0,False,False,False
shadowvermin,1,0.0,5,1,5,1,5.0,1.0,0.0004675214213852872,0.014064730853572446,5.0,0.0,0.0,True,False,True
shadwcatt,1,0.0,0,1,0,1,0.0,1.0,0.0,6.546210241941639e-21,,,,False,False,False
shafara,1,1.0,0,1,0,1,0.0,1.0,0.0,-3.6324247241077117e-20,,,,False,False,False
shahadann,3,0.3333333333333333,2,3,2,3,2.0,3.0,5.167949939666277e-05,2.4433599953296956e-07,2.0,0.0,0.0,False,False,False
shakanalily,3,0.0,1,2,1,2,1.0,3.0,4.7450762936540124e-05,-1.2892223944714621e-18,1.0,0.0,0.0,False,False,False
shalathewise,1,0.0,0,1,0,1,0.0,1.0,0.0,-2.272029139064682e-19,,,,False,False,False
shalelor,5,0.0,2,5,2,5,2.0,5.0,6.376411238321242e-05,6.732293345967119e-20,2.0,0.0,0.0,False,False,False
shalnath,1,0.0,1,1,1,1,1.0,1.0,0.0,-1.5150787282808807e-19,1.0,0.0,0.0,False,False,False
shambhala87,1,0.0,1,1,1,1,1.0,1.0,4.747584262096747e-05,4.320489111982849e-19,1.0,0.0,0.0,False,False,False
shamboi,2,0.0,1,2,1,2,1.0,2.0,9.482628681979821e-05,2.538577057991097e-06,1.0,0.0,0.0,False,False,False
shameful-wretch,1,0.0,0,1,0,1,0.0,1.0,0.0,-5.949632342235047e-20,,,,False,False,False
shamscam,1,0.0,0,1,0,1,0.0,1.0,0.0,4.299658478060384e-20,,,,False,False,False
shanergt,2,0.0,0,2,0,2,0.0,2.0,0.0,-7.640075011662839e-20,,,,False,False,False
sharelegitimate,1,0.0,0,1,0,1,0.0,1.0,0.0,-1.0610588446290151e-19,,,,False,False,False
sharkman254,1,0.0,0,1,0,1,0.0,1.0,0.0,4.1969840388918554e-20,,,,False,False,False
sharp-kun,1,0.0,0,1,0,1,0.0,1.0,0.0,-1.1875318041848637e-19,,,,False,False,False
sharp-variety-8140,1,0.0,0,1,0,1,0.0,1.0,0.0,6.16813674817404e-20,,,,False,False,False
sharpstrawberry4761,1,0.0,0,1,0,1,0.0,1.0,0.0,-8.143331328741682e-21,,,,False,False,False
shashara,1,0.0,0,1,0,1,0.0,1.0,0.0,3.1447595028571443e-20,,,,False,False,False
shaun056,3,0.0,0,3,0,3,0.0,3.0,0.0,5.76541483069808e-20,,,,False,False,False
shaurendev,1,0.0,0,1,0,1,0.0,1.0,0.0,2.310648041288083e-20,,,,False,False,False
shawnikaros,2,0.0,2,1,2,1,3.0,2.0,3.839968577681476e-05,0.007970045020796256,3.0,0.0,0.0,False,False,False
shawrytv,1,0.0,0,1,0,1,0.0,1.0,0.0,8.862120144514469e-20,,,,False,False,False
shaysauce,1,0.0,0,1,0,1,0.0,1.0,0.0,2.2629672753990965e-20,,,,False,False,False
shellye89,2,0.0,2,1,2,1,2.0,2.0,4.750092230539482e-05,8.437889621063344e-19,2.0,0.0,0.0,False,False,False
shenloanne,3,0.0,0,3,0,3,0.0,3.0,0.0,-4.4541734546754566e-20,,,,False,False,False
sherbimsly,1,0.0,0,1,0,1,0.0,1.0,0.0,6.110280624726108e-20,,,,False,False,False
shezarrine,1,0.0,0,1,0,1,0.0,1.0,0.0,-1.2943254842696617e-19,,,,False,False,False
shifthappens95,1,0.0,0,1,0,1,0.0,1.0,0.0,-1.738370714762853e-20,,,,False,False,False
shillen,1,0.0,1,1,1,1,1.0,1.0,0.0,4.040096296368479e-05,1.0,0.0,0.0,False,False,False
shimoxxkuma,1,0.0,0,1,0,1,0.0,1.0,0.0,-9.360723840894983e-20,,,,False,False,False
shinijenkins19,1,0.0,0,1,0,1,0.0,1.0,0.0,-2.9272125254281215e-20,,,,False,False,False
shiningstefa,1,0.0,0,1,0,1,0.0,1.0,0.0,-1.3251679323359755e-19,,,,False,False,False
shinmushagundam,1,0.0,0,1,0,1,0.0,1.0,0.0,-1.8112567474854676e-21,,,,False,False,False
shinyjaker,1,1.0,0,1,0,1,0.0,1.0,0.0,-7.627110156346574e-20,,,,False,False,False
shise_remilia,1,0.0,0,1,0,1,0.0,1.0,0.0,-4.026313840970524e-20,,,,False,False,False
shiva-,1,0.0,1,1,1,1,1.0,1.0,0.00021210265512950098,1.2970694924511735e-05,1.0,0.0,0.0,False,False,False
shivd91,1,0.0,1,1,1,1,1.0,1.0,0.0003796402397294582,0.0019560684833826083,1.0,0.0,0.0,False,False,False
shivie78ttv,1,0.0,0,1,0,1,0.0,1.0,0.0,-2.3498776253887844e-20,,,,False,False,False
shiya_angel,1,0.0,0,1,0,1,0.0,1.0,0.0,-1.6614974510576746e-19,,,,False,False,False
shizocks,4,0.0,4,4,4,4,4.0,4.0,0.0004182665994745969,4.9577270906479415e-05,4.0,0.0,0.0,True,False,False
shizunenjoyer,1,0.0,0,1,0,1,0.0,1.0,0.0,5.378610052664773e-20,,,,False,False,False
shleepo,1,0.0,1,1,1,1,1.0,1.0,5.015936885469358e-08,-5.180085703457308e-19,1.0,0.0,0.0,False,False,False
shmullus_jones,2,0.0,0,2,0,2,0.0,2.0,0.0,-1.324019504431458e-20,,,,False,False,False
shneckos,2,0.0,1,2,1,2,1.0,2.0,5.2999878351225946e-06,0.0022436395486095566,1.0,0.0,0.0,False,False,False
shneedleinthewoods,2,0.0,1,1,1,1,1.0,2.0,0.0,7.55172950299245e-05,1.0,0.0,0.0,False,False,False
shoppingpractical373,1,0.0,0,1,0,1,0.0,1.0,0.0,6.591805259003623e-21,,,,False,False,False
shortbusbully,1,0.0,0,1,0,1,0.0,1.0,0.0,4.3187582941940735e-20,,,,False,False,False
shot-maximum-,2,0.0,3,2,3,2,3.0,2.0,0.00019000368922157928,-2.191916550801651e-18,3.0,0.0,0.0,True,False,False
shot_leopard_7657,2,0.0,2,2,2,2,2.0,2.0,0.0003073847394977188,2.2676005656327142e-07,2.0,0.0,0.0,False,False,False
shrapnel_sponge,2,0.0,2,2,2,2,2.0,2.0,0.0003588560106321268,0.09344260543759522,2.0,0.0,0.0,False,False,False
shuestar373,1,0.0,0,1,0,1,0.0,1.0,0.0,1.972979406042809e-19,,,,False,False,False
shuricangg,1,0.0,0,1,0,1,0.0,1.0,0.0,-2.972234980715959e-20,,,,False,False,False
shutupruairi,1,0.0,0,1,0,1,0.0,1.0,0.0,-1.9175332009078087e-19,,,,False,False,False
si-jo0159,2,0.0,2,2,2,2,2.0,2.0,6.9971134329115725e-06,-1.3830744155291214e-18,2.0,0.0,0.0,False,False,False
si3ra,1,0.0,0,1,0,1,0.0,1.0,0.0,1.369190335095219e-19,,,,False,False,False
sicklegirl,1,1.0,0,1,0,1,0.0,1.0,0.0,1.0114026618828432e-20,,,,False,False,False
sidnumair,4,0.0,2,3,2,3,3.0,4.0,0.0005571617835828048,7.792891414410136e-07,3.0,0.0,0.0,False,False,False
sidurg,1,0.0,0,1,0,1,0.0,1.0,0.0,7.182428178501597e-20,,,,False,False,False
sidusidie,1,0.0,0,1,0,1,0.0,1.0,0.0,1.1145286944599264e-19,,,,False,False,False
sightblind,2,0.0,2,2,2,2,3.0,2.0,0.0001431109492635476,6.275279545038697e-19,3.0,0.0,0.0,False,False,False
sigler21,1,0.0,1,1,1,1,1.0,1.0,2.168737844538784e-05,1.8692819226901008e-05,1.0,0.0,0.0,False,False,False
signafteragreement,1,0.0,0,1,0,1,0.0,1.0,0.0,-3.018780100162256e-20,,,,False,False,False
significant_mouse_25,1,0.0,1,1,1,1,1.0,1.0,0.0,5.989812769024915e-06,1.0,0.0,0.0,False,False,False
siilverdruid,2,0.0,0,2,0,2,0.0,2.0,0.0,5.3408988074570636e-20,,,,False,False,False
silent_killer093,1,0.0,1,1,1,1,1.0,1.0,0.00013534704709803293,5.653514840499717e-07,1.0,0.0,0.0,False,False,False
silent_priority7463,2,0.0,1,2,1,2,1.0,2.0,0.0,5.9414311983125665e-05,1.0,0.0,0.0,False,False,False
silenthillsunderland,1,0.0,1,1,1,1,1.0,1.0,0.0,0.0003428706519108565,1.0,0.0,0.0,False,False,False
silentleader,1,0.0,0,1,0,1,0.0,1.0,0.0,-2.828387614616132e-19,,,,False,False,False
silist,1,0.0,0,1,0,1,0.0,1.0,0.0,8.912809753030558e-20,,,,False,False,False
silly_photograph3429,1,0.0,0,1,0,1,0.0,1.0,0.0,-1.2410536519084325e-20,,,,False,False,False
sillyboo,1,0.0,0,1,0,1,0.0,1.0,0.0,3.71090245706059e-19,,,,False,False,False
sillymouse10007235,1,0.0,0,1,0,1,0.0,1.0,0.0,1.633974713712289e-19,,,,False,False,False
silmarilen,3,0.3333333333333333,0,3,0,3,0.0,3.0,0.0,1.479671317642981e-19,,,,False,False,False
silraith,2,0.5,0,2,0,2,0.0,2.0,0.0,-8.346045412361743e-20,,,,False,False,False
silus2v,5,0.0,1,3,1,3,3.0,4.0,5.015936885469358e-08,2.1609100762160675e-18,3.0,0.0,0.0,False,False,False
silverclaw-478,1,0.0,0,1,0,1,0.0,1.0,0.0,-8.060951978256888e-20,,,,False,False,False
silverhop,1,1.0,0,1,0,1,0.0,1.0,0.0,1.194535466055109e-19,,,,False,False,False
silverscreemer,1,0.0,0,1,0,1,0.0,1.0,0.0,2.1548789730558023e-19,,,,False,False,False
simaster27,1,0.0,0,1,0,1,0.0,1.0,0.0,-1.6039916611129848e-20,,,,False,False,False
simple_emotion_3152,3,0.0,0,3,0,3,0.0,3.0,0.0,-6.858685568340126e-20,,,,False,False,False
simply_noone,3,0.0,1,1,1,1,1.0,3.0,0.0,0.0018104914958801841,1.0,0.0,0.0,False,False,False
simplytoaskquestions,5,0.2,8,5,8,5,9.0,5.0,0.002031576759304098,0.002336926192010919,9.0,0.0,0.0,True,True,True
sindanil420,3,0.3333333333333333,2,3,2,3,2.0,3.0,0.00010612707319569198,-9.138904007587047e-19,2.0,0.0,0.0,False,False,False
sinfuloracle,1,0.0,0,1,0,1,0.0,1.0,0.0,-1.768010491844307e-20,,,,False,False,False
singerlost5641,2,0.0,2,2,2,2,2.0,2.0,4.777679883409563e-05,1.8802810221882155e-18,2.0,0.0,0.0,False,False,False
sintalore,1,0.0,1,1,1,1,1.0,1.0,0.0,0.0018104914958801844,1.0,0.0,0.0,False,False,False
sir-himbo-dilfington,1,0.0,1,1,1,1,1.0,1.0,0.0,0.013438534758796323,1.0,0.0,0.0,False,False,False
sir_ratthew,1,0.0,0,1,0,1,0.0,1.0,0.0,4.2396853596082647e-20,,,,False,False,False
sirallenss,2,0.5,1,1,1,1,2.0,2.0,0.0,5.773642889447981e-05,2.0,0.0,0.0,False,False,False
siraurian,3,0.0,4,2,4,2,4.0,3.0,0.00018987829079944254,8.780096588719379e-20,4.0,0.0,0.0,True,False,False
sirchancelot11,1,0.0,2,1,2,1,2.0,1.0,0.00018990337048386987,-8.021497873970485e-19,2.0,0.0,0.0,False,False,False
sirepuns,2,0.0,3,2,3,2,3.0,2.0,5.822557350211088e-05,2.0776882673391385e-18,3.0,0.0,0.0,True,False,False
sirfannypack,5,0.0,7,5,7,5,7.0,5.0,0.0011077518412019411,8.797532758687822e-05,7.0,0.0,0.0,True,False,True
sirhc_5509,1,0.0,0,1,0,1,0.0,1.0,0.0,-6.222470928436676e-20,,,,False,False,False
siridar,1,0.0,0,1,0,1,0.0,1.0,0.0,1.0599889214381312e-19,,,,False,False,False
sirknlghtmare,1,0.0,0,1,0,1,0.0,1.0,0.0,-1.643798703612277e-19,,,,False,False,False
sirspot86,1,0.0,0,1,0,1,0.0,1.0,0.0,8.593178192632836e-20,,,,False,False,False
sirzapzalot,2,0.0,1,2,1,2,1.0,2.0,4.742568325211278e-05,1.2603177857455912e-18,1.0,0.0,0.0,False,False,False
siscorskiy,1,0.0,0,1,0,1,0.0,1.0,0.0,-1.5240330973678034e-20,,,,False,False,False
sissyfreelove,2,0.0,1,2,1,2,1.0,2.0,2.076984493558342e-05,1.2867013339148453e-06,1.0,0.0,0.0,False,False,False
sithlordx666,1,0.0,0,1,0,1,0.0,1.0,0.0,5.833808403448215e-20,,,,False,False,False
siukslinis_acc,2,0.0,1,2,1,2,1.0,2.0,3.614074086733345e-05,1.779221761765174e-05,1.0,0.0,0.0,False,False,False
sixial,1,0.0,0,1,0,1,0.0,1.0,0.0,1.66366507375806e-19,,,,False,False,False
sjaak1234,1,0.0,1,1,1,1,1.0,1.0,4.7375523883258083e-05,7.897231233007528e-19,1.0,0.0,0.0,False,False,False
sjccb,1,0.0,0,1,0,1,0.0,1.0,0.0,5.582941436708848e-20,,,,False,False,False
skaflok,1,0.0,2,1,2,1,2.0,1.0,8.918005822169579e-05,1.7718410124851856e-19,2.0,0.0,0.0,False,False,False
skardray,2,0.0,1,2,1,2,1.0,2.0,4.7526001989822165e-05,-2.2183571249393227e-19,1.0,0.0,0.0,False,False,False
skdreams,2,0.0,0,2,0,2,0.0,2.0,0.0,-1.5280723484190633e-19,,,,False,False,False
skeleton-is-alive,1,0.0,1,1,1,1,1.0,1.0,9.575462680642585e-07,1.8926992130611344e-09,1.0,0.0,0.0,False,False,False
skellyhell2,1,0.0,3,1,3,1,3.0,1.0,6.01912426256323e-07,8.477295496940067e-19,3.0,0.0,0.0,True,False,False
skeloton2k6,1,0.0,0,1,0,1,0.0,1.0,0.0,4.27453130265788e-20,,,,False,False,False
skiller2b,1,0.0,2,1,2,1,2.0,1.0,5.015936885469358e-08,2.1962555066268678e-18,2.0,0.0,0.0,False,False,False
skillexception,2,0.0,1,1,1,1,2.0,2.0,0.0,0.0002629479673339302,2.0,0.0,0.0,False,False,False
skinnygenez,1,0.0,0,1,0,1,0.0,1.0,0.0,-1.4852251375569818e-19,,,,False,False,False
skinnysnappy52,1,0.0,1,1,1,1,1.0,1.0,2.758765287008147e-07,-3.424529850653366e-19,1.0,0.0,0.0,False,False,False
skitzat,1,0.0,0,1,0,1,0.0,1.0,0.0,1.2660136462671352e-19,,,,False,False,False
skolcialism1,6,0.0,8,6,8,6,9.0,6.0,0.0026259855894985957,0.00017556369613366205,9.0,0.0,0.0,True,False,True
skoll_135,1,0.0,0,1,0,1,0.0,1.0,0.0,-2.2106915227534027e-19,,,,False,False,False
skore_smogon,2,0.0,2,2,2,2,2.0,2.0,0.000309653687944889,3.898424588468149e-06,2.0,0.0,0.0,False,False,False
skunktruk,1,0.0,0,1,0,1,0.0,1.0,0.0,-2.0140504205982646e-19,,,,False,False,False
sky19234,1,0.0,3,1,3,1,3.0,1.0,7.14358982792363e-06,1.1852886596484736e-05,3.0,0.0,0.0,True,False,False
skylam,3,0.0,0,2,0,2,0.0,3.0,0.0,-2.914420168661326e-21,,,,False,False,False
skyshroud6,3,0.0,2,3,2,3,2.0,3.0,0.00016909054275767541,0.0011256990337770072,2.0,0.0,0.0,False,False,False
slackwalker,1,0.0,0,1,0,1,0.0,1.0,0.0,7.155552802010864e-20,,,,False,False,False
slamminsamr,1,0.0,0,1,0,1,0.0,1.0,0.0,1.4136472753482898e-19,,,,False,False,False
slania227,1,0.0,0,1,0,1,0.0,1.0,0.0,-4.142929328794646e-20,,,,False,False,False
slapphanen,4,0.0,2,3,2,3,2.0,4.0,4.7801878518522976e-05,9.586010333761793e-19,2.0,0.0,0.0,False,False,False
slarkessc,3,0.0,2,3,2,3,2.0,3.0,0.00017180769239062214,0.00011825676381826223,2.0,0.0,0.0,False,False,False
slatekos,1,0.0,0,1,0,1,0.0,1.0,0.0,2.4377221234269184e-19,,,,False,False,False
slats_grobnik,2,0.0,0,2,0,2,0.0,2.0,0.0,6.70744213892199e-21,,,,False,False,False
slayermojo,1,0.0,0,1,0,1,0.0,1.0,0.0,1.33092453112915e-19,,,,False,False,False
slaylay,1,0.0,1,1,1,1,1.0,1.0,0.0,5.349930885193587e-06,1.0,0.0,0.0,False,False,False
slaymaker1907,4,0.0,6,4,6,4,7.0,4.0,0.0006206839219576134,0.0002689916856880703,7.0,0.0,0.0,True,False,True
sleepyfellow44,1,0.0,4,1,4,1,4.0,1.0,0.00022424365321475616,0.002713663554060774,4.0,0.0,0.0,True,False,False
sleggerthorn1909,1,0.0,1,1,1,1,1.0,1.0,4.747584262096746e-05,5.3122192138502286e-20,1.0,0.0,0.0,False,False,False
slejhy,1,0.0,0,1,0,1,0.0,1.0,0.0,-1.4560801059279124e-19,,,,False,False,False
slendeaway,1,0.0,0,1,0,1,0.0,1.0,0.0,1.6483936694304972e-19,,,,False,False,False
slight-efficiency-76,1,0.0,0,1,0,1,0.0,1.0,0.0,-1.8227653705558668e-22,,,,False,False,False
slightlybored13,2,0.0,0,2,0,2,0.0,2.0,0.0,1.882100707966834e-19,,,,False,False,False
sligstata,1,0.0,0,1,0,1,0.0,1.0,0.0,-2.5176299254779337e-19,,,,False,False,False
slimeywrack,2,0.0,1,1,1,1,1.0,2.0,0.0,7.55172950299205e-05,1.0,0.0,0.0,False,False,False
slo7h,1,0.0,0,1,0,1,0.0,1.0,0.0,2.3775497152669055e-19,,,,False,False,False
slorx7,1,0.0,1,1,1,1,1.0,1.0,0.00021999140102988497,1.1398772135065196e-05,1.0,0.0,0.0,False,False,False
slothmanjimbo,2,1.0,0,1,0,1,0.0,2.0,0.0,-1.4024732527662823e-19,,,,False,False,False
slothsushii,1,0.0,0,1,0,1,0.0,1.0,0.0,3.3062892920422106e-20,,,,False,False,False
slothwithsunglasses,1,0.0,0,1,0,1,0.0,1.0,0.0,8.941307817509281e-20,,,,False,False,False
slouchyguy,7,0.0,4,7,4,7,4.0,7.0,0.0016764067521369884,0.001960481446964752,4.0,0.0,0.0,True,False,False
slow_art_5365,1,0.0,0,0,0,0,0.0,0.0,0.0,-1.213301652656519e-19,,,,False,False,False
slow_challenge_62,1,0.0,0,1,0,1,0.0,1.0,0.0,-2.919033960489321e-19,,,,False,False,False
slowthebow,2,0.0,1,1,1,1,1.0,2.0,0.0,0.0006836943606257546,1.0,0.0,0.0,False,False,False
slrrp,2,0.0,1,2,1,2,1.0,2.0,1.0898615722040948e-06,1.248987895178028e-05,1.0,0.0,0.0,False,False,False
sluaghlock,5,0.0,3,5,3,5,4.0,5.0,0.0010813668223413158,0.00017433438932408407,4.0,0.0,0.0,True,False,False
slugggo,1,0.0,1,1,1,1,1.0,1.0,4.747584262096747e-05,-3.914464997998701e-20,1.0,0.0,0.0,False,False,False
slumlordthanatos,1,0.0,0,1,0,1,0.0,1.0,0.0,-1.3026903817544746e-19,,,,False,False,False
slurrper,1,0.0,0,1,0,1,0.0,1.0,0.0,1.7655373243197345e-19,,,,False,False,False
sluzi26,2,0.0,1,1,1,1,1.0,1.0,0.0,7.551729502992431e-05,1.0,0.0,0.0,False,False,False
sm00tharsenal,1,0.0,0,1,0,1,0.0,1.0,0.0,-1.0422315611522109e-19,,,,False,False,False
sm0ketrail,1,1.0,0,1,0,1,0.0,1.0,0.0,-4.55190995582807e-20,,,,False,False,False
sm733,1,0.0,0,1,0,1,0.0,1.0,0.0,-7.293012933227886e-20,,,,False,False,False
smallz86,1,0.0,0,1,0,1,0.0,1.0,0.0,-1.0634842197319822e-19,,,,False,False,False
smarifyrur,1,0.0,0,1,0,1,0.0,1.0,0.0,6.86502741169509e-20,,,,False,False,False
smart_finger_3491,1,0.0,0,1,0,1,0.0,1.0,0.0,8.075180874253841e-21,,,,False,False,False
smitchers,1,0.0,0,1,0,1,0.0,1.0,0.0,-2.3648067528503843e-20,,,,False,False,False
smo5,1,0.0,1,1,1,1,1.0,1.0,0.0,-6.418585019955521e-19,1.0,0.0,0.0,False,False,False
smoggyspectere,1,0.0,2,1,2,1,2.0,1.0,2.507968442734679e-08,3.5249242083397594e-20,2.0,0.0,0.0,False,False,False
smokedaweeeeds,2,0.0,2,1,2,1,2.0,2.0,0.0003211299513528031,0.002158756993725625,2.0,0.0,0.0,False,False,False
smoothy-y,1,0.0,0,1,0,1,0.0,1.0,0.0,1.5491055600900717e-19,,,,False,False,False
smuchz,1,0.0,0,1,0,1,0.0,1.0,0.0,-1.3673276297574306e-19,,,,False,False,False
snabbjaekel,1,0.0,1,1,1,1,1.0,1.0,0.0,1.9128065644060878e-18,1.0,0.0,0.0,False,False,False
snackygoat,1,0.0,1,1,1,1,1.0,1.0,0.0001460106357773719,3.739842465541717e-05,1.0,0.0,0.0,False,False,False
snakebite-2022,2,0.0,1,2,1,2,1.0,2.0,0.0002854145255354941,4.9422824626918245e-06,1.0,0.0,0.0,False,False,False
snakejobin,1,0.0,1,1,1,1,1.0,1.0,2.507968442734679e-08,-3.320391630223115e-19,1.0,0.0,0.0,False,False,False
snaozbaoz,1,0.0,1,1,1,1,1.0,1.0,4.747584262096747e-05,1.3907224219676236e-19,1.0,0.0,0.0,False,False,False
snaxrael,1,0.0,1,1,1,1,1.0,1.0,5.015936885469358e-08,2.6798527742417434e-20,1.0,0.0,0.0,False,False,False
snck_pck,4,0.25,1,4,1,4,1.0,4.0,4.747584262096747e-05,-5.820566941038762e-19,1.0,0.0,0.0,False,False,False
sneakatoken,1,0.0,0,1,0,1,0.0,1.0,0.0,2.6866445134469805e-19,,,,False,False,False
sneaky_rhin0,2,0.0,2,2,2,2,2.0,2.0,4.999217095851126e-05,7.223898561281526e-19,2.0,0.0,0.0,False,False,False
sneezyo,2,0.0,0,2,0,2,0.0,2.0,0.0,7.380133703645339e-20,,,,False,False,False
sneezyxcheezy,1,0.0,0,1,0,1,0.0,1.0,0.0,1.955583737430447e-19,,,,False,False,False
snelephant,1,0.0,0,1,0,1,0.0,1.0,0.0,2.3206297852745017e-20,,,,False,False,False
snes-1990,3,0.0,2,2,2,2,2.0,3.0,0.003225756400563525,0.005034392483932763,2.0,0.0,0.0,False,False,False
snigglejake,1,0.0,1,1,1,1,1.0,1.0,0.0,-2.743506065307132e-18,1.0,0.0,0.0,False,False,False
snikaz,1,0.0,0,1,0,1,0.0,1.0,0.0,-3.3854251660050675e-20,,,,False,False,False
snipamasta40,1,0.0,1,1,1,1,1.0,1.0,0.0,4.632824532159385e-05,1.0,0.0,0.0,False,False,False
sniperfrogdx,1,0.0,5,1,5,1,5.0,1.0,0.002545720268268152,1.6403508044295625e-07,5.0,0.0,0.0,True,False,True
sniperu,1,0.0,0,1,0,1,0.0,1.0,0.0,5.454971506937773e-21,,,,False,False,False
snoobeans5652,1,0.0,0,1,0,1,0.0,1.0,0.0,1.5217484992778086e-19,,,,False,False,False
snoobunnies9694,4,0.0,0,3,0,3,0.0,4.0,0.0,9.659791552492373e-20,,,,False,False,False
snoocupcakes1241,1,0.0,0,1,0,1,0.0,1.0,0.0,8.723288969576849e-20,,,,False,False,False
snoomacaroons8650,2,0.0,1,2,1,2,1.0,2.0,5.7400090193031537e-05,2.164579743222123e-05,1.0,0.0,0.0,False,False,False
snorlaxchef,1,0.0,0,1,0,1,0.0,1.0,0.0,6.4557913894547074e-21,,,,False,False,False
snow_b_wan,1,0.0,0,1,0,1,0.0,1.0,0.0,-7.149607045179621e-20,,,,False,False,False
snowpoint_wow,1,0.0,2,1,2,1,2.0,1.0,1.1792427808715552e-06,0.0003092002779211188,2.0,0.0,0.0,False,False,False
snugzz,1,0.0,2,1,2,1,2.0,1.0,0.00010229910721936515,1.8184849749428934e-05,2.0,0.0,0.0,False,False,False
snukb,2,0.0,2,2,2,2,2.0,2.0,9.497676492636229e-05,-7.949080618796072e-19,2.0,0.0,0.0,False,False,False
snypervii,2,0.5,4,2,4,2,4.0,2.0,0.0001718841347401185,0.0013850527573937344,4.0,0.0,0.0,True,False,False
sobeman,4,0.0,1,3,1,3,1.0,4.0,7.05632673765925e-05,9.6077058704614e-07,1.0,0.0,0.0,False,False,False
socatoas666,1,0.0,0,1,0,1,0.0,1.0,0.0,6.973434873114473e-20,,,,False,False,False
sociallyawkwardsnake,1,1.0,2,1,2,1,2.0,1.0,1.3860383780713151e-05,0.00013508103090164732,2.0,0.0,0.0,False,False,False
sociocat101,1,0.0,0,1,0,1,0.0,1.0,0.0,-3.7735993801913553e-20,,,,False,False,False
sofaking1133,1,,0,1,0,1,0.0,0.0,0.0,-3.249041252849325e-20,,,,False,False,False
soft-adagio-9734,1,0.0,2,1,2,1,2.0,1.0,3.7619526641020184e-08,-1.090078492626851e-18,2.0,0.0,0.0,False,False,False
soggy-assistant2855,1,0.0,1,1,1,1,1.0,1.0,0.0,3.0234332984098173e-05,1.0,0.0,0.0,False,False,False
soggy_porpoise,1,0.0,0,1,0,1,0.0,1.0,0.0,7.187050659422998e-20,,,,False,False,False
soggytoasttime,1,0.0,9,1,9,1,9.0,1.0,0.00017407340026675552,0.004039977240521004,9.0,0.0,0.0,True,False,False
solavitae,1,0.0,0,1,0,1,0.0,1.0,0.0,-1.415091194294519e-19,,,,False,False,False
solecis,3,0.0,1,3,1,3,1.0,3.0,1.7447444630791906e-05,5.6722789855881706e-06,1.0,0.0,0.0,False,False,False
solidsky,1,0.0,1,1,1,1,1.0,1.0,2.08667801279552e-05,1.1818948569276831e-19,1.0,0.0,0.0,False,False,False
solry3,1,0.0,0,1,0,1,0.0,1.0,0.0,-2.5750667982999846e-20,,,,False,False,False
solventlessherbalist,4,0.0,2,4,2,4,2.0,4.0,1.0276669405009926e-05,-1.2403742304810047e-18,2.0,0.0,0.0,False,False,False
som12h8,1,0.0,0,1,0,1,0.0,1.0,0.0,-1.2986061506487026e-19,,,,False,False,False
some-opportunity7015,1,0.0,1,1,1,1,1.0,1.0,2.6520190902474523e-05,1.5482716323893875e-06,1.0,0.0,0.0,False,False,False
some1todisagreewith,1,0.0,2,1,2,1,2.0,1.0,0.00017663451622881577,3.726770746727294e-07,2.0,0.0,0.0,False,False,False
some_deer_2650,1,0.0,0,1,0,1,0.0,1.0,0.0,-7.657374805786731e-21,,,,False,False,False
some_society_7614,1,0.0,1,1,1,1,1.0,1.0,1.7555779099142752e-07,-3.211163337960203e-20,1.0,0.0,0.0,False,False,False
some_troll_shaman,1,0.0,0,1,0,1,0.0,1.0,0.0,2.6296938488167956e-19,,,,False,False,False
somegirl03,1,0.0,0,1,0,1,0.0,1.0,0.0,-2.0760343092248283e-20,,,,False,False,False
somej0e,1,0.0,0,1,0,1,0.0,1.0,0.0,4.612312602274151e-20,,,,False,False,False
somewhaleman,1,0.0,0,1,0,1,0.0,1.0,0.0,-2.234055690287705e-19,,,,False,False,False
somniumov,3,0.0,3,3,3,3,3.0,3.0,0.000626342376233508,0.00013689252535602415,3.0,0.0,0.0,True,False,False
somrin,2,0.0,0,2,0,2,0.0,2.0,0.0,1.4974760350088995e-20,,,,False,False,False
son_of_morkai,1,0.0,0,1,0,1,0.0,1.0,0.0,8.734087062472191e-20,,,,False,False,False
songsecret6875,1,0.0,1,1,1,1,1.0,1.0,0.0,1.73318059040317e-19,1.0,0.0,0.0,False,False,False
sonicneedslovetoo,1,0.0,0,1,0,1,0.0,1.0,0.0,-1.3107541996323491e-19,,,,False,False,False
sonicrules11,2,0.0,1,2,1,2,1.0,2.0,4.747584262096747e-05,2.903969392773955e-20,1.0,0.0,0.0,False,False,False
sonofbaal_tbc,1,0.0,0,1,0,1,0.0,1.0,0.0,1.7516472675399165e-20,,,,False,False,False
sonokiabutsu,1,0.0,0,1,0,1,0.0,1.0,0.0,-2.8313872392070467e-20,,,,False,False,False
sonunjon,1,0.0,0,1,0,1,0.0,1.0,0.0,2.3000841971396234e-19,,,,False,False,False
soppywaffle,1,0.0,0,1,0,1,0.0,1.0,0.0,-4.196231880536728e-20,,,,False,False,False
sora_terumi,2,0.0,1,2,1,2,1.0,2.0,0.00020042308886727316,1.1103312871523114e-12,1.0,0.0,0.0,False,False,False
sore_elbow,1,0.0,2,1,2,1,2.0,1.0,4.762632072753155e-05,-2.7917212694812424e-18,2.0,0.0,0.0,False,False,False
sori75,1,0.0,1,1,1,1,1.0,1.0,0.0,0.001810491495880185,1.0,0.0,0.0,False,False,False
sorry-landscape-8700,2,0.0,0,1,0,1,0.0,2.0,0.0,-7.192943380233126e-20,,,,False,False,False
sorry-light-2378,2,0.0,1,1,1,1,1.0,2.0,0.0,0.0018104914958801876,1.0,0.0,0.0,False,False,False
sorry_wrongdoer_7168,1,0.0,3,1,3,1,3.0,1.0,1.800280533510689e-05,0.00036847626687956295,3.0,0.0,0.0,True,False,False
sosmartish,1,0.0,0,1,0,1,0.0,1.0,0.0,-6.18614287687892e-20,,,,False,False,False
soulrayze,1,0.0,0,1,0,1,0.0,1.0,0.0,-8.663941011658414e-20,,,,False,False,False
soulsleep,1,0.0,0,1,0,1,0.0,1.0,0.0,3.634858348997844e-20,,,,False,False,False
sourcefour,1,0.0,0,1,0,1,0.0,1.0,0.0,4.6934937383543535e-20,,,,False,False,False
southern-march1522,1,0.0,5,1,5,1,5.0,1.0,0.00016318477844030197,0.002069385484551124,5.0,0.0,0.0,True,False,False
sowhereismydream,1,0.0,1,1,1,1,1.0,1.0,0.0,1.4738463578498909e-05,1.0,0.0,0.0,False,False,False
sozarinya,1,0.0,2,1,2,1,2.0,1.0,2.507968442734679e-08,1.4681965161850278e-18,2.0,0.0,0.0,False,False,False
spacemonkeybravo,1,1.0,0,1,0,1,0.0,1.0,0.0,-1.4688720153964443e-19,,,,False,False,False
spacesnailee,1,0.0,0,1,0,1,0.0,1.0,0.0,-3.7406324953757446e-20,,,,False,False,False
spacexhoe,1,0.0,0,1,0,1,0.0,1.0,0.0,-1.7230338053903305e-19,,,,False,False,False
spachi1281,3,0.0,2,3,2,3,2.0,3.0,9.495168524193492e-05,5.761675575301629e-21,2.0,0.0,0.0,False,False,False
spaghettinyeetballs,1,0.0,1,1,1,1,1.0,1.0,0.0,-4.276028072731739e-18,1.0,0.0,0.0,False,False,False
sparkii_exe,2,0.0,1,2,1,2,1.0,2.0,0.0,7.3597253095721956e-06,1.0,0.0,0.0,False,False,False
sparkinx,4,0.0,2,4,2,4,3.0,4.0,0.0005524032085945335,1.1614916134383739e-05,3.0,0.0,0.0,False,False,False
sparkly_crow_1789,2,0.0,1,2,1,2,1.0,2.0,1.0449122509792263e-05,4.590209031498042e-05,1.0,0.0,0.0,False,False,False
sparrow1989,1,0.0,1,1,1,1,1.0,1.0,0.0002496180991053826,0.0001376446263664681,1.0,0.0,0.0,False,False,False
sparrowgb,2,0.0,0,2,0,2,0.0,2.0,0.0,2.0805955812400363e-20,,,,False,False,False
spartaxwarrior,1,0.0,0,1,0,1,0.0,1.0,0.0,1.1843178561764944e-19,,,,False,False,False
spasios,1,0.0,0,1,0,1,0.0,1.0,0.0,2.2344942364282734e-19,,,,False,False,False
special_expert_222,3,0.0,1,1,1,1,1.0,3.0,0.0,0.0026393505784059927,1.0,0.0,0.0,False,False,False
special_grapefroot,1,0.0,1,1,1,1,1.0,1.0,4.871442193651679e-05,0.002149540042028712,1.0,0.0,0.0,False,False,False
specialistunlikely73,1,0.0,0,1,0,1,0.0,1.0,0.0,1.5140768348303292e-20,,,,False,False,False
specific_frame8537,2,0.5,0,2,0,2,0.0,2.0,0.0,1.7337817346234604e-19,,,,False,False,False
specificunlucky3260,1,0.0,0,1,0,1,0.0,1.0,0.0,-1.5972182351009488e-20,,,,False,False,False
specter2k,1,0.0,0,1,0,1,0.0,1.0,0.0,1.7258233750752054e-19,,,,False,False,False
specterdeflector92,1,1.0,0,1,0,1,0.0,1.0,0.0,2.362194201078693e-20,,,,False,False,False
speed231,1,0.0,1,1,1,1,1.0,1.0,7.80943753540947e-05,1.9357461270790723e-05,1.0,0.0,0.0,False,False,False
spekkorage,1,0.0,0,1,0,1,0.0,1.0,0.0,1.2301263396007053e-19,,,,False,False,False
spellninja,1,0.0,0,1,0,1,0.0,1.0,0.0,3.628850592519122e-19,,,,False,False,False
spelvout,1,0.0,0,1,0,1,0.0,1.0,0.0,1.934314435400356e-19,,,,False,False,False
spendyt,1,0.0,0,1,0,1,0.0,1.0,0.0,-8.841048303653419e-20,,,,False,False,False
spider_queen13,1,0.0,12,1,12,1,12.0,1.0,0.00010175933820897268,0.013378587958238205,12.0,0.0,0.0,True,False,False
spideraxe30,1,0.0,0,1,0,1,0.0,1.0,0.0,1.0760534713999572e-19,,,,False,False,False
spiderdk1,3,0.0,0,3,0,3,0.0,3.0,0.0,-2.244545080671638e-19,,,,False,False,False
spiltprangejuice,1,0.0,0,1,0,1,0.0,1.0,0.0,2.687427473927851e-19,,,,False,False,False
spiral-knight,4,0.25,1,2,1,2,2.0,4.0,0.00012482158939490496,1.3981705714389827e-08,2.0,0.0,0.0,False,False,False
spirited_mechanic731,1,0.0,0,1,0,1,0.0,1.0,0.0,-1.4843799298412083e-19,,,,False,False,False
spiritual_big_7505,2,0.0,2,1,2,1,2.0,2.0,5.015936885469358e-08,0.0019348915468693907,2.0,0.0,0.0,False,False,False
spiritual_payment940,1,0.0,0,1,0,1,0.0,1.0,0.0,1.3110876522219192e-19,,,,False,False,False
spiritualad1837,1,0.0,0,1,0,1,0.0,1.0,0.0,-1.3855667406394196e-19,,,,False,False,False
spl4sh3r,1,0.0,0,1,0,1,0.0,1.0,0.0,-3.5063449592455666e-21,,,,False,False,False
splatomat,1,0.0,0,1,0,1,0.0,1.0,0.0,9.538693040919855e-20,,,,False,False,False
splatter_spree,1,0.0,0,1,0,1,0.0,1.0,0.0,-7.588479584231982e-20,,,,False,False,False
splintzer,2,0.0,1,2,1,2,2.0,2.0,3.152207812590012e-05,1.4453321772551616e-18,2.0,0.0,0.0,False,False,False
splodingseal,1,0.0,0,1,0,1,0.0,1.0,0.0,-6.622894607603729e-20,,,,False,False,False
spoksparkare,2,0.0,3,1,3,1,4.0,2.0,0.00015793266743602377,0.09344493165731746,4.0,0.0,0.0,True,False,False
spooche,1,0.0,1,1,1,1,1.0,1.0,0.0001425954948870928,1.5480094832193225e-06,1.0,0.0,0.0,False,False,False
spotak,1,0.0,0,1,0,1,0.0,1.0,0.0,-4.421881991859151e-21,,,,False,False,False
spraguenator,2,0.0,3,2,3,2,3.0,2.0,0.0011756295194280783,0.014493293113846097,3.0,0.0,0.0,True,False,False
spriggz_z7z,2,0.0,0,2,0,2,0.0,2.0,0.0,-1.749815630831485e-19,,,,False,False,False
sprucemuse,3,0.0,1,3,1,3,1.0,3.0,9.315172027148651e-06,1.71030336969659e-05,1.0,0.0,0.0,False,False,False
spunkmckullins,5,0.0,6,5,6,5,6.0,5.0,0.0038673053128838748,0.09479462542858155,6.0,0.0,0.0,True,False,True
spyreon,1,0.0,0,1,0,1,0.0,1.0,0.0,1.0487751277687053e-20,,,,False,False,False
sqf,1,0.0,0,1,0,1,0.0,1.0,0.0,-1.445707543948269e-19,,,,False,False,False
squadel,1,0.0,0,1,0,1,0.0,1.0,0.0,-3.123878039951139e-20,,,,False,False,False
square_dry,1,0.0,0,1,0,1,0.0,1.0,0.0,7.120704080715351e-20,,,,False,False,False
squash-false,1,0.0,0,1,0,1,0.0,1.0,0.0,-2.3291402743349904e-19,,,,False,False,False
squat551,1,0.0,0,1,0,1,0.0,1.0,0.0,-1.1705077365593026e-19,,,,False,False,False
squeeches,1,0.0,1,1,1,1,1.0,1.0,7.0939134218563785e-06,1.8926992122290415e-09,1.0,0.0,0.0,False,False,False
squery7,1,0.0,1,1,1,1,1.0,1.0,4.747584262096747e-05,2.5547397512758026e-20,1.0,0.0,0.0,False,False,False
squigley78,2,0.0,0,2,0,2,0.0,2.0,0.0,1.3095613937436287e-19,,,,False,False,False
squishybloo,3,0.0,0,2,0,2,0.0,3.0,0.0,-1.0494317649129228e-19,,,,False,False,False
st-shenanigans,1,0.0,0,1,0,1,0.0,1.0,0.0,5.181467682233203e-20,,,,False,False,False
st34khouse,1,0.0,1,1,1,1,1.0,1.0,0.0,0.0018104914958801852,1.0,0.0,0.0,False,False,False
standard-pilot7473,1,0.0,0,1,0,1,0.0,1.0,0.0,-7.812890393118158e-20,,,,False,False,False
standard-sleep-1573,1,0.0,0,1,0,1,0.0,1.0,0.0,3.1716212318200426e-19,,,,False,False,False
standard_cut_6115,1,0.0,1,1,1,1,1.0,1.0,2.266624703324207e-05,7.786156866664911e-20,1.0,0.0,0.0,False,False,False
standardizedgenie,2,0.0,1,2,1,2,1.0,2.0,6.877415788127347e-05,-4.379458243836424e-19,1.0,0.0,0.0,False,False,False
standardredditor456,1,0.0,0,1,0,1,0.0,1.0,0.0,-1.833059781666406e-19,,,,False,False,False
stanthemanbaratheon,3,0.0,0,2,0,2,0.0,3.0,0.0,-1.736831168682078e-19,,,,False,False,False
staplepies,2,0.0,1,1,1,1,2.0,2.0,0.0,-1.2578177938585293e-18,2.0,0.0,0.0,False,False,False
staran,3,0.0,1,3,1,3,1.0,3.0,7.193139575877631e-05,1.4822664041750667e-18,1.0,0.0,0.0,False,False,False
starveiled,1,0.0,0,1,0,1,0.0,1.0,0.0,1.0666171625984703e-19,,,,False,False,False
staschman,1,0.0,2,1,2,1,2.0,1.0,4.7450762936540124e-05,0.0021468573371471867,2.0,0.0,0.0,False,False,False
stay_zero247,2,0.0,0,2,0,2,0.0,2.0,0.0,1.8506918446138767e-19,,,,False,False,False
stayka,1,1.0,0,1,0,1,0.0,1.0,0.0,-4.734122456473357e-20,,,,False,False,False
steamdrice,1,0.0,0,1,0,1,0.0,1.0,0.0,2.2076430173376653e-19,,,,False,False,False
steathrazor,3,0.0,3,3,3,3,3.0,3.0,0.00014292238471897616,2.7442086758553196e-06,3.0,0.0,0.0,True,False,False
stefffe28,1,0.0,0,1,0,1,0.0,1.0,0.0,2.4877037524623182e-19,,,,False,False,False
steini3000,1,0.0,0,1,0,1,0.0,1.0,0.0,6.434457545614126e-20,,,,False,False,False
stellardecay,1,0.0,0,1,0,1,0.0,1.0,0.0,1.0156398065138819e-20,,,,False,False,False
stelle8,1,0.0,1,1,1,1,1.0,1.0,4.7475842620967475e-05,3.951425665733206e-19,1.0,0.0,0.0,False,False,False
stew_fondu,6,0.0,56,5,56,5,57.0,5.0,0.0041271092378950295,0.0006302774856398788,57.0,0.0,0.0,True,False,True
stewtonius,1,0.0,0,1,0,1,0.0,1.0,0.0,-1.529429830737459e-20,,,,False,False,False
stickministeren,1,0.0,0,1,0,1,0.0,1.0,0.0,1.2800073941136034e-19,,,,False,False,False
sticky-gazelle,1,0.0,0,1,0,1,0.0,1.0,0.0,-8.440485212935765e-20,,,,False,False,False
stickyfantastic,1,0.0,1,1,1,1,1.0,1.0,0.0,2.933098775665229e-19,1.0,0.0,0.0,False,False,False
stiligfox,1,0.0,0,1,0,1,0.0,1.0,0.0,1.0356871219985954e-19,,,,False,False,False
still-expression-71,1,0.0,0,1,0,1,0.0,1.0,0.0,1.4466174948961475e-19,,,,False,False,False
still-potato-3189,1,0.0,0,1,0,1,0.0,1.0,0.0,6.788882099238501e-20,,,,False,False,False
stinkydiaperman,1,0.0,0,1,0,1,0.0,1.0,0.0,2.925785220860565e-19,,,,False,False,False
stodds13,1,0.0,0,1,0,1,0.0,1.0,0.0,1.1088440693455086e-19,,,,False,False,False
stoicmori,1,0.0,0,1,0,1,0.0,1.0,0.0,5.784980319298396e-21,,,,False,False,False
stoked-and-broke,1,0.0,0,1,0,1,0.0,1.0,0.0,2.0470196099761877e-19,,,,False,False,False
stoleyk,3,0.0,0,3,0,3,0.0,3.0,0.0,1.7637455595329017e-19,,,,False,False,False
storage_god,2,0.0,0,2,0,2,0.0,2.0,0.0,2.2005657579645095e-20,,,,False,False,False
storm_dancer-022,1,0.0,2,1,2,1,2.0,1.0,0.0,0.00018882251983523337,2.0,0.0,0.0,False,False,False
stormbeastrivin,3,0.0,1,3,1,3,1.0,3.0,0.00012479650971047762,5.541861022687549e-05,1.0,0.0,0.0,False,False,False
stormclawseuw,1,0.0,0,1,0,1,0.0,1.0,0.0,-1.1739211326032947e-19,,,,False,False,False
stormdragonalthazar,1,0.0,0,1,0,1,0.0,1.0,0.0,-4.4231774032109676e-20,,,,False,False,False
stormik,2,0.0,0,2,0,2,0.0,2.0,0.0,-1.3013828204970563e-19,,,,False,False,False
stormraughtz,2,0.0,12,2,12,2,12.0,2.0,0.0018567437125026544,0.00036820088002303866,12.0,0.0,0.0,True,False,True
stoutkeg,2,0.0,1,2,1,2,1.0,2.0,4.750092230539482e-05,4.518850711988931e-19,1.0,0.0,0.0,False,False,False
straight-fox-9388,1,0.0,0,1,0,1,0.0,1.0,0.0,2.0619288202472073e-19,,,,False,False,False
straightad689,2,0.0,1,2,1,2,1.0,2.0,6.595548807977048e-05,7.307899745572977e-09,1.0,0.0,0.0,False,False,False
strangeassonance,3,0.0,1,3,1,3,1.0,3.0,4.750092230539482e-05,6.503933870237719e-19,1.0,0.0,0.0,False,False,False
strat7855,1,0.0,2,1,2,1,2.0,1.0,0.0,0.001129677584856297,2.0,0.0,0.0,False,False,False
street-two1818,1,0.0,0,1,0,1,0.0,1.0,0.0,-6.871043352688796e-20,,,,False,False,False
strepitoso,1,0.0,0,1,0,1,0.0,1.0,0.0,-3.521747591049294e-20,,,,False,False,False
stretchylemon,1,0.0,2,1,2,1,2.0,1.0,4.89839892295867e-05,0.002243639548609556,2.0,0.0,0.0,False,False,False
strigidae_autumnus,1,0.0,4,1,4,1,5.0,1.0,0.000124896828448187,0.00014550959955213344,5.0,0.0,0.0,True,False,False
strong-world-5749,1,0.0,2,1,2,1,2.0,1.0,2.507968442734679e-08,3.3203567402529023e-19,2.0,0.0,0.0,False,False,False
strong_cucumber,1,0.0,0,1,0,1,0.0,1.0,0.0,1.0902473941563665e-19,,,,False,False,False
strong_proposal5200,1,0.0,0,1,0,1,0.0,1.0,0.0,1.0351058711622966e-20,,,,False,False,False
strongasants,1,0.0,0,1,0,1,0.0,1.0,0.0,-2.9168237757336204e-20,,,,False,False,False
structureel,1,0.0,0,1,0,1,0.0,1.0,0.0,6.405862555278135e-20,,,,False,False,False
structuremage,1,0.0,0,1,0,1,0.0,1.0,0.0,2.9258520892089025e-20,,,,False,False,False
strykehammer,1,0.0,0,1,0,1,0.0,1.0,0.0,1.1991914261345173e-19,,,,False,False,False
stuffedsnowowl,1,0.0,1,1,1,1,1.0,1.0,3.4515467630254266e-05,2.382024753852191e-05,1.0,0.0,0.0,False,False,False
stuisready,2,0.0,0,2,0,2,0.0,2.0,0.0,-4.084397942636141e-21,,,,False,False,False
stunning_arm_96,1,0.0,0,1,0,1,0.0,1.0,0.0,-1.7634289465779148e-19,,,,False,False,False
stuperstrong,1,0.0,1,1,1,1,1.0,1.0,0.0,0.00014819499977858567,1.0,0.0,0.0,False,False,False
stupidbabycomparison,1,0.0,1,1,1,1,1.0,1.0,0.0,6.248132754597035e-06,1.0,0.0,0.0,False,False,False
stutzi155,1,0.0,0,1,0,1,0.0,1.0,0.0,3.3605418312105807e-19,,,,False,False,False
su1cidal_fox,1,0.0,1,1,1,1,1.0,1.0,0.0,6.228383671255854e-07,1.0,0.0,0.0,False,False,False
subject_yam4066,1,0.0,0,1,0,1,0.0,1.0,0.0,4.844896268300572e-20,,,,False,False,False
sublym,1,0.0,1,1,1,1,1.0,1.0,4.7475842620967475e-05,3.401733130438332e-20,1.0,0.0,0.0,False,False,False
substantial-newt-257,3,0.0,4,3,4,3,4.0,3.0,0.004927347150722051,0.006276523663593248,4.0,0.0,0.0,True,False,False
subthebeast,1,0.0,0,1,0,1,0.0,1.0,0.0,-2.712547344248639e-19,,,,False,False,False
subvertu,1,0.0,0,1,0,1,0.0,1.0,0.0,-3.949489150997699e-19,,,,False,False,False
subwaydeer,1,0.0,0,1,0,1,0.0,1.0,0.0,3.4367346883135656e-20,,,,False,False,False
successful-ad-6259,1,0.0,0,1,0,1,0.0,1.0,0.0,-3.611674766228403e-19,,,,False,False,False
successful_battle665,2,0.0,1,1,1,1,2.0,2.0,0.0,0.09344260543759529,2.0,0.0,0.0,False,False,False
successful_divide126,1,0.0,3,1,3,1,3.0,1.0,0.000401579407530442,0.00025178596625932134,3.0,0.0,0.0,True,False,False
successful_yellow285,1,0.0,0,1,0,1,0.0,1.0,0.0,1.772771671820248e-19,,,,False,False,False
successfulice6855,4,0.5,3,4,3,4,3.0,4.0,0.0007714274245467333,0.0013882680030073101,3.0,0.0,0.0,True,False,False
suchtattedhands,1,0.0,0,1,0,1,0.0,1.0,0.0,-2.1673151843107423e-21,,,,False,False,False
sudoscientistagain,1,0.0,0,1,0,1,0.0,1.0,0.0,8.966418536681421e-20,,,,False,False,False
suffelix,1,0.0,2,1,2,1,2.0,1.0,0.00012474635034162291,1.7891389218203642e-05,2.0,0.0,0.0,False,False,False
sufficient_gur1168,1,0.0,0,1,0,1,0.0,1.0,0.0,5.107117368902782e-20,,,,False,False,False
sufficient_school_17,1,0.0,0,1,0,1,0.0,1.0,0.0,-9.508610553455642e-20,,,,False,False,False
sufficientbreakfast1,1,0.0,0,1,0,1,0.0,1.0,0.0,2.443585830985548e-19,,,,False,False,False
sugemipulacum,1,1.0,0,1,0,1,0.0,1.0,0.0,9.147281801113608e-20,,,,False,False,False
sugmuhdig19,1,0.0,0,1,0,1,0.0,1.0,0.0,-9.89162976416064e-20,,,,False,False,False
suitable-turn-4727,1,0.0,0,1,0,1,0.0,1.0,0.0,-2.508853763974319e-20,,,,False,False,False
suitable_half_7830,1,0.0,1,1,1,1,1.0,1.0,0.0,7.9636005065174e-05,1.0,0.0,0.0,False,False,False
suitboat,1,0.0,0,1,0,1,0.0,1.0,0.0,-1.006304792330715e-19,,,,False,False,False
sujesmi,3,0.0,1,3,1,3,1.0,3.0,0.00012591145096710904,1.248987895177979e-05,1.0,0.0,0.0,False,False,False
sulination1234,2,0.0,0,2,0,2,0.0,2.0,0.0,1.8932225815353506e-19,,,,False,False,False
sunderstar,1,0.0,0,1,0,1,0.0,1.0,0.0,-4.191231752976778e-20,,,,False,False,False
sunderwire,2,0.0,1,2,1,2,1.0,2.0,9.497676492636229e-05,6.151855179687593e-19,1.0,0.0,0.0,False,False,False
sunflowerpetbattler,1,1.0,1,1,1,1,1.0,1.0,4.747584262096747e-05,-3.075459781527333e-19,1.0,0.0,0.0,False,False,False
sunitisim,2,0.0,0,1,0,1,0.0,1.0,0.0,8.2353596155764e-21,,,,False,False,False
sunshado,4,0.0,0,4,0,4,0.0,4.0,0.0,-1.9581001376278715e-20,,,,False,False,False
super_flywhiteguy,1,1.0,0,1,0,1,0.0,1.0,0.0,1.3925464193646093e-19,,,,False,False,False
superb_page8825,1,0.0,0,1,0,1,0.0,1.0,0.0,1.6206421043397668e-19,,,,False,False,False
superb_raspberry_511,1,0.0,0,1,0,1,0.0,1.0,0.0,7.573927130218591e-20,,,,False,False,False
superbeast423,2,0.0,1,2,1,2,1.0,2.0,5.015936885469358e-08,4.075450964301545e-19,1.0,0.0,0.0,False,False,False
supercell2o2,1,0.0,0,1,0,1,0.0,1.0,0.0,1.7103934976019782e-19,,,,False,False,False
superfadeaway,2,0.0,3,2,3,2,3.0,2.0,0.00044698778062814853,0.0002552197889750955,3.0,0.0,0.0,True,False,False
superjbird10,2,0.0,0,2,0,2,0.0,2.0,0.0,1.4677372004888674e-20,,,,False,False,False
supermadafaker40,1,0.0,0,1,0,1,0.0,1.0,0.0,8.431318682979698e-20,,,,False,False,False
supersalv,1,0.0,0,1,0,1,0.0,1.0,0.0,-2.4890713575997956e-19,,,,False,False,False
supertramp1808,1,0.0,1,1,1,1,1.0,1.0,0.0,8.541339921001083e-06,1.0,0.0,0.0,False,False,False
superwhovianfreak,1,0.0,0,1,0,1,0.0,1.0,0.0,-1.9771639242859776e-20,,,,False,False,False
support_player50,6,0.0,3,6,3,6,3.0,6.0,0.0011191591432351444,0.00024900940336145596,3.0,0.0,0.0,True,False,False
supreme_salt_lord,2,0.5,0,2,0,2,0.0,2.0,0.0,3.2537075433610237e-19,,,,False,False,False
surprisesharp7139,1,0.0,0,1,0,1,0.0,1.0,0.0,-1.9681812437967419e-19,,,,False,False,False
suspicious_hamster70,1,0.0,0,1,0,1,0.0,1.0,0.0,9.939817088112674e-20,,,,False,False,False
suspicious_key,1,0.0,2,1,2,1,2.0,1.0,1.053346745948565e-06,4.549608494668076e-19,2.0,0.0,0.0,False,False,False
svarok_na,1,1.0,0,1,0,1,0.0,1.0,0.0,5.538448261826743e-19,,,,False,False,False
svenberit,1,0.0,77,1,77,1,80.0,1.0,0.005083783277220456,0.043428532498256366,80.0,0.0,0.0,True,False,True
svihelen,1,0.0,1,1,1,1,1.0,1.0,0.00025045273738901364,3.3797293820408625e-05,1.0,0.0,0.0,False,False,False
swarlesbarkleyyyyy,1,0.0,0,1,0,1,0.0,1.0,0.0,9.878920953944958e-20,,,,False,False,False
sweaty_assignment_20,1,0.0,0,1,0,1,0.0,1.0,0.0,3.6582666094022764e-19,,,,False,False,False
sweep71,1,0.0,0,1,0,1,0.0,1.0,0.0,-2.875425290469625e-19,,,,False,False,False
sweet_painting9451,1,0.0,1,1,1,1,1.0,1.0,0.0,5.383578334105116e-06,1.0,0.0,0.0,False,False,False
sweetextract,1,0.0,1,1,1,1,1.0,1.0,2.507968442734679e-08,-1.344024532975801e-18,1.0,0.0,0.0,False,False,False
swendos,1,0.0,1,1,1,1,1.0,1.0,0.0,1.9346430806112707e-06,1.0,0.0,0.0,False,False,False
swerakii,1,0.0,0,1,0,1,0.0,1.0,0.0,1.2237102692287128e-19,,,,False,False,False
swert0,4,0.0,1,4,1,4,1.0,4.0,0.0017592448535775017,1.9710364632294688e-05,1.0,0.0,0.0,False,False,False
swervot3k,1,0.0,0,1,0,1,0.0,1.0,0.0,3.0860213366094366e-19,,,,False,False,False
swiftzor,4,0.0,1,4,1,4,1.0,4.0,0.0003903621457702422,0.0019682606966312747,1.0,0.0,0.0,False,False,False
swimming_astronomer9,1,0.0,0,1,0,1,0.0,1.0,0.0,-3.234306603594565e-19,,,,False,False,False
swisscheeseischess,1,0.0,0,1,0,1,0.0,1.0,0.0,3.457217304297277e-24,,,,False,False,False
sword_n_board,2,0.5,1,1,1,1,1.0,2.0,0.0,-2.6940993703319336e-18,1.0,0.0,0.0,False,False,False
swordsandnumbers,1,0.0,1,1,1,1,1.0,1.0,0.0,5.5233750510571656e-05,1.0,0.0,0.0,False,False,False
swordsfish,2,0.0,1,1,1,1,1.0,2.0,0.0,0.0018104914958801854,1.0,0.0,0.0,False,False,False
sy_husky,1,0.0,1,1,1,1,1.0,1.0,3.009562131281615e-07,-1.051388263085893e-18,1.0,0.0,0.0,False,False,False
syberpank,1,0.0,3,1,3,1,3.0,1.0,2.8035370474635736e-05,0.0003955222187766005,3.0,0.0,0.0,True,False,False
sydney12344,3,0.0,2,2,2,2,2.0,3.0,6.774609646831738e-05,5.103538515944561e-06,2.0,0.0,0.0,False,False,False
sydricvym,1,0.0,2,1,2,1,2.0,1.0,0.0001809626027721539,9.025025681358056e-06,2.0,0.0,0.0,False,False,False
syfer_husker,2,0.0,78,2,78,2,78.0,2.0,0.00024414017007379232,0.01916055761588657,78.0,0.0,0.0,True,False,False
syltraul,1,0.0,0,1,0,1,0.0,1.0,0.0,1.2338262617575756e-20,,,,False,False,False
sylva748,2,0.0,1,2,1,2,1.0,2.0,0.00013150825396404276,0.0001580327582486138,1.0,0.0,0.0,False,False,False
symphonicstorm,1,0.0,2,1,2,1,2.0,1.0,3.2092988429429434e-05,7.712542971319594e-20,2.0,0.0,0.0,False,False,False
synersul,1,1.0,0,1,0,1,0.0,1.0,0.0,-3.2753732984827274e-20,,,,False,False,False
synnz22,2,0.0,3,2,3,2,3.0,2.0,0.0002209693168253755,5.485000108886389e-06,3.0,0.0,0.0,True,False,False
synrg18,5,0.0,1,5,1,5,1.0,5.0,0.0005881294841774945,8.792174092805408e-06,1.0,0.0,0.0,False,False,False
syntonization1,1,0.0,1,1,1,1,1.0,1.0,1.2401605381651234e-05,1.7129125394115686e-05,1.0,0.0,0.0,False,False,False
syrairc,1,0.0,0,1,0,1,0.0,1.0,0.0,1.050957033133116e-20,,,,False,False,False
syrif,5,0.0,5,5,5,5,7.0,5.0,0.002299273787541305,0.002122411304085815,7.0,0.0,0.0,True,False,True
systemofcells,5,0.0,5,5,5,5,6.0,5.0,0.00027260467758414886,1.2164556788494606e-06,6.0,0.0,0.0,True,False,False
systrance,1,0.0,1,1,1,1,1.0,1.0,0.0,0.0005861034783252706,1.0,0.0,0.0,False,False,False
szansky,1,0.0,0,1,0,1,0.0,1.0,0.0,-5.313194830236207e-20,,,,False,False,False
szernet,1,0.0,0,1,0,1,0.0,1.0,0.0,7.461592474571092e-20,,,,False,False,False
szuzsika,1,0.0,0,1,0,1,0.0,1.0,0.0,-9.507493191868955e-20,,,,False,False,False
t0rchic,1,0.0,2,1,2,1,2.0,1.0,0.002146949489033345,0.0032184347820696938,2.0,0.0,0.0,False,False,False
t1dde,1,0.0,1,1,1,1,1.0,1.0,0.0007658400897091361,3.477363494223176e-05,1.0,0.0,0.0,False,False,False
t_money,1,0.0,0,1,0,1,0.0,1.0,0.0,1.350767085580566e-20,,,,False,False,False
taco_cuisine,1,0.0,0,1,0,1,0.0,1.0,0.0,-1.7629392183458589e-19,,,,False,False,False
tacobelle6990,1,0.0,0,1,0,1,0.0,1.0,0.0,-2.1977284526052404e-19,,,,False,False,False
tactical_milk_man,1,0.0,0,1,0,1,0.0,1.0,0.0,-1.8185077674145736e-20,,,,False,False,False
tactical_moth_girl,1,0.0,0,1,0,1,0.0,1.0,0.0,9.470637169769383e-20,,,,False,False,False
tadashi4,8,0.0,2,5,2,5,4.0,8.0,0.0014991382292634712,0.0022966171704450365,4.0,0.0,0.0,False,False,False
taelonius,1,0.0,0,1,0,1,0.0,1.0,0.0,1.4686663639100132e-20,,,,False,False,False
taetrum_peccator,1,0.0,0,1,0,1,0.0,1.0,0.0,2.097775657323703e-20,,,,False,False,False
tairgire,1,0.0,1,1,1,1,1.0,1.0,3.5748641896274466e-05,-1.1085398160821302e-18,1.0,0.0,0.0,False,False,False
takeasmoke,1,0.0,0,1,0,1,0.0,1.0,0.0,-2.825748127415312e-20,,,,False,False,False
takecaffeine,3,0.0,1,2,1,2,1.0,3.0,9.495168524193494e-05,1.4530137415341926e-18,1.0,0.0,0.0,False,False,False
takerustuff,1,0.0,0,1,0,1,0.0,1.0,0.0,-4.844748626403496e-20,,,,False,False,False
taleofdash,16,0.0625,6,10,6,10,12.0,16.0,0.00867221270207644,2.0206988216959177e-05,12.0,0.0,0.0,True,False,True
talilama,1,0.0,1,1,1,1,1.0,1.0,0.0,9.931530640888956e-19,1.0,0.0,0.0,False,False,False
talkimas,2,0.0,1,2,1,2,1.0,2.0,6.810706778429226e-06,0.00028430109661469,1.0,0.0,0.0,False,False,False
tall_type7898,1,0.0,0,1,0,1,0.0,1.0,0.0,-1.965394952915847e-19,,,,False,False,False
tallpiece8381,1,0.0,0,1,0,1,0.0,1.0,0.0,6.201542235745237e-20,,,,False,False,False
taluwen,1,0.0,0,1,0,1,0.0,1.0,0.0,1.7112756991007177e-19,,,,False,False,False
tamarins,3,0.0,1,3,1,3,1.0,3.0,2.7086127872977897e-05,7.817515457175128e-05,1.0,0.0,0.0,False,False,False
tameris,1,0.0,0,1,0,1,0.0,1.0,0.0,-1.1817052611192851e-20,,,,False,False,False
tangelointelligent90,1,0.0,0,1,0,1,0.0,1.0,0.0,-1.4057165162061373e-19,,,,False,False,False
tango_suckah,2,0.0,0,2,0,2,0.0,2.0,0.0,-3.829447710206211e-20,,,,False,False,False
tanooki_91,1,1.0,0,1,0,1,0.0,1.0,0.0,-2.6188893100782746e-19,,,,False,False,False
tantesoesa,1,0.0,3,1,3,1,3.0,1.0,0.00014357993936233901,-7.785781815597836e-19,3.0,0.0,0.0,True,False,False
tapczan100,3,0.3333333333333333,2,3,2,3,2.0,3.0,0.0004638939794116152,0.0001471984903769291,2.0,0.0,0.0,False,False,False
tapwater86,7,0.0,1,5,1,5,1.0,7.0,7.523905328204037e-08,-5.237585849736673e-19,1.0,0.0,0.0,False,False,False
tar-vanimelde,1,0.0,0,1,0,1,0.0,1.0,0.0,-1.743384557776927e-19,,,,False,False,False
tarc_axiiom,7,0.0,7,6,7,6,8.0,7.0,0.0008882726201309722,5.791232876656529e-06,8.0,0.0,0.0,True,False,True
tariovic,4,0.0,1,4,1,4,1.0,4.0,9.555359766819126e-05,1.266703458112224e-18,1.0,0.0,0.0,False,False,False
tarumpro,1,0.0,0,1,0,1,0.0,1.0,0.0,7.634157464053283e-20,,,,False,False,False
tassadaradun,1,0.0,0,1,0,1,0.0,1.0,0.0,-1.867494705210056e-19,,,,False,False,False
tatankaplays,3,0.0,3,3,3,3,3.0,3.0,0.00012861498200040077,3.437187391767718e-05,3.0,0.0,0.0,True,False,False
tateybread,1,0.0,0,1,0,1,0.0,1.0,0.0,-3.2041196097183213e-19,,,,False,False,False
tattersail_nightwish,1,0.0,0,1,0,1,0.0,1.0,0.0,-1.763415801037365e-19,,,,False,False,False
tau2896,1,0.0,0,1,0,1,0.0,1.0,0.0,-2.195093881539067e-19,,,,False,False,False
taurenkey,1,0.0,3,1,3,1,3.0,1.0,6.0840796881506556e-05,0.0005412115636410449,3.0,0.0,0.0,True,False,False
taurock,1,0.0,0,1,0,1,0.0,1.0,0.0,-9.479093100995433e-21,,,,False,False,False
tavar35,2,0.0,1,1,1,1,2.0,2.0,0.0,0.09344260543759522,2.0,0.0,0.0,False,False,False
taxmanbyday,1,0.0,1,1,1,1,1.0,1.0,4.747584262096747e-05,8.270221899308833e-20,1.0,0.0,0.0,False,False,False
taylorwk,1,0.0,0,1,0,1,0.0,1.0,0.0,2.3288589422470495e-20,,,,False,False,False
tbag89,1,0.0,0,1,0,1,0.0,1.0,0.0,1.763596775559493e-19,,,,False,False,False
tboskiq,2,0.0,3,2,3,2,3.0,2.0,0.0001518928577725684,0.00019067872628945434,3.0,0.0,0.0,True,False,False
tbwtpt,2,0.0,1,2,1,2,1.0,2.0,6.339383114673811e-05,5.383578334104952e-06,1.0,0.0,0.0,False,False,False
tcarlton2000,1,0.0,0,1,0,1,0.0,1.0,0.0,1.1074100116875242e-20,,,,False,False,False
tconners,2,0.0,1,2,1,2,1.0,2.0,2.1857542113776233e-06,-1.2743381917031793e-18,1.0,0.0,0.0,False,False,False
tealty,1,0.0,0,1,0,1,0.0,1.0,0.0,-1.4479494398285953e-19,,,,False,False,False
teamashran,1,0.0,0,1,0,1,0.0,1.0,0.0,7.451608192107179e-21,,,,False,False,False
teamcbags,1,0.0,1,1,1,1,1.0,1.0,0.0,2.4013169981068928e-18,1.0,0.0,0.0,False,False,False
teamdirtstar,1,0.0,0,1,0,1,0.0,1.0,0.0,-2.5239847676705367e-20,,,,False,False,False
teamoverload,2,0.0,1,2,1,2,1.0,2.0,4.7526001989822165e-05,2.0611727990598771e-19,1.0,0.0,0.0,False,False,False
teamregime,1,0.0,0,1,0,1,0.0,1.0,0.0,5.451547106199798e-20,,,,False,False,False
teamrockin,1,0.0,0,1,0,1,0.0,1.0,0.0,1.347058360104611e-19,,,,False,False,False
tebwolf359,1,0.0,2,1,2,1,2.0,1.0,0.00025708202405532485,1.2970694924511276e-05,2.0,0.0,0.0,False,False,False
technical_leader8250,2,0.0,1,2,1,2,1.0,2.0,0.0,0.00034417430307042335,1.0,0.0,0.0,False,False,False
techwolf_lupindo,1,0.0,0,1,0,1,0.0,1.0,0.0,-9.353985453650302e-20,,,,False,False,False
teenoc,1,0.0,93,1,93,1,93.0,1.0,0.006926843743594979,0.0034724341288131753,93.0,0.0,0.0,True,False,True
teggie95,1,0.0,1,1,1,1,1.0,1.0,0.0,0.09344260543759528,1.0,0.0,0.0,False,False,False
tegovernment,3,0.0,2,3,2,3,3.0,3.0,0.0001724980694912912,7.498010974201057e-06,3.0,0.0,0.0,False,False,False
teh_hunterer,1,0.0,0,1,0,1,0.0,1.0,0.0,-3.008202956671829e-19,,,,False,False,False
tehcharo,12,0.0,6,8,6,8,9.0,12.0,0.0022444876429403605,5.461789464789939e-06,9.0,0.0,0.0,True,False,True
tehdpfan1,1,0.0,0,1,0,1,0.0,1.0,0.0,1.071992071287108e-19,,,,False,False,False
tehfono,1,0.0,0,1,0,1,0.0,1.0,0.0,1.1341199026748309e-19,,,,False,False,False
tehquilamockingbirb,2,0.0,1,2,1,2,1.0,2.0,4.747584262096747e-05,7.155941608766614e-19,1.0,0.0,0.0,False,False,False
tekken2,1,0.0,0,1,0,1,0.0,1.0,0.0,8.039442384355463e-21,,,,False,False,False
tekkensuks,1,0.0,0,1,0,1,0.0,1.0,0.0,2.2747621758521172e-19,,,,False,False,False
telarr,1,0.0,0,1,0,1,0.0,1.0,0.0,-1.3143010292545073e-19,,,,False,False,False
telenorthegnp,1,0.0,0,1,0,1,0.0,1.0,0.0,1.8553350144222885e-19,,,,False,False,False
tell_specialist,1,0.0,0,1,0,1,0.0,1.0,0.0,-1.048737541521866e-20,,,,False,False,False
temeter,1,0.0,0,1,0,1,0.0,1.0,0.0,7.365251463961959e-20,,,,False,False,False
tempacct20005,1,0.0,1,1,1,1,1.0,1.0,4.750092230539482e-05,-1.465545737326242e-19,1.0,0.0,0.0,False,False,False
temporaldoom,1,0.0,0,1,0,1,0.0,1.0,0.0,-4.018741011462282e-21,,,,False,False,False
temporalspleen,1,0.0,2,1,2,1,3.0,1.0,4.747584262096747e-05,-1.444473499916051e-19,3.0,0.0,0.0,False,False,False
temporamoras,3,0.0,2,3,2,3,2.0,3.0,0.0001461492899248717,0.0022436395486095553,2.0,0.0,0.0,False,False,False
temporary_war_6202,1,0.0,0,1,0,1,0.0,1.0,0.0,-9.702190399737346e-20,,,,False,False,False
temujindm,1,0.0,0,1,0,1,0.0,1.0,0.0,-3.699973759481627e-20,,,,False,False,False
temujinri,1,0.0,0,1,0,1,0.0,1.0,0.0,3.5469771433523024e-20,,,,False,False,False
tenehemia,2,0.0,0,2,0,2,0.0,2.0,0.0,9.86711514666599e-20,,,,False,False,False
tenezill,5,0.2,3,4,3,4,4.0,5.0,0.00018477224326759765,2.1473859927985095e-05,4.0,0.0,0.0,True,False,False
tengentoppa,1,0.0,1,1,1,1,1.0,1.0,0.0,2.7506732361792547e-06,1.0,0.0,0.0,False,False,False
tenshiearth,1,0.0,0,1,0,1,0.0,1.0,0.0,1.205128667961168e-19,,,,False,False,False
tephrageologist,1,0.0,0,1,0,1,0.0,1.0,0.0,-1.7322282159754607e-20,,,,False,False,False
tepid-doughnut,1,0.0,2,1,2,1,2.0,1.0,2.5612920512615573e-05,0.00024515804471571224,2.0,0.0,0.0,False,False,False
terranmarine7,1,0.0,0,1,0,1,0.0,1.0,0.0,-1.272988427027443e-19,,,,False,False,False
terri_gfw,3,0.0,1,2,1,2,1.0,3.0,6.589938603930058e-06,1.8241370346578427e-05,1.0,0.0,0.0,False,False,False
terrible_chair_6371,1,0.0,0,1,0,1,0.0,1.0,0.0,2.371254449214633e-20,,,,False,False,False
terrible_notice6019,1,0.0,1,1,1,1,1.0,1.0,0.0,9.430551034514371e-05,1.0,0.0,0.0,False,False,False
teruraku,1,0.0,0,1,0,1,0.0,1.0,0.0,4.0826715607677914e-19,,,,False,False,False
terza3003,2,0.0,2,2,2,2,2.0,2.0,0.0005100090011214179,0.0020563651717200654,2.0,0.0,0.0,False,False,False
tetrebius,1,0.0,0,1,0,1,0.0,1.0,0.0,-1.3989797799883393e-20,,,,False,False,False
teusa,1,0.0,4,1,4,1,4.0,1.0,7.689564085877563e-05,0.0006875066201092784,4.0,0.0,0.0,True,False,False
tf2hipster,1,0.0,0,1,0,1,0.0,1.0,0.0,-5.084630657375035e-20,,,,False,False,False
tgiyb1,1,0.0,0,1,0,1,0.0,1.0,0.0,1.1518441794577533e-19,,,,False,False,False
thaeldis,5,0.0,2,5,2,5,2.0,5.0,0.0003644908515847483,0.09344520465214959,2.0,0.0,0.0,False,False,False
thalestris_aella,1,0.0,0,1,0,1,0.0,1.0,0.0,-1.7475231840039343e-19,,,,False,False,False
thamradhel,1,0.0,0,1,0,1,0.0,1.0,0.0,-8.146913149991701e-20,,,,False,False,False
thanag0r,2,0.0,2,2,2,2,2.0,2.0,3.056320814355031e-05,0.0003446359681984197,2.0,0.0,0.0,False,False,False
thaodan,1,0.0,0,1,0,1,0.0,1.0,0.0,-1.1553998419655764e-19,,,,False,False,False
that-grapefruit9196,1,0.0,0,1,0,1,0.0,1.0,0.0,-1.0350894520477356e-19,,,,False,False,False
that_is_the_one,1,0.0,0,1,0,1,0.0,1.0,0.0,-1.255653634600338e-20,,,,False,False,False
thatdamntyson,1,0.0,0,1,0,1,0.0,1.0,0.0,-4.0172838159929856e-21,,,,False,False,False
thatguyfromthem0vie,28,0.0357142857142857,33,23,33,23,41.0,28.0,0.01261789416280653,0.003985209771969564,41.0,0.0,0.0,True,False,True
thatkindofnotbutyeah,6,0.0,11,3,11,3,15.0,6.0,0.0032066200670092687,0.0004898305450064532,15.0,0.0,0.0,True,False,True
thatlongagony,1,0.0,0,1,0,1,0.0,1.0,0.0,2.3345159631309593e-19,,,,False,False,False
thatnigakanary,1,1.0,1,1,1,1,1.0,1.0,4.747584262096747e-05,-1.054647514561357e-18,1.0,0.0,0.0,False,False,False
thatsbrownmagic86,1,1.0,0,1,0,1,0.0,1.0,0.0,4.7327423623662654e-21,,,,False,False,False
thatwhichsmashs,1,0.0,0,1,0,1,0.0,1.0,0.0,6.570338740203786e-20,,,,False,False,False
the-buns,1,0.0,0,1,0,1,0.0,1.0,0.0,3.4504809722434273e-22,,,,False,False,False
the-cynicist,1,0.0,0,1,0,1,0.0,1.0,0.0,8.155988157696162e-20,,,,False,False,False
the-fictionist,1,0.0,0,1,0,1,0.0,1.0,0.0,-8.967914261903739e-20,,,,False,False,False
the-magic-sword,9,0.0,5,5,5,5,11.0,9.0,0.0008643996462514312,1.578604392128022e-05,11.0,0.0,0.0,True,False,True
the-oppressed,1,0.0,0,1,0,1,0.0,1.0,0.0,-1.2413153302915118e-19,,,,False,False,False
the_bio,1,0.0,0,1,0,1,0.0,1.0,0.0,-9.041493135357877e-20,,,,False,False,False
the_crazy_bird_lady,13,0.0,1,11,1,11,1.0,13.0,0.0010897861731505641,4.1856974660579945e-10,1.0,0.0,0.0,False,False,False
the_dodgy_doge,1,0.0,0,1,0,1,0.0,1.0,0.0,-2.6138158096342622e-20,,,,False,False,False
the_drunken_sniper,2,0.0,1,1,1,1,1.0,2.0,0.0,1.4740737330358754e-05,1.0,0.0,0.0,False,False,False
the_ibz,1,0.0,1,1,1,1,1.0,1.0,0.0,0.00038314521478602603,1.0,0.0,0.0,False,False,False
the_mash,1,0.0,1,1,1,1,1.0,1.0,0.00016030308536141473,0.00015803275824861053,1.0,0.0,0.0,False,False,False
the_mattastrophe,1,0.0,1,1,1,1,1.0,1.0,0.0,0.09344260543759529,1.0,0.0,0.0,False,False,False
the_micheab,1,0.0,0,1,0,1,0.0,1.0,0.0,3.199130242665609e-21,,,,False,False,False
the_pheex,8,0.0,2,8,2,8,2.0,8.0,0.023110774574871276,0.000137751475708442,2.0,0.0,0.0,False,False,False
the_razielim,2,0.0,0,2,0,2,0.0,2.0,0.0,-6.617375686362261e-20,,,,False,False,False
the_real_giannis,6,0.0,1,5,1,5,2.0,6.0,4.747584262096747e-05,9.82018014861865e-19,2.0,0.0,0.0,False,False,False
the_river_is_still,1,1.0,1,1,1,1,1.0,1.0,4.8965575875951874e-05,1.1557042162288367e-18,1.0,0.0,0.0,False,False,False
the_scrabbler,1,0.0,0,1,0,1,0.0,1.0,0.0,1.3560619299919946e-19,,,,False,False,False
the_stuey,2,0.0,0,2,0,2,0.0,2.0,0.0,-4.0177301942369185e-19,,,,False,False,False
the_sum,2,0.0,0,2,0,2,0.0,2.0,0.0,7.454544462581678e-20,,,,False,False,False
the_whorespondent,1,0.0,1,1,1,1,1.0,1.0,0.0,3.510812993581639e-05,1.0,0.0,0.0,False,False,False
theangrywhiteguy,1,0.0,0,1,0,1,0.0,1.0,0.0,5.0535705215032757e-20,,,,False,False,False
thearbiteroforibos,4,0.0,0,4,0,4,0.0,4.0,0.0,1.6334179349241015e-19,,,,False,False,False
theardas,1,0.0,0,1,0,1,0.0,1.0,0.0,1.4034380550967616e-19,,,,False,False,False
theaserghui,1,0.0,0,1,0,1,0.0,1.0,0.0,8.42930399512617e-20,,,,False,False,False
theberrymelon,1,0.0,0,1,0,1,0.0,1.0,0.0,3.8375815653735326e-20,,,,False,False,False
thebigchonka,1,0.0,0,1,0,1,0.0,1.0,0.0,6.957068966793108e-20,,,,False,False,False
thebiggestnose,2,0.0,0,2,0,2,0.0,2.0,0.0,-6.097258514710324e-20,,,,False,False,False
theblackbarth,1,0.0,0,1,0,1,0.0,1.0,0.0,-1.3455130066744195e-19,,,,False,False,False
thecapablefox,1,0.0,0,1,0,1,0.0,1.0,0.0,1.2889133903667654e-20,,,,False,False,False
thechivmuffin,1,0.0,0,1,0,1,0.0,1.0,0.0,9.492856322757897e-21,,,,False,False,False
thecody17,1,0.0,0,1,0,1,0.0,1.0,0.0,-6.111063715456411e-20,,,,False,False,False
thecursedkraken,1,0.0,2,1,2,1,2.0,1.0,4.745076293654012e-05,0.09344260543759526,2.0,0.0,0.0,False,False,False
thedarkdragongod,1,0.0,0,1,0,1,0.0,1.0,0.0,6.110888902335661e-20,,,,False,False,False
thedisconnectedboy,1,0.0,0,1,0,1,0.0,1.0,0.0,-6.56201621653665e-20,,,,False,False,False
thedizzydozer,1,0.0,2,1,2,1,2.0,1.0,2.507968442734679e-08,-1.9609967977175543e-18,2.0,0.0,0.0,False,False,False
thedouble,1,0.0,1,1,1,1,1.0,1.0,0.0,2.0803385754271265e-19,1.0,0.0,0.0,False,False,False
thedrummar,1,0.0,2,1,2,1,2.0,1.0,0.0,0.009051709683896965,2.0,0.0,0.0,False,False,False
thedumbyeti,1,0.0,2,1,2,1,2.0,1.0,1.1196419703311697e-05,3.649527526387216e-05,2.0,0.0,0.0,False,False,False
theffex,1,0.0,0,1,0,1,0.0,1.0,0.0,2.1076804909749636e-20,,,,False,False,False
thefinaldeal,1,1.0,1,1,1,1,1.0,1.0,0.0,4.2720900977471815e-19,1.0,0.0,0.0,False,False,False
theforgottenshadows,1,0.0,3,1,3,1,3.0,1.0,9.490152587308023e-05,1.2712894944693602e-05,3.0,0.0,0.0,True,False,False
thefrayedends,5,0.0,7,5,7,5,7.0,5.0,0.00022272179499041047,2.0204469335388033e-18,7.0,0.0,0.0,True,False,False
thefrozenpoo,1,0.0,0,1,0,1,0.0,1.0,0.0,5.2565927834766045e-20,,,,False,False,False
thefunkygiboon,2,0.0,0,2,0,2,0.0,2.0,0.0,-2.2255663822743992e-20,,,,False,False,False
thegamesacc,7,0.0,8,4,8,4,11.0,7.0,0.0006639455657186485,2.2504869781510402e-05,11.0,0.0,0.0,True,False,True
theghostof90spast,3,0.3333333333333333,0,3,0,3,0.0,3.0,0.0,3.1021469857933523e-19,,,,False,False,False
thegoodbroham,1,0.0,0,1,0,1,0.0,1.0,0.0,1.4437364088783632e-19,,,,False,False,False
thegormal,1,0.0,0,1,0,1,0.0,1.0,0.0,1.280802249273338e-19,,,,False,False,False
thegreatkodo,1,0.0,1,1,1,1,1.0,1.0,4.747584262096747e-05,1.890328454765596e-20,1.0,0.0,0.0,False,False,False
thegreekorc,1,0.0,0,1,0,1,0.0,1.0,0.0,-9.278397190601635e-20,,,,False,False,False
thegreentactician,1,0.0,0,1,0,1,0.0,1.0,0.0,-1.5320287092358862e-19,,,,False,False,False
thehorribad,1,0.0,0,1,0,1,0.0,1.0,0.0,6.144109618384839e-20,,,,False,False,False
thejack38,1,0.0,0,1,0,1,0.0,1.0,0.0,5.34346417108015e-20,,,,False,False,False
thejewishmerp,1,0.0,0,1,0,1,0.0,1.0,0.0,1.2399118240946875e-19,,,,False,False,False
thejunkyvirus,3,0.0,1,3,1,3,1.0,3.0,4.747584262096747e-05,4.8372939605530585e-19,1.0,0.0,0.0,False,False,False
thekingofbeans42,1,0.0,0,1,0,1,0.0,1.0,0.0,2.7381025386199874e-20,,,,False,False,False
thekinkyguy,4,0.0,2,3,2,3,2.0,4.0,0.0005032183927710071,0.0005300873722405875,2.0,0.0,0.0,False,False,False
thekippie,1,0.0,0,1,0,1,0.0,1.0,0.0,3.80604704880133e-20,,,,False,False,False
thekiwicanadian,1,0.0,0,1,0,1,0.0,1.0,0.0,-2.2267373963385687e-20,,,,False,False,False
thelasttitan77,1,0.0,0,1,0,1,0.0,1.0,0.0,1.1196952291223667e-19,,,,False,False,False
thelitpotato57,1,0.0,0,1,0,1,0.0,1.0,0.0,3.609586699073137e-20,,,,False,False,False
thelittlekicks,1,0.0,0,1,0,1,0.0,1.0,0.0,1.3242654058542766e-19,,,,False,False,False
thelordofhell34,1,0.0,0,1,0,1,0.0,1.0,0.0,-2.7146950007328726e-21,,,,False,False,False
thematt561,1,0.0,0,1,0,1,0.0,1.0,0.0,1.2239540629467548e-20,,,,False,False,False
themeggaman,1,0.0,0,1,0,1,0.0,1.0,0.0,-5.599145517348561e-20,,,,False,False,False
themickeywilson,1,0.0,0,1,0,1,0.0,1.0,0.0,-7.070985182174925e-21,,,,False,False,False
themidistouch,1,0.0,0,1,0,1,0.0,1.0,0.0,-9.804382865267212e-20,,,,False,False,False
themindofafool,1,0.0,0,1,0,1,0.0,1.0,0.0,-5.298349414082656e-20,,,,False,False,False
themoongazer,1,0.0,0,1,0,1,0.0,1.0,0.0,-2.7636125843269804e-20,,,,False,False,False
themorguedonator,1,0.0,0,1,0,1,0.0,1.0,0.0,-1.0046680815723143e-21,,,,False,False,False
themostyroastytoasty,3,0.3333333333333333,0,3,0,3,0.0,3.0,0.0,2.742767335547599e-19,,,,False,False,False
thenabi,1,0.0,2,1,2,1,2.0,1.0,4.7450762936540124e-05,0.0013448589440228536,2.0,0.0,0.0,False,False,False
thenegotiator12,1,0.0,0,1,0,1,0.0,1.0,0.0,2.308098428504889e-19,,,,False,False,False
thenidhogg,3,0.3333333333333333,3,3,3,3,3.0,3.0,4.0118251987603734e-05,0.0001397758135205644,3.0,0.0,0.0,True,False,False
thenightturtle,1,0.0,0,1,0,1,0.0,1.0,0.0,4.622710850418154e-20,,,,False,False,False
thenumberpurplee,3,0.0,2,1,2,1,4.0,3.0,0.00014235228880962037,5.773642889448276e-05,4.0,0.0,0.0,False,False,False
theoliveyeti,6,0.1666666666666666,4,6,4,6,4.0,6.0,0.0025729571976278007,4.600814291601726e-05,4.0,0.0,0.0,True,False,False
theotheradalger,1,0.0,1,1,1,1,1.0,1.0,0.0,2.461914314071238e-18,1.0,0.0,0.0,False,False,False
thepewpewdude,1,0.0,1,1,1,1,1.0,1.0,4.750092230539482e-05,-7.072914585809369e-19,1.0,0.0,0.0,False,False,False
thephoenixdarkdirk,1,0.0,0,1,0,1,0.0,1.0,0.0,-3.6930832339425987e-20,,,,False,False,False
thepostmanest,1,0.0,0,1,0,1,0.0,1.0,0.0,3.278406624216374e-20,,,,False,False,False
theradox,4,0.0,3,4,3,4,3.0,4.0,0.001208599595734706,7.862030722320921e-05,3.0,0.0,0.0,True,False,False
therakuzan,1,0.0,0,1,0,1,0.0,1.0,0.0,-1.840383448769999e-19,,,,False,False,False
theraven476,1,0.0,1,1,1,1,1.0,1.0,0.0,4.3941154034039855e-05,1.0,0.0,0.0,False,False,False
therealcallipygian,1,0.0,0,1,0,1,0.0,1.0,0.0,7.441892789175454e-20,,,,False,False,False
therealmistersister,3,0.3333333333333333,0,3,0,3,0.0,3.0,0.0,-3.6332964844639515e-21,,,,False,False,False
therealsalsaboy,1,0.0,0,1,0,1,0.0,1.0,0.0,3.468550635251881e-20,,,,False,False,False
therobert428,1,0.0,0,1,0,1,0.0,1.0,0.0,-1.358273754829541e-20,,,,False,False,False
therobn8,2,0.0,0,2,0,2,0.0,2.0,0.0,1.7850474209060488e-20,,,,False,False,False
theronas,1,0.0,0,1,0,1,0.0,1.0,0.0,2.1626895969172746e-19,,,,False,False,False
theroyalsniper,1,0.0,0,1,0,1,0.0,1.0,0.0,2.1183820058410536e-20,,,,False,False,False
therozorg,2,0.0,1,2,1,2,1.0,2.0,0.0005047217917791831,2.3663183015511727e-06,1.0,0.0,0.0,False,False,False
these-arachnid-6641,2,0.0,0,2,0,2,0.0,2.0,0.0,-1.6239301438056098e-19,,,,False,False,False
theshadowfoxx,1,0.0,0,1,0,1,0.0,1.0,0.0,-3.266068566913916e-20,,,,False,False,False
theshoover,1,0.0,0,1,0,1,0.0,1.0,0.0,-1.0998763646592478e-19,,,,False,False,False
thesmallestkitten,3,0.3333333333333333,1,2,1,2,2.0,3.0,0.0008835120376113992,0.0004663178114436646,2.0,0.0,0.0,False,False,False
thesmallestplap,1,0.0,3,1,3,1,3.0,1.0,0.0001435912252203313,-3.4196435917680046e-19,3.0,0.0,0.0,True,False,False
thesteve8686,1,0.0,0,1,0,1,0.0,1.0,0.0,4.818053531101296e-20,,,,False,False,False
thesyhr,1,0.0,1,1,1,1,1.0,1.0,4.577042407990788e-07,3.611453308304433e-06,1.0,0.0,0.0,False,False,False
thethighlama,1,0.0,0,1,0,1,0.0,1.0,0.0,-1.41334038364088e-19,,,,False,False,False
theunbearablebowler,1,0.0,0,1,0,1,0.0,1.0,0.0,-7.158731114101307e-20,,,,False,False,False
theurge14,4,0.0,1,3,1,3,1.0,4.0,4.7601241043104205e-05,3.2766911827504316e-19,1.0,0.0,0.0,False,False,False
thevagrantwarrior,1,0.0,2,1,2,1,2.0,1.0,4.847854922755401e-05,1.2287757285099215e-05,2.0,0.0,0.0,False,False,False
thewolfwiththedragon,1,0.0,0,1,0,1,0.0,1.0,0.0,-8.935909446026e-21,,,,False,False,False
thewookiee34,1,0.0,0,1,0,1,0.0,1.0,0.0,-9.4197428793483e-20,,,,False,False,False
theworclown,9,0.0,5,8,5,8,5.0,9.0,0.0012457443876198093,1.3003848552569851e-05,5.0,0.0,0.0,True,False,True
theworldendswithhope,1,0.0,1,1,1,1,1.0,1.0,0.0,2.6956454447907615e-09,1.0,0.0,0.0,False,False,False
theworstdmyouknow,2,0.5,4,2,4,2,4.0,2.0,0.0013537396137822926,0.0021737316187342656,4.0,0.0,0.0,True,False,False
thewreckingtater,1,0.0,0,1,0,1,0.0,1.0,0.0,-1.722737012202484e-19,,,,False,False,False
theycallmetranq,1,0.0,0,1,0,1,0.0,1.0,0.0,-5.619859274255552e-20,,,,False,False,False
thezebrawizard,1,0.0,0,1,0,1,0.0,1.0,0.0,5.985758914086157e-20,,,,False,False,False
thezentail,1,0.0,0,1,0,1,0.0,1.0,0.0,-1.5346330791891672e-20,,,,False,False,False
thezuppaman,1,0.0,1,1,1,1,1.0,1.0,4.747584262096746e-05,3.2039384301901836e-19,1.0,0.0,0.0,False,False,False
thick_act6975,1,0.0,0,1,0,1,0.0,1.0,0.0,-5.825498533716445e-20,,,,False,False,False
thick_elk_120,1,0.0,0,1,0,1,0.0,1.0,0.0,1.9709218980624853e-20,,,,False,False,False
thiefmortreapersoul,3,0.0,2,3,2,3,2.0,3.0,0.0003218917134908519,6.194805577584715e-05,2.0,0.0,0.0,False,False,False
thiirry,1,0.0,0,1,0,1,0.0,1.0,0.0,3.90884506261479e-20,,,,False,False,False
thin_coyote_8861,1,0.0,0,1,0,1,0.0,1.0,0.0,-2.4824234262305257e-20,,,,False,False,False
thingummyjig,1,0.0,1,1,1,1,1.0,1.0,0.0,0.00017667966461345794,1.0,0.0,0.0,False,False,False
thirleck,1,0.0,1,1,1,1,1.0,1.0,0.0,0.002146857337147187,1.0,0.0,0.0,False,False,False
thirteenera,11,0.0,5,8,5,8,6.0,11.0,0.004669960832507305,0.00047029385549192073,6.0,0.0,0.0,True,False,True
thirteenthpyramid,25,0.08,14,11,14,11,29.0,25.0,0.007883213209499947,0.01019883983123033,29.0,0.0,0.0,True,False,True
this_seal,1,0.0,0,1,0,1,0.0,1.0,0.0,2.1718940265110335e-20,,,,False,False,False
thisiskyle77,1,1.0,0,1,0,1,0.0,1.0,0.0,-5.246338793180343e-20,,,,False,False,False
thissucksnuts,3,0.0,2,1,2,1,3.0,3.0,3.365806551551991e-05,4.334539407609813e-07,3.0,0.0,0.0,False,False,False
thoodmen,1,0.0,0,1,0,1,0.0,1.0,0.0,-9.994962202312842e-20,,,,False,False,False
thornefield,2,0.0,1,2,1,2,1.0,2.0,4.747584262096747e-05,3.1972525867914886e-19,1.0,0.0,0.0,False,False,False
thrall_mcdurotan,1,0.0,1,1,1,1,1.0,1.0,4.747584262096747e-05,9.941259334494339e-20,1.0,0.0,0.0,False,False,False
thrano_357,1,1.0,0,1,0,1,0.0,1.0,0.0,-1.5911271421470534e-19,,,,False,False,False
thrashlock,2,0.0,1,2,1,2,1.0,2.0,2.507968442734679e-08,4.953182447314469e-19,1.0,0.0,0.0,False,False,False
threedoggies,1,0.0,0,1,0,1,0.0,1.0,0.0,-4.591112624299536e-20,,,,False,False,False
thrillztogo,3,0.0,1,2,1,2,1.0,3.0,4.750092230539482e-05,5.833834670303017e-19,1.0,0.0,0.0,False,False,False
throdio,8,0.0,19,8,19,8,21.0,8.0,0.002290970691822095,1.6735778514167461e-06,21.0,0.0,0.0,True,False,True
throfari,1,0.0,0,1,0,1,0.0,1.0,0.0,9.419565068591037e-20,,,,False,False,False
throwaway464391,1,0.0,1,1,1,1,1.0,1.0,7.3667036462870646e-06,0.0001205325688966888,1.0,0.0,0.0,False,False,False
throwawayerror123,2,0.0,1,1,1,1,1.0,2.0,0.0,8.394910435486384e-05,1.0,0.0,0.0,False,False,False
throwmyselfaway444,1,0.0,0,1,0,1,0.0,1.0,0.0,-1.3039036052891662e-20,,,,False,False,False
throwtheclownaway20,1,0.0,0,1,0,1,0.0,1.0,0.0,2.5385224204478497e-20,,,,False,False,False
throwtrollbait,1,0.0,0,1,0,1,0.0,1.0,0.0,-4.127656238586361e-19,,,,False,False,False
thrustidon,1,0.0,0,1,0,1,0.0,1.0,0.0,-1.767626059141292e-19,,,,False,False,False
thubionerd,4,0.25,2,4,2,4,2.0,4.0,0.0005738147667419277,0.0018793116259451154,2.0,0.0,0.0,False,False,False
thugbobhoodpants,2,0.0,0,2,0,2,0.0,2.0,0.0,3.563049603977252e-20,,,,False,False,False
thummumcrysanth,1,0.0,0,1,0,1,0.0,1.0,0.0,2.0169781172409984e-19,,,,False,False,False
thunda789,1,0.0,0,1,0,1,0.0,1.0,0.0,1.0711551310875329e-19,,,,False,False,False
thuy_chan,1,0.0,0,1,0,1,0.0,1.0,0.0,-1.1553331932947803e-19,,,,False,False,False
tiamat76,1,0.0,0,1,0,1,0.0,1.0,0.0,-8.802193495094167e-20,,,,False,False,False
tianis,1,0.0,0,1,0,1,0.0,1.0,0.0,2.9051910182877097e-20,,,,False,False,False
tiborone,1,0.0,1,1,1,1,1.0,1.0,4.752600198982216e-05,-4.460169393708121e-19,1.0,0.0,0.0,False,False,False
tidesoflore,1,0.0,1,1,1,1,1.0,1.0,0.0,0.00011459532607900495,1.0,0.0,0.0,False,False,False
tidybloke,1,0.0,0,1,0,1,0.0,1.0,0.0,-7.495993696682573e-20,,,,False,False,False
tienavagina,1,0.0,0,1,0,1,0.0,1.0,0.0,1.955134205372224e-20,,,,False,False,False
tienik_nn,1,0.0,0,1,0,1,0.0,1.0,0.0,-1.456969247230794e-19,,,,False,False,False
tierst,2,0.0,1,2,1,2,1.0,2.0,1.8390325568907403e-05,-2.942500931122762e-19,1.0,0.0,0.0,False,False,False
tiger_ice,1,0.0,0,1,0,1,0.0,1.0,0.0,-6.184089400285927e-20,,,,False,False,False
tigertot14,1,0.0,0,1,0,1,0.0,1.0,0.0,1.615400234606007e-19,,,,False,False,False
tigrerojo_continued,3,0.0,14,3,14,3,15.0,3.0,0.0012020541641309683,0.0012087743058707202,15.0,0.0,0.0,True,False,True
timekeeper98,2,0.0,6,2,6,2,6.0,2.0,0.0004917496831805203,4.434411196640238e-05,6.0,0.0,0.0,True,False,True
timewasted_gamez,1,0.0,0,1,0,1,0.0,1.0,0.0,-4.810166404160965e-21,,,,False,False,False
timj11dude,1,0.0,1,1,1,1,1.0,1.0,0.0,4.421450883312598e-05,1.0,0.0,0.0,False,False,False
timmah73,1,0.0,0,1,0,1,0.0,1.0,0.0,-2.6630613219408513e-19,,,,False,False,False
timmychunga,1,0.0,0,1,0,1,0.0,1.0,0.0,-2.363615328276901e-19,,,,False,False,False
tina-tuna,1,0.0,0,1,0,1,0.0,1.0,0.0,-1.1690876352043494e-19,,,,False,False,False
tinuvielsharan,1,0.0,1,1,1,1,1.0,1.0,0.0,1.3504012910905842e-06,1.0,0.0,0.0,False,False,False
tiny-sand3229,1,0.0,12,1,12,1,13.0,1.0,0.0011071006012898712,0.0007051340070607388,13.0,0.0,0.0,True,False,True
tiny_building_4283,1,0.0,0,1,0,1,0.0,1.0,0.0,1.6159506428255314e-20,,,,False,False,False
tinycurses,1,0.0,0,1,0,1,0.0,1.0,0.0,2.864551528188251e-21,,,,False,False,False
tinydiscussion9661,1,0.0,0,1,0,1,0.0,1.0,0.0,1.2048997545394062e-19,,,,False,False,False
tinypeachygothbunny,1,0.0,0,1,0,1,0.0,1.0,0.0,-1.4565864105664403e-19,,,,False,False,False
tipsygrizzly,1,0.0,1,1,1,1,1.0,1.0,4.755108167424951e-05,-1.0689811591298085e-20,1.0,0.0,0.0,False,False,False
tired_and_fed_up,2,0.0,1,2,1,2,1.0,2.0,1.9266217973391034e-05,0.00026624305105988044,1.0,0.0,0.0,False,False,False
tiredgamer76,1,0.0,0,1,0,1,0.0,1.0,0.0,3.348367864958887e-21,,,,False,False,False
tirnacrainnog,1,0.0,1,1,1,1,1.0,1.0,0.00019040496417241685,-2.9779833054064356e-19,1.0,0.0,0.0,False,False,False
tiucaner,1,0.0,0,1,0,1,0.0,1.0,0.0,1.155439782729538e-19,,,,False,False,False
tjabrown,1,0.0,0,1,0,1,0.0,1.0,0.0,-5.261799498120151e-20,,,,False,False,False
tjk135,3,0.0,1,1,1,1,2.0,3.0,0.0,0.007969422761699402,2.0,0.0,0.0,False,False,False
tjk91,3,0.0,0,3,0,3,0.0,3.0,0.0,-1.5982997327623247e-21,,,,False,False,False
tkanen311,1,0.0,0,1,0,1,0.0,1.0,0.0,-2.480755145715654e-21,,,,False,False,False
tkdoom,1,0.0,0,1,0,1,0.0,1.0,0.0,-5.0364866741510456e-21,,,,False,False,False
tmac2256,1,1.0,0,1,0,1,0.0,1.0,0.0,8.130482466645094e-20,,,,False,False,False
tmr1331,3,0.0,4,3,4,3,6.0,3.0,0.00039184498949286625,3.141487341649089e-05,6.0,0.0,0.0,True,False,False
tnecniw,1,0.0,0,1,0,1,0.0,1.0,0.0,1.2766941470095906e-20,,,,False,False,False
to_the_library,1,1.0,0,1,0,1,0.0,1.0,0.0,2.0645433430610218e-20,,,,False,False,False
tobikaj,1,0.0,0,1,0,1,0.0,1.0,0.0,3.8326138948841063e-19,,,,False,False,False
tofux,1,0.0,0,1,0,1,0.0,1.0,0.0,7.083196286550736e-20,,,,False,False,False
tohlkn,1,0.0,0,1,0,1,0.0,1.0,0.0,7.406134450847348e-20,,,,False,False,False
toiletwarlord,1,0.0,0,1,0,1,0.0,1.0,0.0,5.947410099639661e-20,,,,False,False,False
tojaraz,1,1.0,1,1,1,1,1.0,1.0,0.0,3.5108129935816355e-05,1.0,0.0,0.0,False,False,False
tojirat,1,0.0,1,1,1,1,1.0,1.0,0.0,2.346762335794511e-18,1.0,0.0,0.0,False,False,False
tokitsukazes,1,0.0,1,1,1,1,1.0,1.0,0.0,-2.445796660389755e-19,1.0,0.0,0.0,False,False,False
tollkeeperjim,1,0.0,0,1,0,1,0.0,1.0,0.0,2.502446721422144e-19,,,,False,False,False
tomas2891,1,0.0,1,1,1,1,1.0,1.0,0.0,0.002639350578405996,1.0,0.0,0.0,False,False,False
tomawolf,1,0.0,0,1,0,1,0.0,1.0,0.0,-1.1141335949437715e-19,,,,False,False,False
tomkoto,1,0.0,0,1,0,1,0.0,1.0,0.0,-2.196204943006483e-20,,,,False,False,False
tommyhawk979,2,0.0,1,2,1,2,1.0,2.0,2.507968442734679e-08,4.743843186285436e-05,1.0,0.0,0.0,False,False,False
tommynaut90,1,0.0,0,1,0,1,0.0,1.0,0.0,-4.020708998200452e-20,,,,False,False,False
tommytehzombie,1,0.0,2,1,2,1,2.0,1.0,0.0,9.569122456308569e-05,2.0,0.0,0.0,False,False,False
tompest,1,0.0,0,1,0,1,0.0,1.0,0.0,2.300409305418403e-19,,,,False,False,False
tomtanks88,1,0.0,0,1,0,1,0.0,1.0,0.0,3.926005447728329e-20,,,,False,False,False
toneky,4,0.0,5,3,5,3,7.0,4.0,0.00041699940902745517,4.929072960968601e-05,7.0,0.0,0.0,True,False,False
toneth89,1,0.0,0,1,0,1,0.0,1.0,0.0,-4.676302013357959e-20,,,,False,False,False
tonnesofnoob,2,0.0,1,2,1,2,1.0,2.0,9.495168524193495e-05,1.3233349528747225e-18,1.0,0.0,0.0,False,False,False
tonybony55,1,0.0,1,1,1,1,1.0,1.0,0.0,8.752607317654386e-05,1.0,0.0,0.0,False,False,False
toothfairy_cy13,1,0.0,0,1,0,1,0.0,1.0,0.0,-1.3869643354276975e-19,,,,False,False,False
top-benefit-3913,1,0.0,0,1,0,1,0.0,1.0,0.0,-1.1210157454402193e-19,,,,False,False,False
top-warrior,1,0.0,0,1,0,1,0.0,1.0,0.0,-5.293622041628021e-20,,,,False,False,False
top_living_1203,1,0.0,0,1,0,1,0.0,1.0,0.0,-3.7207343861618155e-19,,,,False,False,False
topaz-torchic,1,0.0,0,1,0,1,0.0,1.0,0.0,-2.4769544425162477e-21,,,,False,False,False
topdad97,1,0.0,1,1,1,1,1.0,1.0,0.0,2.41846519019009e-19,1.0,0.0,0.0,False,False,False
topstatistician6791,2,0.0,0,2,0,2,0.0,2.0,0.0,6.415814003277033e-20,,,,False,False,False
toragewarrior,1,0.0,0,1,0,1,0.0,1.0,0.0,3.4964946651013695e-19,,,,False,False,False
torcero,7,0.0,2,7,2,7,2.0,7.0,0.005117459347525573,0.013472913710443598,2.0,0.0,0.0,False,False,False
torrenaxe,2,0.0,0,2,0,2,0.0,2.0,0.0,-4.138176574373583e-21,,,,False,False,False
tortysc,1,0.0,0,1,0,1,0.0,1.0,0.0,-1.0641749001775417e-19,,,,False,False,False
tory_hhl,1,0.0,0,1,0,1,0.0,1.0,0.0,-4.887152667524958e-20,,,,False,False,False
tot3mtwister,2,0.0,2,2,2,2,2.0,2.0,0.0034071030951260688,0.0018296881403741647,2.0,0.0,0.0,False,False,False
totally_ej,1,0.0,0,1,0,1,0.0,1.0,0.0,-1.670746499095714e-19,,,,False,False,False
totemik,1,0.0,0,1,0,1,0.0,1.0,0.0,2.909680483787811e-19,,,,False,False,False
totor1111,1,0.0,0,1,0,1,0.0,1.0,0.0,3.235197967856001e-20,,,,False,False,False
toughshaper,2,0.0,3,1,3,1,4.0,2.0,2.051924293867508e-05,0.0006379789520332195,4.0,0.0,0.0,True,False,False
tourqon,1,1.0,0,1,0,1,0.0,1.0,0.0,1.5695113356646298e-19,,,,False,False,False
toushiru,16,0.0,11,14,11,14,15.0,16.0,0.005864352664297645,0.00030607783459554006,15.0,0.0,0.0,True,False,True
toutarts,1,0.0,1,1,1,1,1.0,1.0,2.507968442734679e-08,1.231296048668654e-19,1.0,0.0,0.0,False,False,False
towbee,1,0.0,0,1,0,1,0.0,1.0,0.0,-1.7063145628864742e-19,,,,False,False,False
toxaplume045,1,0.0,3,1,3,1,3.0,1.0,0.0010895526158755163,0.0018605900112253033,3.0,0.0,0.0,True,False,False
toxiitea,2,0.0,3,2,3,2,3.0,2.0,0.000507424113642063,0.0012528755802484546,3.0,0.0,0.0,True,False,False
toymaster,1,0.0,0,1,0,1,0.0,1.0,0.0,1.594191224249633e-20,,,,False,False,False
tptbahamut,1,0.0,0,1,0,1,0.0,1.0,0.0,-4.156885659428821e-20,,,,False,False,False
tr1b0re,1,0.0,0,1,0,1,0.0,1.0,0.0,4.3566380337292886e-21,,,,False,False,False
tractorsmacker,2,0.0,1,1,1,1,1.0,2.0,0.0,6.227275264236075e-06,1.0,0.0,0.0,False,False,False
traditional-crazy900,1,0.0,1,1,1,1,1.0,1.0,0.0,0.0018083365477367047,1.0,0.0,0.0,False,False,False
traditional-roof1984,13,0.0,6,8,6,8,10.0,13.0,0.007252519009143044,0.00021479205320390049,10.0,0.0,0.0,True,False,True
traditional_owl_1734,1,0.0,0,1,0,1,0.0,1.0,0.0,-1.4516045716086213e-19,,,,False,False,False
traevyn,1,0.0,0,1,0,1,0.0,1.0,0.0,-2.853538736371975e-20,,,,False,False,False
traitorgiraffe,1,0.0,0,1,0,1,0.0,1.0,0.0,2.769587970607026e-20,,,,False,False,False
translitdk,1,0.0,1,1,1,1,1.0,1.0,0.0,2.1907114493784146e-05,1.0,0.0,0.0,False,False,False
trashaman,1,0.0,0,1,0,1,0.0,1.0,0.0,8.99783037569417e-20,,,,False,False,False
trashcanaffidavit_,1,0.0,0,1,0,1,0.0,1.0,0.0,1.0291755221892886e-19,,,,False,False,False
trashcanzzz,1,0.0,0,1,0,1,0.0,1.0,0.0,-8.073252925080453e-20,,,,False,False,False
trashlordtaka,1,0.0,0,1,0,1,0.0,1.0,0.0,1.1394981168690488e-19,,,,False,False,False
trashpanda2night,1,0.0,0,1,0,1,0.0,1.0,0.0,2.6668119900617155e-19,,,,False,False,False
trashpandamann,1,0.0,0,1,0,1,0.0,1.0,0.0,-1.4717704404549736e-19,,,,False,False,False
trassic1991,1,1.0,1,1,1,1,1.0,1.0,6.771514795383633e-07,-7.902048870824634e-19,1.0,0.0,0.0,False,False,False
travelersearcher,1,0.0,0,1,0,1,0.0,1.0,0.0,-3.6405275077706623e-19,,,,False,False,False
trazzyk,1,0.0,1,1,1,1,1.0,1.0,0.0,-5.475233214894338e-19,1.0,0.0,0.0,False,False,False
trcrypt_king,2,0.0,1,2,1,2,1.0,2.0,4.747584262096747e-05,9.833762620713667e-20,1.0,0.0,0.0,False,False,False
tre-the-wizard,1,0.0,0,1,0,1,0.0,1.0,0.0,7.623916231397812e-20,,,,False,False,False
tread__on__them,1,0.0,0,1,0,1,0.0,1.0,0.0,2.5633758348837695e-19,,,,False,False,False
treafta,1,0.0,0,1,0,1,0.0,1.0,0.0,-1.2442708495499716e-19,,,,False,False,False
trelanderbb,1,0.0,0,1,0,1,0.0,1.0,0.0,1.4864649290189575e-19,,,,False,False,False
trenshod,4,0.0,1,3,1,3,2.0,4.0,0.00010701219243936593,6.693924219773288e-06,2.0,0.0,0.0,False,False,False
tresktaan,2,0.5,2,2,2,2,2.0,2.0,9.520248208620841e-05,1.2023406762112633e-18,2.0,0.0,0.0,False,False,False
trev0117,1,1.0,0,1,0,1,0.0,1.0,0.0,-5.0648982179756316e-20,,,,False,False,False
trewper-,1,0.0,0,1,0,1,0.0,1.0,0.0,-1.1867963151998462e-20,,,,False,False,False
tri_skel_ion,1,0.0,1,1,1,1,1.0,1.0,0.0,0.000683694360625753,1.0,0.0,0.0,False,False,False
triadelt,2,0.0,0,2,0,2,0.0,2.0,0.0,7.822708216386175e-20,,,,False,False,False
trianglesausage,1,0.0,0,1,0,1,0.0,1.0,0.0,-1.6044676784508177e-19,,,,False,False,False
tribal_hermit,1,0.0,0,1,0,1,0.0,1.0,0.0,-3.787694981655825e-20,,,,False,False,False
triceraflops8,1,0.0,0,1,0,1,0.0,1.0,0.0,8.781427291224504e-21,,,,False,False,False
trick-telephone-1411,1,0.0,0,1,0,1,0.0,1.0,0.0,2.5592009107545576e-20,,,,False,False,False
trick_albatross4850,1,0.0,0,1,0,1,0.0,1.0,0.0,1.3724718586724617e-19,,,,False,False,False
tricky-bass1668,1,0.0,0,1,0,1,0.0,1.0,0.0,-2.6585526848315467e-20,,,,False,False,False
trickybanana5044,5,0.0,0,5,0,5,0.0,5.0,0.0,-2.8796500091026654e-19,,,,False,False,False
triffels,1,0.0,0,1,0,1,0.0,1.0,0.0,-1.6518738142788146e-19,,,,False,False,False
triknodeux,1,0.0,0,1,0,1,0.0,1.0,0.0,-8.643148851671231e-20,,,,False,False,False
trini_n_sc,2,0.0,2,2,2,2,2.0,2.0,0.00024131017497566358,0.00013764462636646832,2.0,0.0,0.0,False,False,False
triplescrew,1,0.0,0,1,0,1,0.0,1.0,0.0,5.772181241010478e-20,,,,False,False,False
tripsovercarpet,1,0.0,0,1,0,1,0.0,1.0,0.0,-7.089608023091267e-20,,,,False,False,False
tristalien,1,0.0,1,1,1,1,1.0,1.0,1.5989493093120593e-06,-2.037331028144342e-20,1.0,0.0,0.0,False,False,False
trojanducky,1,0.0,0,1,0,1,0.0,1.0,0.0,1.542188447741195e-19,,,,False,False,False
troldenhs,1,0.0,1,1,1,1,1.0,1.0,0.0,9.720814686100013e-06,1.0,0.0,0.0,False,False,False
trollied,2,0.0,0,2,0,2,0.0,2.0,0.0,-8.50330824217903e-20,,,,False,False,False
trollkin,1,0.0,1,1,1,1,1.0,1.0,4.750092230539482e-05,-5.551387347582564e-19,1.0,0.0,0.0,False,False,False
troystoryyy,1,0.0,0,1,0,1,0.0,1.0,0.0,-1.3767758857090343e-20,,,,False,False,False
truekyragos,1,0.0,0,1,0,1,0.0,1.0,0.0,-9.566636703415675e-20,,,,False,False,False
truethrowawaychest1,1,0.0,0,1,0,1,0.0,1.0,0.0,-4.557915275627986e-20,,,,False,False,False
truffles413,1,0.0,1,1,1,1,1.0,1.0,0.0,0.00026624305105988076,1.0,0.0,0.0,False,False,False
trugdigity,2,0.0,2,1,2,1,2.0,2.0,4.7450762936540124e-05,7.551729502992213e-05,2.0,0.0,0.0,False,False,False
trumplikesemyoung,1,0.0,0,1,0,1,0.0,1.0,0.0,-3.4906420986332895e-20,,,,False,False,False
trunksbordare,1,0.0,0,1,0,1,0.0,1.0,0.0,-1.7188691381329746e-20,,,,False,False,False
trusty118,1,0.0,0,1,0,1,0.0,1.0,0.0,3.722263730625223e-20,,,,False,False,False
tsaxen,4,0.0,1,4,1,4,1.0,4.0,0.00012077545486679325,4.096064040861536e-06,1.0,0.0,0.0,False,False,False
tserous,1,0.0,0,1,0,1,0.0,1.0,0.0,-4.622196770355583e-20,,,,False,False,False
tsrui480,1,0.0,0,1,0,1,0.0,1.0,0.0,-1.3702669077097764e-20,,,,False,False,False
tstock92,1,0.0,0,1,0,1,0.0,1.0,0.0,2.774310368818577e-20,,,,False,False,False
tsubasasaito,1,0.0,0,1,0,1,0.0,1.0,0.0,1.752988053922265e-19,,,,False,False,False
tsukimine,1,0.0,0,1,0,1,0.0,1.0,0.0,-2.0655825794940912e-21,,,,False,False,False
ttvdrougen,1,0.0,0,1,0,1,0.0,1.0,0.0,4.969216260557424e-22,,,,False,False,False
tuazo,1,0.0,0,1,0,1,0.0,1.0,0.0,-1.829995976783436e-19,,,,False,False,False
tubbis9001,2,0.0,0,2,0,2,0.0,2.0,0.0,-2.101860073676244e-19,,,,False,False,False
tubular1845,1,0.0,0,1,0,1,0.0,1.0,0.0,-2.829278745844956e-20,,,,False,False,False
tueman2,1,0.0,3,1,3,1,3.0,1.0,1.0031873770938715e-07,8.993035834397187e-08,3.0,0.0,0.0,True,False,False
tuesti7c,2,0.5,6,2,6,2,6.0,2.0,0.0005109230448761072,0.0001159379889854486,6.0,0.0,0.0,True,False,True
tumblingforward,1,0.0,0,1,0,1,0.0,1.0,0.0,-1.1578212755652758e-19,,,,False,False,False
tupotosti,1,0.0,1,1,1,1,1.0,1.0,1.6858708179770614e-05,4.956238402850669e-06,1.0,0.0,0.0,False,False,False
turambar_dor-lomin,1,0.0,0,1,0,1,0.0,1.0,0.0,4.7016471113673655e-20,,,,False,False,False
turb0-time,1,0.0,0,1,0,1,0.0,1.0,0.0,-7.75799610919305e-21,,,,False,False,False
turbotef,2,0.0,0,2,0,2,0.0,2.0,0.0,1.928689159513965e-19,,,,False,False,False
turbulent-house-8713,3,0.0,1,3,1,3,1.0,3.0,4.7450762936540124e-05,1.958272201171671e-18,1.0,0.0,0.0,False,False,False
turbulentissue6,5,0.0,3,5,3,5,3.0,5.0,0.0014272081897971159,0.0021899288555855866,3.0,0.0,0.0,True,False,False
turkeycheddar,2,0.0,2,2,2,2,2.0,2.0,0.00022139296597819945,2.390882602679941e-07,2.0,0.0,0.0,False,False,False
turquoiseleggings,1,0.0,0,1,0,1,0.0,1.0,0.0,-2.0547221384933067e-20,,,,False,False,False
turtlesnakemoose,1,0.0,0,1,0,1,0.0,1.0,0.0,-9.287220961090862e-20,,,,False,False,False
turtleturtletu,1,0.0,0,1,0,1,0.0,1.0,0.0,7.2868121876959e-20,,,,False,False,False
turtlevonshell,1,0.0,0,1,0,1,0.0,1.0,0.0,4.0443386683264385e-19,,,,False,False,False
turtvaiz,12,0.1666666666666666,259,11,259,11,266.0,11.0,0.03576375299487397,0.025958449067827738,266.0,0.0,0.0,True,False,True
tuskor13,2,0.0,0,2,0,2,0.0,2.0,0.0,-7.751624691209905e-20,,,,False,False,False
tusske1,6,0.0,2,5,2,5,2.0,6.0,0.00039370004495424245,1.7617682326645998e-05,2.0,0.0,0.0,False,False,False
tuxedohazard,1,0.0,0,1,0,1,0.0,1.0,0.0,-2.1460623993130833e-19,,,,False,False,False
tw-luna,1,0.0,0,1,0,1,0.0,1.0,0.0,1.5357316555721133e-19,,,,False,False,False
tw33die84,3,0.0,2,3,2,3,2.0,3.0,0.0001654058978756801,0.0002484295191633488,2.0,0.0,0.0,False,False,False
twaggle,6,0.0,4,6,4,6,5.0,6.0,0.002069047511773925,0.0005129490565665396,5.0,0.0,0.0,True,False,True
twepi,1,0.0,0,1,0,1,0.0,1.0,0.0,-3.050358557674264e-20,,,,False,False,False
twingo102,1,0.0,1,1,1,1,1.0,1.0,0.0,0.00022991166907729367,1.0,0.0,0.0,False,False,False
twist_his_dik,2,0.0,1,1,1,1,1.0,2.0,0.0,7.665564323805345e-07,1.0,0.0,0.0,False,False,False
twistednstl82,1,0.0,0,1,0,1,0.0,1.0,0.0,-3.5948224595840195e-20,,,,False,False,False
twistedruin,1,0.0,0,1,0,1,0.0,1.0,0.0,-5.158801471891652e-20,,,,False,False,False
twiztedimage,1,0.0,0,1,0,1,0.0,1.0,0.0,-4.4810080144047066e-20,,,,False,False,False
two_pandas_playing,3,0.0,1,1,1,1,1.0,3.0,0.0,0.00011795742845262358,1.0,0.0,0.0,False,False,False
twonew1826,1,0.0,0,1,0,1,0.0,1.0,0.0,-2.3052463619930357e-21,,,,False,False,False
twoobvious2610,1,0.0,0,1,0,1,0.0,1.0,0.0,1.3791668275589794e-20,,,,False,False,False
tworock2,1,0.0,1,1,1,1,1.0,1.0,0.0,7.307899745353657e-09,1.0,0.0,0.0,False,False,False
twoslicepepperoni,1,0.0,0,1,0,1,0.0,1.0,0.0,-1.2418965424462723e-19,,,,False,False,False
twuggle,1,0.0,1,1,1,1,1.0,1.0,2.507968442734679e-08,8.371645161224775e-20,1.0,0.0,0.0,False,False,False
tx_redditor,1,0.0,0,1,0,1,0.0,1.0,0.0,-9.092600298331342e-20,,,,False,False,False
txscorcher,6,0.0,2,3,2,3,3.0,6.0,0.0008772510154841214,0.014498551698348681,3.0,0.0,0.0,False,False,False
tyaltir,1,0.0,0,1,0,1,0.0,1.0,0.0,-2.4525867936334634e-19,,,,False,False,False
tyinath,1,0.0,1,1,1,1,1.0,1.0,4.747584262096747e-05,-5.856392703054158e-20,1.0,0.0,0.0,False,False,False
tykero,8,0.0,13,8,13,8,16.0,8.0,0.0028176854684764828,0.0004374974515330546,16.0,0.0,0.0,True,False,True
typedinthebox,10,0.0,14,6,14,6,17.0,10.0,0.006038806413704128,0.0010218801101847877,17.0,0.0,0.0,True,False,True
typical-tax1584,1,0.0,0,1,0,1,0.0,1.0,0.0,1.9968012687357655e-20,,,,False,False,False
typical_thought_6049,1,0.0,2,1,2,1,2.0,1.0,9.500184461078964e-05,-1.721226194713218e-19,2.0,0.0,0.0,False,False,False
tyrandeh,1,0.0,0,1,0,1,0.0,1.0,0.0,1.1401309891656796e-19,,,,False,False,False
tyrannosavagerekt,1,0.0,1,1,1,1,1.0,1.0,0.0,1.0994997723562065e-18,1.0,0.0,0.0,False,False,False
tyrannoscale,1,0.0,1,1,1,1,1.0,1.0,0.0,0.004691521832021908,1.0,0.0,0.0,False,False,False
tyrantshark0451,1,0.0,0,1,0,1,0.0,1.0,0.0,2.1070745405279898e-20,,,,False,False,False
tyrsenus,1,1.0,0,1,0,1,0.0,1.0,0.0,9.646441620527152e-21,,,,False,False,False
tyrus1235,1,0.0,0,1,0,1,0.0,1.0,0.0,4.015150442442157e-19,,,,False,False,False
tzekel_khan,1,0.0,0,1,0,1,0.0,1.0,0.0,1.5722910421942392e-20,,,,False,False,False
ud_lover,1,0.0,0,1,0,1,0.0,1.0,0.0,9.54486476405133e-20,,,,False,False,False
ugaeismyamongusname,33,0.0303030303030303,92,29,92,29,102.0,33.0,0.036459609449136045,0.0586828666706359,102.0,0.0,0.0,True,False,True
ugottjon,2,0.0,1,1,1,1,2.0,2.0,0.0,-1.3289615934673134e-18,2.0,0.0,0.0,False,False,False
ulfgeirr88,1,0.0,1,1,1,1,1.0,1.0,0.0,-6.606726645048909e-19,1.0,0.0,0.0,False,False,False
ulimn,1,0.0,0,1,0,1,0.0,1.0,0.0,-4.3568336985068143e-20,,,,False,False,False
ulmer_spatz,1,0.0,0,1,0,1,0.0,1.0,0.0,-3.069722135955468e-19,,,,False,False,False
ultraroboninja,2,0.0,1,2,1,2,1.0,2.0,3.009562131281615e-07,-4.741754572346167e-18,1.0,0.0,0.0,False,False,False
umbr33on,1,0.0,0,1,0,1,0.0,1.0,0.0,-6.60409895363925e-20,,,,False,False,False
umicil,1,0.0,1,1,1,1,1.0,1.0,0.0,0.00014364338350878164,1.0,0.0,0.0,False,False,False
umpalumpa619,1,0.0,0,1,0,1,0.0,1.0,0.0,1.758820956021819e-19,,,,False,False,False
unable-ad8643,1,0.0,0,1,0,1,0.0,1.0,0.0,-9.126528117096915e-20,,,,False,False,False
unable_yak3113,1,0.0,0,1,0,1,0.0,1.0,0.0,2.2795072332868326e-19,,,,False,False,False
uncensored_opinions,1,0.0,0,1,0,1,0.0,1.0,0.0,-8.364184997721352e-20,,,,False,False,False
uncertainserenity,1,0.0,0,1,0,1,0.0,1.0,0.0,3.108937638693306e-19,,,,False,False,False
uncle_flansy,1,0.0,1,1,1,1,1.0,1.0,7.523905328204037e-08,1.1255150751021182e-19,1.0,0.0,0.0,False,False,False
undefined_definition,1,0.0,0,1,0,1,0.0,1.0,0.0,-1.974170204133195e-20,,,,False,False,False
underbash,1,0.0,0,1,0,1,0.0,1.0,0.0,-1.7446739351597013e-19,,,,False,False,False
undergroundgrizzly,1,0.0,0,1,0,1,0.0,1.0,0.0,1.1068526100314132e-19,,,,False,False,False
undergroundj0,1,0.0,0,1,0,1,0.0,1.0,0.0,9.05035838292744e-20,,,,False,False,False
unfeldezeu,2,1.0,1,1,1,1,2.0,2.0,0.0,-3.4162125412994557e-18,2.0,0.0,0.0,False,False,False
unfixable5060,5,0.0,2,5,2,5,2.0,5.0,0.00011767707219769784,6.663674627010587e-19,2.0,0.0,0.0,False,False,False
ungestuem,1,0.0,0,1,0,1,0.0,1.0,0.0,-1.9515987645285153e-20,,,,False,False,False
ungulateman,2,0.0,1,2,1,2,1.0,2.0,0.0003250182566616422,0.0005034358045904206,1.0,0.0,0.0,False,False,False
unhappy-command860,1,0.0,0,1,0,1,0.0,1.0,0.0,1.1074556352879974e-20,,,,False,False,False
unhappy-mix-6246,1,0.0,0,1,0,1,0.0,1.0,0.0,-1.4500337996213227e-19,,,,False,False,False
unhappy_cut7438,1,0.0,1,1,1,1,1.0,1.0,1.2813709380263395e-06,1.699700972593414e-08,1.0,0.0,0.0,False,False,False
unhappybridge_,1,0.0,0,1,0,1,0.0,1.0,0.0,5.227697963105835e-20,,,,False,False,False
unicorndelta,1,0.0,1,1,1,1,1.0,1.0,1.2539842213673395e-07,-6.34239902710242e-20,1.0,0.0,0.0,False,False,False
unicornmeat85,3,0.0,0,2,0,2,0.0,3.0,0.0,2.17917674068249e-19,,,,False,False,False
unicornservingdonuts,1,0.0,1,1,1,1,1.0,1.0,0.0,0.002639350578405996,1.0,0.0,0.0,False,False,False
unidentifiable_goo,2,0.0,5,2,5,2,5.0,2.0,0.0012155211662694173,0.0003151545254479328,5.0,0.0,0.0,True,False,True
unimportantinfodump,1,0.0,0,1,0,1,0.0,1.0,0.0,1.1461504283351312e-19,,,,False,False,False
unintendedpunther,3,0.0,1,3,1,3,1.0,3.0,4.747584262096747e-05,1.2012670031748944e-18,1.0,0.0,0.0,False,False,False
unique-fisherman-645,1,0.0,2,1,2,1,3.0,1.0,4.750092230539482e-05,-8.271982546604302e-19,3.0,0.0,0.0,False,False,False
unironically_dave,1,0.0,0,1,0,1,0.0,1.0,0.0,1.6621757696983867e-19,,,,False,False,False
united-quantity9824,2,0.0,0,2,0,2,0.0,2.0,0.0,3.7174928244173125e-19,,,,False,False,False
united_conclusion403,1,0.0,1,1,1,1,1.0,1.0,4.747584262096746e-05,-1.2027329122592674e-19,1.0,0.0,0.0,False,False,False
unitedtangerine635,1,0.0,0,1,0,1,0.0,1.0,0.0,-4.453247025509789e-20,,,,False,False,False
unius_,1,0.0,1,1,1,1,1.0,1.0,1.0240871141166605e-06,-6.337388466696244e-19,1.0,0.0,0.0,False,False,False
unkelrara,1,0.0,0,1,0,1,0.0,1.0,0.0,5.970548391898974e-21,,,,False,False,False
unknownweirdoo,1,0.0,1,1,1,1,1.0,1.0,0.0,0.0021468573371471894,1.0,0.0,0.0,False,False,False
unlikely_minimum_635,5,0.0,2,4,2,4,3.0,5.0,0.0003214847398081538,1.0547355550130417e-05,3.0,0.0,0.0,False,False,False
unlikely_wrangler_52,1,0.0,0,1,0,1,0.0,1.0,0.0,2.138961433806299e-19,,,,False,False,False
unquacker,1,0.0,0,1,0,1,0.0,1.0,0.0,-3.2611556272584134e-19,,,,False,False,False
unrealcoza05,1,0.0,0,1,0,1,0.0,1.0,0.0,-9.458442744010612e-20,,,,False,False,False
unsaltedbutter,1,0.0,0,1,0,1,0.0,1.0,0.0,-7.660872705585605e-20,,,,False,False,False
unsleepingmoss,1,0.0,6,1,6,1,6.0,1.0,7.278984386185744e-05,0.0007249791701615696,6.0,0.0,0.0,True,False,False
untg,1,0.0,0,1,0,1,0.0,1.0,0.0,-7.096690034408003e-20,,,,False,False,False
uohr,2,0.0,1,1,1,1,1.0,2.0,0.0,0.0018104914958801865,1.0,0.0,0.0,False,False,False
uowpanda,1,0.0,0,1,0,1,0.0,1.0,0.0,2.425197314214829e-19,,,,False,False,False
updownleftrightgay,2,0.0,2,2,2,2,2.0,2.0,1.8729369167473944e-05,0.0006354252998114151,2.0,0.0,0.0,False,False,False
uphoria,2,0.0,8,2,8,2,8.0,2.0,0.0005028754092178348,1.279897884122252e-06,8.0,0.0,0.0,True,False,True
upper-smoke1745,1,0.0,0,1,0,1,0.0,1.0,0.0,3.994357992684146e-20,,,,False,False,False
upset_molasses8512,2,0.0,0,1,0,1,0.0,2.0,0.0,1.2384635133882987e-19,,,,False,False,False
uranhahn,1,0.0,0,1,0,1,0.0,1.0,0.0,-1.4175490075957256e-20,,,,False,False,False
urf_reibeer,2,0.0,1,2,1,2,1.0,2.0,1.9266802743667117e-05,8.331201020513934e-06,1.0,0.0,0.0,False,False,False
urizzle,1,0.0,0,1,0,1,0.0,1.0,0.0,-6.878182009084914e-21,,,,False,False,False
urobolus444,1,0.0,0,1,0,1,0.0,1.0,0.0,-1.939051179127894e-19,,,,False,False,False
ursanos,1,0.0,0,1,0,1,0.0,1.0,0.0,-7.928227277796269e-20,,,,False,False,False
urska08,1,0.0,0,1,0,1,0.0,1.0,0.0,7.781152292719781e-21,,,,False,False,False
used_cry_1137,1,0.0,1,1,1,1,1.0,1.0,0.0,6.514752720695765e-06,1.0,0.0,0.0,False,False,False
usedanddiscardedbye,1,0.0,0,1,0,1,0.0,1.0,0.0,-3.421901931845719e-19,,,,False,False,False
useful_external_5270,1,0.0,0,1,0,1,0.0,1.0,0.0,1.125719768166636e-19,,,,False,False,False
uselesswasteofbreath,2,0.5,1,1,1,1,1.0,2.0,0.0,0.0003980042165896148,1.0,0.0,0.0,False,False,False
user3170,1,0.0,6,1,6,1,6.0,1.0,0.00011500604834457963,0.00013115241618238938,6.0,0.0,0.0,True,False,False
user83829362,1,0.0,0,1,0,1,0.0,1.0,0.0,6.762429281058271e-20,,,,False,False,False
userseven,1,0.0,0,1,0,1,0.0,1.0,0.0,3.3463609483851123e-19,,,,False,False,False
uvdotexe,1,0.0,0,0,0,0,0.0,0.0,0.0,-2.8479438443952385e-20,,,,False,False,False
v0id_h0le,1,1.0,0,1,0,1,0.0,1.0,0.0,-7.464181751759097e-20,,,,False,False,False
v1per73,1,0.0,0,1,0,1,0.0,1.0,0.0,2.896010573970715e-19,,,,False,False,False
v1perz53,5,0.0,4,4,4,4,5.0,5.0,0.00032466253847281997,0.00032557365876381575,5.0,0.0,0.0,True,False,False
va1trois,1,0.0,0,1,0,1,0.0,1.0,0.0,2.7976804622196986e-21,,,,False,False,False
vadeka,1,0.0,1,1,1,1,1.0,1.0,0.0,7.551729502992504e-05,1.0,0.0,0.0,False,False,False
vadersalt,1,0.0,0,1,0,1,0.0,1.0,0.0,-9.57384694933747e-20,,,,False,False,False
vagabond-jack,1,0.0,1,1,1,1,1.0,1.0,0.0,0.0003428706519108562,1.0,0.0,0.0,False,False,False
vaguelz,1,1.0,3,1,3,1,3.0,1.0,0.00015514825877118547,1.8811672046594653e-06,3.0,0.0,0.0,True,False,False
vailonvon,1,0.0,1,1,1,1,1.0,1.0,0.0,4.6563525824217285e-05,1.0,0.0,0.0,False,False,False
val_lae,2,0.0,1,2,1,2,1.0,2.0,2.3737921310483728e-05,7.649167275798079e-07,1.0,0.0,0.0,False,False,False
valdearg20,2,0.0,2,2,2,2,2.0,2.0,5.4395258793432895e-05,-8.769373565888725e-20,2.0,0.0,0.0,False,False,False
valderhide,2,0.0,9,2,9,2,9.0,2.0,0.001682709290794311,0.00030167574985771753,9.0,0.0,0.0,True,False,True
valeeraebolawalker,1,0.0,0,1,0,1,0.0,1.0,0.0,5.2616779544650224e-20,,,,False,False,False
valkyrielyra,1,0.0,0,1,0,1,0.0,1.0,0.0,-3.647380914624677e-20,,,,False,False,False
valleron,1,0.0,0,1,0,1,0.0,1.0,0.0,1.4674044234378067e-19,,,,False,False,False
valli888,1,0.0,0,1,0,1,0.0,1.0,0.0,-1.7017763910450065e-20,,,,False,False,False
valnar_,1,0.0,0,1,0,1,0.0,1.0,0.0,1.0450139380333503e-19,,,,False,False,False
valrath_84,1,1.0,0,1,0,1,0.0,1.0,0.0,1.2975092058428018e-19,,,,False,False,False
valuable-dark-7340,1,0.0,0,1,0,1,0.0,1.0,0.0,-4.785290612042548e-19,,,,False,False,False
vampyrenigma,3,0.0,0,3,0,3,0.0,3.0,0.0,-5.2149662393895354e-20,,,,False,False,False
vanessaalexis,3,0.0,2,3,2,3,2.0,3.0,5.646737620024747e-05,7.311290570000321e-07,2.0,0.0,0.0,False,False,False
vanilla_disco,6,0.0,4,5,4,5,6.0,6.0,0.000715204564804365,0.00011247633404291156,6.0,0.0,0.0,True,False,True
vanpet1993,1,0.0,0,1,0,1,0.0,1.0,0.0,1.1033558745777279e-19,,,,False,False,False
vanpourix,1,0.0,0,1,0,1,0.0,1.0,0.0,1.188351938281023e-19,,,,False,False,False
vapocalypse52,1,0.0,1,1,1,1,1.0,1.0,1.1411256414442789e-06,-1.2628660598633552e-18,1.0,0.0,0.0,False,False,False
varanae,5,0.0,4,5,4,5,4.0,5.0,0.0001911263036673748,1.2494090239252365e-18,4.0,0.0,0.0,True,False,False
various_necessary_45,1,0.0,0,1,0,1,0.0,1.0,0.0,5.486846147802679e-20,,,,False,False,False
varitok,1,0.0,2,1,2,1,2.0,1.0,9.495168524193492e-05,-1.940721558711381e-18,2.0,0.0,0.0,False,False,False
vark675,2,0.0,1,1,1,1,1.0,2.0,0.0,1.351661478888329e-18,1.0,0.0,0.0,False,False,False
varolyn,1,0.0,0,1,0,1,0.0,1.0,0.0,-7.676284799252117e-20,,,,False,False,False
varrianda,1,0.0,0,1,0,1,0.0,1.0,0.0,6.0755102647836555e-21,,,,False,False,False
vashten,1,0.0,0,1,0,1,0.0,1.0,0.0,6.167038257609373e-20,,,,False,False,False
vastlaw9912,1,0.0,0,1,0,1,0.0,1.0,0.0,4.214857121114746e-20,,,,False,False,False
vattier,1,0.0,1,1,1,1,1.0,1.0,2.9883117052605705e-05,0.00015337026220426105,1.0,0.0,0.0,False,False,False
vaud,2,0.0,0,2,0,2,0.0,2.0,0.0,1.6360705542745462e-21,,,,False,False,False
vaxdaddyr,2,0.0,0,2,0,2,0.0,2.0,0.0,-3.743883851964019e-20,,,,False,False,False
vbertes,1,0.0,0,1,0,1,0.0,1.0,0.0,-1.3660622992571615e-20,,,,False,False,False
vdd666,1,0.0,0,1,0,1,0.0,1.0,0.0,1.9460211634129186e-19,,,,False,False,False
vdeckerx,1,0.0,0,1,0,1,0.0,1.0,0.0,-1.6701074929173017e-19,,,,False,False,False
vealophile,1,0.0,0,1,0,1,0.0,1.0,0.0,-7.103701889600591e-20,,,,False,False,False
vegetable-refuse-410,2,0.0,0,1,0,1,0.0,2.0,0.0,1.2307771998088086e-19,,,,False,False,False
vegetable_hair_2342,1,0.0,0,1,0,1,0.0,1.0,0.0,7.884399107936646e-20,,,,False,False,False
veggieman34,1,0.0,0,1,0,1,0.0,1.0,0.0,-2.6886885540008617e-21,,,,False,False,False
venay0,1,0.0,1,1,1,1,1.0,1.0,2.801199318270689e-05,4.268264430709665e-05,1.0,0.0,0.0,False,False,False
venturians,1,0.0,0,1,0,1,0.0,1.0,0.0,-4.2036223617859366e-21,,,,False,False,False
venusaurus,1,0.0,0,1,0,1,0.0,1.0,0.0,-1.3765324879997652e-20,,,,False,False,False
venzinokwla,2,0.0,1,2,1,2,1.0,2.0,4.341482126211156e-05,-1.4130734703371814e-18,1.0,0.0,0.0,False,False,False
veoxy,2,0.0,1,1,1,1,1.0,1.0,3.6785229203243795e-05,1.2470333087311533e-06,1.0,0.0,0.0,False,False,False
verbsarewordss,1,0.0,0,1,0,1,0.0,1.0,0.0,-2.507323660633429e-21,,,,False,False,False
verified_peryak,1,0.0,0,1,0,1,0.0,1.0,0.0,3.4014998802424175e-20,,,,False,False,False
verikul,1,0.0,0,1,0,1,0.0,1.0,0.0,5.1228178971251665e-20,,,,False,False,False
vermicellitrue,1,0.0,0,1,0,1,0.0,1.0,0.0,1.6700824263234356e-19,,,,False,False,False
versus07,1,0.0,0,1,0,1,0.0,1.0,0.0,2.8505543017455815e-20,,,,False,False,False
vexatiousnobleman,1,0.0,0,1,0,1,0.0,1.0,0.0,5.634361585939451e-20,,,,False,False,False
vgtgreatest,1,0.0,0,1,0,1,0.0,1.0,0.0,-8.827001081295122e-20,,,,False,False,False
vhurindrar,1,0.0,0,1,0,1,0.0,1.0,0.0,2.965615734252531e-20,,,,False,False,False
vibe51,1,0.0,0,1,0,1,0.0,1.0,0.0,2.563452110574042e-20,,,,False,False,False
vic_viper_x,1,0.0,0,1,0,1,0.0,1.0,0.0,-7.157344139325517e-20,,,,False,False,False
vicezx,1,0.0,0,1,0,1,0.0,1.0,0.0,-1.626306758954313e-20,,,,False,False,False
victor_zsasz,1,0.0,0,1,0,1,0.0,1.0,0.0,1.2394546134608265e-19,,,,False,False,False
vidulan,1,0.0,0,1,0,1,0.0,1.0,0.0,-1.604911465550298e-19,,,,False,False,False
vigorouspainis,1,0.0,0,1,0,1,0.0,1.0,0.0,-5.2038660631327384e-20,,,,False,False,False
viiebloodhunter,1,0.0,1,1,1,1,1.0,1.0,0.0,0.0079694227616994,1.0,0.0,0.0,False,False,False
vijoplays,1,0.0,1,1,1,1,1.0,1.0,4.750092230539482e-05,2.778033489081989e-19,1.0,0.0,0.0,False,False,False
viking-geek,1,1.0,0,1,0,1,0.0,1.0,0.0,2.325372217015777e-19,,,,False,False,False
vikingnerd793,1,0.0,0,1,0,1,0.0,1.0,0.0,9.259969202821074e-21,,,,False,False,False
vikinick,2,0.0,0,2,0,2,0.0,2.0,0.0,7.705257831669649e-20,,,,False,False,False
vincethatwaspromised,1,0.0,2,1,2,1,2.0,1.0,5.015936885469358e-08,5.093021216473372e-19,2.0,0.0,0.0,False,False,False
vindilol24,2,0.0,0,2,0,2,0.0,2.0,0.0,2.7344763797499276e-19,,,,False,False,False
vintagesin,3,0.0,0,3,0,3,0.0,3.0,0.0,4.951418647718728e-21,,,,False,False,False
vinterridderen,1,0.0,0,1,0,1,0.0,1.0,0.0,1.2710853390477234e-20,,,,False,False,False
vio94,3,0.0,4,3,4,3,4.0,3.0,0.00019035480480356212,-1.1669258448297832e-18,4.0,0.0,0.0,True,False,False
violetorchid85,1,1.0,0,1,0,1,0.0,1.0,0.0,1.1103144310014158e-20,,,,False,False,False
virgine,2,0.0,1,1,1,1,1.0,2.0,0.0,8.394910435486281e-05,1.0,0.0,0.0,False,False,False
virtual-big-1606,3,0.3333333333333333,2,2,2,2,3.0,3.0,1.2539842213673395e-07,-4.420905119081867e-19,3.0,0.0,0.0,False,False,False
virtualname7674,6,0.0,3,6,3,6,4.0,6.0,0.0010944094907861766,0.0003380001696990407,4.0,0.0,0.0,True,False,False
virus08,1,0.0,1,1,1,1,1.0,1.0,0.0,9.063696782967656e-07,1.0,0.0,0.0,False,False,False
vision0709,1,0.0,0,1,0,1,0.0,1.0,0.0,-1.6519441474312355e-20,,,,False,False,False
vissenoog,1,0.0,0,1,0,1,0.0,1.0,0.0,3.917909535983574e-19,,,,False,False,False
visual_preparation70,1,0.0,0,1,0,1,0.0,1.0,0.0,2.918651224375792e-21,,,,False,False,False
visualgloss,1,0.0,0,1,0,1,0.0,1.0,0.0,4.699669160588965e-20,,,,False,False,False
vitiock,4,0.0,1,1,1,1,3.0,4.0,0.0,1.7188886190441942e-06,3.0,0.0,0.0,False,False,False
vivid-estimate6908,1,0.0,2,1,2,1,2.0,1.0,2.507968442734679e-08,-6.355045357592652e-19,2.0,0.0,0.0,False,False,False
vixfew,1,0.0,1,1,1,1,1.0,1.0,0.0,-2.4002411654609773e-18,1.0,0.0,0.0,False,False,False
vlarett,2,0.0,6,2,6,2,6.0,2.0,0.00046438242574134,0.0001799869013588381,6.0,0.0,0.0,True,False,True
vodkasliceoflife,1,0.0,0,1,0,1,0.0,1.0,0.0,-8.330672121849483e-20,,,,False,False,False
vods,1,0.0,0,1,0,1,0.0,1.0,0.0,4.681380402512887e-20,,,,False,False,False
void-kun,1,0.0,0,1,0,1,0.0,1.0,0.0,2.5414921946615764e-19,,,,False,False,False
void_guardians,3,0.0,5,2,5,2,5.0,3.0,0.00029915821327584344,7.488015636741494e-05,5.0,0.0,0.0,True,False,False
voiddredd,1,0.0,2,1,2,1,2.0,1.0,0.0,1.899048789672792e-05,2.0,0.0,0.0,False,False,False
voidkusho,1,0.0,8,1,8,1,8.0,1.0,0.0002763119270713439,0.002558593880467426,8.0,0.0,0.0,True,False,False
voidraven,4,0.0,1,4,1,4,1.0,4.0,0.0011124162260013623,2.9169820340282616e-05,1.0,0.0,0.0,False,False,False
voimanhankkija,1,0.0,1,1,1,1,1.0,1.0,8.534952829838755e-06,3.649527526387175e-05,1.0,0.0,0.0,False,False,False
vokzhen,2,0.0,1,2,1,2,1.0,2.0,0.0005282489206569155,9.474628850903506e-06,1.0,0.0,0.0,False,False,False
voldis,1,0.0,0,1,0,1,0.0,1.0,0.0,2.0050754922483657e-19,,,,False,False,False
volksdk,13,0.0,7,12,7,12,8.0,13.0,0.0023199400453302087,0.002150186647712829,8.0,0.0,0.0,True,False,True
vomaufgang,1,1.0,0,1,0,1,0.0,1.0,0.0,-8.879819180401929e-21,,,,False,False,False
vomitfella,1,0.0,0,1,0,1,0.0,1.0,0.0,-8.216453119768966e-20,,,,False,False,False
vomitology,3,0.0,1,3,1,3,1.0,3.0,1.8015841119798167e-05,7.311290569994283e-07,1.0,0.0,0.0,False,False,False
vomitrocity,1,0.0,0,1,0,1,0.0,1.0,0.0,-8.372019425878693e-20,,,,False,False,False
vonalex,1,0.0,0,1,0,1,0.0,1.0,0.0,1.6799164362975492e-19,,,,False,False,False
vonigner,1,0.0,0,1,0,1,0.0,1.0,0.0,-4.189923015493165e-20,,,,False,False,False
voodoo123,1,0.0,0,1,0,1,0.0,1.0,0.0,1.622530335596903e-19,,,,False,False,False
voss3ygam3s,4,0.25,1,4,1,4,1.0,4.0,0.0002489814078603308,1.140070247121525e-05,1.0,0.0,0.0,False,False,False
voxcastbread,5,0.0,2,5,2,5,2.0,5.0,0.00028388218901847405,3.1953655835438464e-18,2.0,0.0,0.0,False,False,False
voyagercsl,1,0.0,0,1,0,1,0.0,1.0,0.0,-1.0249806708504485e-19,,,,False,False,False
vrazel106,7,0.0,3,6,3,6,3.0,7.0,0.0019353302372171512,0.0005867950724666333,3.0,0.0,0.0,True,False,False
vsloki,1,0.0,1,1,1,1,1.0,1.0,5.795114095524073e-05,7.677752027273743e-08,1.0,0.0,0.0,False,False,False
vthemechanicv,1,0.0,0,1,0,1,0.0,1.0,0.0,-8.155260504297803e-20,,,,False,False,False
vucialwonderland,3,0.3333333333333333,2,3,2,3,2.0,3.0,6.47211993319754e-05,1.2489878951779805e-05,2.0,0.0,0.0,False,False,False
vukkiller,1,0.0,1,1,1,1,1.0,1.0,0.0,0.00022209339783593689,1.0,0.0,0.0,False,False,False
vulperius,1,0.0,0,1,0,1,0.0,1.0,0.0,-3.506419842082333e-19,,,,False,False,False
vurtago1014,2,0.5,0,2,0,2,0.0,2.0,0.0,2.1455441133959316e-19,,,,False,False,False
vvev,1,0.0,0,1,0,1,0.0,1.0,0.0,-2.8684346098220534e-20,,,,False,False,False
vxr-vashrix,1,0.0,0,1,0,1,0.0,1.0,0.0,-1.7774705339690378e-19,,,,False,False,False
vyar,2,0.5,0,2,0,2,0.0,2.0,0.0,6.4387439042388e-20,,,,False,False,False
vyni503,1,0.0,0,1,0,1,0.0,1.0,0.0,1.274467663263472e-19,,,,False,False,False
w1ldb0yz,1,0.0,0,1,0,1,0.0,1.0,0.0,-1.980241619005227e-20,,,,False,False,False
w1shm4ster,1,0.0,1,1,1,1,1.0,1.0,2.507968442734679e-08,-7.226760996475614e-19,1.0,0.0,0.0,False,False,False
wadek001,3,0.3333333333333333,4,3,4,3,4.0,3.0,0.00018277271267271283,0.0007089884934130296,4.0,0.0,0.0,True,False,False
waffle0calypse,2,0.0,2,1,2,1,2.0,2.0,4.7450762936540124e-05,8.559479155026782e-05,2.0,0.0,0.0,False,False,False
waffle_sama,1,0.0,2,1,2,1,2.0,1.0,5.015936885469358e-08,-8.5337696176502e-20,2.0,0.0,0.0,False,False,False
wait__who,2,0.5,2,2,2,2,2.0,2.0,0.0002106029950997249,0.0002210900359209096,2.0,0.0,0.0,False,False,False
wakeup_andgetready,1,0.0,1,1,1,1,1.0,1.0,0.0,1.1470084643848262e-07,1.0,0.0,0.0,False,False,False
waldenducks,2,0.0,0,2,0,2,0.0,2.0,0.0,2.0089314660664478e-19,,,,False,False,False
walkingcondomad,1,0.0,0,1,0,1,0.0,1.0,0.0,-3.125840502429399e-20,,,,False,False,False
walldewd,1,0.0,0,1,0,1,0.0,1.0,0.0,-1.6064079015290293e-19,,,,False,False,False
wallzballz89,2,0.0,1,2,1,2,1.0,2.0,4.730028482997605e-05,-8.726375433246918e-19,1.0,0.0,0.0,False,False,False
wamblingshark,1,0.0,0,1,0,1,0.0,1.0,0.0,1.0127217409376023e-19,,,,False,False,False
wanit8,1,0.0,1,1,1,1,1.0,1.0,0.0,0.00024300424458951,1.0,0.0,0.0,False,False,False
warbringercs,2,0.0,0,2,0,2,0.0,2.0,0.0,-2.8001360261983376e-21,,,,False,False,False
warchief_darthy,1,0.0,0,1,0,1,0.0,1.0,0.0,1.2470690583070028e-21,,,,False,False,False
warm_difficulty2698,4,0.0,5,3,5,3,5.0,3.0,0.0017592288885436083,8.573564202515515e-06,5.0,0.0,0.0,True,False,True
warmanee,1,0.0,1,1,1,1,1.0,1.0,2.507968442734679e-08,3.1970219462093594e-19,1.0,0.0,0.0,False,False,False
warrant2k,1,0.0,0,1,0,1,0.0,1.0,0.0,-1.23463957117791e-20,,,,False,False,False
wassubzero-nowplain0,2,0.0,2,2,2,2,2.0,2.0,6.285858853303768e-05,5.697254607755392e-19,2.0,0.0,0.0,False,False,False
wavefunctionp,1,0.0,4,1,4,1,4.0,1.0,0.00017665968112354842,0.0004955451979168876,4.0,0.0,0.0,True,False,False
wavylife84,2,0.0,0,2,0,2,0.0,2.0,0.0,5.687051087291791e-20,,,,False,False,False
waxllium,1,0.0,0,1,0,1,0.0,1.0,0.0,-3.241853963947517e-20,,,,False,False,False
wayrell,1,0.0,0,1,0,1,0.0,1.0,0.0,1.0264946261188599e-19,,,,False,False,False
weakchocolate6625,5,0.0,5,5,5,5,5.0,5.0,0.00019043004385684416,8.122223523396761e-18,5.0,0.0,0.0,True,False,False
weaknesspast2067,3,0.0,7,3,7,3,7.0,3.0,0.000668841116250368,3.276316208270892e-07,7.0,0.0,0.0,True,False,True
weaponizedkissing,2,0.0,0,2,0,2,0.0,2.0,0.0,1.2314171679625627e-19,,,,False,False,False
wear-simple,1,1.0,0,1,0,1,0.0,1.0,0.0,-1.676409688056095e-19,,,,False,False,False
weary_bookkeeper_602,1,0.0,0,1,0,1,0.0,1.0,0.0,1.3650880583727148e-20,,,,False,False,False
weary_city4448,6,0.0,9,5,9,5,11.0,5.0,0.0018637868806412558,0.0005741979464837528,11.0,0.0,0.0,True,False,True
webbysy2,1,1.0,0,1,0,1,0.0,1.0,0.0,1.008925940040629e-20,,,,False,False,False
wehaveallbeenthere,1,0.0,0,1,0,1,0.0,1.0,0.0,-2.356392444775963e-21,,,,False,False,False
weinerfish,4,0.0,2,3,2,3,4.0,4.0,0.00020542535705482109,2.5872213991486568e-05,4.0,0.0,0.0,False,False,False
weird_contribution44,1,0.0,0,1,0,1,0.0,1.0,0.0,-2.17254879046349e-19,,,,False,False,False
welderaggravating896,1,0.0,0,1,0,1,0.0,1.0,0.0,-3.1730082865928916e-20,,,,False,False,False
welshywow,1,0.0,0,1,0,1,0.0,1.0,0.0,1.207569539301838e-20,,,,False,False,False
wendigocrossing,2,0.0,0,2,0,2,0.0,2.0,0.0,-2.5478788191810376e-19,,,,False,False,False
weneedcomms,1,0.0,0,1,0,1,0.0,1.0,0.0,-1.1440367993171532e-19,,,,False,False,False
werebearguy,1,0.0,0,1,0,1,0.0,1.0,0.0,-3.6501465308304504e-20,,,,False,False,False
werip,1,0.0,0,1,0,1,0.0,1.0,0.0,-1.1140584785341379e-19,,,,False,False,False
weru20,1,0.0,0,1,0,1,0.0,1.0,0.0,-3.471332661286872e-21,,,,False,False,False
westboundbart,1,0.0,0,1,0,1,0.0,1.0,0.0,1.2353981442975137e-20,,,,False,False,False
wewfarmer,3,0.0,1,3,1,3,1.0,3.0,4.757616135867686e-05,4.319076524284878e-19,1.0,0.0,0.0,False,False,False
what_the_frick,1,0.0,1,1,1,1,1.0,1.0,0.0,2.3925681635536953e-06,1.0,0.0,0.0,False,False,False
whateverittakes117,1,0.0,0,1,0,1,0.0,1.0,0.0,-6.873685921103292e-20,,,,False,False,False
whatifyoudidtho,12,0.0,6,10,6,10,7.0,11.0,0.0039024935038541237,0.002537727910343739,7.0,0.0,0.0,True,False,True
whatisdigrat,1,0.0,1,1,1,1,1.0,1.0,0.0,0.002639350578405996,1.0,0.0,0.0,False,False,False
whatsmypw,1,0.0,3,1,3,1,3.0,1.0,0.000124896828448187,0.0017893624308875319,3.0,0.0,0.0,True,False,False
whatthehellman2,1,0.0,11,1,11,1,11.0,1.0,1.327765836944071e-05,0.012690633946936711,11.0,0.0,0.0,True,False,False
wherebaptizeddrowned,4,0.0,4,4,4,4,4.0,4.0,0.0006273442431242888,0.001129342352300307,4.0,0.0,0.0,True,False,False
which-house5837,1,0.0,0,1,0,1,0.0,1.0,0.0,-2.8284710833483633e-19,,,,False,False,False
which_loan_3634,1,0.0,0,1,0,1,0.0,1.0,0.0,4.889729296881865e-20,,,,False,False,False
whiskey_bear,2,0.0,0,2,0,2,0.0,2.0,0.0,-2.77423822374106e-20,,,,False,False,False
whiskeyhotel83,1,0.0,1,1,1,1,1.0,1.0,4.7475842620967475e-05,-1.2543517232394076e-20,1.0,0.0,0.0,False,False,False
whiskeymarlow,1,0.0,0,1,0,1,0.0,1.0,0.0,1.9775999176877056e-19,,,,False,False,False
whitecastlebites,1,0.0,0,1,0,1,0.0,1.0,0.0,-2.0216170805432032e-20,,,,False,False,False
whitechapel726,1,0.0,6,1,6,1,6.0,1.0,0.00037427531852822916,0.00032085056897249907,6.0,0.0,0.0,True,False,False
whiteshovel66,2,0.0,1,2,1,2,1.0,2.0,1.0031873770938715e-07,-1.1649161318122697e-18,1.0,0.0,0.0,False,False,False
whodey815,2,0.0,0,2,0,2,0.0,2.0,0.0,9.396307139641231e-20,,,,False,False,False
whoisape,3,0.0,0,3,0,3,0.0,3.0,0.0,-4.3169536858368254e-20,,,,False,False,False
whollyunholy,2,0.0,1,1,1,1,1.0,2.0,0.0,1.0182668760985e-06,1.0,0.0,0.0,False,False,False
whomthebelltoll,1,0.0,0,1,0,1,0.0,1.0,0.0,-3.5154922496182495e-21,,,,False,False,False
whoudini13,3,0.0,3,2,3,2,3.0,3.0,0.0005084784292509537,6.020346917128427e-11,3.0,0.0,0.0,True,False,False
why_is_grass_green,5,0.0,9,4,9,4,11.0,5.0,0.0013953150800489053,0.001187428600288954,11.0,0.0,0.0,True,False,True
whyusaydat,5,0.0,1,5,1,5,1.0,5.0,0.0013729612537976227,7.55172950299225e-05,1.0,0.0,0.0,False,False,False
wide-grape-2256,1,0.0,0,1,0,1,0.0,1.0,0.0,-1.4748929874536606e-19,,,,False,False,False
wide-meaning-7136,1,0.0,0,1,0,1,0.0,1.0,0.0,-2.0894312584606293e-20,,,,False,False,False
wild_arcuslux,1,0.0,0,1,0,1,0.0,1.0,0.0,7.081964989734368e-20,,,,False,False,False
wildefaux,3,0.0,3,2,3,2,3.0,3.0,4.3549015007644446e-05,0.0005366364885038042,3.0,0.0,0.0,True,False,False
wildernaess,1,0.0,0,1,0,1,0.0,1.0,0.0,-4.443450708271785e-20,,,,False,False,False
wilicil,6,0.0,1,2,1,2,4.0,6.0,3.690061187745707e-06,3.776650205030724e-06,4.0,0.0,0.0,False,False,False
willing-display3912,1,0.0,0,1,0,1,0.0,1.0,0.0,1.4736531813791651e-19,,,,False,False,False
windex17,2,0.0,0,2,0,2,0.0,2.0,0.0,-2.307513847448796e-19,,,,False,False,False
windserpents,1,0.0,0,1,0,1,0.0,1.0,0.0,2.66934407620965e-19,,,,False,False,False
winklepinkle,1,0.0,0,1,0,1,0.0,1.0,0.0,2.391721770151039e-20,,,,False,False,False
winstonbabar,7,0.4285714285714285,15,6,15,6,19.0,7.0,0.0043623105000580795,0.0008731595715505235,19.0,0.0,0.0,True,True,True
winter_candy8778,2,0.0,0,2,0,2,0.0,2.0,0.0,6.233918250801806e-20,,,,False,False,False
winther89,1,0.0,0,1,0,1,0.0,1.0,0.0,-2.6659773948517388e-20,,,,False,False,False
wisd0m1,1,0.0,0,1,0,1,0.0,1.0,0.0,2.503409498626331e-20,,,,False,False,False
wiseblood1978,1,0.0,0,1,0,1,0.0,1.0,0.0,-1.0390826042599893e-20,,,,False,False,False
wiselychoosen23,7,0.0,2,4,2,4,5.0,7.0,0.0008992892238417832,6.4107154389120535e-06,5.0,0.0,0.0,False,False,True
wisemouse69_,1,0.0,1,1,1,1,1.0,1.0,0.0,8.140460338195857e-19,1.0,0.0,0.0,False,False,False
wisniaksiadz,3,0.3333333333333333,1,3,1,3,1.0,3.0,4.747584262096747e-05,1.5269538975636611e-19,1.0,0.0,0.0,False,False,False
wittiestphrase,2,0.0,1,2,1,2,2.0,2.0,1.9235612687407403e-06,1.5367097607280207e-19,2.0,0.0,0.0,False,False,False
wizardfromwaterdeep,1,0.0,0,1,0,1,0.0,1.0,0.0,-4.970003678954971e-20,,,,False,False,False
wizardthreehats,1,0.0,1,1,1,1,1.0,1.0,1.035810518051854e-05,6.352278923168402e-07,1.0,0.0,0.0,False,False,False
wizkidjones,1,0.0,0,1,0,1,0.0,1.0,0.0,-5.104760277823885e-20,,,,False,False,False
wlktheearth,1,0.0,0,1,0,1,0.0,1.0,0.0,-1.3791955454056604e-19,,,,False,False,False
wmeia,1,0.0,1,1,1,1,1.0,1.0,0.000333447575889253,0.00035832953426472735,1.0,0.0,0.0,False,False,False
wobbafina,2,0.0,0,2,0,2,0.0,2.0,0.0,-2.550749367763958e-19,,,,False,False,False
wobblucy,4,0.0,6,4,6,4,7.0,4.0,0.0026262093607993518,0.014725309316621662,7.0,0.0,0.0,True,False,True
wobbly_princess,1,0.0,0,1,0,1,0.0,1.0,0.0,-5.74738475544247e-20,,,,False,False,False
wobbysath,1,0.0,0,1,0,1,0.0,1.0,0.0,6.472687575066533e-20,,,,False,False,False
wodentoad,1,0.0,1,1,1,1,1.0,1.0,5.015936885469358e-08,3.358281509434056e-20,1.0,0.0,0.0,False,False,False
woe-is-me,1,0.0,0,1,0,1,0.0,1.0,0.0,-9.522320526111416e-20,,,,False,False,False
wojtasz78,4,0.0,1,4,1,4,1.0,4.0,4.747584262096747e-05,-1.517710074370999e-20,1.0,0.0,0.0,False,False,False
wolandwashere,1,0.0,0,1,0,1,0.0,1.0,0.0,2.132525522983211e-19,,,,False,False,False
wolfchildame,1,0.0,1,1,1,1,1.0,1.0,0.0,-7.34023667121391e-20,1.0,0.0,0.0,False,False,False
wolfdad33,1,0.0,1,1,1,1,1.0,1.0,0.0,0.09344260543759518,1.0,0.0,0.0,False,False,False
wolfllunaa,1,0.0,0,1,0,1,0.0,1.0,0.0,-8.226795604483747e-20,,,,False,False,False
wolfrossen,1,0.0,0,1,0,1,0.0,1.0,0.0,-1.1803528559033823e-19,,,,False,False,False
wollsockenvonoma,6,0.0,14,6,14,6,17.0,6.0,0.0011126207419684452,0.00021470762029974954,17.0,0.0,0.0,True,False,True
wolverine1621,1,0.0,0,1,0,1,0.0,1.0,0.0,-1.7641585491534317e-19,,,,False,False,False
wompstawomp,1,0.0,0,1,0,1,0.0,1.0,0.0,-5.082982062427222e-21,,,,False,False,False
wonderful_bed_5854,1,0.0,0,1,0,1,0.0,1.0,0.0,3.5095666225608093e-19,,,,False,False,False
wonderful_end_7950,1,0.0,1,1,1,1,1.0,1.0,4.747584262096747e-05,-1.1028538272024242e-19,1.0,0.0,0.0,False,False,False
wonderfulbuilding918,1,0.0,0,1,0,1,0.0,1.0,0.0,-5.375628739923658e-20,,,,False,False,False
wonderfultruck5894,2,0.0,0,2,0,2,0.0,2.0,0.0,2.5894428833961936e-20,,,,False,False,False
wondertop5627,1,0.0,0,1,0,1,0.0,1.0,0.0,1.4149674251966075e-19,,,,False,False,False
wongfarmhand,1,0.0,0,1,0,1,0.0,1.0,0.0,-6.554085228537277e-20,,,,False,False,False
wonkothesane13,1,0.0,1,1,1,1,1.0,1.0,0.0,7.86477991345374e-07,1.0,0.0,0.0,False,False,False
wonohsix,1,0.0,1,1,1,1,1.0,1.0,0.0,8.335519281629179e-19,1.0,0.0,0.0,False,False,False
wooden_horse_333,1,0.0,0,1,0,1,0.0,1.0,0.0,-7.859441510946608e-20,,,,False,False,False
wookieweener,1,0.0,0,1,0,1,0.0,1.0,0.0,1.11468009102955e-19,,,,False,False,False
woolyswift,1,0.0,0,1,0,1,0.0,1.0,0.0,8.491475405327429e-20,,,,False,False,False
woras13,2,0.0,0,1,0,1,0.0,1.0,0.0,-2.19043869297526e-19,,,,False,False,False
working_membership57,2,0.0,1,2,1,2,1.0,2.0,0.00017394874432078184,3.7267707467299123e-07,1.0,0.0,0.0,False,False,False
workingjournalist330,1,0.0,0,1,0,1,0.0,1.0,0.0,-8.393335303791711e-20,,,,False,False,False
worktrashguy,1,0.0,1,1,1,1,1.0,1.0,1.662425589723597e-05,-3.25882358477569e-19,1.0,0.0,0.0,False,False,False
world_,1,0.0,0,1,0,1,0.0,1.0,0.0,8.618920850485009e-20,,,,False,False,False
worldchrisis,1,0.0,0,1,0,1,0.0,1.0,0.0,1.5004005895877387e-19,,,,False,False,False
worldlinessquick5558,1,0.0,0,1,0,1,0.0,1.0,0.0,1.1669795760549176e-19,,,,False,False,False
worldly_technology19,1,0.0,0,1,0,1,0.0,1.0,0.0,-5.887923181944949e-20,,,,False,False,False
worldly_wasabi_6055,1,0.0,0,1,0,1,0.0,1.0,0.0,2.130576007424084e-20,,,,False,False,False
worldofhorsecraft,1,0.0,0,1,0,1,0.0,1.0,0.0,-1.1978423085715315e-19,,,,False,False,False
wormsthehermit,2,0.0,5,2,5,2,5.0,2.0,0.0004948780294161709,0.0002899599861633314,5.0,0.0,0.0,True,False,True
wormymog,1,0.0,0,1,0,1,0.0,1.0,0.0,-6.521021882367496e-21,,,,False,False,False
worried-advisor-7054,3,0.0,1,2,1,2,1.0,3.0,0.00015175563691774288,0.0003142937700659102,1.0,0.0,0.0,False,False,False
worried-fish8250,2,0.0,2,2,2,2,2.0,2.0,0.00017224727264701775,3.113698200068577e-06,2.0,0.0,0.0,False,False,False
worried-lingonberry,2,0.0,0,2,0,2,0.0,2.0,0.0,-4.8747942762395754e-20,,,,False,False,False
worthplease,3,0.0,0,3,0,3,0.0,3.0,0.0,-3.5272783893446854e-20,,,,False,False,False
wow-modteam,7,0.0,0,5,0,5,0.0,6.0,0.0,-6.214302596696324e-20,,,,False,False,False
wow_such_karma,1,0.0,0,1,0,1,0.0,1.0,0.0,1.9356825739409218e-19,,,,False,False,False
wowbagger262,1,0.0,0,1,0,1,0.0,1.0,0.0,5.579545772057251e-20,,,,False,False,False
wowhaberdasher,3,0.0,0,3,0,3,0.0,3.0,0.0,-1.6884662358085438e-19,,,,False,False,False
wowitshemlock,1,0.0,0,1,0,1,0.0,1.0,0.0,1.239974927319825e-19,,,,False,False,False
wowlaw,1,0.0,0,1,0,1,0.0,1.0,0.0,-3.6758032264212417e-20,,,,False,False,False
wraisted,2,0.0,0,2,0,2,0.0,2.0,0.0,-1.124439567373667e-19,,,,False,False,False
wrangler-creepy,1,0.0,0,1,0,1,0.0,1.0,0.0,-2.115701941855216e-21,,,,False,False,False
wreckuiem48,1,0.0,1,1,1,1,1.0,1.0,0.0,7.797891350660135e-05,1.0,0.0,0.0,False,False,False
wrexxis780,7,0.0,4,7,4,7,4.0,7.0,0.0010413695645136952,5.419335778618193e-05,4.0,0.0,0.0,True,False,False
writerv,1,0.0,0,1,0,1,0.0,1.0,0.0,-2.517020226497215e-20,,,,False,False,False
wtf-meight,1,0.0,1,1,1,1,1.0,1.0,0.0,6.248132754597278e-06,1.0,0.0,0.0,False,False,False
wtf_cake,3,0.0,3,3,3,3,4.0,3.0,0.0028846088499996547,0.00479503809770898,4.0,0.0,0.0,True,False,False
wtf_lolz123,1,0.0,0,1,0,1,0.0,1.0,0.0,-1.6690862764051912e-19,,,,False,False,False
wtfstupidhedgehog,2,0.0,1,1,1,1,1.0,2.0,0.0,-1.1002314714742306e-20,1.0,0.0,0.0,False,False,False
wukongpvm,4,0.0,2,2,2,2,4.0,4.0,5.015936885469358e-08,2.2691142735552022e-18,4.0,0.0,0.0,False,False,False
wung,1,0.0,1,1,1,1,1.0,1.0,4.7475842620967475e-05,-9.71359948397496e-19,1.0,0.0,0.0,False,False,False
wykiki92,1,0.0,0,1,0,1,0.0,1.0,0.0,1.9356989319360219e-19,,,,False,False,False
xaajr,3,0.0,1,2,1,2,2.0,3.0,7.523905328204037e-08,9.252618961514242e-19,2.0,0.0,0.0,False,False,False
xaden1234,1,0.0,0,1,0,1,0.0,1.0,0.0,4.7413969418779934e-20,,,,False,False,False
xamalion,1,0.0,1,1,1,1,1.0,1.0,2.507968442734679e-08,-5.942207042700704e-20,1.0,0.0,0.0,False,False,False
xampew,7,0.0,6,5,6,5,9.0,7.0,0.0013249719192543782,0.00017536367015749443,9.0,0.0,0.0,True,False,True
xanas263,1,0.0,0,1,0,1,0.0,1.0,0.0,1.0887697289145548e-19,,,,False,False,False
xanaxqc,1,0.0,0,1,0,1,0.0,1.0,0.0,-6.745731223447864e-20,,,,False,False,False
xandril,14,0.1428571428571428,10,9,10,9,14.0,14.0,0.003492119192018497,0.0004251423547432648,14.0,0.0,0.0,True,False,True
xaniengenn,4,0.0,1,1,1,1,4.0,4.0,0.0,0.09344260543759522,4.0,0.0,0.0,False,False,False
xanikk999,1,0.0,2,1,2,1,2.0,1.0,9.606265044086092e-05,5.376395843636677e-06,2.0,0.0,0.0,False,False,False
xantholne,1,0.0,2,1,2,1,2.0,1.0,1.0031873770938715e-07,3.765664679069283e-20,2.0,0.0,0.0,False,False,False
xardaspk,1,0.0,0,1,0,1,0.0,1.0,0.0,4.3416604525324174e-20,,,,False,False,False
xavierstoned,1,0.0,0,1,0,1,0.0,1.0,0.0,5.2247704110318206e-21,,,,False,False,False
xavril8,1,0.0,0,1,0,1,0.0,1.0,0.0,-6.819256506336409e-20,,,,False,False,False
xaxa123,1,0.0,0,1,0,1,0.0,1.0,0.0,1.1242054905877788e-19,,,,False,False,False
xblacklinkin,1,0.0,0,1,0,1,0.0,1.0,0.0,-8.969446907553938e-20,,,,False,False,False
xcampingxcarlx,1,0.0,0,1,0,1,0.0,1.0,0.0,-1.8583071347663176e-19,,,,False,False,False
xch4lkyx,1,0.0,0,1,0,1,0.0,1.0,0.0,-1.4870286301954746e-20,,,,False,False,False
xclauwe,2,0.0,0,2,0,2,0.0,2.0,0.0,-1.5268483449445656e-19,,,,False,False,False
xclbr1,8,0.0,8,7,8,7,9.0,8.0,0.0032783831592574975,0.00012962489848233948,9.0,0.0,0.0,True,False,True
xdevilfishx,1,0.0,0,1,0,1,0.0,1.0,0.0,6.112701281090158e-22,,,,False,False,False
xdisturbed13,1,1.0,0,1,0,1,0.0,1.0,0.0,-1.3264282024240665e-19,,,,False,False,False
xdreadl0rdx,1,0.0,0,1,0,1,0.0,1.0,0.0,3.652690413501162e-19,,,,False,False,False
xefiggy,1,0.0,0,1,0,1,0.0,1.0,0.0,1.86641566864154e-19,,,,False,False,False
xehanort107,1,0.0,0,1,0,1,0.0,1.0,0.0,1.125075613625849e-19,,,,False,False,False
xeltes,1,0.0,0,1,0,1,0.0,1.0,0.0,8.275544089055674e-20,,,,False,False,False
xeltoris,1,0.0,0,1,0,1,0.0,1.0,0.0,2.5612270653328623e-20,,,,False,False,False
xenavire,1,0.0,1,1,1,1,1.0,1.0,4.750092230539482e-05,-2.8297652243634796e-20,1.0,0.0,0.0,False,False,False
xendas9393,1,0.0,0,1,0,1,0.0,1.0,0.0,6.936181247093891e-20,,,,False,False,False
xenochrist,1,0.0,0,1,0,1,0.0,1.0,0.0,8.566118332383124e-21,,,,False,False,False
xero2216,1,0.0,0,1,0,1,0.0,1.0,0.0,2.223572066491304e-19,,,,False,False,False
xeroticz,1,1.0,0,1,0,1,0.0,1.0,0.0,-2.0712075750969357e-19,,,,False,False,False
xforeignmetal,2,0.0,2,2,2,2,2.0,2.0,5.796268397116943e-05,-4.966568490041433e-19,2.0,0.0,0.0,False,False,False
xgunter,1,0.0,0,1,0,1,0.0,1.0,0.0,-1.518486394765068e-19,,,,False,False,False
xiaopewpew,1,0.0,0,1,0,1,0.0,1.0,0.0,-1.5918144685655302e-19,,,,False,False,False
xlibur,1,0.0,1,1,1,1,1.0,1.0,9.495168524193494e-05,1.1943107579120043e-19,1.0,0.0,0.0,False,False,False
xmadison84,1,0.0,1,1,1,1,1.0,1.0,4.747584262096747e-05,-9.378872530019952e-20,1.0,0.0,0.0,False,False,False
xmehow,1,0.0,0,1,0,1,0.0,1.0,0.0,-4.055563230174819e-20,,,,False,False,False
xnlsx,2,0.0,1,2,1,2,1.0,2.0,4.757616135867686e-05,7.950657175012115e-20,1.0,0.0,0.0,False,False,False
xoninlima,1,0.0,1,1,1,1,1.0,1.0,4.7475842620967475e-05,-3.5725486787344993e-19,1.0,0.0,0.0,False,False,False
xoskrad,1,0.0,0,1,0,1,0.0,1.0,0.0,-2.2932468926793757e-19,,,,False,False,False
xphurrious,2,0.0,0,2,0,2,0.0,2.0,0.0,-5.2384644761963296e-20,,,,False,False,False
xrae95er,1,0.0,0,1,0,1,0.0,1.0,0.0,5.957753571323805e-21,,,,False,False,False
xremy27,1,0.0,1,1,1,1,1.0,1.0,0.0,-6.205879087543118e-19,1.0,0.0,0.0,False,False,False
xrupz,2,0.5,1,1,1,1,2.0,2.0,0.0,-1.2818557481712736e-18,2.0,0.0,0.0,False,False,False
xsmacktrick,1,0.0,0,1,0,1,0.0,1.0,0.0,2.734388040575009e-20,,,,False,False,False
xsunzerox,1,0.0,1,1,1,1,1.0,1.0,0.00023737921310483734,-7.3607128416579475e-19,1.0,0.0,0.0,False,False,False
xteitix,1,0.0,0,1,0,1,0.0,1.0,0.0,-1.1222439410239604e-19,,,,False,False,False
xuanwu,1,0.0,0,1,0,1,0.0,1.0,0.0,-2.4032295825372055e-19,,,,False,False,False
xubarious,1,0.0,1,1,1,1,1.0,1.0,0.0,2.5310113937683073e-19,1.0,0.0,0.0,False,False,False
xvendicta,1,0.0,0,1,0,1,0.0,1.0,0.0,5.0347884517936156e-20,,,,False,False,False
xwastheproblem,1,0.0,0,1,0,1,0.0,1.0,0.0,1.6393029447549075e-20,,,,False,False,False
xxandes,1,0.0,2,1,2,1,2.0,1.0,5.5348685796651604e-05,-1.1964488654743948e-19,2.0,0.0,0.0,False,False,False
xxguzxx,1,0.0,0,1,0,1,0.0,1.0,0.0,4.7693812220839506e-20,,,,False,False,False
xycod1346,1,0.0,0,1,0,1,0.0,1.0,0.0,-1.618960251159161e-21,,,,False,False,False
xyrasthehealer,1,0.0,0,1,0,1,0.0,1.0,0.0,4.857236537236371e-20,,,,False,False,False
xzerocidex,2,0.0,0,2,0,2,0.0,2.0,0.0,8.85857616378046e-20,,,,False,False,False
y0n9xx,1,0.0,0,1,0,1,0.0,1.0,0.0,-5.574659583146981e-20,,,,False,False,False
yadaya555,3,0.0,1,2,1,2,1.0,3.0,0.00044109431356856375,1.058313094468792e-07,1.0,0.0,0.0,False,False,False
yadilie,1,0.0,1,1,1,1,1.0,1.0,0.0,3.2789701840432065e-05,1.0,0.0,0.0,False,False,False
yak-4-president,1,0.0,0,1,0,1,0.0,1.0,0.0,-7.122569525385907e-20,,,,False,False,False
yankeesullivan,1,0.0,0,1,0,1,0.0,1.0,0.0,2.830933837294658e-20,,,,False,False,False
yarzu89,2,0.0,0,2,0,2,0.0,2.0,0.0,5.122944530027216e-21,,,,False,False,False
yayakla,1,0.0,0,1,0,1,0.0,1.0,0.0,-1.0174899753322102e-20,,,,False,False,False
yazkin_yamakala,1,0.0,0,1,0,1,0.0,1.0,0.0,-1.6476319042745638e-20,,,,False,False,False
ydob_suomynona,1,0.0,0,1,0,1,0.0,1.0,0.0,-4.9252259104807037e-20,,,,False,False,False
yeet_god69420,1,0.0,0,1,0,1,0.0,1.0,0.0,-2.2461500752802016e-19,,,,False,False,False
yelir133,1,0.0,2,1,2,1,2.0,1.0,0.0022326715835059197,0.004691521832021908,2.0,0.0,0.0,False,False,False
yellow12_,3,0.0,0,3,0,3,0.0,3.0,0.0,-1.6048614491209074e-19,,,,False,False,False
yellowsen,1,0.0,1,1,1,1,1.0,1.0,0.0,1.647121089028199e-18,1.0,0.0,0.0,False,False,False
yelloxman,1,0.0,1,1,1,1,1.0,1.0,3.026003257739542e-06,6.933643497297278e-20,1.0,0.0,0.0,False,False,False
yeti521,1,0.0,0,1,0,1,0.0,1.0,0.0,2.934775087260587e-20,,,,False,False,False
yhvh13,6,0.0,7,4,7,4,9.0,6.0,0.0019087575377254439,0.0008420541935767177,9.0,0.0,0.0,True,False,True
yiffparty_exe,1,0.0,1,1,1,1,1.0,1.0,1.2539842213673394e-08,-8.834360565644671e-20,1.0,0.0,0.0,False,False,False
yinxi19,1,0.0,3,1,3,1,3.0,1.0,9.500184461078964e-05,-1.4624098658008898e-19,3.0,0.0,0.0,True,False,False
ynwa_diver,2,0.0,0,2,0,2,0.0,2.0,0.0,6.314058795405393e-20,,,,False,False,False
yoboom21,1,0.0,0,1,0,1,0.0,1.0,0.0,-4.139159597187934e-20,,,,False,False,False
yolkjamma,1,0.0,0,1,0,1,0.0,1.0,0.0,-5.4164645677705094e-20,,,,False,False,False
yololifesaving,2,0.0,0,2,0,2,0.0,2.0,0.0,8.824872845401514e-20,,,,False,False,False
yomirizer,2,0.0,0,2,0,2,0.0,2.0,0.0,1.585466099170966e-19,,,,False,False,False
yonderover,1,0.0,0,1,0,1,0.0,1.0,0.0,2.2887377403350725e-20,,,,False,False,False
yonnylol,1,0.0,0,1,0,1,0.0,1.0,0.0,-4.9336313525136473e-20,,,,False,False,False
yorgl,6,0.0,3,5,3,5,3.0,6.0,0.00168030800733992,0.00018300411960451077,3.0,0.0,0.0,True,False,False
yoshilisk,7,0.0,1,7,1,7,1.0,7.0,0.002091199135865324,0.0002753834039640892,1.0,0.0,0.0,False,False,False
yoteboy42,1,0.0,0,1,0,1,0.0,1.0,0.0,6.509397359195403e-20,,,,False,False,False
you_lost-the_game,1,0.0,1,1,1,1,1.0,1.0,1.0031873770938715e-07,-1.7090798310964444e-18,1.0,0.0,0.0,False,False,False
youarecool87,1,0.0,0,1,0,1,0.0,1.0,0.0,-1.6297000501909494e-19,,,,False,False,False
youknowwhattodo80085,1,0.0,0,1,0,1,0.0,1.0,0.0,1.6622784418627605e-20,,,,False,False,False
your_local_tuba,1,0.0,1,1,1,1,1.0,1.0,2.257171598461211e-07,1.0259136426687339e-07,1.0,0.0,0.0,False,False,False
yourresidentferal,9,0.0,558,6,558,6,595.0,9.0,0.04339277260384702,0.00702714374669589,595.0,0.0,0.0,True,False,True
yoyopains,1,0.0,0,1,0,1,0.0,1.0,0.0,1.6297702554523128e-19,,,,False,False,False
yraco,1,0.0,1,1,1,1,1.0,1.0,0.0004131640229050744,4.497500735517231e-06,1.0,0.0,0.0,False,False,False
ysiysi,1,0.0,1,1,1,1,1.0,1.0,0.0,0.001810491495880182,1.0,0.0,0.0,False,False,False
yukeshid,1,0.0,0,1,0,1,0.0,1.0,0.0,-1.984190955577688e-19,,,,False,False,False
yukoonishi,1,0.0,0,1,0,1,0.0,1.0,0.0,2.364970057084089e-19,,,,False,False,False
yummyfightmilk,2,0.0,0,2,0,2,0.0,2.0,0.0,-1.9685571341413467e-19,,,,False,False,False
z01z,1,0.0,0,1,0,1,0.0,1.0,0.0,-1.390451686930692e-19,,,,False,False,False
z_zeay,2,0.0,2,1,2,1,3.0,2.0,5.015936885469358e-08,1.4173322748279304e-18,3.0,0.0,0.0,False,False,False
zaadkiel-,1,1.0,1,1,1,1,1.0,1.0,0.0,4.228555746610541e-07,1.0,0.0,0.0,False,False,False
zachdidit,1,0.0,1,1,1,1,1.0,1.0,0.0,-1.7532759160876486e-18,1.0,0.0,0.0,False,False,False
zachforever,1,0.0,1,1,1,1,1.0,1.0,3.118969268919198e-05,-1.572337449787307e-18,1.0,0.0,0.0,False,False,False
zaionara,1,0.0,1,1,1,1,1.0,1.0,0.0,0.0004978628080375818,1.0,0.0,0.0,False,False,False
zakaryyxo,1,0.0,8,1,8,1,8.0,1.0,4.0869634793178374e-06,2.4157652027585917e-06,8.0,0.0,0.0,True,False,False
zallix,1,0.0,0,1,0,1,0.0,1.0,0.0,6.405959380803562e-20,,,,False,False,False
zalternates,2,0.0,3,2,3,2,3.0,2.0,0.0006503993943710487,0.0003142937700659098,3.0,0.0,0.0,True,False,False
zandryah,3,0.0,2,2,2,2,3.0,3.0,0.00015891625920232724,0.0023532237670923434,3.0,0.0,0.0,False,False,False
zangetsen,4,0.0,3,3,3,3,3.0,4.0,0.0022344784327274284,0.00010375499449231322,3.0,0.0,0.0,True,False,False
zanotti66,1,0.0,0,1,0,1,0.0,1.0,0.0,2.205971009046173e-19,,,,False,False,False
zanurath,1,0.0,0,1,0,1,0.0,1.0,0.0,2.5900691913346814e-19,,,,False,False,False
zapanth,6,0.0,5,6,5,6,5.0,6.0,0.00031435335194292155,-2.4535744421483996e-19,5.0,0.0,0.0,True,False,False
zappycoffee,1,0.0,0,1,0,1,0.0,1.0,0.0,1.0991407294640968e-19,,,,False,False,False
zaratana,2,0.5,1,2,1,2,1.0,2.0,0.00030813829981234635,2.1427884537321083e-06,1.0,0.0,0.0,False,False,False
zardhas,1,0.0,0,1,0,1,0.0,1.0,0.0,-2.166351370899217e-20,,,,False,False,False
zaruz,1,0.0,0,1,0,1,0.0,1.0,0.0,1.6396556130217496e-19,,,,False,False,False
zathala,2,0.0,0,2,0,2,0.0,2.0,0.0,5.812906478320686e-20,,,,False,False,False
zave_cz,1,0.0,0,1,0,1,0.0,1.0,0.0,-3.766215055412221e-20,,,,False,False,False
zblancos,1,0.0,0,1,0,1,0.0,1.0,0.0,7.766628096615116e-20,,,,False,False,False
zcannonball,1,0.0,0,1,0,1,0.0,1.0,0.0,3.4546636734209544e-20,,,,False,False,False
zechnubis,1,0.0,0,1,0,1,0.0,1.0,0.0,1.222013834101658e-19,,,,False,False,False
zeckzeckzeck,2,0.0,1,2,1,2,1.0,2.0,1.2539842213673395e-07,2.2791225087744697e-18,1.0,0.0,0.0,False,False,False
zedek1,4,0.0,1,4,1,4,1.0,4.0,4.750092230539482e-05,1.2603808993788237e-18,1.0,0.0,0.0,False,False,False
zeekim,2,0.0,1,1,1,1,1.0,2.0,0.0,0.0004439625567275971,1.0,0.0,0.0,False,False,False
zeemex,6,0.0,3,4,3,4,5.0,6.0,0.0002566203768542653,3.466968251792905e-05,5.0,0.0,0.0,True,False,False
zeffiemain,1,0.0,0,1,0,1,0.0,1.0,0.0,-8.406575964629291e-21,,,,False,False,False
zeilar,4,0.25,1,2,1,2,3.0,4.0,4.3738313209991966e-05,5.798841981034965e-07,3.0,0.0,0.0,False,False,False
zekayy_,1,0.0,0,1,0,1,0.0,1.0,0.0,-1.8286778499646408e-19,,,,False,False,False
zelendeo,1,0.0,0,1,0,1,0.0,1.0,0.0,2.8303347935778994e-20,,,,False,False,False
zelmak,17,0.0588235294117647,6,8,6,8,13.0,17.0,0.003693540345653427,0.0001425387199051923,13.0,0.0,0.0,True,False,True
zen-savage-garden,2,0.0,1,1,1,1,2.0,2.0,0.0,-1.5567030147825524e-18,2.0,0.0,0.0,False,False,False
zengu_79,1,0.0,0,1,0,1,0.0,1.0,0.0,-2.140328168949469e-19,,,,False,False,False
zenkcss,1,0.0,1,1,1,1,1.0,1.0,0.0,9.828261650922135e-06,1.0,0.0,0.0,False,False,False
zennsunni,1,0.0,0,1,0,1,0.0,1.0,0.0,6.764642866835374e-20,,,,False,False,False
zenroc,4,0.0,2,3,2,3,2.0,4.0,0.00024353378966725372,1.1891538125997188e-05,2.0,0.0,0.0,False,False,False
zeppelinfreak,1,0.0,0,1,0,1,0.0,1.0,0.0,-4.8109309912901483e-20,,,,False,False,False
zeran,1,0.0,0,1,0,1,0.0,1.0,0.0,-6.994145898731823e-21,,,,False,False,False
zeraphicus,2,0.0,0,2,0,2,0.0,2.0,0.0,-8.368236767560666e-20,,,,False,False,False
zerasad,1,0.0,0,1,0,1,0.0,1.0,0.0,-2.4284913472104422e-20,,,,False,False,False
zerethul,3,0.0,1,3,1,3,1.0,3.0,6.963475309653204e-05,-1.086926969533361e-18,1.0,0.0,0.0,False,False,False
zeretic,1,0.0,0,1,0,1,0.0,1.0,0.0,1.690225606589079e-20,,,,False,False,False
zerglou,1,0.0,1,1,1,1,1.0,1.0,0.0,0.001810491495880184,1.0,0.0,0.0,False,False,False
zeroone88,1,0.0,1,1,1,1,1.0,1.0,0.00011090679894273609,1.7661122166805988e-06,1.0,0.0,0.0,False,False,False
zestyclose-court-760,1,0.0,0,1,0,1,0.0,1.0,0.0,-9.774545953807788e-20,,,,False,False,False
zestyclose-duty-3248,1,0.0,0,1,0,1,0.0,1.0,0.0,-2.239071204989301e-19,,,,False,False,False
zestyclose_intern789,1,0.0,0,1,0,1,0.0,1.0,0.0,-5.79563733764414e-20,,,,False,False,False
zestyclose_regret610,1,0.0,0,1,0,1,0.0,1.0,0.0,-1.8858249945667236e-19,,,,False,False,False
zettiezooiezan,2,0.0,1,2,1,2,1.0,2.0,1.5011614302335746e-05,6.2836870413649356e-09,1.0,0.0,0.0,False,False,False
zewinter,2,0.0,0,2,0,2,0.0,2.0,0.0,-7.818521007285331e-21,,,,False,False,False
zharkos,2,0.0,2,1,2,1,2.0,2.0,6.112319266099617e-05,3.210522509332736e-19,2.0,0.0,0.0,False,False,False
zherok,1,0.0,0,1,0,1,0.0,1.0,0.0,8.571708032468278e-20,,,,False,False,False
ziayakens,2,0.0,0,2,0,2,0.0,2.0,0.0,1.5940055204109596e-19,,,,False,False,False
zicom0,1,0.0,1,1,1,1,1.0,1.0,0.0,4.083103475121869e-05,1.0,0.0,0.0,False,False,False
zike002,1,0.0,0,1,0,1,0.0,1.0,0.0,-2.171022972111024e-21,,,,False,False,False
zim_zor,1,0.0,0,1,0,1,0.0,1.0,0.0,-1.462603439090608e-20,,,,False,False,False
ziptieband,1,0.0,0,1,0,1,0.0,1.0,0.0,-3.165317880343976e-20,,,,False,False,False
zireon,2,0.0,2,2,2,2,2.0,2.0,0.00017224727264701775,0.0005128951188864539,2.0,0.0,0.0,False,False,False
zizhongtian,1,0.0,1,1,1,1,1.0,1.0,0.0,7.551729502991935e-05,1.0,0.0,0.0,False,False,False
zka77,1,0.0,1,1,1,1,1.0,1.0,0.0,-2.2686080445926167e-18,1.0,0.0,0.0,False,False,False
znuffie,7,0.1428571428571428,14,5,14,5,19.0,7.0,0.004982811451134728,0.015636985707605168,19.0,0.0,0.0,True,False,True
zombiepete,1,0.0,0,1,0,1,0.0,1.0,0.0,1.0812852863574904e-19,,,,False,False,False
zonamoonshaw,1,0.0,2,1,2,1,2.0,1.0,4.7450762936540124e-05,0.014138640987370388,2.0,0.0,0.0,False,False,False
zoobloo7,1,0.0,8,1,8,1,8.0,1.0,0.0004149649915657553,0.00026819512368237607,8.0,0.0,0.0,True,False,False
zoomallen,1,0.0,0,1,0,1,0.0,1.0,0.0,2.9892845104378554e-20,,,,False,False,False
zooty6,1,0.0,0,1,0,1,0.0,1.0,0.0,-7.14959346808358e-21,,,,False,False,False
zorbstar,1,0.0,0,1,0,1,0.0,1.0,0.0,-1.5910645723516678e-19,,,,False,False,False
zorjeff,2,0.0,1,2,1,2,1.0,2.0,4.747584262096746e-05,-1.370313951516326e-18,1.0,0.0,0.0,False,False,False
zornmtxbuster,1,0.0,0,1,0,1,0.0,1.0,0.0,3.074668986312532e-20,,,,False,False,False
zoroark2724,1,0.0,2,1,2,1,2.0,1.0,0.0001234432084237787,1.3124412974005567e-05,2.0,0.0,0.0,False,False,False
zoroastrianmk,3,0.0,1,3,1,3,1.0,3.0,2.528103846517777e-05,-7.774573652604069e-19,1.0,0.0,0.0,False,False,False
zrb77,1,0.0,0,1,0,1,0.0,1.0,0.0,-1.3531393067669802e-20,,,,False,False,False
zsapoler,1,0.0,0,1,0,1,0.0,1.0,0.0,-1.0863136196688637e-19,,,,False,False,False
ztikkyz,1,0.0,1,1,1,1,1.0,1.0,3.9176787203831125e-05,-6.046544174368852e-19,1.0,0.0,0.0,False,False,False
zugzuggo,1,0.0,0,1,0,1,0.0,1.0,0.0,3.0246375322146514e-21,,,,False,False,False
zuiia,2,0.0,2,2,2,2,2.0,2.0,0.0001297008166672307,1.577068121751601e-06,2.0,0.0,0.0,False,False,False
zulgarb,1,0.0,2,1,2,1,2.0,1.0,4.745076293654013e-05,2.2676005656438996e-07,2.0,0.0,0.0,False,False,False
zulubyte,1,0.0,8,1,8,1,8.0,1.0,1.1960163126707028e-05,2.4008076725278584e-05,8.0,0.0,0.0,True,False,False
zuluworm,1,0.0,1,1,1,1,1.0,1.0,0.0,7.551729502991726e-05,1.0,0.0,0.0,False,False,False
zumbaja,1,0.0,0,1,0,1,0.0,1.0,0.0,-2.0901463694515574e-20,,,,False,False,False
zummm72,1,0.0,0,1,0,1,0.0,1.0,0.0,-8.154247787583378e-21,,,,False,False,False
zurkka,1,0.0,1,1,1,1,1.0,1.0,1.4174350932691308e-05,7.275669694651297e-07,1.0,0.0,0.0,False,False,False
zutroy,1,0.0,1,1,1,1,1.0,1.0,5.015936885469358e-08,1.9274156923614945e-19,1.0,0.0,0.0,False,False,False
zwartsenwal,1,0.0,3,1,3,1,3.0,1.0,0.00020727690387617388,-1.4247898113840357e-18,3.0,0.0,0.0,True,False,False
zwirbs,6,0.0,3,6,3,6,3.0,6.0,0.0013542709490658958,3.247358311903277e-05,3.0,0.0,0.0,True,False,False
zx81crashcat,1,0.0,0,1,0,1,0.0,1.0,0.0,3.78182260573324e-20,,,,False,False,False
zylver_,1,0.0,0,1,0,1,0.0,1.0,0.0,8.756634773849904e-20,,,,False,False,False
zythrone,2,0.0,4,2,4,2,4.0,2.0,0.00019140508625474734,-2.4758655308180024e-19,4.0,0.0,0.0,True,False,False
