Source,Target,Weight
--_-_---_-_-_,yourresidentferal,1
--pariah,darkarcheos,1
--pariah,joehatesfanfiction,2
--pariah,objective-error1223,1
-_-_-_-__---,ashamed_ad9824,1
-commonsensible-,justanotherpoopdick,3
-elias--,yourresidentferal,1
-enders,competitiontop7504,1
-googlrr,bossmops94,1
-googlrr,minimaxir,1
-googlrr,reliquent,1
-googlrr,sellbad_bro420,2
-googlrr,sydricvym,1
-kyzen-,justanotherpoopdick,2
-kyzen-,rocteruen,1
-kyzen-,voss3ygam3s,1
-s-p-e-r-,ex0ll,1
-safer-,unintendedpunther,1
-wb-spitfire,sellbad_bro420,3
-zipp-,ugaeismyamongusname,1
06gto,krumorn,1
07ghost_protocol99,sandpigeon,1
0rphu,mainmorte,1
0rphu,ugaeismyamongusname,1
100ratsinasack,atromach,1
100ratsinasack,casterformation,1
100ratsinasack,dyrusforpresident,1
100ratsinasack,forwardbumblebee5220,2
100ratsinasack,kirbydude65,1
100ratsinasack,logicskca,1
100ratsinasack,luchadorbane,1
100ratsinasack,my0445316,1
100ratsinasack,thingummyjig,1
10midgits,mr_redacted_b_o_e_m_,1
13bpeachey,derprunner,1
1800leon,sandtoast,1
1983_bok,thenabi,1
19mkultra77,early_conflict_160,1
1bigbootyjudy1,yourresidentferal,1
1goldenbraincell,cstwig,1
1leggeddog,natomicbombs,1
1leggeddog,stew_fondu,1
1plus2break,randomgenname1234,1
1stonepwn,clawzout,1
1stonepwn,constant-excuse-9360,2
1stonepwn,oreofro,2
1stonepwn,sissyfreelove,1
20milliondollarapi,fusiontetrax,1
20milliondollarapi,old_resident8050,0
21163,early_conflict_160,1
2meter5,yourresidentferal,1
2norn,angelpunk18,1
2radon,ka_yu,1
30269240,yourresidentferal,1
360picture,sandtoast,1
38dedo,acrobatic_airline605,3
38dedo,d34dl0cked,1
38dedo,kingorgnum,1
38dedo,mycologistdazzling14,1
3classy5me,syfer_husker,1
3classy5me,underground_chapel,1
3nd_of_l1ne,acky1425,1
3ringbout,early_conflict_160,1
3scap3plan,figgnus96,1
3scap3plan,harcole,1
4khazmodan,mckeon1921,1
4khazmodan,residentwaifu,2
4zz13,any-transition95,1
4zz13,loonartear2665,1
50miler,tamarins,1
50miler,thatguyfromthem0vie,1
50miler,xampew,1
510kyle,fjoes,1
51ckl3,yourresidentferal,1
5aynt,lorddeejus,1
60discpriest,slorx7,1
611567,abyssalanarkay,1
6198573,dinokickflip,2
6198573,irveria,1
6198573,km_the_frog,1
6198573,rydiamist,1
6198573,sgtrama,1
69327-1337,gotverd,1
69327-1337,prattja8,1
85montecarloss,aexxys,1
9clubsupreme,squareconversation20,1
__emer__,orett_,1
__glad,yourresidentferal,1
_augie,imreallydum,1
_augie,old_preparation9838,1
_augie,references_paramore,1
_cava_,-wb-spitfire,1
_clever_reference_,inside_signal_2715,1
_clever_reference_,l0nz,2
_clever_reference_,philgraves75,1
_donut_block_,barrettrts,1
_galahad-,no_operation_5279,1
_gobulcoque,philgraves75,1
_gobulcoque,syfer_husker,1
_gobulcoque,varanae,1
_hooj_,olvekstoneheid_2006,1
_hooj_,thesmallestplap,1
_iammurloc_,ex0ll,1
_iammurloc_,yourresidentferal,1
_ilp_,plastic-courage6537,1
_lyke_,danthepaladin,1
_ncr,why_is_grass_green,1
_not_a_vampire_,epherian,1
_not_a_vampire_,skolcialism1,1
_not_a_vampire_,sociallyawkwardsnake,1
_paxia_,majestichope9285,1
_rm78,frost-ps,2
_spartex,microstocker,1
_surge,soggytoasttime,1
_the_farting_baboon_,limp_platypus_9424,1
_thebgrey,psa_lilsouth,1
_tkg,fenrirwolfie,1
_verybad_,early_conflict_160,1
a_confused_cocoon,tarc_axiiom,1
a_singular_perhap,biodegradable_atgms,1
aanzeijar,tatankaplays,1
aaroknightus,aurum_t,1
aaroknightus,schmuder2k14,1
aarrgus,early_conflict_160,1
aarshuan,whatsmypw,1
aasrial,frost-ps,2
abadabadon,geddyn,2
abaddonx,owoegano_evolved,1
abandon_ambition,majestichope9285,1
abbite,wollsockenvonoma,1
abigailrochelle,majestichope9285,1
abitou,audioshaman,1
abitou,cephles,1
abitou,dabombdiggidy,1
abitou,idejtauren,1
abitou,justanotherpoopdick,1
abitou,michelanvalo,1
abitou,thevagrantwarrior,1
abitou,turtvaiz,1
abject-bathroom-7211,yourresidentferal,1
abjectlist8,adgroundbreaking3566,1
abjectlist8,alive_worth_2032,1
abjectlist8,haklis,1
able_management_3555,affectionate-bee2039,1
abooth43,ghostinthereins,1
abovearth31,early_conflict_160,1
absolutelynot500,furcas1234,1
absolutelynot500,teenoc,1
absurdpicturecomment,angelpunk18,1
abyssalanarkay,611567,1
abyssalanarkay,affectionate-bee2039,1
abyssalanarkay,bafau4246,2
abyssalanarkay,dawadoid,1
abyssalanarkay,ewenthel,1
abyssalanarkay,feangren,1
abyssalanarkay,gilrim,1
abyssalanarkay,haventsleptinyears,1
abyssalanarkay,im_a_teapot418,1
abyssalanarkay,jnezz,1
abyssalanarkay,lenyor-rr,1
abyssalanarkay,linktoheaven090,1
abyssalanarkay,lnvector,1
abyssalanarkay,ludek_cortex,1
abyssalanarkay,malydrax,1
abyssalanarkay,no-calligrapher4536,1
abyssalanarkay,omnigear,3
abyssalanarkay,openil,6
abyssalanarkay,quaalyst,2
abyssalanarkay,raicoron2,1
abyssalanarkay,rjstaples,1
abyssalanarkay,rxstud2011,2
abyssalanarkay,sadly_im_that_guy,1
abyssalanarkay,scytheex,1
abyssalanarkay,secret-variation-154,1
abyssalanarkay,silenthillsunderland,1
abyssalanarkay,snes-1990,1
abyssalanarkay,teusa,1
abyssalanarkay,thirteenera,1
abyssalanarkay,vagabond-jack,1
abyssalanarkay,whatifyoudidtho,1
abyssxkenzo,acrobatic_airline605,1
abyssxkenzo,soggy-assistant2855,1
academic-ad-1446,domfakker37,1
academic-ad-1446,mn_yogi1988,1
academic_district_48,amazing_internal6334,1
acanthisittafirst710,lats9,1
acanthisittafirst710,mtdt1,1
acanthisittafirst710,xclbr1,1
accendor,zalternates,1
acclimation6,stew_fondu,1
accomplished-pie-206,ex0ll,1
accomplished-pie-206,olvekstoneheid_2006,1
accomplished-pie-206,teenoc,1
accomplished-pie-206,ugaeismyamongusname,1
accomplished-pie-206,yourresidentferal,1
accomplished_crow13,kinzo149,1
accomplished_emu_658,ex0ll,1
accomplished_end_138,philgraves75,1
accomplished_tip3597,acky1425,1
accomplished_tip3597,allegrian,1
accomplishedshirt740,magetomlan,1
accomplishedsplit702,lava-jacket,1
according-inside-830,omfgitsbob,1
acctg,fiction8,1
acctg,keianh,1
ace612807,leotargaryen,1
acederp,yourresidentferal,1
acemoney79,yourresidentferal,1
acencguy,early_conflict_160,1
acetazy,trcrypt_king,1
achlys_76,early_conflict_160,1
achundweh,niiro__,1
acidflame182,olvekstoneheid_2006,1
acivo,derprunner,1
ackerack,mlmcmillion,1
ackerack,real_solution,1
acky1425,iskle,1
acky1425,zicom0,1
acopo,milkbud22,1
acopo,peregrine2976,1
acrobatic_airline605,38dedo,3
acrobatic_airline605,abyssxkenzo,1
acrobatic_airline605,appropriatetry8452,1
acrobatic_airline605,eowyahunt,2
acrobatic_airline605,germanucltear,1
acrobatic_airline605,klatt3n,3
acrobatic_airline605,yourresidentferal,2
acrobatic_coat722,gangsir,1
acrobatic_coat722,haugs22,1
acrobatic_coat722,itchyscales,1
acrobatic_coat722,pastsolid,1
acrobatic_coat722,thatkindofnotbutyeah,1
acrobatic_coat722,turtvaiz,1
activehannes,haklis,1
actual-tower3969,amethystsadachbia,1
actual_committee4670,majestichope9285,1
adagiobay,objectivesimple4099,1
adambry705,gonzoandjohn,1
adambry705,plastic-courage6537,1
adamg3691,parking_tip5577,1
additional_island533,aliyah_hs,1
additional_island533,immediatehorror3878,1
additionalbenefit569,redrixen83,1
adelitero,garciasterling15,1
adelitero,zordie360,1
adept_avocado_4903,lazylazygecko,1
adept_director_4787,kill_william_vol_3,1
adept_director_4787,yellowsen,1
adeven7883,paradiselost91,1
adgroundbreaking3566,allegrian,1
adgroundbreaking3566,philgraves75,1
adhumble9772,yourresidentferal,1
adlerjemc,mattdnd,1
admirable-pianist816,itsjustreen,1
admirable_newt9905,alexandervolk,1
adolslostsword,svenberit,1
adondriel,danielmattiawriter,1
adorable-fault-651,zythrone,1
adorable-strings,caparros,1
adorable-strings,lordfifrelin,1
adorable-strings,philgraves75,1
adrianm292,hyrcyne-,1
adrtheman,early_conflict_160,1
adrtheman,paradiselost91,1
adrtheman,schneptune,1
adrtheman,throdio,1
adv_monkey,electrical_rich_7289,1
advanced-plant-3241,bellanzo,1
advanced-plant-3241,eaxis,1
advanced-plant-3241,shizocks,1
advanced-plant-3241,syfer_husker,1
advanced_vehicle_750,doug4130,2
advanced_vehicle_750,repulsivethrowaway,3
advanced_vehicle_750,thatguyfromthem0vie,1
advanced_vehicle_750,turtvaiz,1
advancedconcentrate,lats9,1
adventurous-ad-8126,yourresidentferal,1
adventurous_moose_70,diligent-pie4919,1
adventurous_topic202,cocainapearlz,1
adventurous_topic202,krombough,1
adventurous_topic202,lyphegames,1
adventurous_topic202,persistentworld,1
adweekly2561,yourresidentferal,1
aegis_sinner,kinzo149,1
aegis_sinner,pandycandies,1
aekero,murtag,1
aenae,mrtastix,1
aeowrynn,amazing_internal6334,1
aeowrynn,kodycarp19,2
aepracorn,moblam,1
aeratedfeces,strangeassonance,1
aermine19,turtvaiz,1
aern,howzitgoin,1
aern,ugaeismyamongusname,1
aerris7,lats9,1
aesathetic,one-jury-6140,1
aessae,--_-_---_-_-_,1
aessae,scavatemyarms,1
aestrasz,_verybad_,1
aettyr,fenrirwolfie,1
aexxys,85montecarloss,1
aexxys,ravenangel42,1
afallingwizard,baroqueout,1
affableaardvark,tariovic,1
affectionate-bee2039,abyssalanarkay,1
affectionate-bee2039,toneky,1
affectionate-let3744,sirfannypack,1
affectionate-strain9,yourresidentferal,1
affectionate_ad9660,dinkwinkle,1
affectionate_neat868,turtvaiz,1
affectionateraise461,icer816,2
affectionateraise461,mountnsntrees,1
affiiance,haklis,1
afl0ck0fg0ats,sky19234,1
afl0ck0fg0ats,turtvaiz,1
afraid_ad2263,fjoes,1
after_particular1682,systemofcells,2
aftermorningcoffee,syfer_husker,1
aftershock416,ainastrasza,1
aftershock416,yourresidentferal,1
afxtal,pianoceo,1
agarwaen323,dumblec0p,1
agarwaen323,material-jacket-6878,1
agarwaen323,never_unclench,1
agemennon675,turtvaiz,2
agent-390,erinlah_,1
aggravating-age-1858,daveynwa123,1
aggravating-age-1858,ex0ll,1
aggravating-age-1858,jurke39,1
aggravating-age-1858,lootingdaroom,1
aggravating-age-1858,majestichope9285,1
aggravating-age-1858,ok_librarian4139,1
aggravating-age-1858,onebadger7469,1
aggressive-compote64,acrobatic_airline605,1
aggressive_screen_60,ex0ll,1
aggressive_you_8646,indusnoir,1
aggrokid,tykero,1
agile_commission_693,sore_elbow,1
agile_moment768,azerius94,1
agile_moment768,olvekstoneheid_2006,2
agile_physics_8848,haklis,1
agoginnabox,turtvaiz,1
agreeable-ad-3533,exhvoid,1
agreeable-rock-8959,philgraves75,1
agreeable_dingo_5766,alexandervolk,1
ahart101,plastic-courage6537,1
ahundredpercentbutts,morkinis,2
ailaria69,yourresidentferal,1
aimlesstrevler,doomhamatime,1
ainastrasza,randomfleshprison,1
ainastrasza,yourresidentferal,3
aintmilkbrilliant,beltox2pointo,1
aintmilkbrilliant,mikadomea,1
aircod,turtvaiz,1
aitirn,teenoc,1
ajaugunas,redtherobot,1
aka_gutterbones,turtvaiz,1
akaasa001,gelvid,1
akaasa001,teenoc,1
akechifan53,early_conflict_160,1
akeeneyedguy,drewcookies,1
akeeneyedguy,majestichope9285,1
akeeneyedguy,scotty8319,1
akhantu,doug4130,1
akkuma,masahikokobe,1
aktionmusic,regular_tonight_389,1
akussa,radiobottom,1
akussa,ztwentythree,1
alaerei,rappy28,1
alainke007,yourresidentferal,1
alaistar94,early_conflict_160,1
alarakbj,indusnoir,1
alarie51,bohya,3
alarie51,mainmorte,1
alarie51,skyshroud6,1
alarmingreference971,sozarinya,1
alaskandruid,minimaxir,1
alaskandruid,philgraves75,1
albatrossantique7202,residentwaifu,2
albatrozxd,powerful_equipment84,1
albeonx,my0445316,1
aldamur,early_conflict_160,1
aldamur,public_opinion2723,1
aldor623,void_guardians,1
aleckzz,acrobatic_airline605,1
aleexavee,caradin,2
aleexavee,catastrophic-event,1
aleexavee,flatus_,1
aleexavee,i3i2o,2
aleexavee,justphil97,1
aleexavee,popular-box-7893,1
aleexavee,sidnumair,1
aleexavee,val_lae,1
alekzyyy,dahkeus3,1
alelnh,jammypanda,1
aleph_rat,muntaacas,1
aleph_rat,sirepuns,1
alert_south5092,a_singular_perhap,1
alesz1996,justanotherpoopdick,1
alex_is_always_right,yourresidentferal,1
alexandererebus,irauh,1
alexandervolk,primordial-pineapple,1
alexarius87,no_explanation2932,1
alexarius87,nonbinarysororitas,4
alexarius87,zapanth,1
alexeix1,amazing_internal6334,1
alexeix1,ztikkyz,1
alexisky7,yourresidentferal,1
alexsandr13,cstwig,1
alexsandr13,si-jo0159,1
alexshinsuke,pancauldenassuack,2
alexshinsuke,yourresidentferal,3
alexvoyd,alexandervolk,1
alexvoyd,bottledsoi,1
alexvoyd,hoodieninja17,1
alexvoyd,korderon,1
alice-86f,notmiefault,1
alienduck2,erasedisknow,2
alienixena,itsrevan,1
alienixena,yourresidentferal,1
alimente,dangerous-raccoon244,1
alive_worth_2032,abjectlist8,1
aliyah_hs,dublescoop,1
aliyah_hs,ok-nerve6441,1
aljung21,early_conflict_160,1
allbur_chellak,philgraves75,1
allegrian,drainthemuck,1
allegrian,incognitimmo,1
allegrian,limitunlikely910,1
allokit,azerius94,1
allyanni,early_conflict_160,1
almighty5moe,bronstin,1
alparker91,imalloutofbubblegums,1
alph1,inithra,1
alpha1959,yelir133,1
alpha_legionaire,gullible_spell7057,1
alphvader,lats9,1
alsuperhero1,turtvaiz,1
alsyia,meowing-to-the-stars,1
alternative-swim-953,turtvaiz,1
alternative-tank337,stew_fondu,1
alternativedirt6124,plethorum,1
althor2424,ex0ll,1
althor2424,pandeyxo,1
altruistic-ad-6041,early_conflict_160,1
altruistic-singer-78,dirtyfeetenjoyer,1
altruistic_bunch2815,yourresidentferal,1
altyrmadiken,thirteenthpyramid,6
alucryts,lats9,1
aluriilol,plastic-courage6537,1
alveia,cabose12,1
alveia,ciarenni,1
alveia,lyoss,3
alvintergeise,coffeechickencheetos,1
ama5564,acky1425,1
ama5564,chilledchaos,1
ama5564,emptybrain218,1
ama5564,erinlah_,1
ama5564,indusnoir,1
ama5564,korderon,1
ama5564,prattja8,1
ama5564,rangersfan121,1
ama5564,rare-ad3034,1
ama5564,saxong,1
ama5564,throwagay12151,1
amahag29,drakonild,1
amanda_oxenham,grandmacolin,2
amanda_oxenham,kinzo149,1
amanda_oxenham,pm_plz_im_lonely,1
amanda_oxenham,yoshilisk,1
amaranthsparrow,justinbisu,1
amaranthsparrow,used_cry_1137,1
amaranthsparrow,weinerfish,1
amarger86,xenavire,1
amazing_internal6334,peliss,1
amazinglemon280,azerius94,1
amazinglemon280,copeyhagen,2
amazinglemon280,grumsta,1
amazinglemon280,keyboardturn,1
amazinglemon280,khaldaan,1
amazinglemon280,philgraves75,1
ambassadorbonoso,weary_city4448,2
ambitious_cicada9263,mecca_lecca_hi,1
ambitious_scale_8567,aqual07,1
ambitiousedi,valderhide,1
ambivalentcat,skiller2b,1
ambushinthedark,inukojon,1
amelaclya1,dyrusforpresident,1
amelaclya1,geddyn,1
amelaclya1,kujira-san,1
amelaclya1,moht81,1
amelaclya1,newcaravan,1
amelaclya1,oogie_droogey,2
amelaclya1,secretreddname,1
amelaclya1,theworstdmyouknow,1
amelaclya1,thirteenera,1
amelaclya1,toughshaper,1
amelaclya1,turtvaiz,1
amethystlaw,dinokickflip,1
amethystlaw,isolated_hippo,1
amethystlaw,mattdnd,2
amethystsadachbia,lookltsgordo,1
amethystsadachbia,omfgitsbob,1
amidnightstar,amazing_internal6334,1
amidonewv,early_conflict_160,1
amieniel,ex0ll,1
amikaboshi,careless_general8010,1
amikaboshi,ztwentythree,1
amocideb,yourresidentferal,1
amountplus7269,allegrian,1
amp085,early_conflict_160,1
amplifymagic101,any-transition95,2
amplifymagic101,camebackforpopcorn,1
amplifymagic101,congress-is-a-joke,1
amplifymagic101,early_conflict_160,1
amplifymagic101,lecampy,1
amplifymagic101,nunya0-0,1
amplifymagic101,papa_beanz,1
amplifymagic101,pupmaster,1
amplifymagic101,zakaryyxo,1
amydeferred,kryoize,1
amydeferred,newtype06,1
amydeferred,turtvaiz,1
amyrantha_verc,kingorgnum,1
an_actual_bucket,turtvaiz,1
anakil_brusbora,bobbimort,1
anakil_brusbora,remtonjdulyak,1
anangrybartender,acrobatic_airline605,1
anangrybartender,faeginn,1
anangrybartender,olvekstoneheid_2006,1
anangrybartender,svenberit,1
anangrybartender,teenoc,1
anathsanlily,shadows_over_tokyo,1
ancesterz,grumpysatan,1
ancesterz,reasonablepositive,2
ancesterz,saelora,1
ancientvamp,mousepad1212,1
anderaku,minimaxir,1
anderssi,haklis,1
andrew361987,kaynpayn,1
andrewnium,valderhide,1
andrewwilsonnn,beefmytaco,1
andriellae,marco_polaris,1
andromansis,eymou,1
andromansis,smo5,1
andromansis,standardizedgenie,1
andromansis,yourresidentferal,1
androza23,olvekstoneheid_2006,1
androza23,pandeyxo,1
androza23,sandtoast,1
androza23,svenberit,1
andthesonsofdisaster,stew_fondu,1
anengineerandacat,alexandervolk,1
anengineerandacat,drale2,1
anengineerandacat,eluneytoons,1
anengineerandacat,ffxivthrowaway03,1
anengineerandacat,ironeyed_wizard,1
anengineerandacat,ocronus,1
anestheticale,garciasterling15,1
angelpunk18,dubb33d,1
angelpunk18,gelagua1,1
angelpunk18,marco_polaris,1
angelpunk18,shahadann,1
angerfork,acrobatic_airline605,1
angerfork,chrisodinuk,1
angry-dragon-1331,fantastic-fee-1999,1
angry_guppy,muriden,1
anhydrite,menarra,1
anicetribe,ktheonetrueking,2
anierous,magnus1177,1
anierous,sea-particular-140,1
anilemm,lecampy,1
animalesco,exhvoid,1
annauk7,yourresidentferal,1
annnnnnnd_its_gone,gullible_spell7057,1
annual-resident1118,carinthian_wendigo,1
annual_morning_3436,yourresidentferal,1
annualrecognition867,yourresidentferal,1
annuum-veneficus,primordial-pineapple,1
anon-word,erinlah_,1
anonposter-42069,primordial-pineapple,1
anonymous-wow-guy,chilledchaos,1
anonymous-wow-guy,forceof8,1
anonymous-wow-guy,garyair,1
anonymous-wow-guy,legal_history4023,1
anonymous-wow-guy,lyphegames,1
anonymous-wow-guy,mothman91,1
anonymous-wow-guy,xxandes,1
anotherdeadhero,svenberit,1
anotherpreciousmeme,dentarthurdent73,1
anotherpreciousmeme,exhvoid,1
anotherpreciousmeme,frosty_ingenuity5070,1
anotherpreciousmeme,ok-implement-2518,1
antelope_fluid,gloomy_material_8818,1
anthologyvirgin,imaginary_fox3165,1
anthologyvirgin,onlyr6s,1
anti-depressed,stew_fondu,1
anti99999999,icyrow,1
antigodofatheism,hammyoverlordofbacon,1
antigodofatheism,redrixen83,1
antilos_weorsick,intulor,1
antilurker77,biodegradable_atgms,1
antique-guest-1607,stew_fondu,1
antonmaximal,scavatemyarms,1
antonmaximal,thatguyfromthem0vie,1
anufenrir,atomikgarlic,1
anufenrir,justinbisu,1
anufenrir,kingofgama,1
anufenrir,particular_survey648,1
anufenrir,shalelor,1
anumet,flbrisby,1
anupsetzombie,mr_redacted_b_o_e_m_,1
anxious-sprinkles555,ex0ll,1
anxious_hall359,early_conflict_160,1
any-recognition9995,winstonbabar,1
any-transition95,4zz13,1
any-transition95,amplifymagic101,2
any-transition95,balager47,1
any-transition95,beyondelectricdreams,2
any-transition95,hunteddwumpus,1
any-transition95,lecampy,1
any-transition95,lvl_60,1
any-transition95,razekdpp,1
any-transition95,syntonization1,1
any-transition95,unidentifiable_goo,1
any-transition95,voidkusho,1
any-transition95,zangetsen,1
any-transition95,zordie360,1
anyhealer,bb22k,1
anyosnyelv,ffxivthrowaway03,1
anyosnyelv,fineri,1
anythinga,acrobatic_airline605,1
anythinga,indusnoir,1
aoo2imptrip,forwardbumblebee5220,1
aoo2imptrip,janner_10,1
apalewownerd,awkward-rice3038,1
apalewownerd,craftydrews,1
apalewownerd,head-glove-9456,1
apalewownerd,hektext,1
apalewownerd,ivvanovv,1
apalewownerd,plastic-courage6537,1
apalewownerd,squareconversation20,1
apathyforempathy,estagiariodaphilips,1
apathyforempathy,nunya0-0,2
apathyking8,galinhooo,1
apathyking8,logicskca,1
apathyking8,palpitationactive765,2
apathyking8,schardon,1
apekillape,cbigle,1
apekillape,judge_wapner,1
apekillape,thegamesacc,1
apennatie,toushiru,1
apgunner,yourresidentferal,1
apocalypticdrew,minimaxir,1
apocalypticdrew,pecimpo,2
apprehensive_gap3673,alexandervolk,1
apprehensivegold2773,fohpo02,1
apprehensivegold2773,frog-eater,1
apprehensivegold2773,rydiamist,1
apprehensivemail1304,early_conflict_160,1
appropriate_hair432,yourresidentferal,1
appropriate_trader,teenoc,1
appropriatelecture90,fishingfragrant9054,1
appropriatemove4497,primordial-pineapple,1
appropriatetry8452,acrobatic_airline605,1
aracuda,xantholne,1
arborus,atypical_lemur,1
arborus,darooi,1
arborus,forportal,1
arborus,raphers,1
arcadianmess,challenging-wank7946,1
arcana-knight,korderon,1
arcanaxviii,kroick,1
arcane-addict,imisstheapolloapp7,2
arcanetroll,flembag,1
arcani-loreseeker,kinzo149,1
archangelru,early_conflict_160,1
archensix,dahkeus3,3
archensix,doomhamatime,1
archensix,jester-joe,1
archensix,karahx,1
archensix,matthra,1
archensix,razorwipe,2
archensix,special_grapefroot,1
archensix,turbulentissue6,1
archeronightmare,early_conflict_160,1
ardetpe,ex0ll,1
ardisal,yourresidentferal,1
areallybadidea,fingerpaintswithpoop,1
aredhela_,ex0ll,1
areies88,yourresidentferal,1
arekualkhemi,gloomy_material_8818,1
argentcrescent,olvekstoneheid_2006,1
argharn,gloomy_material_8818,1
argoniek,goldtension6401,1
arhx-draenor,ex0ll,1
ariandrin,biodegradable_atgms,2
arie15,cloud_n0ne,1
arie15,kingorgnum,1
aristo87,mrpms,1
aritche,thatguyfromthem0vie,2
aritia_1897,glitteringchipmunk21,1
aritia_1897,gnarlyteeth,1
armconnect9353,primordial-pineapple,1
aromatic-energy656,monrar,1
arowhite,skaflok,1
arqe_,idejtauren,1
arstulex,icer816,1
arstulex,llyon_,1
arstulex,teenoc,1
arstulex,yhvh13,2
artdecoautomaton,syfer_husker,1
arthodel,zordie360,1
artichokeused1129,enekovitz,1
artoriasbrokenhand,magik160,1
artrysa,whatthehellman2,1
artupper7213,harai_ulfsark,1
artupper7213,honeyalias,1
aruhi,-wb-spitfire,1
aruhi,babywhiz,1
aruhi,cabose12,2
aruhi,dasandman78,1
aruhi,dontbeacommiereddit,1
aruhi,jester-joe,3
aruhi,mikina,1
aruhi,prototype_09,1
aruhi,systrance,1
aruhi,theworstdmyouknow,1
aruhi,vrazel106,1
ascelynemg,anti99999999,1
ascelynemg,fullmotionvideo,1
ascelynemg,rjskill3ts21,1
asciim0v,falooda1,2
asciim0v,newtype06,1
asdfzxcbasdf,amazing_internal6334,1
asdfzxcbasdf,kuramatotchi,1
asdfzxcbasdf,shalnath,1
asdfzxcbasdf,wobblucy,1
aseaofstars235,cstwig,1
aseaofstars235,uncle_flansy,1
ashamed_ad9824,aqual07,1
ashamed_ad9824,inukojon,1
ashamed_ad9824,terrible_notice6019,1
ashamed_fuel2526,_clever_reference_,1
ashamed_fuel2526,philgraves75,1
ashcr0w,el_dief,1
ashcr0w,manatidederp,1
ashcr0w,ocronus,1
ashenlordgodfrey,yourresidentferal,2
asherthedasher,early_conflict_160,1
ashesofatreyu,chrindo,1
ashikkins,ironmanmclaren,1
ashikkins,spunkmckullins,1
ashkir,haklis,1
ashkir,primordial-pineapple,1
ashkir,urf_reibeer,1
ashleynn,blubbpaule,2
ashleynn,ethelinda,1
ashleynn,wrexxis780,1
ashyildae,yourresidentferal,1
ask_about_my_doggies,yourresidentferal,1
askarth_,aggravating-age-1858,1
askarth_,chaud,1
askarth_,chilledchaos,1
askarth_,onebadger7469,1
askdoctorbear,fjoes,1
asmallman,patrick66,1
asouthamerican,early_conflict_160,1
asprosofazeroth,grafiker45,1
asrealo,yourresidentferal,1
assaul,fox112,1
assortedwrenches89,aakiru,1
assumptionempty,early_conflict_160,1
assumptionempty,olvekstoneheid_2006,1
astarocy,azerius94,1
asthaloth,beneficial-boat-5688,1
astraljoey,labapart7559,1
asyliaa,craftydrews,1
asymptotethrowaway,yourresidentferal,1
at-las-,kraxiloth,1
atchijov,indig3o,1
atchijov,jammypanda,1
atheren,careseite,3
atheren,marsjust,1
atheren,raziers,1
atheren,suffelix,1
atheren,v1perz53,1
atheren,xanikk999,1
athrasie,justanotherpoopdick,1
athrasie,moonwrath8,1
athrasie,ocronus,1
athrasie,spaghettinyeetballs,1
athrasie,ultraroboninja,1
athrasie,unfeldezeu,2
athrasie,znuffie,1
atkinson137,canatee,1
atkinson137,typedinthebox,1
atleastwedream,microstocker,1
atomic__balm,daroxx,1
atomic__balm,turbulent-neat-624,1
atomicsnark,kimjongkung,1
atomikgarlic,early_conflict_160,1
atomikgarlic,fusshaman,1
atomikgarlic,minimaxir,1
atomikgarlic,turtvaiz,1
atosl,cuddlsworth,1
atosl,yourresidentferal,1
atromach,head-glove-9456,1
atromach,justanotherpoopdick,1
atromach,winstonbabar,2
attackityyak,lordmaxi10,1
atticus-xi,early_conflict_160,1
attitudeadjusterse,prior-hearing-4959,1
atypical_lemur,darooi,1
audioshaman,arqe_,1
audioshaman,aruhi,1
audioshaman,erinlah_,1
audioshaman,primordial-pineapple,1
audioshaman,syfer_husker,1
audioshaman,turtvaiz,1
audisek,wollsockenvonoma,1
augbanane,early_conflict_160,1
augssan,philgraves75,1
aurd04,inanoi,1
auriigold,yourresidentferal,1
aurora428,debenturethyme,1
aurora428,exurota,1
aurora_313,educational-big-8471,1
aurortonks,dabombdiggidy,1
aurum_t,mcfartster,1
aurumlauri,early_conflict_160,1
austeninalaska,xforeignmetal,1
austinstar08,early_conflict_160,1
austinstar08,sniperfrogdx,1
auti117,sechlainn,1
automatic-watch-1291,philgraves75,1
automatic_grand_1182,marem-bzh,1
automoderator,alice-86f,1
automoderator,arekualkhemi,1
automoderator,belpheegor,1
automoderator,chaud,1
automoderator,constellar-a,1
automoderator,eldritchconduit,1
automoderator,emphasismountain901,1
automoderator,icy_society4665,1
automoderator,indusnoir,1
automoderator,j00niper82,1
automoderator,jdv1999,1
automoderator,killakstv,1
automoderator,kingorgnum,1
automoderator,microstocker,1
automoderator,minimaxir,1
automoderator,minute_spread_4256,1
automoderator,ndominion4546,1
automoderator,noke_95,1
automoderator,oregonblues,1
automoderator,rgbfoxie,1
automoderator,siarx,1
automoderator,slouchyguy,1
automoderator,tboskiq,1
available_art4487,incognito_side,1
avarus_88,lofi-ahsoka,1
avcloudy,jarocket,1
avcloudy,repulsive_golf_409,1
avelphina,minimaxir,1
averageevil,frodakai,1
aveta95,hellomyfren6666,1
awesinine,teusa,1
awesomedudei,exhvoid,1
awesomedudei,fjoes,1
awesomedudei,meowsomeme,1
awesomeoh1234,skolcialism1,1
awrylettuce,0rphu,1
awthorn,grafiker45,1
axenos,solidsky,1
axenos,turtvaiz,1
axmoistxturd,popikaify,2
axxemax,hopemonster,1
axxion89,tenezill,1
ayanayu,academic-language-71,1
ayanayu,ex0ll,1
ayanayu,vincethatwaspromised,1
aybap,yourresidentferal,1
aye-loud,cougey,1
aye-loud,exhvoid,1
ayeitzsteezy,drewdynamite,1
ayeitzsteezy,wtfstupidhedgehog,1
ayodaddyos,mattdnd,1
ayotha,turtvaiz,1
azerius94,scumlord69,1
azhder,underground_chapel,1
azsunyx,sandtoast,1
azzkikr11,ex0ll,1
b1rdbr41n,aleexavee,1
b4rr4g4n,rubyurek,1
b_kuro,galinhooo,2
baa1990,--_-_---_-_-_,1
baaksterx,jammypanda,1
baba-pajser,acrobatic_airline605,1
babadibabidi,drewcookies,1
babagahnoush,amazing_internal6334,1
babywhiz,aruhi,1
babywhiz,fredkreuger,1
babywhiz,incognito_side,1
babywhiz,jarocket,1
babywhiz,tykero,1
backgroundpianist975,huron_23,1
backscratchaaaaa,dracorubi,1
backscratchaaaaa,muntaacas,1
backscratchaaaaa,philgraves75,1
backspace_cars,fleymour,1
backwardspellcaster,grafiker45,1
bacon-muffin,ex0ll,1
bacon-muffin,mitchellangelo86,1
baconqueenvern,euphoric-ad-1689,1
baconqueenvern,fatlillwilly,1
baconqueenvern,temporalspleen,1
baconqueenvern,yourresidentferal,1
baconscentedscrotum,rogueeyebrow,1
badform49,one-cellist5032,1
badnuub,peregrine2976,1
badnuub,philgraves75,1
badrodent,yourresidentferal,1
badwulf1,tonicpower2,1
bafau4246,abyssalanarkay,2
baigelsx,smoggyspectere,1
bajspunk,svenberit,1
bakedbread420,sazhattack,1
bakedcity1,kroick,1
bakedcity1,shivd91,1
bakedcity1,thirteenthpyramid,1
bakednotyetfried,majestichope9285,1
balager47,any-transition95,1
balager47,primordial-pineapple,1
baldspoticus,digitalneo,1
bambinocpt,traditional-roof1984,1
bamboochan,svenberit,1
ban_anna_split,majestichope9285,1
ban_anna_split,sandtoast,1
bananabread186,lumpy999,1
bandicoot1324,icy_society4665,1
bankirito40,omfgitsbob,1
barduk4,primordial-pineapple,1
barialdalaran,svenberit,1
barialdalaran,translitdk,1
barkovitch,awesomedudei,1
barlowan,mlmcmillion,1
barlowan,princewinter,1
barnabars,exhvoid,2
baronmarques,omfgitsbob,1
baronmarques,oriondc,1
baroqueout,4khazmodan,1
baroqueout,lucarin415,1
baroqueout,poltiger71,1
baroqueout,turtvaiz,1
barrettrts,dabombdiggidy,1
barrettrts,newjalian,1
barrettrts,spunkmckullins,1
bartellomio,--_-_---_-_-_,1
bartellomio,alexshinsuke,1
bartellomio,yourresidentferal,1
bartleby1407,cloud_n0ne,1
bartleby1407,cuphat,1
bartleby1407,erinlah_,1
bartleby1407,independent_tip2538,1
bartleby1407,mr_redacted_b_o_e_m_,1
bartleby1407,pikassamaop,1
bartleby1407,reasonable_camp944,1
bartleby1407,sanctions23,2
bartleby1407,sepiabane,1
bartleby1407,smokedaweeeeds,1
bartleby1407,yourresidentferal,1
basic_suggestion3476,migrainebutter,1
basilisk_says,kheiron,1
basilisk_says,popikaify,1
basilisk_says,tiny-sand3229,1
basket_chase,burgamerx,1
basketexternal6843,ok_librarian4139,1
bass3922,spider_queen13,1
batboywonder,gimlionthehunter,1
batdad488,aakiru,1
batmannoprep,crabshroom,1
batmannoprep,razoul05,1
battlenub89,drewdynamite,1
bavario1337,adgroundbreaking3566,1
bavario1337,captain_lemondish,1
bavario1337,frostsorrow,1
bavario1337,leotargaryen,1
bavario1337,wherebaptizeddrowned,1
baxterwoozy,flaviussabinus,1
baxtyre,syfer_husker,1
bazzabaz1,yourresidentferal,1
bb22k,aurum_t,1
bb22k,congelatore,1
bb22k,incognito_side,3
bb22k,putinha21,1
bb22k,turtvaiz,1
bb22k,yourresidentferal,2
bbbmarko01,metacious,1
bbmezzy,teenoc,1
beacon2001,plasticcontinent,3
beadorie,m4ru92,1
beanakin,paragonx1989,1
beanybob95,chilledchaos,1
beardedbear696,thirteenthpyramid,1
beardsticks,dailythrowawayn634,1
beardzesty,anyosnyelv,1
bearlysane,celoth,1
bearlysane,thefrayedends,1
bearlysane,yourresidentferal,1
beasticide,inukojon,1
beasticide,powerful_equipment84,1
beasticide,royinverse,1
beatitmate,migrainebutter,1
beatupford,objective-error1223,1
beatupford,ugaeismyamongusname,1
beautiful-jello-37,flondrebg,1
beeeeeeels,early_conflict_160,1
beefkins,cowbros,1
beefmytaco,andrewwilsonnn,1
beefmytaco,repulsive_golf_409,1
beefmytaco,rimefeathers,1
beefmytaco,storm_dancer-022,1
beefmytaco,turtvaiz,1
beeftank_jr,yourresidentferal,1
beegleboogle,turtvaiz,2
beepborpimajorp,majestichope9285,1
beepborpimajorp,philgraves75,1
beerbaron1886,indusnoir,1
beetlejuice______,fobby25,1
beetlejuice______,lordmaxi10,1
beginning-advice-168,turtvaiz,2
beiti,yourresidentferal,1
belazor,burgamerx,1
belista41,ok_explorer9526,1
belivious677,blckdrke,1
belivious677,ch_limited,1
belivious677,shadowvermin,1
belivious677,svenberit,1
belivious677,yourresidentferal,2
belkuro,early_conflict_160,1
bellacoseplayer,redtherobot,1
bellacoseplayer,tapczan100,1
bellanzo,advanced-plant-3241,1
belpheegor,cheese_on_my_blade,1
belpheegor,snipamasta40,1
belsor14,slaymaker1907,1
belteshazzar98,monsiuergeneral,1
belteshazzar98,oliferro,2
beltox2pointo,alexandervolk,1
ben0x539,real-emotion1874,1
bend_glass,foxdknight,1
beneficial-listen-18,quietandalonenow,1
beneficial_egg_4822,gloomy_material_8818,2
benjacarmona,korderon,1
benjaminalex32,glustin10,1
benjaminalex32,thatkindofnotbutyeah,1
bennygrandblade,early_conflict_160,1
benwhitaker,quaestiodraconis,2
benwhitaker,svihelen,1
bermsi,howzitgoin,1
besieger13,flbrisby,1
besieger13,monsiuergeneral,1
besieger13,nexrex,1
bestiejules,accendor,1
bestiejules,live-steaky,1
bestjersey_worstname,bo1em,1
bestjersey_worstname,legitimate-east9708,2
bestjersey_worstname,sky19234,1
bestjersey_worstname,tarc_axiiom,1
bestjersey_worstname,turtvaiz,1
bestjersey_worstname,xampew,3
bete_du_gevaudan,early_conflict_160,1
better-call-sol,olvekstoneheid_2006,1
better-slide-7384,yourresidentferal,1
better_jacket_3593,snypervii,1
bewsii,brandishblade,1
beyondelectricdreams,any-transition95,2
beyondelectricdreams,lastdefenseacademy,1
beyondelectricdreams,spoksparkare,1
beyondlife,svenberit,1
bfrown,60discpriest,1
bfrown,blubbpaule,1
bfrown,objective-error1223,1
bfrown,ugaeismyamongusname,1
bhangthundai_,ok-key5729,1
bhayward241,patroclious4,1
bifflin,androza23,1
bifflin,dg2793,1
big-teaching2521,korderon,1
big_elderberry5957,yourresidentferal,1
bigbadben_10,dismalad2452,1
bigbard2,olvekstoneheid_2006,1
bigbesss,rydil00,1
bigblackcouch,some1todisagreewith,1
bigbucket990,svenberit,1
bigbwaindabid,yourresidentferal,1
bigd175,slaymaker1907,2
bigdongergigachad,plams_unlimited,1
bigger_moss,faolahn,1
bigger_moss,ghost-gobi,1
bigger_moss,newtype06,1
bigger_moss,paah,1
biggestgrinderoce,meanindependence3250,1
biggestgrinderoce,mitarrex,1
biggiy05,excellent_cookie9346,1
bigglez1995,icy_society4665,1
bigglez1995,jammypanda,1
bigglez1995,moht81,1
bigglez1995,ok-masterpiece4983,1
bigrussoonthebuttons,majestichope9285,1
bigshotbosh,syfer_husker,1
bigsmusha,melanieavellano,1
bigtree42069,yourresidentferal,1
bigwethole,majestichope9285,1
bigzimm1,marem-bzh,1
bilbodrytear,figgnus96,1
billdanceparty,happy_yogurtcloset_2,1
billy_big_guns,magdanimous,1
bingolotto123,mschuster434,1
binkiecookie,fronteir,1
binkiecookie,last_pumpkin_1395,1
binto,acrobatic_airline605,1
bio-grad,challenging-wank7946,1
bioandroid,yourresidentferal,1
biodefault,sagelain,1
biodegradable_atgms,ariandrin,1
biodegradable_atgms,cephles,1
biodegradable_atgms,owlblack,1
biodegradable_atgms,rangersfan121,1
biodegradable_atgms,sgtrama,2
biodegradable_atgms,toxaplume045,1
biodegradable_atgms,turtvaiz,1
biodegradable_atgms,ugaeismyamongusname,1
birdbrain_shitfuck,fearish,1
biscuit_wos,electrical_pop_2850,1
biscuit_wos,justanotherpoopdick,5
biscuit_wos,sparkinx,2
biscuitdanger_,londonderry99,1
bishopkilljoy,fullmotionvideo,1
bismothe-the-shade,senreus,1
bismothe-the-shade,spider_queen13,1
bisquikb,feeling_pen_8579,1
bitterlemonsoda,afl0ck0fg0ats,1
bivukaz,majestichope9285,1
bizkit413,acrobatic_airline605,1
bjg12321,ninja_hedgehog,1
bjorn_styrkr,teenoc,1
bjorn_tyrson,aftershock416,1
bjorn_tyrson,gloomy_material_8818,1
bl00d_za,ex0ll,1
blaackys,syfer_husker,1
blaat_splat,orett_,1
blackangel6687,theforgottenshadows,1
blackberrybeanz,drainthemuck,1
blackberrybeanz,ex0ll,1
blackberrybeanz,fohpo02,1
blackberrybeanz,mrghost2023,1
blackberrybeanz,solecis,1
blackbirdone1,d34dl0cked,1
blackbirdone1,eymm,1
blackflagssfe,cakeordeath1989,1
blackhijinks,beneficial-boat-5688,1
blackhijinks,sandtoast,1
blackking2106,acrobatic_airline605,1
blackmonday73,jammypanda,2
blackmoosen,yourresidentferal,1
blackranger692,m4ru92,1
bladeoni,guilty-carry-wrea,1
bladeoni,ivvanovv,1
blancjacques,kluian2005,1
blancjacques,turtvaiz,1
blanknullvoidzero,gotverd,1
blanknullvoidzero,neotr0n,1
blanknullvoidzero,unidentifiable_goo,1
blantonphantom,nidalee2diaorafk,1
blantonphantom,ugaeismyamongusname,1
blasterion,mlmcmillion,1
blathnaid666,classicalant,1
blaxete,lordmaxi10,1
blaxete,old_resident8050,1
blaze611,onebadger7469,1
blazeking289,yourresidentferal,1
blckdrke,belivious677,1
blckdrke,yourresidentferal,1
bledolikiq,ok-pop843,1
blehbleh1122,primordial-pineapple,1
bleuchz,fronteir,1
bleuchz,prattja8,1
blind667,incognito_side,1
blind_blake_2023,acrobatic_airline605,1
blindbillions,poopoopooyttgv,1
blindcloud,celoth,1
blipbloopbeeeeep,lats9,2
blissed_off,ex0ll,1
blitzus,hyrcyne-,1
blizzjafaaeleath,-elias--,1
blizzjafaaeleath,areies88,1
blizzjafaaeleath,digitalneo,1
blizzjafaaeleath,lordmaxi10,1
blizzjafaaeleath,zwartsenwal,1
blockofwisdom,zordie360,1
blonslaught,majestichope9285,1
bloodandbourbon,turtvaiz,1
bloodbabe2003,acrobatic_airline605,1
bloodknightsalandria,iwo607,1
bloodmoth13,alexandervolk,1
bloodmoth13,garciasterling15,1
bloodmoth13,mystogyn,1
bloodshot_22,llstonesll,1
bloodshot_22,ok-key5729,1
bloodthirsty_kirby,tantesoesa,1
bloody_tampen24,tiny-sand3229,1
bloodyfartonabun,rubyurek,1
blorgenheim,southern-march1522,1
blubbpaule,ashleynn,1
blubbpaule,aurum_t,1
blubbpaule,hyperionotter,1
blubbpaule,pandeyxo,1
blubbpaule,sorry_wrongdoer_7168,1
blubbpaule,svenberit,1
blubkill,stormraughtz,1
blubomberikam,minimaxir,1
bluebananaredbanana,guilty-carry-wrea,1
bluebananaredbanana,sky19234,1
blueberryrockcandy,crazycatlady459,1
blueberryrockcandy,meanindependence3250,1
blueberryrockcandy,metalbawx,1
blueberryrockcandy,stew_fondu,1
bluecrazy,primordial-pineapple,1
bluedragoon24,stew_fondu,1
bluefatfrog,zwartsenwal,1
bluehairedgnome,yourresidentferal,1
bluejaybusiness1551,leotargaryen,1
bluemilk_and_wookies,ingloriousomen,1
bluemilk_and_wookies,mbdjd,2
bluffwatcher,acrobatic_airline605,1
bluffwatcher,gloomy_material_8818,1
bluffwatcher,killsb,1
bluffwatcher,lnk-cr-b82rez-2g4,1
bluffwatcher,ninja_hedgehog,1
bluffwatcher,residentwaifu,1
bluffwatcher,ugaeismyamongusname,1
blury1,thekinkyguy,1
bmw_courier6,early_conflict_160,2
bo1em,ex0ll,1
bo1em,turtvaiz,1
bobbacklund11235,syfer_husker,1
bobbimort,anakil_brusbora,1
bobbimort,foxjdr,1
bobbimort,lyphegames,1
bobby-mcbobster,shot-maximum-,1
bobyran711,majestichope9285,1
bohya,alarie51,4
bohya,thegamesacc,1
bolshevikstatist,oldenfat,1
bolt_spark,bronstin,1
bomtradygoat,drewdynamite,2
bomullstuss99,lootvig,1
bonerlord911,haklis,1
book-dragon92,kuldrick,1
bookbarbarian,toutarts,1
bootydonut,ugaeismyamongusname,1
border_of_water,lastdefenseacademy,1
boredomonwheelz,philgraves75,1
boredum_allergy,foxdknight,1
boredum_allergy,syfer_husker,1
boring_old_dad,trollkin,1
borkemav,no-breadfruit6137,1
borkemav,systemofcells,1
borkon,fjoes,1
bornblackberry3178,aliyah_hs,1
bornetm,erinlah_,1
bosko47,ugaeismyamongusname,1
bosox92,throdio,1
boss-monster,greedy_lengthiness23,1
bossmops94,-googlrr,1
bottledsoi,ivvanovv,1
bottledsoi,plastic-courage6537,1
bottledsoi,regular_tonight_389,1
bottleequivalent4581,anengineerandacat,1
bottleequivalent4581,renndorei,1
bowlerinside564,majestichope9285,1
bowserash,yourresidentferal,1
box_king-,jag-,1
boxingcrazysal,shot_dish6276,1
boxsmith91,busy-ad-6912,1
boyinachickensuit,gummytape,1
bozlogic,ugaeismyamongusname,1
bp3dots,royinverse,1
bp3dots,zharkos,1
brakndawnt,turtvaiz,1
braktot,winstonbabar,1
brandishblade,aqual07,1
brandishblade,trazzyk,1
brandishblade,turtvaiz,1
bravo__whale,foukivin,1
brawladingo,stew_fondu,1
brazilianwarrior81,frog-eater,1
breadstan,haklis,1
breadstan,ugaeismyamongusname,1
breakeverychain,archensix,1
breakzorsumn,gotverd,1
breathandtaxes,olvekstoneheid_2006,1
breathandtaxes,philgraves75,1
brelyxp,mr_redacted_b_o_e_m_,1
brettdgordon345,cstwig,1
brettdgordon345,toushiru,1
brevity-is,flosus,1
brevity-is,jigagug,1
brewtality55,dg2793,1
briaria,neveralwayss,1
briarsthorn,yourresidentferal,1
briciod,plastic-courage6537,1
briciod,redtherobot,1
briefsignificance965,apathyking8,1
briettah,yourresidentferal,1
brilliant_lobster213,comfortableart,3
brilliant_lobster213,no-bit-2913,1
brilliant_lobster213,primordial-pineapple,1
brilliant_lobster213,yourresidentferal,1
bringbackboshi,bajspunk,1
bringbackboshi,erinlah_,1
bringbackboshi,fragrant_seaweed655,1
bringbackboshi,mangafan_20,1
bringbackboshi,thatguyfromthem0vie,1
bringthelight2,jaeyx,1
brisden,erinlah_,1
bro_chill_bruh,foxjdr,1
brokebackmountdoom,electrical_run_2798,1
brokebackmountdoom,gotverd,1
brokebackmountdoom,kaiiboraka,1
brokebackmountdoom,minimaxir,1
brokebackzac,babagahnoush,1
brokenmirror2010,careseite,5
brokenmirror2010,chalupakabra,2
brokenmirror2010,dentarthurdent73,1
brokenmirror2010,el_rey_de_spices,1
brokenmirror2010,everdale,1
brokenmirror2010,mrtastix,1
brokenmirror2010,xanikk999,1
brokkrbadger,amanda_oxenham,1
brokkrbadger,mental-fudge9845,1
brokkrbadger,syfer_husker,1
broncotron,olvekstoneheid_2006,1
bronstin,alexandervolk,1
bronstin,olvekstoneheid_2006,1
brucebowtie,kroick,1
brucebowtie,turtvaiz,1
bruhahah,selfinteresting7259,1
bruins37ftw,chunky_bloody_queefs,1
bruins37ftw,ex0ll,2
bruins37ftw,fohpo02,2
bruins37ftw,paragonx1989,1
bruins37ftw,remtonjdulyak,1
bruins37ftw,sowhereismydream,1
bruins37ftw,twaggle,1
bruisedmilk,turtvaiz,1
brumblefee,primordial-pineapple,1
brungybrung,maciqos,1
brungybrung,yourresidentferal,2
brushner,turtvaiz,1
brutaltea,majestichope9285,1
bryroo,zordie360,1
bset262,fiction8,1
bubblan98,foxdknight,1
bubbly_performer4864,spider_queen13,1
bucketman1986,--_-_---_-_-_,1
bucketman1986,yourresidentferal,1
buddycat2308,majestichope9285,1
budrickton,burgamerx,1
bufffiremage,aurum_t,1
bugsy42,frog-eater,1
bulbasaurite,karahx,1
buldog_13,frost-ps,1
buldozaire,majestichope9285,1
buldozaire,siraurian,1
bullet1519,exurota,1
bumstead42,fates_doom,1
bunny2shy,lucasnogueirart,1
bunpuncherextreme,cuddlsworth,1
burgamerx,galinhooo,1
burgamerx,nippys4,1
burgemeester,guilty-carry-wrea,1
burgemeester,paragonx1989,1
burlamatto,ex0ll,1
burningtoast99,amazing_internal6334,1
burningtoast99,ex0ll,1
burntpretzel_,sakuraforhokage,1
buscandomiyagi,morgn_ladimore,1
buschgod666,fjoes,1
business-bus-2283,yourresidentferal,1
busy-ad-6912,boxsmith91,1
busy-ad-6912,deskcord,1
busy-ad-6912,dextixer,1
busy-ad-6912,km_the_frog,1
busy-ad-6912,sakuraforhokage,1
butrint_o,alexandervolk,1
butrint_o,gloomy_material_8818,1
butteredkernels,acrobatic_airline605,1
buttermycowboy,early_conflict_160,1
buttstacker,olvekstoneheid_2006,2
buttstuffisokiguess,bronstin,1
buttstuffisokiguess,doverboys,1
buttstuffisokiguess,fiction8,1
buttstuffisokiguess,nnorbie,1
buttstuffisokiguess,redtherobot,1
buttstuffisokiguess,salmerpriest,1
buttstuffisokiguess,whitechapel726,1
buy_constant,aaroknightus,1
buy_constant,exhvoid,1
buy_constant,macfatty,1
buzzcitybonehead,tapwater86,1
buzzcitybonehead,yourresidentferal,1
bwomsamdidjango,eske555,1
bwomsamdidjango,exhvoid,1
bwomsamdidjango,haklis,1
bwomsamdidjango,one-jury-6140,1
bwomsamdidjango,reborn_rhubarb,1
bye-feliciana,ch_limited,1
byniri_returns,notmiefault,1
byniri_returns,warno3941,1
c_vansky,dinkwinkle,1
cabose12,60discpriest,1
cabose12,alveia,1
cabose12,aruhi,3
cabose12,ferahn,1
cabose12,fusshaman,1
cabose12,mountnsntrees,2
cabose12,overwatcher_leo,1
cabose12,schnitzelbro,1
cabose12,underground_chapel,1
cactusbong,yourresidentferal,1
cactusseed5,kualikuri,1
caedesturm,yourresidentferal,2
caelemleaf,cephles,1
caelemleaf,cplus902,1
caelemleaf,flondrebg,1
caelemleaf,gimlionthehunter,1
caelemleaf,madadam211,1
caelemleaf,narux117,1
caelemleaf,notegmsta,1
caelemleaf,ohwerk82,2
caelemleaf,storm_dancer-022,1
caelemleaf,thatguyfromthem0vie,3
caelemleaf,turtvaiz,1
caer-rythyr,hottage,1
caerwynm,no_operation_5279,1
caffeinatedchaosbean,ghostinthereins,1
caffeinatedchaosbean,limp-marzipan-4051,1
cahenson,--_-_---_-_-_,1
caiturn,ex0ll,1
cakalacky,haklis,1
cakeislegit2,olvekstoneheid_2006,2
cakeordeath1989,late_stage_exception,1
cakeordeath1989,nice_strawberry5512,1
cakeordeath1989,stew_fondu,1
cakeordeath1989,weaknesspast2067,1
calaspa,foxjdr,1
calaspa,namealreadyexistss,1
calaspa,olvekstoneheid_2006,1
calebjankowski,acrobatic_airline605,1
calf,jarnis,1
calgar43,l3rn,1
calgar43,onigokko0101,1
calligrapherlazy7384,inside_signal_2715,2
calligrapherlazy7384,turtvaiz,1
callme-dirtydan,chortney,1
callmejenkins,distinctnewspaper791,2
calm-bat-7566,blizzjafaaeleath,1
calm-bat-7566,riot_wolfe,1
calm-relationship-16,early_conflict_160,1
calvinandhobbes811,kinzo149,1
calypsosong,lycanthropys,1
cam0_frog,erinlah_,1
cam0_frog,syfer_husker,1
camebackforpopcorn,amplifymagic101,1
cameronwoof,ocronus,1
camzaman,stormraughtz,1
camzaman,svenberit,1
canadian-dev,caronry,2
canadiandinosaur,volksdk,1
canatee,atkinson137,1
cancerwinner420,majestichope9285,1
canconfirmamhitler,syfer_husker,1
candid_special_4873,competitiontop7504,1
canmoose,km_the_frog,1
canmoose,teenoc,1
canmoose,turtvaiz,1
canninster,exhvoid,1
canuckpanda,maeveymaeveymaevey,1
canuckpanda,rurumo666,1
canuckpanda,safetyancient,1
canuckpanda,slapphanen,1
caodus,glum-friend-594,1
caodus,yourresidentferal,1
capable_diamond_3878,hopemonster,1
capactual,seriousnessperson,1
caparros,hypnoticah,1
caparros,simplytoaskquestions,1
capemanjohnny,thedouble,1
capemanjohnny,uphoria,1
capitanbanana227,syfer_husker,1
capo_mt,cstwig,1
capt-rowdy901,thirteenthpyramid,1
capt-rowdy901,tigrerojo_continued,1
captain-vye,shot-maximum-,1
captain_lemondish,bavario1337,2
captain_lemondish,sanaera_,1
captain_lemondish,syfer_husker,1
captainjackass123,acrobatic_airline605,1
captainmeowface,daroxx,1
captainzhon,ex0ll,1
captbat,gotverd,1
captinglorydays,pc7437,1
captnpsycho,turtvaiz,1
caradin,aleexavee,2
caradin,renndorei,1
carant82,olvekstoneheid_2006,1
cardborg,bartellomio,1
cardborg,yourresidentferal,2
cardinalm1,thirteenthpyramid,1
care_cup_is_empty,fierceduncan,1
care_cup_is_empty,roseysdaddy,1
care_cup_is_empty,rydiamist,1
careless_general8010,bavario1337,1
careseite,atheren,3
careseite,brokenmirror2010,5
careseite,ffxivthrowaway03,1
careseite,lutinja,1
carinthian_wendigo,acrobatic_airline605,1
carinthian_wendigo,sandtoast,1
carlosatomos,plastic-courage6537,1
carlosatomos,reflexoflove,1
carlosdedu,angelpunk18,1
caronry,canadian-dev,1
caronry,cheap_coffee,1
caronry,chilledchaos,1
caronry,guilty-cook-4663,1
caronry,intelligent-net1034,1
caronry,meowing-to-the-stars,2
caronry,mercylas,1
caronry,moht81,1
caronry,phantasmal-lore420,3
caronry,svenberit,1
casterformation,kethcup_,1
casterformation,no-bit-2913,1
castia10,zoobloo7,1
catastrofickat,majestichope9285,1
catastrophic-event,aleexavee,1
catcher_morningstar,box_king-,1
catcher_morningstar,early_conflict_160,1
catentity,dismal_run_4436,1
catentity,saphirmeer,1
cathbadh,kharathos,1
cathulion,badwulf1,1
cathulion,stretchylemon,1
cathulion,tonicpower2,1
catnipsniffa,yourresidentferal,1
catok171,martindeth,1
catstringtheory,throwagay12151,1
cautious_catch4021,dueplace2335,1
cayumigaming,powerful_equipment84,1
cbigle,marem-bzh,1
cbigle,syfer_husker,1
cbusmatty,danlynch,2
cbusmatty,dc_flint,5
cbusmatty,deskcord,1
cbusmatty,dextixer,1
cbusmatty,kevthuluu,1
cbusmatty,onigokko0101,1
cbusmatty,potato_fortress,9
cdmzlegend,blubbpaule,1
cdmzlegend,whatifyoudidtho,1
cdowg_3415237,squareconversation20,1
cdp94,svenberit,1
cebadec,nachoaveragetamale,1
cebadec,turtvaiz,1
ceci0,mojordomoseuw,1
cecilerr,kyr-shara,1
celoth,yourresidentferal,1
cenarius_reborn,gullible_spell7057,1
centriuz,bigglez1995,1
centriuz,caronry,1
centriuz,cdp94,1
centriuz,foxjdr,2
centriuz,gimmiedacash,1
centriuz,kayll-,1
centriuz,melvindorkus,1
centriuz,noriello,1
centriuz,paah,2
centriuz,pandeyxo,2
centriuz,soggytoasttime,1
cephles,flondrebg,1
cephles,newtype06,1
cephles,turtvaiz,1
cepopei,indusnoir,1
cerbinol,vrazel106,1
cerebrum3000,andromansis,1
cerruna,olvekstoneheid_2006,1
cerruna,tehcharo,1
ch_limited,belivious677,1
ch_limited,cookiem0nstr,1
ch_limited,erinlah_,1
ch_limited,ex0ll,1
ch_limited,figgnus96,1
ch_limited,glitteringchipmunk21,1
ch_limited,ryulightorb,1
ch_limited,turtvaiz,1
challenging-wank7946,ggallardo02,1
chals1015,stew_fondu,1
chalupakabra,brokenmirror2010,1
chalupakabra,brushner,1
chalupakabra,fourteenfcali_,1
chalupakabra,spiral-knight,2
chalupakabra,turtvaiz,1
chalupakabra,tusske1,1
chaos-cortex,yourresidentferal,1
chaos_engine01,early_conflict_160,1
chaoseffect616,haklis,1
chaoseffect616,turtvaiz,1
chaoseffect616,ugaeismyamongusname,1
chaosgodloki,mitarrex,1
chaosgodloki,turtvaiz,1
chaosrealm69,ex0ll,1
chaoticdissonance,olvekstoneheid_2006,1
character_remote_710,ghostinthereins,1
charging_chinchilla,dinkwinkle,1
charlyyzz,one-cellist5032,1
charlz_,scarred_wizard,1
chawan,ingloriousomen,1
chazmarius,beneficial-boat-5688,1
chazmarius,metacious,1
cheap_coffee,downtown-benefit-978,1
cheap_coffee,real-emotion1874,1
cheekie169,craftydrews,1
cheese_on_my_blade,belpheegor,1
cheeseburger2137,alternative_most9,1
cheeseburger2137,kethcup_,1
cheeseburger2137,yourresidentferal,1
cheesyburtango1,majin_melmo,1
cheesycone,objective-error1223,1
cheetahno1004,stormraughtz,1
chemical-drawer852,ajaugunas,1
chemical-drawer852,dmackerman,1
chemical_agency_8906,loiskispoiskis,1
cherenmatsumoto,goldtension6401,1
chetey,erinlah_,1
chetey,my_shoes_hurt,1
chetey,shleepo,1
chickat28,ocronus,1
chiefbeaumac,yourresidentferal,1
chiesu,ok_librarian4139,1
chiknight,afl0ck0fg0ats,1
chiknight,comfortableart,1
chiknight,newgator11,1
chiknight,perodis,1
chilichilichilidog,palpitationactive765,1
chilleagle96,lats9,1
chilledchaos,goatviolence,1
chilledchaos,impossible-diver6565,1
chilli_wil,jason498,1
chillonthehillz,metacious,1
chilly332,flondrebg,1
chiloz,areies88,1
chipies,cstwig,1
chipp99,migrainebutter,1
chipthamac,early_conflict_160,1
chokee03,indusnoir,1
chopsooie,syfer_husker,1
chormin,misbehavinator,1
chortney,callme-dirtydan,1
chortney,korderon,1
chowindown,comradecabbage,1
chozzington,ainastrasza,1
chozzington,yourresidentferal,1
chrindo,moment_of_rat,1
chris1988gm,yourresidentferal,1
chrisaeos,turtvaiz,1
chrischinloois,dinokickflip,1
chrisdasp,ex0ll,1
chrisodinuk,intelligent-net1034,1
chrisodinuk,murtag,1
chrisonfire5,zoobloo7,1
christmastzeitel,exhvoid,2
christoando,yourresidentferal,1
chromosomedonator,danlynch,1
chromosomedonator,dc_flint,1
chromosomedonator,slaymaker1907,1
chrondeezee,yourresidentferal,1
chubark,graf_rotz,1
chuckledunk,ugaeismyamongusname,1
chucklingduckling,early_conflict_160,1
chucklingduckling,gloomy_material_8818,1
chuckthatsyuck,lyphegames,1
chudpaladin,box_king-,1
chugsmaplesyrup,stew_fondu,1
chunky_bloody_queefs,ex0ll,1
chunky_monkey9,alternative_most9,1
chunky_monkey9,migrainebutter,1
chunkyhut,sandpigeon,1
chuzzlecheese,blizzjafaaeleath,1
ciarenni,alveia,1
ciarenni,cuddlsworth,1
ciarenni,drtoadigerr,1
ciarenni,fe-and-wine,1
ciarenni,groyklug,1
ciarenni,jakota_,1
ciarenni,sydney12344,1
cindyx823,arqe_,1
circlehumper,cstwig,1
circlehumper,erinlah_,1
cis_ter,early_conflict_160,1
citrusseven,stoutkeg,1
citytrialost,mir3c,1
citytrialost,some1todisagreewith,1
citytrialost,working_membership57,1
civil_albion,el_toolio_grande,1
ckresse,lorddeejus,1
classicalant,happythoughts33,1
clawzout,turtvaiz,1
clbull,ex0ll,1
clbull,svenberit,1
clinday,teenoc,1
clinggdiggy2,uphoria,1
clockwork_kitsune,haklis,1
cloud_n0ne,erinlah_,1
cloud_n0ne,howzitgoin,1
cloud_n0ne,kingorgnum,1
cloud_n0ne,lison52,1
cloud_n0ne,olvekstoneheid_2006,1
cloud_n0ne,philgraves75,1
cloud_n0ne,spider_queen13,1
cloud_n0ne,turtvaiz,1
cloudraa,metalbawx,1
clout064,vlarett,1
clubmate91,syfer_husker,1
cluster28,turtvaiz,1
cmackchase,mathren25,1
cmaturk,legallykat,1
cmaturk,yourresidentferal,1
cndcatalyst,hbgsmokes,1
cobra53golf,winstonbabar,1
cobras_chairbug,falconpunch9898,1
cobras_chairbug,primordial-pineapple,1
cocainapearlz,lyphegames,1
cocainapearlz,yourresidentferal,1
cocoa-pebble,toneky,1
codenamecthulhu,xmadison84,1
codewrite,stew_fondu,1
codpiece89,early_conflict_160,1
codygboltup,majestichope9285,1
coffee_conundrum,marco_polaris,1
coffeechickencheetos,sandtoast,1
coffeechickencheetos,t0rchic,1
cognateclockwork,my0445316,1
cohacq,atheren,1
colasmulo,lyphegames,1
colcyclone,early_conflict_160,1
coldara,oliferro,1
coldbringer709,stormraughtz,1
coldkiller,afl0ck0fg0ats,1
coldkiller,busy-ad-6912,1
coldkiller,helluiin,1
coldkiller,michelanvalo,1
coldkiller,ohwerk82,1
coldkiller,wollsockenvonoma,2
coldstorageparticle,jammypanda,1
colossusofwar,majestichope9285,1
coltkeys,yourresidentferal,1
colton82,yourresidentferal,1
combinationsalt9837,thejunkyvirus,1
combo1995,giliana52,1
comebackshane,khaldaan,1
comebackshane,teenoc,1
comebackshane,yourresidentferal,1
comfortable-ad1937,cephles,1
comfortable-love5396,yourresidentferal,1
comfortable_debt_357,logicbox_,1
comfortable_debt_357,reasonable_sky9688,1
comfortable_neck_498,yourresidentferal,1
comfortableart,brilliant_lobster213,3
comfortableart,chiknight,1
comfortableart,jules3313,1
comfortableart,marem-bzh,3
comfortableart,xandril,2
comfywomfylumpy,loopeded,1
commandable2233,tuesti7c,1
commandable2233,uphoria,1
commercial-town4214,domfakker37,1
commercial_radio8934,tiny-sand3229,1
common-dread,fjoes,1
common_celebration41,amazing_internal6334,1
competition_enjoyer,m47715,1
competition_enjoyer,strigidae_autumnus,1
competitiontop7504,sangedeetaur,1
competitiontop7504,zaionara,1
competitive-balance3,heysupmanbruh,1
competitive-balance3,majestichope9285,1
competitive_film562,majestichope9285,1
complexentertainer13,blubbpaule,1
complexentertainer13,exbaddeathgod,1
complexentertainer13,juicd_,1
complexentertainer13,sal101,1
compromisee,ex0ll,1
comradecabbage,mycolortv,1
comradecabbage,wherebaptizeddrowned,1
concopa,raistrasz,1
conebreadih,dabombdiggidy,1
conebreadih,thegamesacc,1
conelley,philgraves75,1
confidencelast3209,tatankaplays,1
confidencelast3209,yourresidentferal,1
confident-area-6358,korderon,1
congelatore,__glad,1
congelatore,bb22k,1
congelatore,seletara,1
congelatore,sprucemuse,1
congelatore,yourresidentferal,2
congress-is-a-joke,arthodel,1
conker1180,jazusa03,1
conksalot,forceof8,1
conksalot,moment_of_rat,1
conksalot,mothman91,1
conksalot,snakebite-2022,1
connectionmurky2097,yourresidentferal,1
connerm96,yourresidentferal,1
conscious-anteater36,mtdt1,1
consciousfall4535,belivious677,1
consciousfall4535,yourresidentferal,1
considany,indusnoir,1
considany,timekeeper98,1
consistent-grass8117,--_-_---_-_-_,1
consistent_horse6529,turtvaiz,1
consistentscroller,grafiker45,1
constant-excuse-9360,amazing_internal6334,1
constant-excuse-9360,dyrusforpresident,1
constant-excuse-9360,geddyn,2
constant-excuse-9360,lolflore,2
constant_bench_7057,moht81,1
constant_poetry_100,lost-opportunity8425,1
constellar-a,random-recon,1
constellar-a,xclbr1,1
contentpens,wollsockenvonoma,1
contrlaltcreate,icy_blacksmith8107,1
cookie_mog,void_guardians,1
cool-independent-431,dg2793,1
cool-independent-431,head_employment4869,1
cool-independent-431,routine_judgment184,2
cool_daboot,ugaeismyamongusname,1
cooldurian4336,objective-error1223,1
coongadelray,ex0ll,1
coongadelray,philgraves75,1
copeyhagen,tokitsukazes,1
coppersaur,ex0ll,1
copponex,galinhooo,1
corbinnz,zulubyte,1
corksoaker84,sern-contractor837,1
corodim,automoderator,1
coronatemedusa,turtvaiz,1
correct_ice4899,alexandervolk,1
corruptwarrior,exhvoid,1
cortez0498,canuckpanda,1
cortheya,hunteddwumpus,2
coruba69,couchshredder30,1
corvak,early_conflict_160,1
corvenos,jd_crichton,1
corvenos,yourresidentferal,1
cosmiccatastrophies,derprunner,1
cosmichyena24,yourresidentferal,1
cosmicnight,early_conflict_160,1
cosmogyrals,eymm,1
cosmogyrals,haklis,1
cosmogyrals,kokeshi_doll7,1
cosmogyrals,moment_of_rat,1
cosmogyrals,orett_,1
cosmogyrals,sleepyfellow44,1
cosmos1985,lucarin415,1
couchshredder30,coruba69,1
couchshredder30,ekhoes-,1
couchshredder30,gloomy_material_8818,3
couchshredder30,mcmillanme,2
couchshredder30,shadowofthepastfin,1
couchshredder30,the_whorespondent,1
couchshredder30,tojaraz,1
cougey,few_mistake4144,1
couldntrmbrpassword,yourresidentferal,1
countviceroy,erinlah_,1
countviceroy,kirur,1
cowbros,burgamerx,1
cowbros,domriv,2
cowbros,harcole,1
cowbros,puffic,1
cplus902,caelemleaf,1
cptn_kingyo,cephles,1
crabshroom,batmannoprep,1
crackcreamy,guilty-carry-wrea,1
craftydrews,cheekie169,1
craftydrews,fataleclipse_,2
craftydrews,melanieavellano,1
cranberryfeisty3706,frost-ps,1
crasher1987,fleales,1
crashimus420,ggallardo02,1
crashnburnxp,turtvaiz,1
crashnburnxp,typedinthebox,1
crawlmanjr,majestichope9285,1
crazedravings,haklis,1
crazy_silver740,kinzo149,1
crazy_silver740,parking_tip5577,1
crazy_silver740,potato_fortress,1
crazy_silver740,syfer_husker,1
crazycatlady459,blueberryrockcandy,1
crazycatlady459,meanindependence3250,1
crazycokids,theforgottenshadows,1
crazydiamondqueen,alexandervolk,1
crazydiamondqueen,ex0ll,1
crazymage321,kingorgnum,1
crazyman0225,hopemonster,4
crazypaddy2412,acrobatic_airline605,1
crbn99,cstwig,1
createcrap,korijenkins,1
createcrap,loonartear2665,1
creative-painter3911,old_resident8050,1
creative-painter3911,philgraves75,1
creedsucks,gotverd,1
creepycaptain8428,areies88,1
creepycaptain8428,blizzjafaaeleath,1
crimmyson1,yourresidentferal,1
crimsongoose1408,alexandervolk,1
crimsongoose1408,mercylas,5
cro_politics,psyavaig,1
croc_chop,lordmaxi10,1
croce11,gloomy_material_8818,1
croce11,philgraves75,1
crogatho,yourresidentferal,1
crossmissiom,amazing_internal6334,1
crowzer,squareconversation20,1
crucialvalue,olvekstoneheid_2006,1
crumpor,scumlord69,1
crunchy-leaf,early_conflict_160,1
crusaderlyonar,justanotherpoopdick,1
crushertimo,icy_society4665,1
crustedtesticle,lecampy,1
crustedtesticle,turtvaiz,1
cryonical,yourresidentferal,1
cryozdk,weaknesspast2067,1
cryptidmythos,tiborone,1
cryttan,yourresidentferal,1
crzbonkerz,ocronus,1
crzbonkerz,syfer_husker,1
cstwig,fox112,1
cstwig,necka44,1
cthul_,early_conflict_160,1
cuarenteno,majestichope9285,1
cubonelvl69,anakil_brusbora,1
cubonelvl69,bb22k,1
cubonelvl69,hopemonster,1
cubonelvl69,raynedrop98,1
cuddlsworth,haklis,1
cuddlsworth,jaegerjaquez25,1
cuff_,bottledsoi,1
culteonofjolteon,joehatesfanfiction,1
culteonofjolteon,sellbad_bro420,1
cultist-cat,cstwig,1
cultural_ebb4794,domriv,1
cultural_ebb4794,exhvoid,2
cultural_ebb4794,forwardbumblebee5220,1
cultural_ebb4794,karlfrednvlad,1
cultural_ebb4794,whitechapel726,1
cumaboomer,azerius94,1
cunillets,aqual07,1
cunillets,chilledchaos,1
cupblue,appropriatelecture90,1
cuphat,bartleby1407,1
curious-wishbone5419,yourresidentferal,1
curseuponyou,acrobatic_airline605,1
curseuponyou,kraydez,1
cutlarr,teenoc,1
cutmerock,yourresidentferal,2
cyanraider,objective-error1223,1
cyanraider,turtvaiz,1
cynicalsigtyr,olvekstoneheid_2006,1
cyniv,peetzaguy,1
cypher1014,moochao,2
cypher1014,thatguyfromthem0vie,1
cysia,biodegradable_atgms,1
cysia,km_the_frog,1
cysia,lordlacaar,1
cystonectae,100ratsinasack,1
cystonectae,benwhitaker,1
cystonectae,lucarin415,1
cystonectae,wollsockenvonoma,1
cyynric,krombough,1
cyynric,primordial-pineapple,1
d00dybaing,danielmattiawriter,1
d0lphin_,tirnacrainnog,1
d1eselx,philgraves75,1
d20_buster,orett_,1
d3m01iti0n,brazilianwarrior81,1
d3m01iti0n,frog-eater,1
d5gatekeeper,busy-ad-6912,1
d_a_beroni,ghostinthereins,1
daarus1,majestichope9285,1
dabigmainah,galahad199033,1
dabombdiggidy,abitou,1
dabombdiggidy,barrettrts,1
dabombdiggidy,conebreadih,1
dabombdiggidy,healthy-cellist161,1
dabombdiggidy,newtype06,1
dabombdiggidy,teenoc,1
dabombdiggidy,typedinthebox,1
dachshund_dude,yourresidentferal,1
dacousisloose,arqe_,1
dacousisloose,bb22k,1
daddyburton,raoasidg,1
daddyburton,tiny-sand3229,1
dadutx,zonamoonshaw,1
daedalist3101,cougey,1
daemarus,josephjts,1
daepicbob,turtvaiz,1
daft020,svenberit,1
dahkeus3,archensix,2
dahkeus3,hottage,1
dahkeus3,olvekstoneheid_2006,1
dahkeus3,philgraves75,1
dahkeus3,wobblucy,1
dahkeus3,znuffie,2
dahkeus3,zonamoonshaw,1
dahv13,minimaxir,1
daily_dose_42069,pillarob,2
daily_dose_42069,rangersfan121,3
daily_dose_42069,winstonbabar,1
dailythrowawayn634,goatmontwaters,1
dailythrowawayn634,haklis,1
daitalianfish,plastic-courage6537,1
dajax02,zulubyte,1
daleabbo,akhantu,1
daleabbo,stormraughtz,1
damelofelo,dinkwinkle,1
damihipraedamtuam420,early_conflict_160,1
damnmage,songsecret6875,1
damnmage,yourresidentferal,1
damnthatboyhoney,dinkwinkle,1
danerattacks,material-jacket-6878,1
dangerous-contest625,kingorgnum,1
dangerous-farmer-677,ghostinthereins,1
dangerous-raccoon244,alimente,1
dangerous-raccoon244,bb22k,1
dangerous-raccoon244,blubbpaule,1
dangerous_bluebird54,olvekstoneheid_2006,1
dangerous_bluebird54,tehcharo,2
dangerous_coat3004,danthepaladin,1
dangerous_coat3004,ffxivthrowaway03,1
dangerous_cost5445,yourresidentferal,1
dangerousad1229,pommes1991,1
danglenibble,yourresidentferal,1
daniel_is_i,muriden,1
danielmattiawriter,hoticehunter,1
danielmattiawriter,khaldaan,1
danielmattiawriter,princewinter,1
danielmattiawriter,skaflok,1
danielmattiawriter,wassubzero-nowplain0,1
danimal1942,kethcup_,1
danimal1942,systemofcells,1
danish_crusader,erinlah_,1
danlynch,cbusmatty,1
danlynch,thegamesacc,1
dannya34,allegrian,1
danocusprime,early_conflict_160,1
danocusprime,indusnoir,1
danocusprime,leon978,1
dansaris,gotverd,2
danthedruid,ggallardo02,1
danthepaladin,acrobatic_airline605,1
danthepaladin,dumblec0p,1
danthepaladin,eviloverlord1989,1
danthepaladin,guilty-carry-wrea,2
danthepaladin,guilty-cook-4663,1
danthepaladin,rui-tan,1
danthepaladin,successful_divide126,1
dantien,fairfaxrob,2
dantien,stew_fondu,1
dapper_brilliant_361,philgraves75,1
dapperyesterday790,znuffie,1
darduel,azerius94,1
dark2099,ugaeismyamongusname,1
darkarcheos,conelley,1
darkarcheos,cstwig,1
darkarcheos,haklis,1
darkarcheos,primordial-pineapple,1
darkarcheos,rustledjimmyss,1
darkaztaroth,turtvaiz,1
darkelf9905,yourresidentferal,1
darkestlore696,olvekstoneheid_2006,1
darkhallows27,disastrous-mess-3538,1
darkhallows27,gotverd,1
darkhallows27,hcsimon,1
darkhallows27,minimaxir,1
darkhallows27,nevotheless,1
darkhallows27,praporuniversity,1
darkhallows27,squareconversation20,1
darkhallows27,whatifyoudidtho,1
darkhallows27,xclbr1,1
darkhidenkiller,yourresidentferal,1
darkillusionsmasks,majestichope9285,1
darkisiliel,dahkeus3,1
darklightspa92,owlblack,1
darkmime64,constellar-a,1
darkmime64,yourresidentferal,1
darkoblivion,microstocker,1
darkorz,lankeyjevans,1
darkorz,yourresidentferal,1
darkskies85,darkarcheos,1
darkwolf22345,blubbpaule,1
darooi,ex0ll,1
darooi,teenoc,1
darooi,tenezill,2
darooi,turtvaiz,1
daroxx,powerful_equipment84,1
darpyshyn,ex0ll,1
darpyshyn,needmorepizzza,1
darqy101,zordie360,1
darreninalberta,olvekstoneheid_2006,3
darth-ragnar,cuddlsworth,1
darth-ragnar,whatthehellman2,1
darth_kyron,lats9,1
darthibidika,tiny-sand3229,1
darthv506,svenberit,1
darthyhonas,olvekstoneheid_2006,1
dartister,sleggerthorn1909,1
darury,ch_limited,1
darury,rlyskiz,1
darwin-award-winner,absurdpicturecomment,1
dasandman78,audioshaman,1
dasandman78,eledrina,1
dasandman78,jampk24,1
dasandman78,luchadorbane,1
dasandman78,turtvaiz,1
dasjtrain557,ex0ll,1
data-mcbytes,fallingguillotine,1
data-mcbytes,foxdknight,1
datbf4,crash2744,1
datbf4,hotdogmagic505,1
datbf4,voiddredd,1
dathemar,salfyded,1
dattoffer,hendrytoothless201,1
dattoffer,indusnoir,1
datzero,turtvaiz,1
davajita,microstocker,1
daveblazed,teenoc,1
davechacho,ggallardo02,1
davegoestomayor,taleofdash,1
davelesh,majestichope9285,1
davelesh,primordial-pineapple,1
davelesh,turtvaiz,1
davemotron,ok_try_6377,1
davemotron,pm_feet_pls_ty,2
david0ne86,sakuraforhokage,1
dawadoid,abyssalanarkay,1
dawadoid,gonzoandjohn,1
dawadoid,mschuster434,1
dawned_upon,maeveymaeveymaevey,1
dawned_upon,quiet_warthog5088,2
daws001,lats9,1
daxmort,yourresidentferal,1
daxoss,early_conflict_160,1
dayfinancial8206,drewcookies,1
daygyn,ok_librarian4139,1
daysfastforward1,justanotherpoopdick,1
daysfastforward1,saionji-sekai,1
daytonaz33,randomfleshprison,1
dazshar,metacious,1
dc_flint,cbusmatty,6
dc_flint,chromosomedonator,1
dc_flint,paket911,1
dc_flint,rough_instruction112,2
dc_flint,the-magic-sword,1
dc_flint,thegamesacc,4
dchrosail,exhvoid,1
ddlg72,majestichope9285,1
ddmenace23,stew_fondu,1
ddmf,amelaclya1,1
ddmf,craftydrews,1
deadagger,kinzo149,1
deadguns12,yourresidentferal,1
deadlurka,notmiefault,1
deadlyweapon00,alexandervolk,1
deadontoilet,putinha21,1
deadpoint,xandril,1
deadwarrior00,chilledchaos,1
deaffin,cheesyburtango1,1
deaffin,metalbawx,1
deafprune,joshr03,1
deafprune,vlarett,1
deagin,migrainebutter,1
deagin,osirisob,2
dealeralarmed3632,acrobatic_airline605,1
dear-limit-2357,renndorei,1
dear-limit-2357,ztwentythree,1
dear_combination_220,wormsthehermit,1
deathleach,digitalneo,1
deathrow_21749,sepiabane,1
deathsaintx,chemical-drawer852,1
deathungerx,complexentertainer13,1
deathungerx,daleabbo,1
deatsu,yourresidentferal,1
debenturethyme,dark2099,1
debenturethyme,relativeyouth,1
debenturethyme,ugaeismyamongusname,1
debugga,philgraves75,1
debugga,throdio,2
dedli,arcana-knight,1
deegzy,teenoc,1
defalt86,mologar,1
deficitofbrain,idejtauren,1
defiedgravity10,amazing_internal6334,1
defiedgravity10,ex0ll,1
defiedgravity10,remtonjdulyak,1
defiedgravity10,rydil00,1
defiedgravity10,tepid-doughnut,1
degenerateandy50,philgraves75,1
degrelleon,gangsir,1
deguilded,psa_lilsouth,2
deguilded,ugaeismyamongusname,1
delicious-collar1971,ex0ll,1
delicious-collar1971,hottage,1
delicious-collar1971,oliferro,1
delicious-idea1183,lats9,1
delicioussquats,ugaeismyamongusname,1
deltrigger,icy_elevator_9228,1
deluxexsupreme,eat_shit_an_die,1
dem-brushwaggs,accomplished_crow13,1
dem-brushwaggs,exhvoid,1
demo-ness,alexandervolk,1
demonsneeze,ex0ll,1
demonsquiggle,yourresidentferal,1
demystify0255,impressive-name7601,2
dengen88,yourresidentferal,1
deni5988,cookie_mog,1
denisguss,majestichope9285,1
denjelltheshaman,lats9,1
denny6526,crogatho,1
dense-reason-3108,psyavaig,1
dentarthurdent73,anotherpreciousmeme,1
dentarthurdent73,hopemonster,1
deo14,personal-army-9493,1
departuremurky7482,domfakker37,1
dependentdegree9561,ama5564,1
depressja,metacious,1
derconro,syfer_husker,1
derhuschke,turtvaiz,1
derpedro,sandtoast,1
derpherpderphero,necrid101,2
derprunner,amplifymagic101,1
derprunner,no-breadfruit6137,1
derprunner,support_player50,1
derrick1131,yourresidentferal,1
dertidancing,omgkthxby,1
descolata9,gloomy_material_8818,1
deskcord,audioshaman,1
deskcord,biodegradable_atgms,1
deskcord,bo1em,1
deskcord,busy-ad-6912,1
deskcord,cbusmatty,2
deskcord,dabombdiggidy,1
deskcord,daytonaz33,1
deskcord,fiveby21,1
deskcord,healthy-cellist161,1
deskcord,munno22,1
deskcord,ok_outside_4650,1
deskcord,roseysdaddy,1
deskcord,strat7855,1
deskcord,thatguyfromthem0vie,1
deskcord,turtvaiz,1
deskcord,tykero,1
deskcord,wilicil,4
deskcord,yourresidentferal,1
desperate-noise6208,amazing_internal6334,1
desperate-noise6208,psa_lilsouth,1
desperate_summer3376,yourresidentferal,1
desructo,primordial-pineapple,1
destituted,yourresidentferal,1
detenator,hosenkobold,1
dethsy,amazing_internal6334,1
dethsy,ugaeismyamongusname,1
detinator247,uphoria,1
detrelas,zulubyte,1
deviied_advcocate,stew_fondu,1
deviljanya,gloomy_material_8818,1
devils__avacado,exhvoid,2
devinsheppy,ex0ll,1
dextixer,afl0ck0fg0ats,1
dextixer,busy-ad-6912,1
dextixer,cbusmatty,2
dextixer,flondrebg,1
dextixer,kevthuluu,1
dextixer,thatguyfromthem0vie,1
dextixer,turtvaiz,1
dextixer,zwirbs,1
dezblues,early_conflict_160,1
dfield91,stew_fondu,1
dg2793,brewtality55,1
dg2793,ggallardo02,1
dg2793,hoochiedaddy420,1
dg2793,mcbadguy,2
dg2793,sandtoast,1
dgdr1991,tueman2,1
dhain1,powerful_equipment84,1
diastrous_lie,turtvaiz,1
dicksanddixanddixon,turtvaiz,1
dicksosa,kaori_ino,1
dicksosa,orett_,1
difficult_section_46,shamboi,1
diffusivetendencies,tarc_axiiom,1
difushal,syfer_husker,1
digitalbladedjay,olvekstoneheid_2006,1
digitalneo,yourresidentferal,1
diligent-pie4919,acrobatic_airline605,1
diligent-pie4919,curseuponyou,1
diligent_cover_7474,4khazmodan,1
dinklebergmania,rare-ad3034,1
dinklebergmania,soft-adagio-9734,1
dinkwinkle,charging_chinchilla,1
dinkwinkle,hotndot333,2
dinkwinkle,jason498,2
dinkwinkle,jwava,1
dinkwinkle,mrbiiz,1
dinkwinkle,troldenhs,1
dinokickflip,6198573,1
dinokickflip,domfakker37,3
dinokickflip,dyrusforpresident,1
dinokickflip,ex0ll,1
dinokickflip,guilty-carry-wrea,1
dinokickflip,idejtauren,1
dinokickflip,ka_yu,1
dinokickflip,klaroxy,1
dinokickflip,magetomlan,1
dinokickflip,mental-fudge9845,1
dinokickflip,sandtoast,2
dinokickflip,snes-1990,1
dinokickflip,thirteenthpyramid,2
dinokickflip,tyrannoscale,1
dinokickflip,wtf_cake,2
dinokickflip,yelir133,1
dinokickflip,zordie360,1
direct-barnacle,bronstin,1
directionalk9,olvekstoneheid_2006,1
disastrous_crew_9260,ex0ll,1
disconnect17,weaknesspast2067,1
discordantcalliope,lats9,1
discordantcalliope,wherebaptizeddrowned,1
dismalad2452,fantastic-fee-1999,1
dismelnogood,indusnoir,1
distinct_pizza_7499,anierous,1
distinctnewspaper791,callmejenkins,1
distinctnewspaper791,inconspicuous2012,1
distinctnewspaper791,majesticalotter,1
distributionhour3922,lord-momentor,1
disturbed2468,fabulous-copy-108,1
disturbed2468,haklis,1
disturbed2468,queencuntpunt,1
disyphe,baconqueenvern,1
disyphe,euphoric-ad-1689,1
ditju,erinlah_,2
ditju,olvekstoneheid_2006,1
ditju,saphirmeer,1
divin3e,fjoes,1
divisor_,figgnus96,2
divisor_,mazi710,1
divstarx,alternative_most9,1
dizz_the_wicked,blorgenheim,1
dizzygrizzly,donotgreg,1
dizzylizzy240,mental-fudge9845,1
djcaseofdk,belivious677,1
djpharaohz,spider_queen13,1
djulioo,meadpagan,1
djyumene,metacious,1
dlm_co,moment_of_rat,1
dm_me_pasta_pics,gilrim,1
dmackerman,arcanaxviii,1
dmackerman,beefmytaco,1
dmackerman,bigbwaindabid,1
dmackerman,cebadec,1
dmackerman,dabombdiggidy,1
dmackerman,fatlillwilly,1
dmackerman,innowebventures,1
dmackerman,ironmcchef,1
dmackerman,ixmyth,1
dmackerman,km_the_frog,1
dmackerman,microstocker,1
dmackerman,nachoaveragetamale,1
dmackerman,synrg18,1
dmackerman,yourresidentferal,1
dmalvano,rydil00,1
dnoire726,icy_turnover1,1
dnoire726,meikos,1
dnoire726,moment_of_rat,1
dnoire726,ready-possibility374,1
dnoire726,snugzz,1
dnorvalorant,stew_fondu,1
dnusha,indig3o,1
doafit,turtvaiz,1
doafit,ugaeismyamongusname,1
doafit,yourresidentferal,1
doc_exogenik,alternative_most9,1
doc_toboggan,holyrs90,1
docfreezer,early_conflict_160,1
doctad0pe,sajintmm,1
doctorlock74,kingorgnum,1
doctorobvious139,syfer_husker,1
doctortre,ex0ll,1
doctox,olvekstoneheid_2006,1
doctrinal_expletives,alternative_most9,1
doctrinal_expletives,cougey,1
doctrinal_expletives,crazypaddy2412,1
doctrinal_expletives,humblecream,1
doctrinal_expletives,korrigan_goblin,1
doctrinal_expletives,tconners,1
dogabeey,cstwig,1
dogarfdog12,chaud,1
dogelover696969,yourresidentferal,1
dogvetusa,amazing_internal6334,1
dolthra,ocronus,1
dolthra,queencuntpunt,1
dolthra,razekdpp,1
domain77,mainmorte,1
domfakker37,dinokickflip,3
domfakker37,imisstheapolloapp7,1
domfakker37,murtag,1
domfakker37,ninedark,1
domriv,cowbros,1
domriv,cultural_ebb4794,1
donkeyimportant3729,indusnoir,1
donn0,mbdjd,1
donn0,meowing-to-the-stars,1
donotgreg,kyz123,1
donotgreg,winstonbabar,1
dontbeacommiereddit,prototype_09,1
donteatthedonuts,dc_flint,1
dontrez12,bringthelight2,1
dontrez12,haklis,1
doodlefinger_it,tonicpower2,1
doogetma,kaori_ino,1
doom_pony,haklis,1
doomfool,kraxiloth,1
doomhamatime,josephjts,1
doomhamatime,science_logic_reason,1
doomyhowlinkun,blubbpaule,1
doomyhowlinkun,svenberit,1
dooontcareee,olvekstoneheid_2006,1
dorkasaurus,flembag,1
dorkasaurus,tresktaan,1
dorkman03,environmental-sea41,1
dorkus__malorkus,stew_fondu,1
dothacker81,gullible_spell7057,1
doublesynchronicity,jammypanda,1
doug4130,advanced_vehicle_750,2
doug4130,audioshaman,1
doug4130,bakedcity1,1
doug4130,bleuchz,1
doug4130,falooda1,2
doug4130,grandmacolin,1
doug4130,linasclrem,1
doug4130,milkbud22,1
doug4130,olvekstoneheid_2006,1
doug4130,random-recon,1
doug4130,sanaera_,1
doug4130,spraguenator,1
doug4130,txscorcher,2
doverboys,box_king-,1
doverboys,dinokickflip,1
doverboys,ex0ll,1
doverboys,frog-eater,1
doverboys,kentack,1
doverboys,mycologistdazzling14,1
doverboys,ugaeismyamongusname,1
downfalls03,mlmcmillion,1
downladder,deadlyweapon00,1
downladder,meikos,1
downtown-benefit-978,aqual07,1
downtown-benefit-978,cheap_coffee,1
downtown-benefit-978,chrisodinuk,1
downtown-benefit-978,foxdknight,1
downtown-benefit-978,justanotherpoopdick,3
downtown-benefit-978,ka_yu,1
downtown-benefit-978,mckeon1921,1
downtown-benefit-978,ok-cow-8511,1
downtown-fox-6024,gullible_spell7057,1
downtown-raccoon-992,olvekstoneheid_2006,1
downtownladder6838,mckeon1921,1
downvotetownboat,dcokerfetus,1
downvotetownboat,dethsy,1
downvotetownboat,leftoversn,1
downvotetownboat,lugonn,1
downvotetownboat,thedrummar,1
downvotetownboat,ugaeismyamongusname,1
downwifduhsyndy,yourresidentferal,1
dpsovertanking,azerius94,1
draakje-,olvekstoneheid_2006,1
dracoknight256,syfer_husker,1
draconisnonsequitur,incognito_side,1
dracorubi,backscratchaaaaa,1
dracorubi,digitalneo,1
dracorubi,gloomy_material_8818,1
dracorubi,mranderson588,1
draculasbloodtype,nanocephalic,1
drae-,scavatemyarms,1
draftstone,gotverd,1
dragon2man,early_conflict_160,1
dragon_sluts,ainastrasza,1
dragonbora,yourresidentferal,1
dragonofthemist,turbulentissue6,1
dragonriderabens,blizzjafaaeleath,1
dragonriderabens,yourresidentferal,1
dragoon_raine,yourresidentferal,1
dragoonknight56,sandtoast,1
dragore87,teenoc,1
drain_surgeon69,acrobatic_airline605,1
drain_surgeon69,crazypaddy2412,1
drain_surgeon69,oc34ne,1
drain_surgeon69,seriousjenkin,1
drain_surgeon69,twist_his_dik,1
drainthemuck,allegrian,1
drainthemuck,lats9,1
drainthemuck,philgraves75,1
drainthemuck,sajintmm,1
drakhan,primordial-pineapple,1
drakonild,bearlysane,1
drakonild,furcas1234,1
drakonild,thefrayedends,1
drale2,anengineerandacat,1
drale2,korrigan_goblin,1
dramatic-ad-1846,acrobatic_airline605,1
drastralis,conebreadih,1
drastralis,dreamin-,1
draug6969,cstwig,1
draug6969,early_conflict_160,1
draugexa,amazing_internal6334,1
dreadnorart,grafiker45,1
dreadpiratewalrus,olvekstoneheid_2006,1
dreamin-,danlynch,1
dreamin-,kao194,1
dreamsoul_anima,hsinvega,1
dreamsoul_anima,why_is_grass_green,1
dreggan,ch_limited,1
drelecour,early_conflict_160,1
drendari,turtvaiz,1
drewcookies,orett_,1
drewcookies,spider_queen13,1
drewdynamite,ayeitzsteezy,1
drewdynamite,bomtradygoat,1
drewpscrotzak,acrobatic_airline605,1
drewpscrotzak,turtvaiz,1
dreyven,bestjersey_worstname,1
dreyven,garciasterling15,1
dreyven,mountnsntrees,2
dreyven,norst,3
drict,majestichope9285,1
drikkink,jarocket,1
drixhtx,ok-key5729,1
drjcash90,majestichope9285,1
drkinsanity,whoudini13,1
drnicklaus,amazing_internal6334,1
drokovision,migrainebutter,1
drokovision,yourresidentferal,1
dromogaz,parking-froyo-303,1
droopyvato,labapart7559,1
drough08,olvekstoneheid_2006,1
drpandemias,_surge,1
drpandemias,yourresidentferal,1
drshago,teenoc,1
drsquirtle00,audioshaman,1
drtoadigerr,ciarenni,1
drudez79,teenoc,1
druitp,wukongpvm,2
drums_of_pictdom,turtvaiz,1
drunkenbobdole,sleepyfellow44,1
dry-smoke6528,majestichope9285,1
drydealer3816,farorasf,1
drydealer3816,fusshaman,1
dscarmo,korijenkins,1
dswbeef,gulfos,1
dtk99,darooi,1
dubb33d,angelpunk18,1
dubb33d,teenoc,1
dubblechrisp,howzitgoin,1
dubdubwoo,early_conflict_160,1
dubhlainnreddit,blizzjafaaeleath,2
dubhlainnreddit,yourresidentferal,1
dublescoop,aliyah_hs,2
dudeninjagames,zwartsenwal,1
due_meal_8866,random-recon,1
due_meal_8866,volksdk,1
due_train_4631,ex0ll,1
dueplace2335,early_conflict_160,1
dueshape111,dnoire726,1
dukem12,olvekstoneheid_2006,1
dull_term,pancauldenassuack,1
dumblec0p,agarwaen323,1
dumblec0p,danthepaladin,1
dumblec0p,hoopyhobo,1
dumblec0p,jobjoboj,1
dumblec0p,majestichope9285,1
dumblec0p,vlarett,1
dumbpanickyanimal,zorjeff,1
dumdumidjit,aleexavee,1
dumpsterman4,indig3o,1
dumpsterman4,wormsthehermit,1
dumpsterman4,yourresidentferal,1
dunamis_81,early_conflict_160,1
duninngames,primordial-pineapple,1
dupreewastaken,jaakers87,1
durugar,amazing_internal6334,1
durugar,ok_weather_2991,1
durugar,rcoop020,4
durzaka,canuckpanda,1
durzaka,lolflore,1
durzaka,nice_porson,1
duskinter,ex0ll,1
dustinaf,d34dl0cked,1
dustinaf,teenoc,1
dustycap,powerful_equipment84,1
dutchmemelord,yourresidentferal,1
dwaro,newtype06,1
dwaro,no-pen-3209,1
dwho422,joehatesfanfiction,1
dwillyb,early_conflict_160,1
dwn19,jaegerjaquez25,1
dwn19,nerdy_valkyrie,1
dxsterlxnd,haklis,1
dxsterlxnd,naguro,1
dxsterlxnd,sankto,1
dxsterlxnd,svenberit,1
dyingsurfer3-5-7,accomplished_crow13,1
dyrannn,demystify0255,1
dyrannn,ex0ll,1
dyrannn,glitteringchipmunk21,1
dyrannn,isolated_hippo,2
dyrreah,onlyr6s,1
dyrusforpresident,100ratsinasack,1
dyrusforpresident,constant-excuse-9360,1
dyrusforpresident,minimaxir,2
dyrusforpresident,oliferro,4
dyrusforpresident,paragon_73,1
dyrusforpresident,strat7855,1
dyrusforpresident,thirteenthpyramid,9
dyrusforpresident,turtvaiz,1
dyrusforpresident,ugaeismyamongusname,1
dyruus,onebadger7469,1
dysto_,amazing_internal6334,1
dzsukeng,early_conflict_160,1
e-n-k-i-d-u-k-e,ch_limited,1
e-n-k-i-d-u-k-e,geddyn,1
e-n-k-i-d-u-k-e,hermitxd,1
e-n-k-i-d-u-k-e,km_the_frog,1
e-n-k-i-d-u-k-e,neromius,1
e-n-k-i-d-u-k-e,notzish,1
e-n-k-i-d-u-k-e,thatguyfromthem0vie,2
e-n-k-i-d-u-k-e,toxaplume045,1
e-n-k-i-d-u-k-e,turtvaiz,1
e-schmachtenberg,kinzo149,1
eagle83,acrobatic_airline605,1
eagle83,noke_95,1
early_comparison2945,early_conflict_160,1
early_conflict_160,ghettolemonade,1
early_conflict_160,i-am-grok-,1
early_conflict_160,manthos1978,1
early_conflict_160,spider_queen13,1
early_conflict_160,zeekim,1
early_lawfulness_348,evonos,1
early_lawfulness_348,misbehavinator,1
early_lawfulness_348,svenberit,1
earthysofa,spiritual_big_7505,1
east_point_8300,madmarx__,1
eastbeast666,yourresidentferal,1
eastern_bed6656,axenos,1
eastern_bed6656,worktrashguy,1
eastern_elephant660,yourresidentferal,1
easy-bake-oven,amelaclya1,1
easy-bake-oven,dyrusforpresident,1
easy_street_,ex0ll,1
eat_shit_an_die,kelyssi,1
eat_shit_an_die,mainmorte,1
eatbacon247,simplytoaskquestions,2
eatbacon247,theraven476,1
eatmyass422,primordial-pineapple,1
eaxis,advanced-plant-3241,1
eaxis,mechatui,1
eaxis,topdad97,1
ebernardou,indusnoir,1
ebrytaim,wodentoad,1
echil46,mainmorte,1
echocasm,zakaryyxo,1
edeen,lovemonkeyz,1
edeen,pepentakill,1
edgeguy13,turtvaiz,1
edgeupset2723,toneky,1
edgy-meme94494,void_guardians,1
edouard1992,majestichope9285,1
educational-card3412,jemacaslan,2
educational_hawk7484,ex0ll,1
eeveelutionistm,vio94,1
eggenvironmental1615,insanelyphat,1
eggenvironmental1615,mainmorte,1
eggplantspiritual388,jocic,1
eggplantspiritual388,munno22,1
eggplantspiritual388,neotr0n,1
eidolonrook,early_conflict_160,1
eighthday,saionji-sekai,1
eiriamach,olvekstoneheid_2006,1
eitherengineering532,microstocker,1
ekatator,early_conflict_160,1
ekhoes-,couchshredder30,1
ekillaa22,alexandervolk,1
eksldpf9098,svenberit,1
el_dief,suffelix,1
el_duderino_22,amazing_internal6334,1
el_duderino_22,fusshaman,1
el_duderino_22,ghostinthereins,1
el_duderino_22,kodycarp19,2
el_duderino_22,paragonx1989,1
el_duderino_22,pendragon_puma,1
el_duderino_22,thesmallestkitten,2
el_duderino_22,znuffie,3
el_rey_de_spices,alarie51,1
el_shibby,yourresidentferal,1
el_toolio_grande,civil_albion,1
el_toolio_grande,erinlah_,1
electric_nikki,domfakker37,1
electrical_pop_2850,frog-eater,1
electrical_pop_2850,lorddeejus,1
electrical_pop_2850,stew_fondu,1
electrical_resource6,thornefield,1
electrical_rich_7289,grilled_frog,1
electrical_run_2798,acrobatic_airline605,2
electrical_run_2798,padyak,1
electricalking712,majestichope9285,1
electrikshaman,rjskill3ts21,1
electrized,tmr1331,2
electronic_border266,yourresidentferal,1
eledrina,aruhi,1
elegant-screen4438,sajintmm,1
elegylegacy,commandable2233,1
element720,adrtheman,1
elendartao,vincethatwaspromised,1
elendryst,jamesdarque56,1
eleventyelevens,yourresidentferal,1
elgatodefuegoverde,k_rocc,1
elioss,svenberit,1
elioss,yourresidentferal,1
elite1111111111,yourresidentferal,1
elkborne,kalamari__,1
ellasorellabrella,dizzygrizzly,1
ellie_isley,legallykat,1
ellionwy,guilty-carry-wrea,2
elo-than,pancauldenassuack,1
elpuppet,winstonbabar,2
elricdarkprince,grafiker45,1
eltoshen,arekualkhemi,1
eltoshen,gloomy_material_8818,1
eltoshen,jt99-firstballot,1
eltoshen,nirdee,1
elunethiel,fellow-believer,1
elunethiel,xclbr1,1
eluneytoons,bottleequivalent4581,1
eluneytoons,oreofro,1
eluneytoons,updownleftrightgay,1
eluneytoons,wiselychoosen23,1
elxjasonx,amazing_internal6334,1
elxjasonx,philgraves75,1
elyroc,material-jacket-6878,1
embarrassed-might-84,allegrian,1
emcee70,ex0ll,1
emeraldarcana,yourresidentferal,1
empereurraybach,majestichope9285,1
emperor_poopatine,jammypanda,1
emperorpinguin,kinzo149,1
empirejoe123,primordial-pineapple,1
empoleon365,disastrous-mess-3538,1
empoleon365,stew_fondu,1
empty_mulberry9680,jh7373,1
emptybrain218,ama5564,1
emptybrain218,iambara,1
emptybrain218,independent_tip2538,1
emptybrain218,minute_spread_4256,1
emptypiro,-wb-spitfire,1
enabling_turtle,paragonx1989,1
enayjay_iv,d34dl0cked,1
enayjay_iv,miyamojogaming,1
endless_chambers,wisniaksiadz,1
endslikecrazy,amazing_internal6334,1
enekovitz,yourresidentferal,1
engone,happythoughts33,1
entertainersmart7758,acrobatic_airline605,1
entertainersmart7758,strigidae_autumnus,1
entertainersmart7758,syfer_husker,1
entertainersmart7758,tigrerojo_continued,1
entertainmentok9111,indig3o,1
entire_school_8930,yourresidentferal,1
entropicdream,dansaris,1
entropicdream,gotverd,1
entropicdream,mopper300,2
entropicdream,ok-level-8907,1
envell123,-valus-,1
environmental-day778,majestichope9285,1
environmental-sea41,ex0ll,1
environmental_main90,yourresidentferal,1
environmentalfun5889,olvekstoneheid_2006,1
environmentplane7173,--_-_---_-_-_,1
eowyahunt,acrobatic_airline605,2
eowyahunt,tmr1331,1
epherian,paah,1
epherian,schnitzelbro,1
epicfailpwnage,alexandervolk,1
epicfailpwnage,aruhi,1
epicfailpwnage,svenberit,1
epicfailpwnage,teenoc,1
epicfailpwnage,yourresidentferal,1
epicpeggin,early_conflict_160,1
epicsaiyan,blubbpaule,1
epyonnext,erinlah_,1
equinoxe123,ok_weather_2991,1
erasedisknow,alienduck2,2
erasedisknow,brokebackmountdoom,1
erasedisknow,randomgenname1234,1
erasedisknow,turtvaiz,1
erathvael,minimaxir,1
erdonko,lastoflast67,3
erdonko,teenoc,1
eremal,--pariah,0
erinlah_,ditju,1
erinlah_,el_toolio_grande,1
erinlah_,incognito_side,1
erizzluh,twaggle,1
eroise74,fjoes,1
eroise74,svenberit,1
erosis,wollsockenvonoma,1
escapethefirmament,considany,1
escapethefirmament,dinokickflip,1
eshneh,lats9,1
eshneh,renndorei,1
esifex,mayuiwatani,1
esifex,yourresidentferal,1
eske555,bwomsamdidjango,1
eske555,ill-expert-511,1
esotrax,gloomy_material_8818,1
esotrax,mainmorte,1
espurresper,bo1em,1
establishmentpure525,philgraves75,1
estagiariodaphilips,apathyforempathy,1
estagiariodaphilips,primordial-pineapple,1
estagiariodaphilips,tengentoppa,1
estrofemgirl,yourresidentferal,1
etamalgren,necka44,1
etamalgren,neverender26,1
etamalgren,nmfpriv,1
etamalgren,paah,1
etamalgren,wait__who,1
etamalgren,yourresidentferal,1
etaxritwe,amazing_internal6334,1
eternal-alchemy,flyaroundtro,1
eternal-alchemy,mountnsntrees,1
eternalarchon,dinkwinkle,1
eternalarchon,gonzoandjohn,1
eternalsage2000,icy_society4665,1
ethelinda,mrnoobyy,1
etherbeard,alexandervolk,1
ethyrian,early_conflict_160,1
etrianautomata,dismalad2452,1
euklidis,acrobatic_airline605,1
euklidis,alexsandr13,1
euklidis,early_conflict_160,1
euklidis,mranderson588,1
euklidis,nech-ro,1
euklidis,spunkmckullins,1
euphoric-ad-1689,disyphe,1
euphoric_judge_8712,philgraves75,1
eurojjj19,dinokickflip,1
eurymedion,jurke39,1
evargram,cstwig,1
evargram,early_conflict_160,1
eveningtraffic2649,icyrow,1
eventpurple612,jasonreid1976,1
evenwanderer,lison52,1
evenwanderer,unicorndelta,1
everdale,caelemleaf,1
evergreenthree,varitok,1
everlastingevening,yourresidentferal,1
everyusernametakenff,early_conflict_160,1
evilbefalls,yourresidentferal,1
evildemonic,island_of_the_godz,2
eviloverlord1989,danthepaladin,1
eviloverlord1989,primordial-pineapple,1
evilresident64,accomplished_cake977,1
evilresident64,dinkwinkle,1
evilresident64,guilty-carry-wrea,1
evilrubberducks,plastic-courage6537,1
evonos,early_lawfulness_348,1
evonos,melete,1
evonos,no-comb-1832,2
evonos,tierst,1
evonos,turtvaiz,1
evyngra,captnpsycho,1
ewenthel,abyssalanarkay,1
ewenthel,acrobatic_airline605,1
ewenthel,public_opinion2723,1
ewenthel,turtvaiz,1
ex0ll,glitteringchipmunk21,1
ex0ll,hildarthedorf,1
ex0ll,isolated_hippo,1
exact-boysenberry161,allegrian,1
exact-boysenberry161,zordie360,1
exact-function-128,cystonectae,1
exact-function-128,lucarin415,1
exact-pudding7563,indusnoir,1
exact-pudding7563,olvekstoneheid_2006,1
examplepractical1981,early_conflict_160,1
examplepractical1981,ex0ll,1
exbaddeathgod,blubbpaule,1
excellent_cookie9346,cephles,1
excellent_cookie9346,turtvaiz,1
excellent_kiwi_3117,yourresidentferal,1
excitedsoup,snukb,1
exciting_extreme_409,olvekstoneheid_2006,1
exciting_oven_3480,yourresidentferal,1
exclusivelyregarded,debugga,1
exhvoid,anotherpreciousmeme,1
exhvoid,awesomedudei,1
exhvoid,aye-loud,1
exhvoid,barnabars,2
exhvoid,buy_constant,1
exhvoid,bwomsamdidjango,1
exhvoid,canninster,1
exhvoid,christmastzeitel,1
exhvoid,corruptwarrior,1
exhvoid,cultural_ebb4794,1
exhvoid,dchrosail,1
exhvoid,devils__avacado,2
exhvoid,fenrirsbasketball,1
exhvoid,fiennes,2
exhvoid,firm-cap1406,2
exhvoid,gandalfthemage,1
exhvoid,glx0711,1
exhvoid,gotthatdogginhim,1
exhvoid,great_language6947,2
exhvoid,hottage,1
exhvoid,icantkeeptrack,1
exhvoid,isilmalith,1
exhvoid,lio-ns,2
exhvoid,mihaidragos,1
exhvoid,multicolored_squares,0
exhvoid,ocronus,1
exhvoid,okdisplay5619,1
exhvoid,ragebojoo,2
exhvoid,rainbowmc,1
exhvoid,raoasidg,1
exhvoid,reganstoen,0
exhvoid,resies,3
exhvoid,salamander115,1
exhvoid,sanavix,1
exhvoid,sephger,1
exhvoid,simply_noone,1
exhvoid,sintalore,1
exhvoid,sori75,1
exhvoid,sorry-light-2378,1
exhvoid,st34khouse,1
exhvoid,swordsfish,1
exhvoid,terza3003,1
exhvoid,uohr,1
exhvoid,ysiysi,1
exhvoid,zerglou,1
exiledcourier,mafiohz,1
existinggain8688,valdearg20,1
existinggain8688,znuffie,1
exitorr,hunteddwumpus,1
exodor72,ex0ll,1
exorsaik,0rphu,1
exotic-scarcity-7302,kingorgnum,1
exotic_lemming,brakndawnt,1
exotic_lemming,kittenpantzen,1
expensive-review7218,gullible_spell7057,1
expensive_finger_257,zealousideal-cup5941,1
expensive_presence_4,korderon,1
expensive_union9228,acrobatic_airline605,1
explosivelol,tonicpower2,1
exprssiv,buttstuffisokiguess,1
ext3meph34r,foxdknight,1
ext3meph34r,haklis,1
extension_market_505,philgraves75,1
external_tangerine45,yourresidentferal,1
extis83,biodefault,1
extra-breakfast-7574,beneficial-boat-5688,1
extra-breakfast-7574,lootingdaroom,1
extra-breakfast-7574,unsleepingmoss,1
extrahitch,competitiontop7504,1
extremelytiredyall,gloomy_material_8818,4
extremelytiredyall,oriondc,1
exurota,gloomy_material_8818,1
exurota,neyubin,2
exxplicit480,olvekstoneheid_2006,1
eymou,andromansis,2
eziit,northsunny,1
ezomic,palpitationactive765,1
ezwa,kimjongkung,1
f-lambda,sankto,1
f-lambda,scovin,1
f8d2bonreddit,yourresidentferal,1
f_nmkl,fjoes,1
fabulous-copy-108,makkii62391,1
fadore,burgamerx,1
fadore,gotverd,1
faeginn,alexandervolk,1
faeginn,foxjdr,1
faeginn,no_operation_5279,2
faeryfiree,yourresidentferal,1
fahim64,ex0ll,1
fahrenheit285,intelligent-net1034,1
fahrenheit285,mainmorte,1
fair_show_7884,kashquests,1
fairfaxrob,dantien,2
fairlysmellysock,minimaxir,1
faithlessnesskey546,ex0ll,1
fakejh,tmr1331,2
fakeorcarape,drainthemuck,1
falconpunch9898,muntaacas,1
falconpunch9898,sword_n_board,1
falling-waters,afl0ck0fg0ats,1
fallingguillotine,data-mcbytes,1
falooda1,asciim0v,3
falooda1,bigger_moss,1
falooda1,doug4130,1
falooda1,syrif,2
famous_influencer,fun-explanation7233,1
famous_influencer,karthak_maz_urzak,2
fancy_contract_195,yourresidentferal,1
fancymac,shot_dish6276,1
fandasuba,early_conflict_160,1
fandise,timekeeper98,1
fandrir,lokithesiberianhusky,1
fangsong_37,ex0ll,1
fannysniffing,tempacct20005,1
fantastic-fee-1999,grathungar,1
fantastic-fee-1999,sniperfrogdx,1
fantasydemon101,dyrusforpresident,1
fantasydemon101,psychedelicduck,1
fantasydemon101,queencuntpunt,1
fantasytoybox,jadmonk,1
fantasytoybox,turtvaiz,1
fantasytoybox,typedinthebox,2
faolahn,foxjdr,1
faradize-,frog-eater,1
farorasf,old_resident8050,1
farorasf,tantesoesa,1
farorasf,voidkusho,1
farrrrrrrrrrrrrrrrrt,lats9,1
fast-okra-1451,jammypanda,1
fast_government_,early_conflict_160,1
fataleclipse_,craftydrews,2
fatalicus,yourresidentferal,1
fatalis89,dahkeus3,1
fatalis89,dyrusforpresident,1
fatalis89,sy_husky,1
fatalispho,mynbhd,1
fatcow38,ok_weather_2991,1
fatdan1,minute_spread_4256,1
fate-agenda,early_conflict_160,1
fatgunn,thanag0r,1
fatlillwilly,yourresidentferal,1
fatmike20295,foxdknight,1
fazzonvr,early_conflict_160,1
fd2ec89a6735,cbusmatty,1
fe-and-wine,ciarenni,1
feangren,abyssalanarkay,1
fearish,dinokickflip,1
fearless-sea996,daroxx,1
fedeger,jt99-firstballot,1
fedeger,khaoticsuccubus,1
federal-potato-man,azerius94,1
feeling_pen_8579,bisquikb,2
feeling_pen_8579,kersplode,1
feeling_pen_8579,weary_city4448,2
feelingdeparture9785,yourresidentferal,1
feherlofia123,olvekstoneheid_2006,1
feisty_economy6235,awesomeoh1234,1
felabryn,wormsthehermit,1
feldara92,olvekstoneheid_2006,1
feli9,shot-maximum-,1
felinger94,yourresidentferal,1
felix-alea98,aakiru,1
fellow-believer,glass_yam5075,1
fellow-believer,mafiohz,1
fellow-believer,mathematiciansame466,1
fellow-believer,prattja8,1
fenrirsbasketball,exhvoid,1
fenrirwolfie,gloomy_material_8818,2
fenrisprime,guilty-carry-wrea,1
fenrisur,yourresidentferal,1
ferahn,thegamesacc,1
ferdawoon,alexandervolk,1
ferdawoon,arthodel,1
ferducar,my0445316,1
ferovaors,justanotherpoopdick,1
few_mistake4144,cougey,2
few_mistake4144,eymm,1
few_mistake4144,peerlesspixie,1
fewact2027,amplifymagic101,1
feyranna,sandtoast,1
feyraz,early_conflict_160,1
ffsummonnick,gullible_spell7057,1
fftactics,aakiru,1
fftactics,competitiontop7504,1
fftactics,prior-hearing-4959,1
fftactics,tebwolf359,1
fftactics,turtvaiz,1
ffxivthrowaway03,_donut_block_,1
ffxivthrowaway03,anengineerandacat,1
ffxivthrowaway03,biodegradable_atgms,1
ffxivthrowaway03,cysia,1
ffxivthrowaway03,danthedruid,1
ffxivthrowaway03,fuzzyhellbunny,1
ffxivthrowaway03,icenein,1
ffxivthrowaway03,munno22,1
ffxivthrowaway03,necropaw,1
ffxivthrowaway03,pendragon_puma,1
ffxivthrowaway03,sabelas,1
ffxivthrowaway03,thatguyfromthem0vie,1
ffxivthrowaway03,typedinthebox,2
ffxivthrowaway03,v1perz53,2
ffxivthrowaway03,wobblucy,1
ffxivthrowaway03,worried-advisor-7054,1
ffxivthrowaway03,zalternates,1
fgfdgdfgdfg88,majestichope9285,1
fgmenth,throdio,1
fiction8,according-inside-830,1
fiction8,buttstuffisokiguess,1
fiction8,killsb,1
fiction8,limp_platypus_9424,1
fidelcastoro,amazing_internal6334,1
fiennes,exhvoid,2
fiennes,ocronus,1
fierceduncan,cephles,1
fiery-skyline,early_conflict_160,1
figgnus96,bilbodrytear,1
figgnus96,cstwig,1
figgnus96,divisor_,0
fildo28,amazing_internal6334,1
fillemoinkes,svenberit,1
finaljeopardy,digitalneo,1
finalshock,foxdknight,1
finalwingz,superfadeaway,1
fine_equal4647,teenoc,1
fineri,anyosnyelv,1
fingerpaintswithpoop,comradecabbage,1
fingerpaintswithpoop,thatguyfromthem0vie,1
finiarelgr,ok_librarian4139,2
fionasilberpfeil,sluaghlock,2
fionasilberpfeil,successfulice6855,1
fionnaandcake,flaviussabinus,1
firafoxy,yourresidentferal,2
firesidecatsmile,justanotherpoopdick,1
firm-cap1406,exhvoid,2
first_cedric,turtvaiz,1
fishfrog44,azerius94,1
fishingfragrant9054,kaori_ino,1
fishisfantom,ihatecasualgamers,1
fishisfantom,thatguyfromthem0vie,2
fit-percentage-9166,cultural_ebb4794,1
fit_air_7637,matenki,1
fit_air_7637,thefrayedends,1
fit_air_7637,yourresidentferal,1
fit_dragonfruit7545,justanotherpoopdick,1
fit_dragonfruit7545,minimaxir,1
fit_landscape6820,londonderry99,1
fit_landscape6820,zharkos,1
fit_maintenance4471,yourresidentferal,1
fit_rub8310,hyperionotter,1
fitcut2487,divisor_,1
fitsu,alexandervolk,1
fitsu,naranox,1
fitsu,sandpigeon,1
fitsu,turtvaiz,1
fiveagen,yourresidentferal,1
fiveby21,kevthuluu,1
fladormon,meikos,1
flaicher,olvekstoneheid_2006,1
flaicher,pandycandies,1
flaicher,ugaeismyamongusname,1
flaks117,jammypanda,1
flaks117,minimaxir,1
flaks117,olvekstoneheid_2006,1
flaks117,primordial-pineapple,1
flamewlkr,newdane,1
flappy_lol,yourresidentferal,1
flat-arachnid-4207,yourresidentferal,1
flatus_,aleexavee,1
flatus_,chilledchaos,1
flatus_,guilty-carry-wrea,1
flaviussabinus,henryeaterofpies,1
flaviussabinus,psa_lilsouth,1
flawedhero,teenoc,1
flbrisby,haklis,1
flbrisby,hell-yea-brother,1
flbrisby,soggytoasttime,1
fleah-13,majestichope9285,1
fleales,crasher1987,1
fleedjitsu,primordial-pineapple,1
fleetingbirds,frosty_ingenuity5070,1
fleetingbirds,kaladin-of-gilead,1
fleetingbirds,tractorsmacker,1
flembag,drewcookies,1
fleshgrave,skellyhell2,1
fleshgrave,tyrannosavagerekt,1
flexhead,unidentifiable_goo,1
fleymour,philgraves75,1
flinhorse,kinzo149,1
flippingchicken,jackpkmn,1
flondrebg,ainastrasza,1
flondrebg,caelemleaf,2
flondrebg,cephles,1
flondrebg,chilly332,1
flondrebg,dextixer,1
flondrebg,intelligent-net1034,1
flondrebg,jackpkmn,1
flondrebg,stew_fondu,1
flondrebg,two_pandas_playing,1
floppyshelltaco,chilledchaos,1
floppyshelltaco,jasonreid1976,1
florida-man,moose-caboose,1
florifierous,deskcord,1
florifierous,omfgitsbob,1
florise,vlarett,1
flosus,brevity-is,1
flosus,fantasydemon101,2
flosus,singerlost5641,1
flow_guy1,frog-eater,1
flubberpuddy,shadowvermin,1
fluffydonkeys,alice-86f,1
fluffyfirenoodle,gloomy_material_8818,1
fluffygirl2023,yourresidentferal,1
fluffywuffyvolibear,turtvaiz,1
fluid_king489,thatkindofnotbutyeah,1
flurb4,bavario1337,1
flurgenburger,early_conflict_160,1
flyaroundtro,kryptyx,1
flyingcostanza,gloomy_material_8818,1
fntd,alternative_most9,1
fobby25,lordmaxi10,1
foehammer87,dethsy,1
fohpo02,bruins37ftw,1
fohpo02,dinokickflip,1
fohpo02,fjoes,1
fohpo02,hallc,1
fohpo02,remtonjdulyak,1
fomod_sama,early_conflict_160,1
foodgeekfish,stew_fondu,1
forbizzle,exurota,1
forbizzle,masahikokobe,1
forceof8,conksalot,1
foreign-chipmunk-839,minimaxir,1
foreign_host147,ka_yu,1
forensic_fartman1982,allegrian,1
forensic_fartman1982,kingorgnum,1
foreskinfarter,ozok123,0
foreverabro,svenberit,1
forgottenexperiment,cstwig,1
forgottenexperiment,head-glove-9456,1
forgottenexperiment,paragonx1989,2
forgottenexperiment,tuesti7c,1
forgottenexperiment,voidkusho,1
forlorn_wolf,dasjtrain557,1
forlorn_wolf,yourresidentferal,1
formchemical,olvekstoneheid_2006,1
forportal,foxjdr,1
forportal,galinhooo,1
forportal,kyz123,1
forportal,mr_plaggy,1
forportal,ocronus,1
forportal,shawnikaros,1
forportal,unidentifiable_goo,1
fort_e,sepiabane,1
fortnightsatpeelys,majestichope9285,1
forward-rub1961,yourresidentferal,1
forward_333,ascelynemg,1
forwardbumblebee5220,100ratsinasack,2
forwardbumblebee5220,aoo2imptrip,1
forwardbumblebee5220,howtojump,1
forwardbumblebee5220,krea-kaos,1
forwardbumblebee5220,narux117,2
forwardbumblebee5220,overwatcher_leo,1
forwardrhubarb2048,majestichope9285,1
foukivin,ainastrasza,1
foulveins,ivvanovv,1
foulveins,no_operation_5279,1
fourkingss,aakiru,1
foursen,yourresidentferal,1
fourteenfcali_,turtvaiz,1
fox112,assaul,1
fox112,briaria,1
fox112,cstwig,1
fox112,fukkwitgalore,1
fox112,lats9,1
fox112,olvekstoneheid_2006,2
fox112,primedb29,1
fox112,psa_lilsouth,1
fox112,shadowvermin,1
foxdknight,mysterious-mall3756,1
foxdknight,slaylay,1
foxjdr,centriuz,1
foxjdr,faeginn,1
foxjdr,mog_varos,2
foxnamedfox,sadly_im_that_guy,1
foxtribal,thatkindofnotbutyeah,1
fracture93,ugaeismyamongusname,1
fragrant_proof,masam10,1
fragrant_seaweed655,svenberit,1
fragrantlotus,sandtoast,1
fragroth98,yourresidentferal,1
frakkinadama,taxmanbyday,1
fraktyl,ffxivthrowaway03,1
francesko1312,yourresidentferal,1
franchise91,philgraves75,1
freakscar,alternative_most9,1
freddy090909,rydil00,1
freddy090909,stormraughtz,1
fredkreuger,babywhiz,1
free-ear2112,guilty-carry-wrea,1
free-palpitation,orett_,1
freelancespy87,stew_fondu,1
freeman10,early_conflict_160,1
frenzy8000,yourresidentferal,1
frequent_course_6469,yourresidentferal,1
freshbasis,gilrim,1
freshbasis,happythoughts33,1
freshdurian8566,yourresidentferal,1
freyja6,adgroundbreaking3566,1
freyzi,binkiecookie,1
friedricewhite,turtvaiz,1
fright13,yourresidentferal,1
frodakai,yourresidentferal,1
frog-eater,brazilianwarrior81,1
frog-eater,faradize-,1
frog-eater,flow_guy1,1
frog-eater,fumaoyabun,1
frog-eater,llogaburr,1
frog-eater,pogsimusmaximus,1
frog-eater,swert0,1
fronteir,binkiecookie,1
fronteir,doug4130,1
fronteir,little-inflation-192,1
frost-ps,_rm78,1
frost-ps,aasrial,1
frost-ps,larsj_02,1
frost357,fjoes,1
frostbann,flbrisby,1
frostbite907,mr_sparx,1
frostbiten92,olvekstoneheid_2006,1
frostsorrow,comradecabbage,1
frostsorrow,powerful_equipment84,1
frostw18,early_conflict_160,1
frosty_ingenuity5070,anilemm,1
frosty_ingenuity5070,philgraves75,1
frosty_ingenuity5070,primordial-pineapple,1
frosty_ingenuity5070,syfer_husker,1
frozen_speaker_245,brokebackmountdoom,1
frozen_speaker_245,minimaxir,1
frozenautumn_1,gotverd,1
frozenbeeff,renndorei,1
frozenboundary,yourresidentferal,1
frozended,azerius94,1
frozended,haklis,1
frozended,sandtoast,1
frozended,spunkmckullins,1
frubis,ugaeismyamongusname,1
fryst_pannkaka,turtvaiz,1
fub4rtoo,head-glove-9456,1
fuckmods6969,aleexavee,1
fudnik89,celoth,1
fuhtian,captain-vye,1
fukkwitgalore,fox112,1
fukkwitgalore,lostsinclair,1
fukkwitgalore,raoasidg,1
fukkwitgalore,simplytoaskquestions,1
fukkwitgalore,tadashi4,2
full-somewhere440,gloomy_material_8818,1
full_void,majestichope9285,1
fullerbay,majestichope9285,1
fullerbay,shakanalily,1
fullmetalape,lateyeight,1
fullmotionvideo,canatee,1
fullmotionvideo,dismalad2452,1
fullmotionvideo,grathungar,1
fullmotionvideo,majestichope9285,1
fullmotionvideo,myopinionsucks2,1
fullmotionvideo,yhvh13,1
fullnelson10,svenberit,1
fumaoyabun,faradize-,1
fumaoyabun,frog-eater,2
fun-memory5801,yourresidentferal,1
fun-relationship3636,--_-_---_-_-_,1
fun_abroad8942,itsvishuss,3
fun_abroad8942,valderhide,1
fun_literature831,amazing_internal6334,1
funniestfunghi,early_conflict_160,1
funsparkdreamer,weary_city4448,1
furax-31,turtvaiz,1
furcas1234,adgroundbreaking3566,1
fusiontetrax,mysterious-mall3756,1
fusionxtreme,eymm,1
fusshaman,cougey,1
fusshaman,paragonx1989,4
fusshaman,voidkusho,1
fussinfarkt,kroick,1
futuredanish,redtherobot,1
fuzzy-signal-3981,olvekstoneheid_2006,1
fuzzy-vegetable-9789,yourresidentferal,1
fuzzy_speech_7427,yourresidentferal,1
fuzzyfeltarm,constellar-a,1
fuzzyhellbunny,ffxivthrowaway03,2
fuzzyhellbunny,geddyn,1
fuzzyhellbunny,icy-policy-5890,1
fynzou,ex0ll,1
fynzou,migrainebutter,1
g0d0fz0mb13,migrainebutter,1
gaatti,ktheonetrueking,1
gaatti,putinha21,1
gab_owns0,-wb-spitfire,1
gabarne,yourresidentferal,1
gabrys1896,indyvat,1
gadarion,kinzo149,1
gahzmate,ugaeismyamongusname,2
galagticsoul,turtvaiz,1
galahad199033,beneficial-boat-5688,1
galahad199033,bilbodrytear,1
galahad199033,mathematiciansame466,1
galahad199033,olvekstoneheid_2006,1
galahad199033,philgraves75,1
galahad199033,plus_singer_6565,1
galahad199033,rugged_as_fuck,1
galamoth911,primordial-pineapple,1
galamoth911,sepsev7n,1
galcitor,amazing_internal6334,1
galdonzo,rumblealex,1
galind_halithel,alexandervolk,1
galind_halithel,rursache,1
galinhooo,alexandervolk,1
galinhooo,b_kuro,2
gallifreydk,celoth,1
galverg,ex0ll,1
gamecrazy009,ugaeismyamongusname,1
gamehead12,considerationtall697,1
gameleon,namirocket,1
gameleon,taleofdash,1
gameleon,thissucksnuts,2
gamepro5,philgraves75,1
gamer238,ggallardo02,1
gamer238,squareconversation20,1
gamer_obama,azerius94,1
gamerk0807,malacon,1
gamerk0807,wollsockenvonoma,1
gamersunited746,chaud,1
gamesdeanx23,adventurous-ad-8126,1
gamingapokolips,anengineerandacat,1
gamsrolls,yourresidentferal,1
gandalfthemage,exhvoid,2
gangsir,acrobatic_coat722,1
gangsir,jemacaslan,1
gangsir,kelyssi,1
gangsir,limp_platypus_9424,1
gangsir,pastsolid,1
gangsir,scumlord69,1
gangsir,sechlainn,1
ganjaleezarice69,fleymour,1
ganjaleezarice69,jcriver4,1
ganjaleezarice69,naucturne,1
ganjaleezarice69,zen-savage-garden,2
garack666,yourresidentferal,1
garciasterling15,kooparogue,1
garciasterling15,medium-coconut-1011,1
gardevoir_best_girl,turtvaiz,1
garganishz29,yourresidentferal,1
gargoyle37,prattja8,1
garyair,d34dl0cked,1
garysmith2021,hallc,1
garysmith2021,magnus1177,1
garysmith2021,pastsolid,1
gastly-muscle-1997,dnoire726,1
gastly-muscle-1997,tatankaplays,1
gautierbllt,majestichope9285,1
gavic19,tigrerojo_continued,1
gawdlikeisfree,yourresidentferal,1
gay_volcano,alexandervolk,1
gderkon,yourresidentferal,1
gearfreak,yourresidentferal,1
geddyn,abadabadon,1
geddyn,constant-excuse-9360,1
geddyn,missingxpert,1
geddyn,noun-numbers,1
geddyn,toughshaper,2
geddyn,turtvaiz,2
geddyn,typedinthebox,1
geddyn,updownleftrightgay,1
geekwars2,princewinter,1
geekytyrant,olvekstoneheid_2006,1
gehnmy,nfl_porn_throwaway,1
gelvid,teenoc,1
geminilasers,popikaify,2
geminisyn,jammypanda,1
gemmy2002,thubionerd,1
general_test1853,stew_fondu,1
gennifairy,orett_,1
genoses,ugaeismyamongusname,1
gentle_singularity,olvekstoneheid_2006,1
gentlemenhookedi,popikaify,1
genuinelittlepip,powerful_equipment84,1
genxsism,apennatie,1
genxsism,competitiontop7504,1
genxsism,graphiccsp,2
genxsism,underground_chapel,1
germanucltear,acrobatic_airline605,1
germanucltear,yourresidentferal,1
getbyss,amazing_internal6334,1
ggallardo02,ama5564,1
ggallardo02,gamer238,1
ggallardo02,ivstan,1
ggallardo02,notmiefault,1
ggallardo02,primordial-pineapple,1
ggallardo02,underground_chapel,1
ghaarff,dicksanddixanddixon,1
ghaarff,turtvaiz,1
ghastion,yourresidentferal,1
ghekor,bringbackboshi,1
ghekor,jussech,1
ghettolemonade,early_conflict_160,1
ghost-gobi,oddhexbreaker,1
ghost_hamster,peliss,1
ghostbustershelpdesk,flembag,1
ghostesez,erinlah_,1
ghostinthereins,acrobatic_airline605,1
ghostinthereins,baaksterx,1
ghostinthereins,blackbirdone1,2
ghostinthereins,caffeinatedchaosbean,2
ghostinthereins,character_remote_710,1
ghostinthereins,cosmogyrals,1
ghostinthereins,d_a_beroni,1
ghostinthereins,dangerous-farmer-677,1
ghostinthereins,dinokickflip,1
ghostinthereins,dopepanda42069,1
ghostinthereins,el_duderino_22,1
ghostinthereins,gotverd,1
ghostinthereins,imalloutofbubblegums,1
ghostinthereins,jemacaslan,2
ghostinthereins,kaospunk,2
ghostinthereins,mn_yogi1988,1
ghostinthereins,nativo1,1
ghostinthereins,ok_weather_2991,1
ghostinthereins,plus_singer_6565,4
ghostinthereins,scientistsanta,2
ghostinthereins,the_ibz,1
ghstfce,infinite_respect_,1
ghstfce,kujira-san,1
ghstfce,philgraves75,1
ghurd_,sepiabane,1
gibby256,turtvaiz,1
gigagiga69420,desperate_summer3376,1
gigagiga69420,pepentakill,1
gijora,guilhaum,1
gilbert1242,erinlah_,1
gilbert1242,inxert,2
gilbert1242,ok-key5729,1
giliana52,combo1995,1
giliana52,etamalgren,1
giliath_,allegrian,1
gilrim,abyssalanarkay,1
gilrim,fe-and-wine,1
gilrim,fjoes,1
gilrim,laika93,2
gilrim,ok-key5729,1
gilrim,paddzr,1
gilrim,sylva748,1
gilrim,the_mash,1
gimlionthehunter,caelemleaf,1
gimlionthehunter,dinokickflip,1
gimlionthehunter,jupiternimbus,1
gimlionthehunter,kingorgnum,1
gimlionthehunter,km_the_frog,1
gimlionthehunter,mclemente26,1
gimlionthehunter,syberpank,1
gimlionthehunter,wtf_cake,1
gimmiedacash,centriuz,1
gjgsx,azerius94,1
glad-low-1348,bottledsoi,1
glad-low-1348,crustedtesticle,1
glad-low-1348,korijenkins,1
glad-low-1348,lecampy,1
glad-low-1348,mysteriousapricot701,2
glad-low-1348,tueman2,1
glad-low-1348,wtf_cake,1
glad-low-1348,zordie360,1
gladimoreffxiv,ex0ll,1
glaki,turtvaiz,1
glamrock1988,sonicrules11,1
glass_buyer_6887,ceelingfan2,1
glass_yam5075,dinkwinkle,1
glass_yam5075,ex0ll,1
glasse,deskcord,1
glasse,turtvaiz,1
glassontheevergreen,mattdnd,1
glasstaco69,plastic-courage6537,1
glaurunga,unsleepingmoss,1
gletschers,considerationtall697,1
gletschers,why_is_grass_green,1
glitchboard,gilrim,1
glitchboard,newcaravan,1
glittering_ad_9547,metacious,1
glitteringchipmunk21,aritia_1897,1
glitteringchipmunk21,benwhitaker,1
glitteringchipmunk21,ch_limited,1
glitteringchipmunk21,ex0ll,3
glitteringchipmunk21,hoodedoccam,1
glitteringchipmunk21,isolated_hippo,1
glitteringchipmunk21,my0445316,1
glitteringchipmunk21,twaggle,1
gloomingmoon,olvekstoneheid_2006,1
gloomy-discipline-57,yourresidentferal,1
gloomy_material_8818,beneficial_egg_4822,1
gloomy_material_8818,bluffwatcher,1
gloomy_material_8818,couchshredder30,4
gloomy_material_8818,deviljanya,1
gloomy_material_8818,extremelytiredyall,2
gloomy_material_8818,fenrirwolfie,1
gloomy_material_8818,fjoes,1
gloomy_material_8818,flondrebg,1
gloomy_material_8818,fluffyfirenoodle,1
gloomy_material_8818,mainmorte,2
gloomy_material_8818,mennzo,2
gloomy_material_8818,mir3c,1
gloomy_material_8818,mitarrex,2
gloomy_material_8818,paceronikus,1
gloomy_material_8818,toushiru,2
gloomy_material_8818,twingo102,1
glorinsson,myusername2459,1
gloriousnewt,yourresidentferal,1
gloruzhark,eymm,1
gloruzhark,indig3o,1
gluecost,orett_,1
glum-friend-594,caodus,1
glupscher,alexandervolk,1
glupscher,forgottenexperiment,1
glustin10,benjaminalex32,1
glute_brah,early_conflict_160,1
glx0711,exhvoid,1
gmanclassic,onlygetbricks,1
gmanclassic,zordie360,1
gnarlyteeth,aritia_1897,2
gnarlyteeth,ex0ll,1
gnarlyteeth,labapart7559,1
gnarlyteeth,michaelmarr_92,1
gnomulus,olvekstoneheid_2006,1
go-to-the-gym,zealousideal-cup5941,1
goatmontwaters,ashkir,1
goatmontwaters,mathren25,1
goatmontwaters,warm_difficulty2698,1
goatviolence,chilledchaos,1
goawasho,raphers,1
goblin-auditor,yourresidentferal,1
goblin_bomb_toss,cohacq,1
goblin_bomb_toss,yourresidentferal,1
goddessmarika,primordial-pineapple,1
godfrey1,turtvaiz,1
godgonefishing,early_conflict_160,1
godisananimegirl,itchyscales,1
goffforpresident,acrobatic_airline605,1
goffforpresident,oftheatom,1
golbeza,z_zeay,1
goldman_sax,exact-pudding7563,1
goldtension6401,pixelpaint64,1
goldtension6401,zulubyte,1
gomjabbarr9,yourresidentferal,1
gonbulio,shot_dish6276,1
gonephishin213,ex0ll,1
gonji89,safetyancient,1
gooberghost,ok_willingness3059,1
goobrains-png,acrobatic_airline605,1
good-piece-5570,blizzjafaaeleath,1
good-piece-5570,yourresidentferal,1
goodg-gravy,arthodel,1
goodg-gravy,ex0ll,1
goodg-gravy,hothgor,1
goodperformance7935,yourresidentferal,1
gooneybirdable,imzocrazy,1
gooneybirdable,yourresidentferal,1
gorismm,abyssalanarkay,1
gormhub,majestichope9285,1
goshaigo,azerius94,1
gothicfuck,wobblucy,2
gotthatdogginhim,exhvoid,1
gotverd,dansaris,1
gotverd,spiritual_big_7505,1
gounionstayunion,last_pumpkin_1395,1
gozuk99,no-comb-1832,1
grabklutzy9716,yourresidentferal,1
graenntv,zordie360,1
graf_rotz,guilhaum,1
graf_rotz,sweet_painting9451,1
graf_rotz,tbwtpt,1
grafblaffer,mennzo,1
grafblaffer,sennkoh,1
grafblaffer,stew_fondu,1
graffers,idejtauren,1
graffers,toughshaper,1
graggle_simpson,early_conflict_160,1
grandahl13,lyoss,1
grandahl13,sankto,1
grandmacolin,amanda_oxenham,2
grandmacolin,doug4130,2
grandmacolin,sanaera_,1
grandmastertaka,bafau4246,1
granitegumball,majestichope9285,1
granny_knows_best,ex0ll,1
granum22,km_the_frog,1
graphiccsp,genxsism,2
graphiccsp,mrosvall,2
graphiccsp,no_temperature8234,1
graphiccsp,toushiru,1
graphxrequiem,llogaburr,1
grapspike,yourresidentferal,1
grasspatty,skolcialism1,1
grathungar,ex0ll,1
grathungar,fantastic-fee-1999,1
grayscape,accendor,1
grayscape,cameronwoof,1
grayscape,slarkessc,1
great_language6947,exhvoid,2
greatgigginox,dubhlainnreddit,1
greatscottxxxxxx,alexandervolk,1
greedyspree,mr_redacted_b_o_e_m_,1
green_and_silver,nnorbie,1
greenaldiers,gullible_spell7057,1
greenaldiers,nech-ro,1
greendino71,erinlah_,1
greenegg28,early_conflict_160,1
greenegg28,renndorei,1
greewens,divisor_,1
greewens,ztwentythree,1
greg2227,drewcookies,1
grenyn,caronry,1
grenyn,lordlacaar,1
grenyn,puffic,1
grenyn,wassubzero-nowplain0,1
grevenqwhite,drale2,1
greymane059,huron_23,1
greywallgaming,early_conflict_160,1
greywallgaming,gloomy_material_8818,1
greywalls86,philgraves75,1
griever12691,newtype06,1
grilled_frog,electrical_rich_7289,1
grimpredi,primordial-pineapple,1
grindycore,early_conflict_160,1
gronferi,ex0ll,1
grouchy-county676,healthy-cellist161,1
grouchy-county676,holyrs90,1
grouchy-county676,narux117,1
groyklug,ciarenni,1
grubsahoy,olvekstoneheid_2006,1
grumpiergoat,ivvanovv,1
grumpper,alexandervolk,1
grumpydog84,philgraves75,1
grumpypan,krombough,1
grumpysatan,ancesterz,1
grumpysatan,ocronus,1
grumpysatan,skore_smogon,1
grumsta,allegrian,1
grumsta,copeyhagen,1
grumsta,danthepaladin,1
grumsta,dreamingmastr,1
grumsta,residentwaifu,1
grumsta,yourresidentferal,1
guilhaum,alexandervolk,1
guilhaum,erinlah_,1
guilhaum,fates_doom,1
guilhaum,fukkwitgalore,1
guilhaum,gijora,1
guilhaum,graf_rotz,1
guilhaum,kii_at_work,1
guilhaum,metacious,1
guilhaum,my0445316,1
guilhaum,plumbsmasher,1
guilhaum,renndorei,1
guilhaum,tboskiq,1
guilhaum,xandril,1
guilty-carry-wrea,danthepaladin,1
guilty-carry-wrea,dinokickflip,1
guilty-carry-wrea,ellionwy,1
guilty-carry-wrea,lazylazygecko,1
guilty-cook-4663,caronry,1
guitarrabit,haklis,1
gulasch_man,nech-ro,1
gulbeleglim,systemofcells,1
gulfos,turtvaiz,1
gullible_fennel7028,hyrcyne-,1
gullible_spell7057,krazystanbg,1
gullible_spell7057,sparrow1989,1
gullible_spell7057,the_pheex,1
gullible_spell7057,trini_n_sc,1
gumjo123,reimmi,1
gumjo123,ugaeismyamongusname,1
gupulopo,meowing-to-the-stars,1
gupulopo,turbulent-neat-624,1
guru_def,ugaeismyamongusname,1
gusteauxs,amazing_internal6334,1
guykopski,alexandervolk,1
guykopski,sgtrama,1
guypoope,haklis,1
guypoope,sankto,1
guyskee,cstwig,1
guywhoenjoysgames,yourresidentferal,1
guzmasbussy,hunteddwumpus,1
guzmasbussy,tiny-sand3229,1
gvarcian,erinlah_,1
gweloss,siraurian,1
gwoo37573,thatkindofnotbutyeah,1
gyranos,hunteddwumpus,1
h0r1zon,turtvaiz,1
h0wdoesthisthingwork,yourresidentferal,1
h3atdom3,xamalion,1
hackanddash,stelle8,1
hademar,cheap_coffee,1
hademar,eymm,1
hadronlicker,majestichope9285,1
haemwich,early_conflict_160,1
hailtbewhale,ex0ll,1
hailtothedogebby,yourresidentferal,1
hairybeaver123,agile_moment768,1
haklis,activehannes,1
haklis,crazedravings,1
haklis,jaegerjaquez25,1
haklis,peregrine2976,1
haklis,ungulateman,1
haklis,zireon,1
halethrom,yourresidentferal,1
halfaloafofkungfoo,plastic-courage6537,1
hallc,boyinachickensuit,1
hallc,buttstuffisokiguess,1
hallc,exurota,1
hallc,garysmith2021,1
hallc,ironeyed_wizard,1
hallc,jakeparkbench,1
hallc,jfx3311,2
hallc,melete,1
hallc,potato_fortress,1
hallc,rydiamist,1
hallc,sirfannypack,1
hallc,support_player50,1
hallc,toushiru,1
hallc,zeilar,3
halldisastrous1635,early_conflict_160,1
hallowclaw,lats9,1
halodon,minimaxir,1
halu68,ok-key5729,1
halzfrost,oglilptownfunk,1
hammerhandle,cakeordeath1989,1
hammerhandle,thefinaldeal,1
hammerofbonking,ocronus,1
hammerofbonking,primordial-pineapple,1
hammyoverlordofbacon,antigodofatheism,1
han-kay,comfortable_debt_357,1
han-seoul_oh,majestichope9285,1
hanabishi_recca,early_conflict_160,1
hanibalecter,icy_society4665,1
hanibalecter,ivvanovv,1
hanibalecter,zakaryyxo,1
hanonlei,minimaxir,1
hapless_wizard,daytonaz33,1
hapless_wizard,tupotosti,1
happles11,rhaerc,1
happy-temperature735,exhvoid,1
happynem,cmaturk,1
happythoughts33,engone,1
happythoughts33,fjoes,1
harai_ulfsark,artdecoautomaton,1
harai_ulfsark,artupper7213,1
harai_ulfsark,karpulltunnel,1
harai_ulfsark,syfer_husker,1
harcole,burgamerx,1
harcole,cowbros,1
harcole,majestic_habit5726,2
hardcoremilf,gloomy_material_8818,1
hardlyaaron,redtherobot,1
harithbk,arthodel,1
harkats,mitarrex,1
harlandus,oliferro,1
haroerhaktak,grafiker45,1
haroerhaktak,gullible_spell7057,1
haroerhaktak,haunting_response570,1
harpoonthemoon,myusername2459,1
harpoonthemoon,thenidhogg,1
harrekmistpaw,hopemonster,1
harrekmistpaw,raynedrop98,1
harrowdread,sffau,1
harrynohara,philgraves75,1
harsesis,setidayeti,1
hassadar,wonohsix,1
hassadar,yourresidentferal,1
hasturlavistababy,early_conflict_160,1
hat1337,turtvaiz,1
hatereddit77,jackpkmn,1
hatsjekidee,tiny-sand3229,1
hattiejay,dopepanda42069,1
haugs22,acrobatic_coat722,1
haugs22,thatkindofnotbutyeah,1
haunting-salt-3948,yourresidentferal,1
haunting_response570,haroerhaktak,1
haventsleptinyears,abyssalanarkay,1
havillard,ex0ll,1
hawkleberryfin,taurenkey,1
hawkseye17,minimaxir,1
hawkyyy,mir3c,1
hawkyyy,rudahn,1
hawntir,krombough,1
haxor__doge,eymm,1
hbgsmokes,sunderwire,1
hbreckel,biodegradable_atgms,1
hbreckel,turtvaiz,1
hcsimon,newtype06,1
head-artist1493,turtvaiz,1
head_employment4869,cool-independent-431,1
head_employment4869,warm_difficulty2698,1
headlikeagnoll,whatthehellman2,1
healthy-cellist161,newtype06,1
heauxmo,yourresidentferal,1
heavy_tart_1464,yourresidentferal,1
heflay,azerius94,1
hefty-ant-378,primordial-pineapple,1
hekios888,early_conflict_160,1
hell-yea-brother,mlmcmillion,1
hell-yea-brother,philgraves75,1
hellbirdvt,ocronus,1
hellbirdvt,rastaba,1
helloiamruhri,naahthisisnotme,1
hellomyfren6666,caradin,1
hellomyfren6666,my0445316,1
helluiin,crazyman0225,1
helluiin,jodoukast,1
helluiin,km_the_frog,1
heloriel,thezuppaman,1
henkarinami,amazing_internal6334,1
henkarinami,xaajr,2
henrikhakan,majestichope9285,1
henryeaterofpies,drewcookies,1
henryeaterofpies,primordial-pineapple,1
henryeaterofpies,ztwentythree,1
henslock,aurum_t,1
henslock,turtvaiz,1
heraldofthechange,old_resident8050,0
heraldtyphus,gloomy_material_8818,1
herbeste,whitechapel726,1
hereforthehohoho,hrekires,1
heretosee123,benwhitaker,1
herkyjerkyperky,notapublicfundsleech,1
hermanvb,ex0ll,1
hermitxd,meesterdg,1
hermitxd,mlmcmillion,1
hermitxd,syrif,1
herozealot35,olvekstoneheid_2006,1
herrmatthew,skinnysnappy52,1
herrrauch,kinzo149,1
hersheysx,zeemex,3
hery41,drainthemuck,1
hery41,hosenkobold,1
hesitationz,itsnowornever13,1
hetvenot,olvekstoneheid_2006,1
hexadroid,yourresidentferal,1
heyeverythingisfine,early_conflict_160,1
heysupmanbruh,chaud,1
heysupmanbruh,new_excitement_1878,1
heysupmanbruh,nilanar,1
hh-harvey,lord0fhats,1
hhalloush,mainmorte,1
hhalloush,mitarrex,1
higgi57,exurota,1
highimlacs,allegrian,1
highwaymedical864,last_pumpkin_1395,1
highwaymedical864,sirzapzalot,1
hiimred2,adolslostsword,1
hiimred2,baxtyre,1
hikashuri,ocronus,1
hilariousmax,majestichope9285,1
hilariousmax,svenberit,1
hildarthedorf,ex0ll,1
hilduria,yourresidentferal,1
hipgamer,darkarcheos,1
hiptones,eymm,1
hiroamiya230,turtvaiz,1
historicalsherbert92,lucarin415,1
hitboxcomics,minimaxir,1
hitman3256,kyr-shara,1
hitstuff,olvekstoneheid_2006,1
hlb217,intelligenthotel356,1
hobodudeguy,reisthetic,1
hobodudeguy,z_zeay,2
hoenn_enjoyer,olvekstoneheid_2006,1
hoggerflogger,yourresidentferal,1
hojicha001,alternative_most9,1
holay63,azerius94,1
holdill5352,olvekstoneheid_2006,1
holeyfield,microstocker,1
holgerdk,wormsthehermit,1
holy_holley,scantron2739,1
holyrs90,doc_toboggan,1
holyrs90,grouchy-county676,1
holyrs90,newtype06,1
holyrs90,zordie360,1
holyvoltage,darkhallows27,1
honeyalias,kingorgnum,1
honeybadger_42,happy_yogurtcloset_2,1
honeydictum,teenoc,1
hoochiedaddy420,letoiv,1
hoodedoccam,drewcookies,1
hoodieninja17,alexvoyd,1
hoodieninja17,hungryvito_,1
hoodieninja17,whiteshovel66,1
hoodoodle,olvekstoneheid_2006,1
hoodoodle,spoksparkare,1
hoopyfroodjera,considerationtall697,1
hoopyfroodjera,philgraves75,1
hoopyfroodjera,random-recon,1
hoopyfroodjera,turtvaiz,1
hoopyhobo,dumblec0p,2
hoopyhobo,ugaeismyamongusname,1
hoosled,kinzo149,1
hopemonster,axxemax,1
hopemonster,crazyman0225,3
hopemonster,cubonelvl69,1
hopemonster,dentarthurdent73,1
hopemonster,kao194,1
hopemonster,objective-neck-2063,1
hopemonster,putinha21,1
hopkin_greenfrog,jglasscannon94,1
hopper_mushi,early_conflict_160,1
hopumi,mafiohz,1
hornsmasher,yourresidentferal,1
horror_of_yig,allegrian,1
horror_of_yig,hektext,1
hosenkobold,furcas1234,1
hot-parfait-5722,domfakker37,1
hot_process441,azerius94,1
hot_vanilla_8293,flondrebg,1
hotbooster9858,_verybad_,1
hotchrisbfries,flurb4,1
hotcoffee12,sepiabane,1
hotdogmagic505,mrzummers,1
hotdogmagic505,voiddredd,1
hothgor,maman_dion,1
hothgor,michelanvalo,1
hoticehunter,galinhooo,1
hotndot333,dinkwinkle,2
hottage,dahkeus3,1
hottage,exhvoid,1
hottage,happythoughts33,1
hottage,omgkthxby,1
hottage,sandtoast,1
hotterthanhooters,exhvoid,1
hotterthanhooters,professionalcup1041,1
hour-significance158,early_conflict_160,1
howlercorp,mog_varos,1
howtojump,forwardbumblebee5220,1
hrafhildr,howzitgoin,1
hrafhildr,yourresidentferal,1
hrekires,haklis,1
hrekires,nstmc74,1
hryzzo,new-bodybuilder8566,1
hsbprojectjhin,yourresidentferal,1
hsinvega,dreamsoul_anima,1
huanpablomontoya,snaozbaoz,1
huckchaser,mlmcmillion,1
huge-environment-896,gotverd,1
huge_abies_3858,thrall_mcdurotan,1
huge_community_4221,minimaxir,1
huge_discipline6395,gloomy_material_8818,1
huitzil37,primordial-pineapple,1
humblecream,doctrinal_expletives,1
humblecream,kroick,1
humblecream,why_is_grass_green,1
humdrumgrumgrum,turtvaiz,1
humidussupremus,icy_society4665,1
hundertwasserinsel,turtvaiz,1
hungryvito_,klaroxy,1
huntah54,ivvanovv,1
hunteddwumpus,any-transition95,1
hunteddwumpus,constellar-a,1
hunteddwumpus,cortheya,2
hunteddwumpus,gyranos,1
hunteddwumpus,indusnoir,1
hunteddwumpus,xclbr1,2
hunterknight95,omfgitsbob,1
hunternika,olvekstoneheid_2006,1
hunternika,pandycandies,1
huroyox,main-world-7637,1
hviiiid,baxtyre,1
hviiiid,lyggo,1
hydrobass88,impressive-name7601,1
hydrobass88,stew_fondu,1
hydros,dependentdegree9561,1
hynch,olvekstoneheid_2006,1
hyperdruid,olvekstoneheid_2006,1
hyperionotter,fit_rub8310,1
hypnoticah,caparros,1
hypnoticah,incognito_side,1
hypnoticah,philgraves75,1
hyrcyne-,suspicious_key,1
hyster1calanduseless,staschman,1
i-am-grok-,early_conflict_160,1
i-liveherenow,--_-_---_-_-_,1
i-liveherenow,oglilptownfunk,1
i3i2o,aleexavee,2
i3r4ndon,beneficial_egg_4822,1
i_like_angels,rlyskiz,1
i_like_angels,syfer_husker,1
i_like_fish_decks,downfalls03,1
i_plug_johns,cstwig,1
i_should-work,yourresidentferal,1
i_wear_green_pants,goldtension6401,1
iam_iana,reanimated_nerd,1
iam_iana,whatifyoudidtho,1
iamananxiousmess35,amazing_internal6334,1
iamananxiousmess35,ex0ll,1
iamananxiousmess35,ionhazzikostasisgod,1
iambara,emptybrain218,1
iambara,rangersfan121,2
iamroofstone,magdanimous,1
iamroofstone,minimaxir,1
iamroofstone,notmiefault,1
iamshorteh,philgraves75,1
ian_w-g,prattja8,1
ian_w-g,public_fire_hazard,1
ian_w-g,race-hearse,1
ibanezht,philgraves75,1
iblameoleka,kroick,1
icantkeeptrack,terza3003,1
ice-flght,kaori_ino,1
icefyer,angelpunk18,1
icefyer,archensix,1
icefyer,svenberit,1
icenein,korrigan_goblin,1
icenein,majestichope9285,1
icer816,affectionateraise461,2
icer816,arstulex,1
icer816,olvekstoneheid_2006,1
icer816,yhvh13,1
icewall198,jester-joe,1
iconofsin_,migrainebutter,1
iconofsin_,osirisob,2
iconofsin_,ugaeismyamongusname,1
icy-commission66,fullnelson10,1
icy-gazelle-1331,turtvaiz,1
icy-policy-5890,migrainebutter,1
icy-policy-5890,turtvaiz,1
icy-policy-5890,tykero,2
icy_blacksmith8107,brazilianwarrior81,1
icy_blacksmith8107,darkhallows27,1
icy_elevator_9228,alparker91,1
icy_turnover1,dnoire726,1
icymoment,gloomy_material_8818,1
icyrow,caodus,1
icyrow,doverboys,1
icyrow,kellksm,1
icyrow,yourresidentferal,1
iddqdwtf,lats9,1
idejtauren,turtvaiz,1
ididntseeitcoming,muriden,1
idulomar,turtvaiz,1
ignauy,yourresidentferal,1
ignimortis,khaosfury,2
ihatecasualgamers,beefmytaco,1
ihatecasualgamers,machiavellisj,1
iibaneii,dueplace2335,1
ijustwannaplaywowpls,orett_,1
ikeewa12,mog_varos,1
ikemayelixfay,bluemilk_and_wookies,1
ikokai,regular_tonight_389,1
ilikebreadsticks,-wb-spitfire,1
ilikebreadsticks,brokebackmountdoom,1
ill-expert-511,haklis,1
ill-prompt5510,yourresidentferal,1
ill_tumblr_4_ya,throdio,1
ill_werth,lordwiesy,1
ill_werth,sandtoast,1
illlogik1,philgraves75,1
illlogik1,primordial-pineapple,1
illnegrow,turtvaiz,1
illustrious-rain8380,orett_,1
illyria817,tigrerojo_continued,1
ilostmydildoinmynose,fullmotionvideo,1
ilphfein,ace612807,1
ilphfein,cougey,1
ilphfein,crazyman0225,1
ilphfein,tykero,1
im-quite-stupid,gullible_spell7057,1
im-quite-stupid,kinzo149,1
im36degrees,gotverd,1
im_a_mechanicalman,--_-_---_-_-_,1
im_a_mechanicalman,digitalneo,1
im_a_teapot418,abyssalanarkay,1
im_still_at_work,vanilla_disco,1
imabout2combust,dirtyfeetenjoyer,1
imabout2combust,thirteenthpyramid,1
imaginary-present-18,abyssalanarkay,1
imaginary_fox3165,plastic-courage6537,1
imaginary_north7177,yourresidentferal,1
imaginaryad6499,domfakker37,1
imaginaryad6499,prestigiousemu16,1
imaginarysense,ok-implement-2518,1
imaginetheabsolute,acrobatic_airline605,1
imalloutofbubblegums,alparker91,1
imalloutofbubblegums,ghostinthereins,1
imalloutofbubblegums,ok-cow-8511,1
imalloutofbubblegums,ok_librarian4139,1
imalloutofbubblegums,stormbeastrivin,1
imhullu,yourresidentferal,1
imisstheapolloapp7,domfakker37,2
imisstheapolloapp7,hot-parfait-5722,1
imisstheapolloapp7,imabout2combust,1
imisstheapolloapp7,lats9,1
imisstheapolloapp7,talkimas,1
imjustmagik_,ryuryuryu,1
imkastian,ok_librarian4139,1
immadrainonsociety,early_conflict_160,1
immadrainonsociety,turtvaiz,1
immediatehorror3878,additional_island533,1
impossible-ball7166,ugaeismyamongusname,1
impossible-diver6565,ashamed_ad9824,1
impossible-diver6565,chilledchaos,1
impossible-diver6565,zandryah,2
impossible-society-8,azerius94,1
impossible-society-8,mrpms,1
impossible-stop-2104,yourresidentferal,1
impressive-name7601,demystify0255,1
impressive-name7601,ex0ll,1
impressive-name7601,fjoes,1
impressive-name7601,hydrobass88,1
impressive-name7601,stew_fondu,1
impressive_cow5483,ugaeismyamongusname,1
improving_myself_,majestichope9285,1
impsterr,kinzo149,2
impsterr,minimaxir,1
impsterr,prattja8,1
impzor,jammypanda,1
imreallydum,minimum-writing3439,1
imreallydum,svenberit,1
imreallydum,yourresidentferal,1
imspacemanspiff,erasedisknow,1
imt_justice,the_river_is_still,1
imtheone989,thesmallestplap,1
imzocrazy,marco_polaris,1
inanoi,notthatkindoforc1121,1
incognitimmo,allegrian,1
incognitimmo,alternative_most9,1
incognito_side,aruhi,1
incognito_side,bb22k,3
incognito_side,ok_butterscotch1449,1
incognito_side,yourresidentferal,1
inconspiciousperson,no-bit-2913,1
inconspicuous2012,spider_queen13,1
incred,kujira-san,1
independenceok3851,ok_librarian4139,1
independent-net-2380,ztwentythree,1
independent_analyst3,acky1425,1
independent_analyst3,korderon,1
independent_tip2538,wadek001,1
indig3o,philgraves75,1
indig3o,thatguyfromthem0vie,1
indig3o,turtvaiz,1
individual-hat-8367,thrashlock,1
individual-hat-8367,yourresidentferal,2
individual_bed_8752,d34dl0cked,1
indusnoir,ama5564,1
indusnoir,j-shade,1
indusnoir,poziomka35,1
indusnoir,traditional-crazy900,1
indyvat,old_resident8050,1
inevitable-ad-6334,randomfleshprison,1
inevitable_crow9456,majestic_habit5726,2
inevitable_leg_980,yourresidentferal,2
infamous_mention_796,yourresidentferal,1
infinite_respect_,henryeaterofpies,1
informal_bench_7219,mathematiciansame466,1
ingloriousomen,philgraves75,1
ingloriousomen,roseysdaddy,1
ingloriousomen,thesyhr,1
inithra,blind667,1
inithra,yourresidentferal,1
ink-responsibly,ex0ll,1
inkbetweens,ex0ll,1
inkbetweens,mckeon1921,1
inktheus,migrainebutter,1
inlacou,erinlah_,1
innowebventures,inthenstus,1
innowebventures,turtvaiz,1
insanelyphat,teenoc,1
inshabel,kyr-shara,1
inshabel,snypervii,1
inside_signal_2715,calligrapherlazy7384,1
inside_signal_2715,kiwical,1
insomsanity,uphoria,1
instertusernamename,bavario1337,1
instertusernamename,haklis,1
insulifting,besieger13,1
insulindianphasmidy,acrobatic_airline605,1
intelligent-bus-1966,yourresidentferal,1
intelligent-net1034,accomplished_cake977,1
intelligent-net1034,allegrian,1
intelligent-net1034,alternative_most9,1
intelligent-net1034,amazing_internal6334,1
intelligent-net1034,beneficial-boat-5688,1
intelligent-net1034,chrisodinuk,1
intelligent-net1034,considerationtall697,1
intelligent-net1034,cptn_kingyo,1
intelligent-net1034,flondrebg,1
intelligent-net1034,its-not-that-hard,1
intelligent-net1034,kelyssi,1
intelligent-net1034,mainmorte,1
intelligent-net1034,mckeon1921,1
intelligent-net1034,shadow555,1
intelligent-net1034,thatkindofnotbutyeah,1
intelligent-net1034,tigrerojo_continued,1
intelligent-net1034,turtvaiz,1
intelligent-net1034,ugaeismyamongusname,1
intelligent-net1034,voidkusho,1
intelligent_act7099,plethorum,1
intelligent_bee3466,karthak_maz_urzak,1
intelligent_bee3466,virtual-big-1606,1
intelligent_rub528,icy_society4665,1
intelligenthotel356,blueberryrockcandy,1
interesting-use966,bloodshot_22,1
interesting-use966,hryzzo,1
interesting-use966,new-bodybuilder8566,1
interesting_basil_80,turtvaiz,1
interesting_bit_5179,amazing_internal6334,1
interesting_bit_5179,peliss,1
interesting_let_6743,yourresidentferal,1
international-sky605,yourresidentferal,1
internationaldeal410,primordial-pineapple,1
internationalfly9396,eodiedjd,1
interneven9916,raphers,1
interztellar_,steathrazor,1
interztellar_,ztwentythree,1
inthenstus,ext3meph34r,1
inthenstus,innowebventures,1
inthenstus,kroick,1
inthenstus,teenoc,1
inthenstus,turtvaiz,1
intoxicatedpancakes,meikos,1
intulor,_verybad_,1
intulor,acrobatic_airline605,1
intulor,antilos_weorsick,1
intulor,juznyzaliv,1
intulor,mbdjd,2
intulor,philgraves75,1
intulor,salfyded,1
intulor,teenoc,1
inukojon,aqual07,1
inukojon,ashamed_ad9824,2
inukojon,doomed_asf,1
inukojon,early_conflict_160,1
inukojon,fukkwitgalore,1
inukojon,guilty-cook-4663,1
inukojon,moviesandazeroth,1
inukojon,nech-ro,1
inukojon,pandeyxo,1
inukojon,physical-hospital282,2
invalid-superior0,metacious,1
invasive_wargaming,daveynwa123,1
invisiblethermometer,huron_23,1
inxert,gilbert1242,2
ionhazzikostasisgod,environmental_main90,1
ionhazzikostasisgod,north_sheepherder711,1
ionhazzikostasisgod,pauczan,1
ionhazzikostasisgod,psyexaile,1
ionhazzikostasisgod,stew_fondu,1
ionhazzikostasisgod,toxiitea,1
ionhazzikostasisgod,yourresidentferal,1
ios_static,_thebgrey,1
ios_static,neverworkagainplz,1
iovebite,minimaxir,1
ippeiwasframed,beneficial-boat-5688,1
irauh,alexandererebus,1
irauh,stew_fondu,1
ironeyed_wizard,anengineerandacat,2
ironeyed_wizard,hoticehunter,1
ironeyed_wizard,jarocket,2
ironeyed_wizard,zenroc,1
ironivmonkey,-googlrr,1
ironivmonkey,asmallman,1
ironmanmclaren,el_toolio_grande,1
ironmcchef,moochao,2
ironmcchef,turtvaiz,1
irveria,6198573,2
irveria,complexentertainer13,1
irveria,jarocket,1
irveria,user3170,1
isburough,fjoes,1
isilmalith,exhvoid,1
isine,lugonn,1
isklar1993,domriv,1
iskle,3nd_of_l1ne,1
island_of_the_godz,evildemonic,1
island_of_the_godz,more__cowbell,1
island_of_the_godz,residentwaifu,2
ismellhats,sellbad_bro420,1
isolated_hippo,doomyhowlinkun,1
isolated_hippo,dyrannn,1
isolated_hippo,glitteringchipmunk21,1
isolated_hippo,michelanvalo,2
isolated_hippo,tepid-doughnut,1
isolated_hippo,twaggle,2
isospeedrix,turtvaiz,1
italianprincessxo,vanessaalexis,1
itchy-marsupial4174,drewcookies,1
itchyscales,cstwig,1
itessaigai,yourresidentferal,1
itjustlurks,abyssalanarkay,1
its-not-that-hard,sadouque,1
its1207amcantsleep,phantasmal-lore420,1
its_your_father,brokkrbadger,1
its_your_father,syfer_husker,1
itsbleyjo,erinlah_,1
itsdom94,trini_n_sc,1
itsjustreen,sindanil420,1
itsjustreen,teenoc,1
itsjustreen,you_lost-the_game,1
itsjustreen,yourresidentferal,1
itsnowornever13,howzitgoin,1
itsnurf,theworclown,1
itsrevan,alienixena,1
itsrittzbitch,frog-eater,1
itsvishuss,fun_abroad8942,3
itsvishuss,valderhide,1
ittenvoid,ex0ll,1
ittenvoid,pandeyxo,1
itzzchrizzz,yourresidentferal,1
ivebeentohellandback,bestiejules,1
ivstan,prattja8,1
ivstan,zwirbs,1
iwant2bethatguy,olvekstoneheid_2006,1
iwillnotpost8004,thirteenthpyramid,1
ixmyth,turtvaiz,1
izaul13,sirchancelot11,1
izaul13,xremy27,1
izznyxthewitch,uphoria,1
j-alora,kentack,1
j-shade,leon978,1
j-t2o,aurum_t,1
jaakers87,ididntseeitcoming,1
jaakers87,simplytoaskquestions,1
jaberalsakka89,yourresidentferal,1
jacco1234,amazing_internal6334,1
jackms916,alienixena,1
jackms916,beeftank_jr,1
jackofallstraits,turtvaiz,1
jackofblades420,early_conflict_160,1
jackofdemons,tyinath,1
jackpkmn,flondrebg,1
jackpkmn,jnezz,1
jackpkmn,newtype06,1
jackshinra,early_conflict_160,1
jacktec,early_conflict_160,1
jacobrallen,dinokickflip,1
jadmonk,biodegradable_atgms,1
jadmonk,calgar43,1
jadmonk,fantasytoybox,2
jadmonk,kroggol,1
jadmonk,notegmsta,1
jadmonk,pyrospade,1
jadmonk,thatguyfromthem0vie,2
jadmonk,turtvaiz,1
jadmonk,typedinthebox,1
jaegerjaquez25,alternative_most9,1
jaegerjaquez25,haklis,1
jaegerjaquez25,razorwipe,2
jaegerjaquez25,theworstdmyouknow,1
jaeyx,bringthelight2,1
jag-,omfgitsbob,1
jag-,theworldendswithhope,1
jaggiboi,scorpdelord,1
jai07,turtvaiz,1
jake-of-the-sands,turtvaiz,1
jakegh,old_resident8050,1
jakegh,syfer_husker,1
jakeparkbench,fadore,1
jakota_,alveia,1
jakota_,ciarenni,3
jakota_,rydil00,1
jakota_,throdio,2
jambarine,renndorei,1
jambot9000,spider_queen13,1
jamesdarque56,yourresidentferal,1
jampk24,cultist-cat,1
jampk24,jreesecup,1
jampk24,kentack,1
jampk24,malleus83,1
jampk24,philgraves75,1
janner_10,darooi,1
janner_10,schnitzelbro,1
japjer,brumblefee,1
japjer,cstwig,1
japjer,early_conflict_160,1
japjer,manatidederp,1
jarlwolfe,yourresidentferal,2
jarnis,aggravatingtop8190,1
jarnis,bluehairedgnome,1
jarnis,calf,1
jarnis,fjoes,1
jarnis,inithra,1
jarnis,joe2030,1
jarnis,yourresidentferal,1
jarocket,alexandervolk,1
jarocket,babywhiz,1
jarocket,bo1em,1
jarocket,ex0ll,1
jarocket,idejtauren,1
jarocket,ironeyed_wizard,1
jarocket,psyavaig,1
jarocket,thatguyfromthem0vie,1
jarocket,user3170,1
jasdavi,early_conflict_160,1
jaseandrews,beadorie,1
jaseandrews,snugzz,1
jash0822,oscarmanxz,1
jason498,dinkwinkle,3
jasonreid1976,box_king-,1
jaw4ever,sandtoast,1
jayabalard,yourresidentferal,2
jaydee117,amazing_internal6334,1
jayfrank1132,yourresidentferal,1
jaylux86,motherofspots,1
jays_arravan,azerius94,1
jays_arravan,majestichope9285,1
jays_arravan,whatthehellman2,1
jayvjthevvalour,yourresidentferal,1
jazusa03,jammypanda,1
jazzani,olvekstoneheid_2006,1
jbrandt1110,philgraves75,1
jcriver4,ganjaleezarice69,1
jd_crichton,yourresidentferal,1
jdlyga,turtvaiz,1
jealous-leg-5648,yourresidentferal,1
jealous_row_6356,volksdk,1
jealousastronomer342,early_conflict_160,1
jealousastronomer342,minimaxir,1
jealousastronomer342,primordial-pineapple,1
jean-cobra,lordfifrelin,1
jeancv8,marco_polaris,1
jec0995,biodegradable_atgms,1
jec0995,tykero,1
jeffois,canuckpanda,1
jejouch1,blackberrybeanz,1
jejouch1,divin3e,1
jejouch1,firafoxy,1
jejouch1,yourresidentferal,1
jelly-unhappy,leather_ad_3377,1
jelly-unhappy,no_soft_1131,1
jelly-unhappy,yourresidentferal,1
jellywish96,philgraves75,1
jemacaslan,educational-card3412,1
jemacaslan,ghostinthereins,1
jereboy216,objective-error1223,1
jerrysam6509,mafiohz,1
jeshyqt,early_conflict_160,1
jeshyqt,plastic-courage6537,1
jeshyqt,ravenangel42,1
jester-joe,archensix,1
jester-joe,aruhi,2
jester-joe,gilrim,1
jester-joe,resident-elephant234,1
jester-joe,sanistz,1
jester-joe,stew_fondu,1
jesusdidntlikethat,mathematiciansame466,1
jesusdidntlikethat,philgraves75,1
jfx3311,alexandervolk,1
jfx3311,early_conflict_160,1
jfx3311,hallc,2
jfx3311,marco_polaris,1
jh7373,ceelingfan2,1
jh7373,sanaera_,1
jh7373,vapocalypse52,1
jhinmarston,azerius94,1
jhinmarston,constellar-a,1
jigagug,itchyscales,1
jigagug,minimaxir,1
jigawatts42,moosplauze,1
jillian1410,minimaxir,1
jimjarspace,only_lion1452,1
jindujun,ugaeismyamongusname,1
jinokun,amazing_internal6334,1
jinreeko,plastic-courage6537,1
jinreeko,user3170,1
jish5,minimaxir,1
jjason82,minimaxir,1
jjcox315,dlm_co,1
jjgfunk,philgraves75,1
jjjjjjjjjjjjjjjjjq,puzzled-addition5740,1
jjjjjjjjjjjjjjjjjq,turtvaiz,1
jkwengert,philgraves75,1
jmcrash98,early_conflict_160,1
jmintydoe,mlmcmillion,1
jmj05,olivercrooks,1
jmxd,saendra,1
jnezz,abyssalanarkay,1
jntjr2005,azerius94,1
jntjr2005,prattja8,2
jntjr2005,race-hearse,1
joaogroo,jammypanda,1
joaogroo,limp-marzipan-4051,1
jobjoboj,dumblec0p,2
jobless_jones,majestichope9285,1
jobojboj,yourresidentferal,1
jocic,thatguyfromthem0vie,1
jodoukast,haklis,1
jodoukast,rydiamist,1
jodoukast,toxiitea,1
jodoukast,turtvaiz,1
joe2030,yourresidentferal,1
joeban1,arie15,1
joefran6,early_conflict_160,1
joehatesfanfiction,--pariah,1
joehatesfanfiction,wavefunctionp,1
joeshock_,lion11037,1
johanamino,seriousnessperson,1
john_cages022,moment_of_rat,1
jojopojo64,marco_polaris,1
jolly-weather-457,cougey,1
jolly-weather-457,gilbert1242,1
jombino12,beneficial-boat-5688,1
jombino12,minimaxir,1
jonathanrl,acrobatic_airline605,1
jonerthan,orett_,1
jonnyd3pp,sandtoast,1
jopowz,lats9,1
jordanrhys,aftershock416,1
jordanrhys,ainastrasza,1
jordanrhys,yourresidentferal,1
jorickcz,logicbox_,1
josecholas,cstwig,1
josefgremlin,ggallardo02,1
josephjts,dirtyfeetenjoyer,1
josephjts,lordlacaar,1
josephjts,mrnoobyy,1
josephjts,no-comb-1832,1
josephjts,sad_energy_,1
josephjts,soggytoasttime,1
josh_hilll,--_-_---_-_-_,1
joshr03,deafprune,1
jovegaming,turtvaiz,1
jox223,turtvaiz,1
jozehtf,voidkusho,1
jreesecup,acrobatic_airline605,1
jreesecup,expensive_union9228,1
jsnex,yourresidentferal,1
jsnlxndrlv,quietandalonenow,1
jt99-firstballot,-wb-spitfire,1
jt99-firstballot,brokebackmountdoom,1
jt99-firstballot,gastly-muscle-1997,1
jt99-firstballot,gloomy_material_8818,1
jt99-firstballot,rugged_as_fuck,2
jt99-firstballot,sellbad_bro420,1
jt99-firstballot,slaymaker1907,1
jt99-firstballot,support_player50,1
jt99-firstballot,tw33die84,1
jtayls,dinokickflip,1
jthecrazed,indusnoir,1
juapp,bloodthirsty_kirby,1
juapp,exhvoid,1
juapp,lion11037,1
juapp,slaymaker1907,1
judge_wapner,_clever_reference_,1
judge_wapner,drainthemuck,1
judge_wapner,early_conflict_160,1
judge_wapner,everlastingevening,1
judge_wapner,sora_terumi,1
judge_wapner,whoudini13,1
judgyfinch,nech-ro,1
judic22,safetyancient,1
judic22,turbulent-house-8713,1
juggernaught99,comfortableart,1
juicd_,stormraughtz,1
juicedupgal,angelpunk18,1
juicedupgal,philgraves75,1
juicyman69,turtvaiz,1
jules3313,comfortableart,3
jumplol,typical_thought_6049,1
jumpy-company5330,ztwentythree,1
jumpy-description550,early_conflict_160,1
jumpy_lavishness_533,ugaeismyamongusname,1
jumpy_security_1703,guilty-carry-wrea,1
jumpy_security_1703,rubyurek,1
junmainook,lankeyjevans,1
jupiternimbus,kinzo149,1
jupppie,chilly332,1
jupppie,nech-ro,1
jurke39,ok_money_3140,1
jusavler,allegrian,1
jusavler,svenberit,1
jussech,kelfupanda,1
justadutchiegirl,acrobatic_airline605,1
justalittleplague,cstwig,1
justalittleplague,philgraves75,1
justanotherpoopdick,-commonsensible-,2
justanotherpoopdick,-kyzen-,2
justanotherpoopdick,biscuit_wos,3
justanotherpoopdick,downtown-benefit-978,2
justanotherpoopdick,fit_dragonfruit7545,1
justanotherpoopdick,nowaysomebodytookthi,1
justanotherpoopdick,ok-key5729,1
justanotherpoopdick,riario,2
justanotherpoopdick,throwawayerror123,1
justanotherpoopdick,virgine,1
justanotherpoopdick,zangetsen,1
justburnburnburn,icy_society4665,1
justcausefucklogic,turtvaiz,1
justexpect,pandeyxo,1
justice502,belpheegor,1
justinbisu,alexandervolk,1
justinbisu,quiet_warthog5088,1
justinbisu,xampew,1
justinbisu,xandril,1
justinbisu,zelmak,1
justjoekingg,turtvaiz,1
justnothavinganyfun,belivious677,1
justphil97,aleexavee,1
justrecharged,tramp_line,1
justthisoncepp,primordial-pineapple,1
juts,turtvaiz,1
juvenall,intulor,1
juznyzaliv,intulor,1
jvonfilm,darkhallows27,1
jwava,damelofelo,1
jwava,dinkwinkle,1
jyuuni,jasonreid1976,1
k1n-,wukongpvm,2
k4zetsukai,cstwig,1
k_rocc,-googlrr,2
k_rocc,ex0ll,1
k_rocc,jejouch1,1
k_rocc,yourresidentferal,2
ka_yu,slowthebow,1
ka_yu,tri_skel_ion,1
ka_yu,wadek001,1
kababalan,stew_fondu,1
kadaan,forportal,1
kaedekins,akeeneyedguy,1
kaehl0311,icy_society4665,1
kaelor1,cstwig,1
kaemaahl,throdio,1
kage1831,early_conflict_160,1
kagestar,madmarx__,1
kagrith,aktionmusic,1
kahleytriangles,ugaeismyamongusname,1
kaiiboraka,brokebackmountdoom,2
kainie85,peerlesspixie,1
kaiser25x,danielmattiawriter,1
kaisernick27,ugaeismyamongusname,2
kaisernick27,why_is_grass_green,3
kaisha001,alexandervolk,1
kaj_00ta,menkoy,1
kaj_00ta,yourresidentferal,1
kakihara123,yourresidentferal,1
kakjit,gameleon,1
kakysan,bewsii,1
kakysan,turtvaiz,2
kal930,lordmaxi10,1
kalaap,yourresidentferal,1
kalamari__,antigodofatheism,1
kalderr,yourresidentferal,1
kaldricus,brokebackmountdoom,1
kami77,ex0ll,1
kampeerwijzer,alternative_most9,1
kanetheboom,amplifymagic101,1
kao194,hopemonster,1
kao194,the-magic-sword,5
kao194,zelmak,1
kaospunk,ghostinthereins,2
kaptingavrin,kris9876,1
kaptingavrin,primordial-pineapple,1
kaptingavrin,symphonicstorm,1
karahx,archensix,1
karahx,bulbasaurite,1
karahx,meikos,1
karlfrednvlad,cultural_ebb4794,1
karloroy_wow,acrobatic_airline605,1
karnadas,raphers,1
karpulltunnel,hrekires,1
karthak_maz_urzak,famous_influencer,3
karthmorphon,yourresidentferal,1
karypto-7,jammypanda,1
kashquests,fair_show_7884,1
kasumikeiko,yourresidentferal,1
katapros,olvekstoneheid_2006,1
katsutomai,siarx,1
katsutomai,ugaeismyamongusname,1
katur,wonderful_end_7950,1
kawlinx,primordial-pineapple,1
kayll-,doomyhowlinkun,1
kayll-,pandeyxo,4
kaynpayn,andrew361987,1
kaynpayn,tantesoesa,1
kazeespada,arthodel,1
kb3_fk8,taleofdash,5
keahi20,menatwo,1
keashot,whatthehellman2,1
keatonb87,yourresidentferal,1
kebab-time,ugaeismyamongusname,1
keelbeard,blanknullvoidzero,1
keep_improving_self,kaori_ino,1
keffmeistr,yourresidentferal,1
keianh,acctg,1
keianh,fiction8,1
keikobad,azerius94,1
keikobad,cyberthot34,1
keletheen,ugaeismyamongusname,1
kelfupanda,dangerousad1229,1
kelfupanda,stew_fondu,1
kelfupanda,svenberit,1
kelfupanda,thefrayedends,1
kellksm,icyrow,1
kellksm,venzinokwla,1
kellmaster,head-glove-9456,1
kellven,turtvaiz,1
kelstengaminguk,the-magic-sword,1
kenjair07,cstwig,1
kenshinborealis,early_conflict_160,1
kentack,j-alora,1
kentack,malleus83,1
kentack,minimaxir,1
kentack,theforgottenshadows,1
kenzaro_,scumfacekid,1
kerenar,kurraga,1
kersplode,feeling_pen_8579,1
kersplode,skolcialism1,1
kerthard,early_conflict_160,1
kerthard,makkii62391,1
kerthard,migrainebutter,1
kerthard,rcoop020,1
kerthard,s-bro,1
kerthard,syfer_husker,1
kerthard,valderhide,1
kerthard,vanilla_disco,3
kerxes,yourresidentferal,1
kethcup_,syfer_husker,1
kevkoss,glorinsson,1
kevkoss,hademar,1
kevkoss,jammypanda,1
kevkoss,mghtymrv,1
kevkoss,tiny-sand3229,2
kevthuluu,audioshaman,1
key-proof-1673,svenberit,1
key_arrival2927,hektext,1
key_pop_8116,feelingdeparture9785,1
key_pop_8116,fun-memory5801,1
key_pop_8116,hendrytoothless201,1
key_pop_8116,wrexxis780,1
key_pop_8116,yourresidentferal,1
keyboardturn,azerius94,1
keyboardturn,kingorgnum,1
keylus,oftheatom,1
keymaster999,foxdknight,1
keymaster999,plus_singer_6565,1
keynarin,turtvaiz,1
kfasek,yourresidentferal,1
khadgarisadreadlord,randomfleshprison,9
khadgarisadreadlord,ugaeismyamongusname,1
khaldaan,keyboardturn,1
khaldaan,yourresidentferal,1
khalkong,possible_chemistry_9,1
khaosfury,ignimortis,1
khaosfury,jasonreid1976,1
khaosfury,tojirat,1
khaoticsuccubus,fedeger,1
khaoticsuccubus,mainmorte,1
khaoticsuccubus,oriondc,1
kharathos,ggallardo02,1
khasim83,imaginary-present-18,1
khazalgarfairy,ex0ll,1
kheiron,jurke39,1
kibasburner,sandtoast,1
kid-karma,imt_justice,1
kid-karma,ugaeismyamongusname,1
kii_at_work,guilhaum,1
kiksonjara,morasar,1
kildal,bronstin,1
kildar2112,yourresidentferal,1
kill_william_vol_3,adept_director_4787,2
kill_william_vol_3,thenumberpurplee,1
killbroccoli,turtvaiz,1
kills_zombies,icy_society4665,1
kills_zombies,mog_varos,1
kills_zombies,olvekstoneheid_2006,1
killsb,keyboardturn,1
kiloyounited,pandeyxo,1
kimberkitsuragi,yourresidentferal,1
kiminifurete_,killbroccoli,1
kimite_,oscarmanxz,1
kimjongkung,cuddlsworth,1
kind-apricot22,majestichope9285,1
kindly_walk_3529,yourresidentferal,1
king_teddy_bear,haklis,1
kingalicane,simplytoaskquestions,1
kingchrisy,oldgromm,1
kingchrisy,sad-will5505,1
kingfisherc,turtvaiz,1
kingk0ngdong,deadguns12,1
kingofazmerloth,turtvaiz,1
kingofazmerloth,yourresidentferal,1
kingofgama,aggrokid,1
kingofgama,ilphfein,1
kingofgama,mountnsntrees,1
kingofgama,thatguyfromthem0vie,1
kingofwarz,sunflowerpetbattler,1
kinkypaddling,acrobatic_airline605,1
kinkypaddling,dahkeus3,1
kintaco,early_conflict_160,1
kinzo149,accomplished_crow13,1
kinzo149,deadagger,1
kinzo149,e-schmachtenberg,1
kinzo149,gadarion,1
kinzo149,impsterr,2
kinzo149,mad-suker,5
kinzo149,mrvit0,1
kinzo149,musclecrow,1
kinzo149,ninommo,2
kinzo149,no-amphibian689,1
kinzo149,ownzye,2
kinzo149,qruxxurq,1
kinzo149,scobbieru,1
kinzo149,shneedleinthewoods,1
kinzo149,sirfannypack,1
kinzo149,slimeywrack,1
kinzo149,sluzi26,1
kinzo149,theradox,1
kinzo149,trugdigity,1
kinzo149,vadeka,1
kinzo149,whyusaydat,1
kinzo149,zizhongtian,1
kinzo149,zuluworm,1
kioskryttaren,demo-ness,1
kioskryttaren,grumpper,1
kioskryttaren,juicd_,1
kirbydude65,100ratsinasack,1
kirbydude65,oreofro,1
kirire-,onlyr6s,1
kirur,yourresidentferal,1
kiruz_,mathren25,1
kiry1,yourresidentferal,2
kissofthehell,yourresidentferal,1
kitsunekyo,haklis,1
kitsunekyo,mckeon1921,1
kitsunekyo,nordschleifelover,1
kitsunekyo,philgraves75,1
kitsunekyo,renndorei,1
kitsunekyo,svenberit,1
kittenpantzen,exotic_lemming,1
kittenpantzen,haklis,1
kittenpantzen,mathren25,1
kittenpantzen,oreofro,1
kittie_ghede104,queasy_initiative666,1
kiwical,allegrian,1
kiwical,inside_signal_2715,1
kiwical,s-bro,1
kizzil,svenberit,1
klaroxy,majestichope9285,1
klaroxy,quarterdollarking,1
klatelbat,yourresidentferal,1
klatt3n,acrobatic_airline605,2
klenexts,mbdjd,1
kleowi,voxcastbread,1
klinf1,gamerk0807,1
klippan23,--_-_---_-_-_,1
kluian2005,blancjacques,1
kluna01,indusnoir,1
klutzy_scarcity_6207,aqual07,1
km_the_frog,mbdjd,1
km_the_frog,turtvaiz,1
kme026,frog-eater,1
kng_89,melanieavellano,1
knickenbok,majestichope9285,1
knightbane007,wojtasz78,1
knightress_oxhide,mckeon1921,1
knowen91,exhvoid,1
kocki123,yourresidentferal,1
kodycarp19,aeowrynn,2
kodycarp19,amazing_internal6334,1
kodycarp19,el_duderino_22,3
kodycarp19,nothxsleeping,1
kodycarp19,wmeia,1
kodycarp19,znuffie,2
kokeshi_doll7,orett_,1
kokeshi_doll7,stew_fondu,1
kokozie06,stew_fondu,1
kolhammer93,logicbox_,1
kolima_,foxjdr,1
konsathepanda,saphirmeer,1
konsume1337,gloomy_material_8818,1
konungrr,weary_city4448,1
koolguykris,soggytoasttime,1
koomaow,turtvaiz,1
koomaow,yourresidentferal,1
kooparogue,garciasterling15,1
kooparogue,mainmorte,1
korderon,kingorgnum,1
korderon,tidesoflore,1
korijenkins,mathren25,1
korijenkins,zordie360,1
korize,yourresidentferal,1
kormit_der_frag,sepiabane,1
korrigan_goblin,dumblec0p,1
korrigan_goblin,monsiuergeneral,1
korrigan_goblin,turbulent-neat-624,1
korrigan_goblin,unlikely_minimum_635,1
kotouu,ugaeismyamongusname,1
kourtbard,primordial-pineapple,1
kozpot,olvekstoneheid_2006,1
kr1tterz,purpletieflingbard,1
kradgger,ocronus,1
kragenstein,objective-error1223,1
krags,mlmcmillion,1
kraistor,early_conflict_160,1
kramjam,erinlah_,1
krasi183,turtvaiz,1
kraxiloth,acrobatic_airline605,1
kraxiloth,amazing_internal6334,1
kraxiloth,at-las-,1
kraxiloth,cougey,1
kraxiloth,straightad689,1
kraxiloth,tworock2,1
kraydez,acrobatic_airline605,1
kraydez,yorgl,1
krazystanbg,gullible_spell7057,2
krea-kaos,teenoc,1
kreezle27,ex0ll,1
kreiger81,aurum_t,1
kreiger81,lordmaxi10,1
kreiger81,pizzaday,1
kremlo,legallykat,1
kremlo,yourresidentferal,1
krin132,distinct_pizza_7499,1
kripto_,haklis,1
kripto_,yourresidentferal,1
kris9876,primordial-pineapple,1
krisredm,fjoes,1
krizzqy,stew_fondu,1
kroggol,due_meal_8866,1
kroggol,eymm,1
kroggol,hunteddwumpus,1
kroggol,majestichope9285,1
kroggol,sandtoast,1
kroggol,turtvaiz,1
kroick,arcanaxviii,1
kroick,bakedcity1,1
kroick,iblameoleka,1
kroick,no_consequence7064,1
kroick,serpentrain,1
krombough,adventurous_topic202,1
krombough,howzitgoin,1
kromdartv,imtheone989,1
kronuk,sechlainn,1
kronuk,turtvaiz,1
krraxia,turtvaiz,1
krumpopodes,putinha21,1
kruse002,throdio,1
krustyllamabimbo,academic-language-71,1
krydanx,turtvaiz,1
kryoize,newtype06,1
kryoize,tsaxen,1
kryptyx,tueman2,1
kryptyx,zordie360,1
kryz1te94,vlarett,1
krzr,azerius94,1
ksaucedesk,kb3_fk8,1
ksaucedesk,mlmcmillion,1
ksobby,early_conflict_160,1
ksperspective113,majestichope9285,1
ktaily,raphers,1
kthegamergirl,impressive-name7601,1
kthegamergirl,jupppie,1
kthegamergirl,omfgitsbob,2
kthegoat,yourresidentferal,1
ktheonetrueking,alarie51,1
ktheonetrueking,ama5564,1
ktheonetrueking,anicetribe,1
ktheonetrueking,beneficial-boat-5688,1
ktheonetrueking,gaatti,1
ktheonetrueking,teenoc,1
ktheonetrueking,znuffie,1
ktmpanda,erasedisknow,1
kualikuri,cactusseed5,1
kualikuri,makani_art,1
kualikuri,svenberit,1
kualikuri,yourresidentferal,1
kudrel,makkii62391,1
kujasgoldmine,fjoes,1
kujira-san,phantasmal-lore420,1
kujira-san,roseysdaddy,1
kujira-san,tarc_axiiom,1
kujira-san,turtvaiz,1
kuldrick,hendrytoothless201,1
kulyor,athrasie,1
kunagi,svenberit,1
kungfunick9979,yourresidentferal,1
kupogasm,ugaeismyamongusname,1
kurai_x_kitsune,olvekstoneheid_2006,1
kuramatotchi,asdfzxcbasdf,1
kurohige20,amazing_internal6334,1
kurraga,gangsir,1
kurraga,oglilptownfunk,1
kurraga,taleofdash,2
kurtik567,oberonfirst,1
kurwek,syfer_husker,1
kuschelbunny,snypervii,1
kushbuam,yourresidentferal,1
kuszza,beneficial-boat-5688,1
kutasb,kaori_ino,1
kuvanet,newtype06,1
kuvanet,objective-error1223,1
kuvanet,svenberit,1
kuyun,aqual07,1
kuyun,svenberit,1
kyhron,available_art4487,1
kyleeverett,interesting-use966,1
kylevd444,mathematiciansame466,1
kyonarai,amazing_internal6334,1
kyr-shara,disastrous-mess-3538,1
kyr-shara,hitman3256,1
kyr-shara,majestichope9285,1
kyr-shara,seadsead,1
kyuremiskeel,dnoire726,1
kyz123,deviljanya,1
kyz123,dracorubi,1
kyz123,eltoshen,1
kyz123,forportal,1
kyz123,gloomy_material_8818,2
kyz123,higgi57,1
kyz123,khaoticsuccubus,1
kyz123,mir3c,1
kyz123,turtvaiz,1
kyz123,yraco,1
l0nz,_clever_reference_,2
l3rn,calgar43,1
labpracticum,cougey,1
lachrymir,ffxivthrowaway03,1
ladyanacondra,zulubyte,1
ladydalama,zordie360,1
ladyelectadub,early_conflict_160,1
lagom_kul,syfer_husker,1
laika93,gilrim,2
lakesobacon,xoninlima,1
lalapla28,svenberit,1
lancruses,primordial-pineapple,1
laney_moon_,ex0ll,1
laney_moon_,olvekstoneheid_2006,1
laney_moon_,philgraves75,1
lankey_fish,beneficial-boat-5688,1
lankey_fish,sjaak1234,1
lankey_fish,syfer_husker,1
lankeyjevans,yourresidentferal,1
lantisca,primordial-pineapple,1
laptican,railander,1
laranna,snaxrael,1
lardath,old_resident8050,1
laredon,jammypanda,1
larsj_02,frost-ps,2
larso567,bluehairedgnome,1
last_ad3103,yourresidentferal,1
last_pumpkin_1395,maris_sea,1
lastdefenseacademy,amethystsadachbia,1
lastdefenseacademy,justanotherpoopdick,1
lastdefenseacademy,owncommission8673,1
lastoflast67,erdonko,3
lastoflast67,jarocket,1
lastoflast67,repulsive_golf_409,3
lastoflast67,user3170,1
lastoflast67,zuiia,1
late-elderberry6761,early_conflict_160,1
late_stage_exception,cakeordeath1989,1
lateyeight,gotverd,1
lats9,blipbloopbeeeeep,1
lats9,hallowclaw,1
lats9,many-waters,1
lats9,mattdnd,1
lats9,myusername2459,1
lats9,sleepyfellow44,1
lats9,special_expert_222,1
lats9,tomas2891,1
lats9,unicornservingdonuts,1
lats9,whatisdigrat,1
latviacm,incognito_side,1
lava-jacket,pianoceo,1
lavarious3038,ugaeismyamongusname,1
lavishnesslow3764,majestichope9285,1
lazarus-online,lats9,1
lazykaiju,minimaxir,1
lazylazygecko,el_dief,1
lazylazygecko,guilty-carry-wrea,1
lbiggy,alexandervolk,1
lcspartan,psyavaig,1
lcspartan,zuiia,1
ldwchanjrl,omfgitsbob,1
leafstorm23,amazing_internal6334,1
lealmadlid,olvekstoneheid_2006,1
leather-analyst7523,early_conflict_160,1
leather_ad_3377,yourresidentferal,1
lebowskii,celoth,1
lecampy,zordie360,1
leerising,competitiontop7504,1
leetokeen,olick,1
leetzor,minimaxir,1
leetzor,prattja8,1
leetzor,yourresidentferal,1
lefroiis,d34dl0cked,1
lefroiis,weakchocolate6625,1
left-journalist-3672,lankeyjevans,1
left_bison2076,mckeon1921,1
leftoversn,ugaeismyamongusname,1
legal_history4023,d34dl0cked,1
legallykat,ellie_isley,1
legallykat,shot_leopard_7657,1
legallykat,zulgarb,1
legateaurelius,yourresidentferal,1
legio_dg,amazing_internal6334,1
legitimate-east9708,bestjersey_worstname,2
legitimate-east9708,silent_killer093,1
legitimate-golf-5986,jackpkmn,1
legitimate-mind-8022,yourresidentferal,1
legitimate_flamingo6,yourresidentferal,1
legitimate_shift5700,gummytape,1
lehranslight,beatupford,1
leiacaldarian,amazing_internal6334,1
leisuresuitlarr,amazing_internal6334,1
lemi69,early_conflict_160,1
lemi69,erinlah_,1
lenyor-rr,howzitgoin,1
lenyor-rr,jnezz,1
lenyor-rr,real-emotion1874,1
lenyor-rr,tiny-sand3229,1
leon978,danocusprime,1
leon978,j-shade,1
leotargaryen,bavario1337,1
leotargaryen,bluejaybusiness1551,1
leotargaryen,sern-contractor837,1
lepprechaun25,biodegradable_atgms,1
lepprechaun25,thatguyfromthem0vie,1
lepprechaun25,void_guardians,1
less-advisor3238,grafiker45,1
less_wall_9656,stew_fondu,1
letfilonicook,entropicdream,1
lethean93,caedesturm,1
letoiv,philgraves75,1
letoiv,whoudini13,1
lets_fuck_420,keep_improving_self,1
lets_fuck_420,mental-fudge9845,1
lets_fuck_420,parking_tip5577,1
lets_fuck_420,tigrerojo_continued,2
lett0026,aakiru,1
level7cannoneer,minimaxir,1
level7cannoneer,rufus--t--firefly,1
levviathann,archensix,1
levviathann,dahkeus3,1
lexicon79,metacious,1
lexihard,yourresidentferal,1
lexluthorsfortycakes,acrobatic_airline605,1
lexluthorsfortycakes,indusnoir,1
lezzles,picard2331,2
lezzles,sirepuns,1
liberate90,olvekstoneheid_2006,2
librarianno6865,majestichope9285,1
librarytimeisover,ugaeismyamongusname,1
lich-slapped,inanoi,1
lich-slapped,informal_bench_7219,1
lich-slapped,notthatkindoforc1121,1
lich-slapped,otheraccounthackedl,1
lichgim,throdio,1
liehl_,chrondeezee,1
liehl_,yourresidentferal,1
lifeisalime11,ravinsild,1
lifeissuffering442,haklis,1
lifendeath1,afl0ck0fg0ats,1
lifendeath1,mlmcmillion,1
lifendeath1,nachoaveragetamale,1
lifendeath1,tykero,2
lifendeath1,user3170,1
lifendeath1,yhvh13,1
lightofangels,dnoire726,1
likeviolence,synnz22,1
lil-nib,cephles,1
lilacs_and_marigolds,early_conflict_160,1
limitunlikely910,allegrian,1
limitunlikely910,no_operation_5279,1
limp-marzipan-4051,jammypanda,1
limp_platypus_9424,fantastic-fee-1999,1
limpetsbride,turtvaiz,1
linasclrem,olvekstoneheid_2006,1
lindt_licker,lats9,1
line_boy,russianbearfight,1
line_boy,throdio,1
linino,_verybad_,1
linktoheaven090,abyssalanarkay,1
linktoheaven090,vailonvon,1
linkysnow,olvekstoneheid_2006,1
lio-ns,exhvoid,3
lio-ns,weary_city4448,1
lion11037,joeshock_,1
lion11037,juapp,1
lion11037,splintzer,2
lionmom,san4311,1
lionsrise,llstonesll,1
lirael_91,mattdnd,1
lirielswhisper,olvekstoneheid_2006,1
lirillemirth,angelpunk18,1
lison52,cloud_n0ne,1
little-inflation-192,bleuchz,1
little-inflation-192,fronteir,1
littlelunia,alternative_most9,1
littlevilegoblin,fenrirwolfie,1
littlevilegoblin,gloomy_material_8818,2
littlevilegoblin,oriondc,1
littlevilegoblin,su1cidal_fox,1
liturginator9000,seikss,1
liv_0203,exhvoid,1
live-steaky,bestiejules,1
live_pirate881,ex0ll,1
livesinacabin,varanae,1
livesinacabin,vark675,1
lividcauliflower3914,kinzo149,1
livvi10,paragonx1989,1
llamamanta,key_pop_8116,1
llogaburr,frog-eater,1
llstonesll,bloodshot_22,1
llstonesll,ok-cow-8511,1
llstonesll,olvekstoneheid_2006,2
llstonesll,ztwentythree,1
llyon_,abitou,1
llyon_,amelaclya1,1
llyon_,zettiezooiezan,1
lmaotank,zordie360,1
lnk-cr-b82rez-2g4,dnoire726,1
lnk-cr-b82rez-2g4,drain_surgeon69,1
lnvector,abyssalanarkay,1
loan_fancy,turtvaiz,1
local-operation2307,icy_society4665,1
local-opposite5953,early_conflict_160,1
localcannon,fjoes,1
localcannon,turtvaiz,1
lockdenload,yourresidentferal,1
lofi-ahsoka,olvekstoneheid_2006,1
lofi-ahsoka,raphers,1
logicbox_,comfortable_debt_357,1
logicbox_,cstwig,1
logicbox_,datbf4,1
logicbox_,ex0ll,1
logicbox_,kolhammer93,1
logicbox_,spraguenator,1
logicbox_,strigidae_autumnus,1
logicbox_,successful_divide126,1
logicbox_,throwaway464391,1
logicskca,teenoc,1
lokarlalingran,ex0ll,1
loki-616,alexandervolk,1
loki-616,couchshredder30,1
loki_the_pbgv,early_conflict_160,1
lokiniouz,yourresidentferal,1
lokithesiberianhusky,turtvaiz,1
lolflore,ainastrasza,1
lolflore,constant-excuse-9360,1
lolflore,oreofro,3
lolpunny_,yourresidentferal,1
lolseabass,philgraves75,1
lolxd_1337,mtdt1,1
lolxd_1337,weary_city4448,1
lombardyn,hyrcyne-,1
lonely_fenix,kimite_,1
lonely_gur4841,yourresidentferal,1
lonethesmurf,philgraves75,1
long-mention-3923,chilledchaos,1
longbark,popikaify,1
longjumpingturnip,yourresidentferal,1
longtailist,anakil_brusbora,1
longtailist,gilrim,1
longtailist,wadek001,1
lookltsgordo,amethystsadachbia,2
loon_cheese,waffle_sama,1
loonartear2665,createcrap,1
loonartear2665,kryptyx,1
loopeded,syrif,1
lootingdaroom,haklis,1
lootingdaroom,kashquests,1
lootingdaroom,olvekstoneheid_2006,1
lootingdaroom,turtvaiz,1
lootman,early_conflict_160,1
lootvig,moht81,1
lopsided-head4170,majestichope9285,1
lopsided-orchid-5013,chilledchaos,1
lorantec,vio94,1
lord-cuervo,ex0ll,1
lord-momentor,angelpunk18,1
lord-momentor,belpheegor,1
lord-momentor,omfgitsbob,1
lord0fhats,conksalot,1
lord0fhats,ka_yu,1
lord0fhats,labapart7559,1
lord0fhats,staplepies,2
lord_dankston,joehatesfanfiction,1
lord_galen,yourresidentferal,1
lord_stingo,early_conflict_160,1
lord_teaspoon,daroxx,1
lord_teaspoon,marem-bzh,1
lord_teaspoon,powerful_equipment84,1
lord_teaspoon,snigglejake,1
lord_teaspoon,vixfew,1
lordfifrelin,adorable-strings,1
lordfifrelin,omfgitsbob,1
lordkauth,early_conflict_160,1
lordlacaar,mainmorte,1
lordloss390,throdio,1
lordmaxi10,yourresidentferal,1
lordpaleskin,dnoire726,1
lordwiesy,plastic-courage6537,1
lordwiesy,primordial-pineapple,1
loremastermotoss,new-bodybuilder8566,1
lost-opportunity8425,manycarrots,1
lost-opportunity8425,teamcbags,1
lostdog861,minimaxir,1
lostinstereo28,juicd_,1
lostinstereo28,turtvaiz,1
lostsinclair,fukkwitgalore,1
lostsinclair,unsleepingmoss,1
lotheren,biodegradable_atgms,1
loud-educator-5443,grafiker45,1
loud-educator-5443,kinzo149,1
loud-educator-5443,solventlessherbalist,1
louisgkun,hunteddwumpus,1
louisgkun,sweetextract,1
loveincarnate,gloomy_material_8818,1
lovemonkeyz,edeen,1
lovesyouandhugsyou,tapczan100,1
low_acanthisitta6960,crazymage321,1
low_definition4513,burgamerx,1
lowkinator,allegrian,1
lowloser2,lumpy999,1
lpunit,haklis,1
lpunit,one_battle8749,1
lrdubz,bronstin,1
lrsband,rukale,4
lrsband,wadek001,1
lucarin415,baroqueout,1
lucarin415,exact-function-128,1
lucarin415,sydricvym,1
lucasnogueirart,bunny2shy,1
lucasnogueirart,siarx,2
luchadorbane,allegrian,1
luchadorbane,migrainebutter,1
luchadorbane,my0445316,1
luchadorbane,slarkessc,1
luciannight21,gloomy_material_8818,1
lucidnytemare,amazing_internal6334,1
lucifa42,ainastrasza,1
lucifa42,jordanrhys,1
lucisabyssus,jester-joe,1
luckeratron,nathremar8,1
lucky_knot,thecursedkraken,1
lucky_vermicelli7864,amazing_internal6334,1
lucky_vermicelli7864,hotdogmagic505,1
lucky_vermicelli7864,weakchocolate6625,1
luckylukse,early_conflict_160,1
luckynines,minimaxir,1
lucroarna56,merwanor,1
lucroarna56,xrupz,2
lucyfairix,yourresidentferal,1
ludek_cortex,abyssalanarkay,1
ludek_cortex,alexandervolk,1
lugonn,ugaeismyamongusname,1
lukas-bruh,vivid-estimate6908,1
luluco15,rare-ad3034,1
lumpy-shower-8968,humblecream,1
lumpy999,ex0ll,1
lumpy999,fjoes,1
lunale504,winstonbabar,1
luncheon_lord,rumblealex,1
lurcjs,couchshredder30,1
lurkerlarry42069,congress-is-a-joke,1
lurkerlarry42069,gullible_spell7057,1
luronn,my0445316,1
lusochampion1,early_conflict_160,1
lutinja,juicd_,1
lvl_60,any-transition95,1
lycanthropys,microstocker,1
lycanthropys,whatthehellman2,1
lydialunavt,blizzjafaaeleath,1
lydialunavt,otatormeps,1
lydialunavt,wolfchildame,1
lyeesia,beneficial-boat-5688,1
lyggo,glitteringchipmunk21,1
lying_hedgehog,afl0ck0fg0ats,1
lying_hedgehog,ingloriousomen,1
lynxariatv,huron_23,1
lyorian,king_teddy_bear,1
lyoss,alveia,2
lyoss,bledolikiq,1
lyoss,saxong,1
lyoss,skolcialism1,1
lyoss,vitiock,3
lyphegames,fjoes,1
lyric111,turtvaiz,1
lysta-the-hunter,yourresidentferal,1
m3-4t,yourresidentferal,1
m3li0d4s88,dahkeus3,1
m44ds,left-journalist-3672,1
m47715,underground_chapel,1
m4dm1nd,joehatesfanfiction,1
m4dm1nd,puzzleheaded_tap2328,1
m4dm1nd,reanimated_nerd,1
m4ru92,debugga,1
maasd4m,prattja8,1
macaluso100,yourresidentferal,1
macfatty,aurum_t,1
macfatty,noblelie17,1
macfatty,zeemex,1
machiavellisj,erinlah_,1
machiavellisj,turtvaiz,1
machineii,fillemoinkes,1
maciqos,yourresidentferal,1
mack_95993,gullible_spell7057,1
mackdawg92,shellye89,1
macrosmatic,tipsygrizzly,1
mad-suker,kinzo149,4
mad_moriarty,azerius94,1
madadam211,newtype06,1
madd_castomira,mental-fudge9845,1
maddiellayne,ex0ll,1
maddiellayne,primordial-pineapple,1
maddiellayne,syfer_husker,1
madman19,maeveymaeveymaevey,1
madman751,ryuryuryu,1
madmarx__,delicious-collar1971,1
madmarx__,jh7373,1
madmarx__,sorry_wrongdoer_7168,1
maethor_derien,ugaeismyamongusname,1
maeveymaeveymaevey,mercylas,2
maeviezdarc,ex0ll,1
mafiohz,korderon,1
mafiohz,renndorei,1
magdanimous,iamroofstone,1
magdanimous,turkeycheddar,1
magebuff,1leggeddog,1
magetomlan,accomplishedshirt740,1
maggotheforgettable,fullmotionvideo,1
magiblood,early_conflict_160,1
magicturtle2939,peregrine2976,1
magik160,hrekires,1
magik160,ill-expert-511,1
magik160,philgraves75,1
magik160,theworclown,1
magiknuggets,majestichope9285,1
magnakilro,yourresidentferal,1
magnazore,jammypanda,1
magnitudinus,metacious,1
magnummeatball,buscandomiyagi,1
magnus1177,anierous,1
magnus1177,independent_analyst3,1
maidenless_undead,early_conflict_160,1
maidenless_undead,philgraves75,1
maikusann,belivious677,1
main-world-7637,dopepanda42069,1
main_potential_6015,substantial-newt-257,1
mainfrym,unfixable5060,1
mainmorte,0rphu,1
mainmorte,domain77,1
mainmorte,gloomy_material_8818,1
mainmorte,intelligent-net1034,1
mainmorte,kingorgnum,1
mainmorte,llogaburr,1
mainmorte,meanindependence3250,1
mainmorte,metalbawx,2
mainmorte,min-ji_jung,1
mainmorte,nirdee,1
mainmorte,peregrine2976,1
mainmorte,rvsoldier,1
mainmorte,syfer_husker,1
mainmorte,ugaeismyamongusname,1
mainmorte,virtualname7674,1
mainmorte,weary_city4448,1
majestic_habit5726,acky1425,1
majestic_habit5726,aekero,1
majestic_habit5726,harcole,2
majestic_habit5726,inevitable_crow9456,1
majestic_habit5726,ka_yu,1
majestic_habit5726,lats9,1
majestic_habit5726,murtag,1
majestic_habit5726,turtvaiz,1
majestic_habit5726,your_local_tuba,1
majestic_molasses335,yourresidentferal,1
majesticalotter,distinctnewspaper791,2
majin_melmo,majestichope9285,1
majin_melmo,safetyancient,1
makani_art,alexandervolk,1
makani_art,kualikuri,1
makesmashgreatagain,calgar43,1
makkii62391,kerthard,1
makorus,makkii62391,1
makorus,osirisob,2
makorus,wiselychoosen23,4
mal-ya-pal,ok_librarian4139,1
malacath_terumi,frog-eater,1
malacath_terumi,primordial-pineapple,1
malacon,albatrozxd,1
malacon,gamerk0807,1
malaphesto,turtvaiz,1
maleficent0,gloomy_material_8818,1
maleficent_might5630,lankeyjevans,1
maleficent_might5630,yourresidentferal,1
maleninsekt,ididntseeitcoming,1
maleninsekt,newcaravan,1
malevolent_vengeance,majestichope9285,1
malicemes,selfinteresting7259,1
malleus83,atomikgarlic,1
malleus83,erathvael,1
malleus83,halodon,1
malleus83,iamroofstone,1
malleus83,jampk24,1
malleus83,jigagug,1
malleus83,kentack,1
malleus83,lazykaiju,1
malleus83,minimaxir,1
malleus83,mkyend,1
malleus83,nkkouros,1
malleus83,slrrp,1
malleus83,sujesmi,1
malleus83,turtvaiz,1
malleus83,vucialwonderland,1
mallymallow,sandtoast,1
malydrax,abyssalanarkay,1
malydrax,erinlah_,1
maman_dion,yourresidentferal,1
mammoth-indication10,early_conflict_160,1
mammoth_support_2634,thefrayedends,1
manatidederp,sightblind,2
mane1234,amazing_internal6334,1
mane1234,divisor_,1
mangafan_20,svenberit,1
mangobasher,yourresidentferal,1
mangostoast,cephles,1
maniklas,yourresidentferal,1
manitoba100,abitou,1
manthos1978,early_conflict_160,1
many-waters,lats9,1
manycarrots,fusshaman,1
manycarrots,lost-opportunity8425,1
maokaby,ex0ll,1
maokaby,rjskill3ts21,1
maorel,yourresidentferal,1
mapletree23,w1shm4ster,1
marcelit4,majestichope9285,1
marco_polaris,gullible_spell7057,1
marco_polaris,whatthehellman2,1
marem-bzh,buttstuffisokiguess,1
marem-bzh,chiknight,1
marem-bzh,comfortableart,3
marem-bzh,kudrel,1
marem-bzh,meikos,1
marem-bzh,meowing-to-the-stars,1
marem-bzh,mountnsntrees,2
marem-bzh,salmerpriest,1
marem-bzh,teenoc,1
marem-bzh,xandril,1
marem-bzh,zoroark2724,1
marganth,yourresidentferal,1
maris_sea,last_pumpkin_1395,1
mark_knight,cstwig,1
mark_knight,early_conflict_160,1
markibuhr,cstwig,1
markibuhr,yourresidentferal,1
markliebs,abyssxkenzo,1
markliebs,acrobatic_airline605,1
marktbde,yourresidentferal,1
markyyyymark,yourresidentferal,1
maroonedontues,waffle0calypse,1
marsjust,muriden,1
martin_fasthands99,ugaeismyamongusname,1
martindeth,yourresidentferal,1
martokk78,kinzo149,1
masahikokobe,akkuma,1
masahikokobe,hryzzo,1
masam10,henryeaterofpies,1
masonictraveler,ex0ll,1
massive_cake_6824,olvekstoneheid_2006,1
massive_store_1940,0rphu,1
mastataku96,fjoes,1
mastataku96,turtvaiz,1
master-m99,syfer_husker,1
master_smasher,korderon,1
masterchiefh3,ok_librarian4139,1
masterofknees,fiveby21,1
masterofknees,ocronus,1
masterreindeer,accomplishedsplit702,1
masterreindeer,allegrian,1
mastroflip,early_conflict_160,1
matenki,yourresidentferal,1
material-jacket-6878,tadashi4,2
material_carpet5344,menatwo,1
materialunion1132,amazing_internal6334,1
materialunion1132,wobblucy,1
mathematiciansame466,kylevd444,1
mathematiciansame466,rulejunior,1
mathematiciansame466,yourresidentferal,1
mathren25,digitalneo,1
mathren25,primordial-pineapple,1
mathren25,thatguyfromthem0vie,1
mathren25,turtvaiz,1
matitjes,klaroxy,1
matronluna,figgnus96,1
matsen115,squareconversation20,1
matsoga,lordfifrelin,1
mattc2442,teenoc,1
mattdnd,acanthisittafirst710,1
mattdnd,amethystlaw,2
mattdnd,ayodaddyos,1
mattdnd,glassontheevergreen,1
mattdnd,rivazinho,1
mattdnd,uselesswasteofbreath,1
matter-environmental,early_conflict_160,1
matthra,archensix,2
mattiandino,icy_society4665,1
maupow,ex0ll,1
maupow,mrbojingles77,1
maupow,yourresidentferal,1
maurombo,ciarenni,1
mauso88,majestichope9285,1
maverick936,bruins37ftw,1
maverickxiceman4ever,brettdgordon345,1
mavperry,early_conflict_160,1
mavric911,svenberit,1
mavric911,synnz22,1
maxdps_,mortedeangel,1
maxenin,gotverd,1
maxenin,olvekstoneheid_2006,1
maxf1eld,kinzo149,1
maxhardwood,grumpypan,1
maxhardwood,yourresidentferal,1
maximum-airline-4900,early_conflict_160,1
maximumjones,plams_unlimited,1
maxistwitching,olvekstoneheid_2006,1
maxlimmy,goldman_sax,1
maxlvlpvp,ninjermoose,1
maxpowers07,jt99-firstballot,1
maxtopel,mckeon1921,1
mayonnaisemaze,early_conflict_160,1
mayordasmoose,ztwentythree,1
mayuiwatani,yourresidentferal,1
mazgill,bambinocpt,1
mazgill,somniumov,1
mazi710,amazing_internal6334,1
mazi710,no-sky-479,1
mazzkitten,sapitntapit,1
mazzkitten,yourresidentferal,3
mbdjd,alternative_most9,1
mbdjd,bluemilk_and_wookies,1
mbdjd,intulor,3
mbdjd,justanotherpoopdick,1
mbdjd,km_the_frog,1
mbdjd,teenoc,1
mbdjd,thiefmortreapersoul,1
mbdjd,yadilie,1
mcbadguy,dg2793,2
mcbizco,turtvaiz,1
mcclellunlogan,gloomy_material_8818,1
mcclellunlogan,jammypanda,1
mcclellunlogan,ztwentythree,1
mcfartster,aurum_t,1
mcfigroll,allegrian,1
mcfigroll,bloodshot_22,1
mcfigroll,madman751,1
mcfigroll,material-jacket-6878,1
mckeon1921,inkbetweens,1
mclemente26,honeyalias,1
mclemente26,kingorgnum,1
mclemente26,scumlord69,1
mclemente26,turbulent-neat-624,1
mcmillanme,couchshredder30,3
mcsteel_dakir,early_conflict_160,1
mcwolf7,bermsi,1
me_auxilium,acrobatic_airline605,1
meadpagan,djulioo,1
meadpagan,fantastic-fee-1999,1
meadpagan,fiction8,1
meadpagan,fullmotionvideo,1
mean-bathroom-6112,allegrian,1
meanoron,scuzzgasm,1
meatflavored,few_mistake4144,1
mebell333,dutchmemelord,1
mecca_lecca_hi,azerius94,1
mecca_lecca_hi,chaud,1
mecca_lecca_hi,majestichope9285,1
mecca_lecca_hi,metalbawx,1
mecca_lecca_hi,olvekstoneheid_2006,1
mechaelectro,stew_fondu,1
mechanicaccording229,namirocket,1
mechanicarts,theurge14,1
mechatui,doverboys,1
mechatui,malleus83,1
mechatui,minimaxir,1
mechatui,quinzal,1
mechatui,syfer_husker,1
medas90,reasonable_camp944,1
medicaeval,retro1989,1
mediocre-building228,flondrebg,1
mediocre_comb_1385,yourresidentferal,1
medium-coconut-1011,garciasterling15,1
medium-coconut-1011,meltingpenguinsprime,1
medium-coconut-1011,reisthetic,1
medium-coconut-1011,tinuvielsharan,1
mediumkek,early_conflict_160,1
meesterchris,exhvoid,1
meesterchris,majestichope9285,1
meesterchris,talilama,1
meesterdg,hermitxd,1
megasxlrwasrad,early_conflict_160,1
meglathon,ok_librarian4139,1
meharryp,delicioussquats,1
meikos,fjoes,1
meikos,lightofangels,1
meikos,melete,1
meikos,skolcialism1,2
melanieavellano,bigsmusha,1
melanieavellano,craftydrews,2
melanieavellano,kng_89,1
melanieavellano,snabbjaekel,1
meleewizardheals,olvekstoneheid_2006,1
melete,burgamerx,1
mellowjr,oscarmanxz,1
melmcgee,yourresidentferal,1
melodic-way6522,zutroy,1
melodic_compote3187,early_conflict_160,1
meloonitatti,majestichope9285,1
melqart310,kingorgnum,1
meltingpenguinsprime,primordial-pineapple,1
melvindorkus,acrobatic_airline605,1
melvindorkus,alexandervolk,1
melvindorkus,centriuz,1
melvindorkus,crazypaddy2412,1
melvindorkus,no-bit-2913,1
memmnoc,gullible_spell7057,1
menarra,kinzo149,1
menarra,onlyr6s,1
menarra,zachforever,1
menatwo,material_carpet5344,1
menatwo,yourresidentferal,2
mendac67,early_conflict_160,1
menkoy,kaj_00ta,1
mennzo,alparker91,1
mennzo,aqual07,1
mennzo,chilledchaos,2
mennzo,gloomy_material_8818,1
mennzo,guilty-cook-4663,1
mennzo,korijenkins,1
mennzo,neanoa,1
mennzo,oh-no-a-bear,1
mennzo,yorgl,1
meoang,dragonriderabens,1
meowing-to-the-stars,caronry,1
meowing-to-the-stars,dirtyfeetenjoyer,1
meowing-to-the-stars,serphthevoltar,1
meowing-to-the-stars,teenoc,1
meowsomeme,awesomedudei,1
mephyss,kroick,1
meraned,necka44,1
merc08,cabose12,1
merc08,shadeo11,1
mercalon79,yourresidentferal,1
mercs,baxtyre,1
mercs,relnor,1
mercy26,incognito_side,1
mercylas,caronry,1
mercylas,crimsongoose1408,5
mercylas,guilhaum,1
mercylas,harlandus,1
mercylas,hopemonster,1
mercylas,maeveymaeveymaevey,2
mercylas,nippys4,1
mercylas,quiet_warthog5088,7
mercylas,xampew,2
mercylas,zelmak,7
merliniusdemidget,primordial-pineapple,1
merpob,majestichope9285,1
merwanor,olvekstoneheid_2006,1
mesprite,blizzjafaaeleath,1
metacious,objective-error1223,1
metalbawx,agile_moment768,1
metalbawx,blueberryrockcandy,1
metalbawx,bluffwatcher,1
metalbawx,krumorn,1
metalbawx,mainmorte,2
metalbawx,mathren25,1
metalbawx,rjskill3ts21,1
metalbawx,syfer_husker,1
metalbawx,virtualname7674,2
metalsalami,lootvig,1
method_man110,toushiru,2
metrex89,ex0ll,1
metrex89,philgraves75,1
metrix1234,majestichope9285,1
mettahlock,azerius94,1
mettahlock,ex0ll,1
meuhidk,primordial-pineapple,1
meuhidk,wildefaux,1
mf_haze,yourresidentferal,1
mfamf,-googlrr,1
mgdark,chromosomedonator,1
mgdark,interesting-use966,1
mgdark,lezzles,1
mghtymrv,cstwig,1
mghtymrv,grafiker45,1
mghtymrv,zeroone88,1
miaysxe,publicconstruction95,1
michaelmarr_92,gnarlyteeth,2
michaelmarr_92,orchidlilee9,1
michaelmarr_92,profitinternal427,1
michaelmarr_92,wizardthreehats,1
michelanvalo,abitou,1
michelanvalo,blackberrybeanz,1
michelanvalo,bruins37ftw,1
michelanvalo,doomyhowlinkun,1
michelanvalo,isolated_hippo,2
michelanvalo,mrghost2023,1
michelanvalo,t1dde,1
mickey_oneil_0311,dueplace2335,1
middle-condition5057,yourresidentferal,1
midniteburger,olvekstoneheid_2006,1
midniteburger,whatthehellman2,1
midsizedopossum,dinokickflip,1
mightbeagoodidea,ex0ll,1
mightbeagoodidea,olvekstoneheid_2006,1
mightyenan0,nob1e613,1
migrainebutter,mr_sparx,1
migrainebutter,reasonable_camp944,1
migrainebutter,wildefaux,1
mihaidragos,exhvoid,1
mikadomea,aintmilkbrilliant,2
mikadomea,svenberit,1
mikal996,trassic1991,1
mikasah,syfer_husker,1
mike4steelers,yourresidentferal,1
mikeyhoho,dopepanda42069,1
mikeyhoho,turbulent-neat-624,1
mikeyironheart,yourresidentferal,1
mikina,aruhi,1
mikkeluno,famous_influencer,1
milkbud22,plastic-courage6537,1
milkofgallon,yourresidentferal,1
millilux,oskoskosk,1
milotic03,yourresidentferal,1
min-ji_jung,mainmorte,1
mini_nin,lusochampion1,1
miniegun,ex0ll,1
minimaxir,accomplished_cake977,1
minimaxir,dyrusforpresident,2
minimaxir,nunya0-0,1
minimaxir,parking_tip5577,1
minimaxir,thirteenthpyramid,2
minimaxir,tigrerojo_continued,1
minimech79,incognito_side,1
minimum-writing3439,imreallydum,1
minimum-writing3439,turtvaiz,1
minimum_ad_8288,yourresidentferal,1
miniperez87,fukkwitgalore,1
minmax_stirner,grafiker45,1
minotarking,jag-,1
mintyu,drale2,1
minute_dentist,syfer_husker,1
minx-boo,naucturne,1
mir3c,gloomy_material_8818,2
mir3c,hawkyyy,1
mir3c,kyz123,1
misbehavinator,throdio,1
miserabledream713,pano98,1
misjudgeffart,philgraves75,1
mispaghet,sea-particular-140,1
misshiroshi,plumbsmasher,1
missingxpert,100ratsinasack,1
missingxpert,bambinocpt,1
missingxpert,geddyn,1
missingxpert,znuffie,1
mission-water-6129,erinlah_,1
mission_ad2914,early_conflict_160,1
mister_gone,chunky_bloody_queefs,1
misterforkbeard,hellbirdvt,1
mitarrex,gloomy_material_8818,2
mitarrex,hhalloush,1
mitchellangelo86,bacon-muffin,1
mitchellangelo86,brakndawnt,1
mitchellangelo86,princewinter,1
mitchellangelo86,repulsivethrowaway,1
mitchellangelo86,turtvaiz,1
mitchelvincent,olvekstoneheid_2006,1
miturtow,sea-particular-140,1
miyamojogaming,competitiontop7504,1
miyamojogaming,cougey,1
miyamojogaming,d34dl0cked,1
miyamojogaming,enayjay_iv,2
mk7orl,old_preparation9838,1
mkyend,ofcourseitsok,1
mlmcmillion,pokemaster1337roxxor,1
mlmcmillion,stormraughtz,1
mloofburrow,mrosvall,1
mloofburrow,peliss,1
mmasmaza,minimaxir,1
mmorpgjunkie,ancesterz,1
mmorpgjunkie,peliss,1
mmrassassin,garciasterling15,1
mmrassassin,plethorum,1
mn_yogi1988,ashkir,1
mn_yogi1988,doom_pony,1
mn_yogi1988,greywallgaming,1
mn_yogi1988,majestichope9285,1
mntnmedia,early_conflict_160,1
moaiman-ifest,tarc_axiiom,2
mobilename32,xandril,1
mobiletreat1172,yourresidentferal,1
moblam,aepracorn,1
moblam,digitalneo,1
moblam,p_b_n_jealous,1
mocca_master,syfer_husker,1
modern_odysseus,binkiecookie,1
modifiedleaf,notegmsta,1
modularmode,figgnus96,1
modularmode,thenidhogg,1
modullah,turtvaiz,1
mog_varos,acrobatic_airline605,1
mog_varos,aurum_t,1
mog_varos,foxjdr,2
mog_varos,icy_society4665,1
mog_varos,namealreadyexistss,1
mog_varos,thekinkyguy,1
moghz,newtype06,1
moghz,thatguyfromthem0vie,1
moghz,tykero,1
moghz,znuffie,2
moht81,fjoes,1
moht81,olvekstoneheid_2006,1
moht81,svenberit,4
moht81,ugaeismyamongusname,1
moikrochip_master,alternative_most9,1
mojo12000,svenberit,1
mojordomoseuw,alexandervolk,1
mojordomoseuw,turtvaiz,1
mojordomoseuw,xandril,1
mojothemobile,abitou,1
mojothemobile,chaud,1
moldybreadoo,alternative_most9,1
mologar,holy_holley,1
molonari,yourresidentferal,1
moment_of_rat,cosmogyrals,1
moment_of_rat,john_cages022,1
mommyafk,peerlesspixie,1
mommyafk,winstonbabar,1
mommypegmeplease,sublym,1
money_echidna2605,ex0ll,1
mongomike,alexandervolk,1
mongomike,early_conflict_160,1
monjepm,abyssalanarkay,1
monkehzxx,vijoplays,1
monkeybacon76,nech-ro,1
monkpawfire,sozarinya,1
monrar,grafiker45,1
monrar,warm_difficulty2698,1
monsiuergeneral,korrigan_goblin,1
monsiuergeneral,nevotheless,1
monsterkillwow,nativo1,1
moochao,cypher1014,2
moochao,ironmcchef,2
moonbluertwo,turtvaiz,1
moonlit-wisteria,darkarcheos,1
moonlit-wisteria,toushiru,1
moonstoner,sumptinmagic,1
moonwrath8,acrobatic_airline605,1
moonwrath8,wavefunctionp,1
moose-caboose,yourresidentferal,1
moosplauze,icy_society4665,1
moosplauze,one-cellist5032,1
moosplauze,rough_instruction112,1
moosplauze,sandwichhour5988,1
mopper300,early_conflict_160,1
mopper300,entropicdream,1
mopper300,primedb29,1
moralapostel1337,philgraves75,1
moralsydney,lucarin415,1
morasar,conksalot,1
morasar,kiksonjara,1
morasar,torcero,1
more-leg-329,blizzjafaaeleath,1
more__cowbell,island_of_the_godz,1
more_piglet4309,guilty-carry-wrea,1
more_purpose2758,confident_put127,1
morgenstern_br,early_conflict_160,1
morgn_ladimore,moosplauze,1
morkinis,ahundredpercentbutts,1
morkinis,zapanth,1
mornyr,yourresidentferal,1
mortal_12,philgraves75,1
mortedeangel,comfywomfylumpy,1
mortedeangel,phantasmal-lore420,1
morthra,educational-big-8471,1
mortiverious85,intulor,1
mosey1245,yourresidentferal,2
mossysnail27,minimaxir,1
mossysnail27,ztwentythree,1
most-based,majestichope9285,1
mother_republic_2719,yourresidentferal,2
motherofspots,mechaelectro,1
mothman91,conksalot,1
mothman91,moment_of_rat,1
mothwizard,dinkwinkle,1
motor22,prot34n,1
mountain-cod516,fjoes,1
mountain_chemist6391,mog_varos,1
mountain_dentist_180,haklis,1
mountain_film8737,amazing_internal6334,1
mountain_film8737,dahkeus3,1
mountain_film8737,shizocks,1
mountaindevice8892,yourresidentferal,1
mountnsntrees,affectionateraise461,1
mountnsntrees,cabose12,1
mountnsntrees,dreyven,3
mountnsntrees,edeen,1
mountnsntrees,eternal-alchemy,1
mountnsntrees,jemacaslan,1
mountnsntrees,kingofgama,1
mountnsntrees,marem-bzh,2
mountnsntrees,murtag,1
mountnsntrees,raynedrop98,4
mountnsntrees,siukslinis_acc,1
mountnsntrees,zelmak,1
mousepad1212,ancientvamp,1
mouzonne,saturn_winter,1
moviesandazeroth,aqual07,1
moviesandazeroth,beneficial-boat-5688,1
moviesandazeroth,exhvoid,1
moviesandazeroth,inukojon,1
moviesandazeroth,tonybony55,1
moxfy,lord-momentor,1
mozambiquietimtalkin,substantial-newt-257,1
mr0bvl0us,ztwentythree,1
mr30below1,sniperfrogdx,1
mr_chrootkit,acrobatic_airline605,1
mr_morio,ok_librarian4139,1
mr_plaggy,cuddlsworth,1
mr_plaggy,forportal,1
mr_redacted_b_o_e_m_,10midgits,1
mr_redacted_b_o_e_m_,ok_conference7012,1
mr_redacted_b_o_e_m_,yourresidentferal,1
mr_sparx,gilbert1242,1
mr_sparx,kroick,1
mr_sparx,migrainebutter,2
mr_sparx,unsleepingmoss,1
mranderson588,minimaxir,1
mratt8,onlyr6s,1
mrbiiz,dinkwinkle,1
mrbojingles77,yourresidentferal,1
mrbunnybrightside,olvekstoneheid_2006,1
mrcritical3,cstwig,1
mrcuddlez69,oftheatom,1
mrcuddlez69,syfer_husker,1
mrghost2023,blackberrybeanz,1
mrghoul123,chetey,1
mrghoul123,cougey,1
mrghoul123,justanotherpoopdick,1
mrhandsanitization,slugggo,1
mrhemingray,turbulentissue6,1
mrhossie,toneky,2
mrjujuvete,pantsyman,1
mrkeeeler,baronmarques,1
mrmadmaxi77,rykin14,1
mrmontecristo71,dswbeef,1
mrnoobyy,ethelinda,2
mrnoobyy,jester-joe,1
mrnoobyy,josephjts,1
mrnoobyy,rough_instruction112,1
mrnoobyy,wait__who,1
mrosvall,maverickxiceman4ever,1
mrosvall,moonwrath8,0
mrosvall,muckduck92,1
mrosvall,toushiru,2
mrosvall,zoroark2724,1
mroz123,hellomyfren6666,1
mrpirro,celoth,1
mrpms,erinlah_,1
mrpms,no_solid_9028,1
mrpms,teenoc,1
mrpms,yourresidentferal,1
mrshilvar,paragonx1989,1
mrshilvar,thatguyfromthem0vie,1
mrshilvar,turtvaiz,1
mrspidey80,sandtoast,1
mrspidey80,tuesti7c,1
mrtastix,madadam211,1
mrtastix,turtvaiz,1
mrvit0,kinzo149,2
mrvit0,mental-fudge9845,1
mrwaffler,migrainebutter,1
mrzummers,hotdogmagic505,1
msabre__7,oogie_droogey,1
mschuster434,bingolotto123,1
mschuster434,yourresidentferal,1
mtdt1,conscious-anteater36,1
mtdt1,lolxd_1337,1
mtdt1,scarred_wizard,1
mtdt1,zenkcss,1
muckduck92,cstwig,1
multicolored_squares,exhvoid,1
multimarcus,disastrous-mess-3538,1
multimarcus,lyphegames,1
multimarcus,oopsiedazy,1
mundane-ambition-934,plastic-courage6537,1
munno22,geddyn,2
munno22,idejtauren,1
munno22,nervouscranberry47,1
munno22,oliferro,1
munno22,russianbearfight,1
muntaacas,disastrous-mess-3538,1
muntaacas,juicd_,1
muntaacas,multimarcus,1
muntaacas,ocronus,1
muppetrubber,majestichope9285,1
muriden,breakeverychain,1
murk_adurk,philgraves75,1
murtag,aekero,1
murtag,alexandervolk,1
murtag,bloodshot_22,1
murtag,chrisodinuk,1
murtag,domfakker37,2
murtag,guilty-cook-4663,1
murtag,itsnowornever13,1
murtag,vanilla_disco,1
murtag,winstonbabar,1
muscle_squad,the-magic-sword,2
musclecrow,kinzo149,1
musclesmarinara87,turtvaiz,1
muspel,tykero,1
musridc,accomplished_crow13,1
musridc,hviiiid,1
musridc,mycolortv,1
musridc,sagelain,1
musridc,solventlessherbalist,1
musridc,typedinthebox,1
mustangbex,mental-fudge9845,1
mutepaladin07,teenoc,1
muticere,microstocker,1
my0445316,guilhaum,1
my0445316,hellomyfren6666,1
my0445316,luchadorbane,1
my0445316,no-ad5549,1
my0445316,skolcialism1,1
my_cat_barks_,ex0ll,1
my_shoes_hurt,tot3mtwister,1
mycolortv,rubyurek,1
myfirstreddit8u519,primordial-pineapple,1
myfistsaremymoney,ka_yu,1
mylifeforanetype,abyssalanarkay,1
mylifemyworld17,yourresidentferal,1
mynbhd,fatalispho,1
myonetaps,kroggol,1
myonetaps,notzish,1
myopinionsucks2,dabombdiggidy,1
myopinionsucks2,taurenkey,1
myopinionsucks2,the_crazy_bird_lady,1
myopinionsucks2,turtvaiz,1
myrdraall,majestichope9285,1
myrlista,adgroundbreaking3566,1
myrwyss,thatguyfromthem0vie,1
mysterious-drama4743,early_conflict_160,1
mysterious-drama4743,turtvaiz,1
mysterious-drama4743,yourresidentferal,3
mysterious-mall3756,foxdknight,1
mysterious-mall3756,itsvishuss,1
mysterious-mall3756,virus08,1
mysterious_turn_3286,beneficial-boat-5688,1
mysteriousapricot701,glad-low-1348,1
mysteriousapricot701,zordie360,1
mysterymel,gullible_spell7057,1
mystikalrush,psa_lilsouth,1
mystogyn,bloodmoth13,1
mystvixen,distinctnewspaper791,1
mythikbean,nech-ro,1
myusername2459,ravenangel42,2
myusername2459,setidayeti,1
mzero33,jaeyx,1
n051de,early_conflict_160,1
n0proxy,farorasf,1
n0rrix,gullible_spell7057,1
n0stalgiapunk,ex0ll,1
n0stalgiapunk,svenberit,1
n3rdm3tal,twuggle,1
naahthisisnotme,antilos_weorsick,1
naahthisisnotme,darooi,1
nachoaveragetamale,caronry,1
nachoaveragetamale,cebadec,1
nachoaveragetamale,olvekstoneheid_2006,1
nachoaveragetamale,thaeldis,1
nachoaveragetamale,turtvaiz,1
naeii,ciarenni,1
nagoragama,orett_,1
nagoragama,rufus--t--firefly,2
nagoragama,ztwentythree,1
naguro,dxsterlxnd,1
nagynorbie,sakuraforhokage,1
naleenatren,blizzjafaaeleath,1
name_escape,zulubyte,1
namealreadyexistss,mog_varos,1
namirocket,kakjit,1
namirocket,kraxiloth,1
namirocket,thissucksnuts,1
nangz,turtvaiz,1
naniplease,gloomy_material_8818,1
nankoon_the_dude,oliferro,4
nanocephalic,early_conflict_160,1
nanocephalic,primordial-pineapple,1
nanocephalic,zeemex,1
naranox,fitsu,1
narium,60discpriest,1
narux117,caelemleaf,1
narux117,domriv,1
narux117,forwardbumblebee5220,1
narux117,stuffedsnowowl,1
narwalrus420,j-shade,1
narwien,drewpscrotzak,1
narwien,ironmcchef,1
nater255,bringbackboshi,1
nathanbrotherbob,strigidae_autumnus,2
nathremar8,sanaera_,1
national_error_6946,yourresidentferal,1
nativo1,tuesti7c,1
natomicbombs,guilty-carry-wrea,1
natomicbombs,weaknesspast2067,1
naturzaros,hyrcyne-,1
naucturne,ganjaleezarice69,1
naustis,pommes1991,1
naustis,sirfannypack,1
navexeu,strong-world-5749,1
nazgul_1994,primordial-pineapple,1
nbdichotomy,azerius94,1
nbdichotomy,dueplace2335,1
nbogie055,jntjr2005,1
nbogie055,jurke39,1
nbogie055,mental-fudge9845,1
nbogie055,syfer_husker,1
nbotero,kieran_mcminn94,1
ncatter,b_kuro,1
ncatter,teenoc,1
ncemtp,amydeferred,1
ncemtp,early_conflict_160,1
neanoa,mennzo,1
nearby-staff-9013,early_conflict_160,1
nearby-staff-9013,icy_society4665,1
neat-source4706,ugaeismyamongusname,1
nebichan,brungybrung,1
nebichan,yourresidentferal,1
nech-ro,gulasch_man,1
nech-ro,inukojon,1
nech-ro,jupppie,1
nech-ro,mythikbean,1
nech-ro,smokedaweeeeds,1
nech-ro,staschman,1
nech-ro,thirleck,1
nech-ro,unknownweirdoo,1
nech-ro,whatifyoudidtho,1
necka44,etamalgren,1
necr0versegaming,acrobatic_airline605,1
necrazen,ex0ll,1
necrid101,derpherpderphero,1
necrid101,haklis,1
necrid101,mediocre-building228,1
necrid101,syfer_husker,1
necrid101,teenoc,1
necro429,yourresidentferal,1
necropaw,backscratchaaaaa,1
necropaw,reddit_isbullsheet,1
needmorepizzza,guilhaum,1
nefariousnessbusy507,majestichope9285,1
neighborredditor,pianoceo,1
neither-attention940,lordmaxi10,1
neither-attention940,yourresidentferal,1
neitherpotato,varitok,1
nelfdk1991,acrobatic_airline605,1
nendro,teenoc,1
neonsparrows,acrobatic_airline605,1
neotr0n,blanknullvoidzero,1
neotr0n,eggplantspiritual388,1
neotr0n,thatguyfromthem0vie,1
nerdmoot,azerius94,1
nerdy_valkyrie,early_conflict_160,1
nerdy_valkyrie,haklis,1
nerdyponcho,syfer_husker,1
neromius,turtvaiz,1
nerral35,olvekstoneheid_2006,1
nerty94,teenoc,1
nervouscranberry47,chromosomedonator,1
nervouscranberry47,munno22,1
nervouscranberry47,theworclown,1
nervouscranberry47,turtvaiz,1
neshtoto,azerius94,1
netheri,stew_fondu,1
nethias25,ex0ll,1
networkok5234,rydil00,1
never_unclench,agarwaen323,1
never_unclench,no_combination1828,1
never_unclench,orett_,1
neveralwayss,briaria,1
neverender26,blubbpaule,1
neverlife,haklis,1
neverscream,yourresidentferal,1
neverwinterdrow,alice-86f,1
neverworkagainplz,deguilded,1
nevialarolyn,ex0ll,1
nevotheless,darkhallows27,1
nevotheless,monsiuergeneral,1
new-bodybuilder8566,bigd175,1
new-bodybuilder8566,chromosomedonator,1
new-bodybuilder8566,putinha21,1
new-bodybuilder8566,slaymaker1907,1
new_ad5687,fjoes,1
new_excitement_1878,heysupmanbruh,1
new_excitement_1878,hunteddwumpus,1
new_excitement_1878,theradox,1
newbhero,nilanar,1
newbkid,no_temperature8234,1
newcaravan,drtoadigerr,1
newcaravan,ok_librarian4139,1
newdane,flamewlkr,1
newdane,khaoticsuccubus,1
newdane,krombough,1
newdane,phototropic-,1
newgator11,fun_abroad8942,1
newhugh123,yourresidentferal,1
newjalian,barrettrts,1
newjalian,nice_porson,1
newjerseysbody,turkeycheddar,1
newmetaorer,indusnoir,1
newsargeras,turtvaiz,1
newsonofvader,blubbpaule,1
newsonofvader,cdmzlegend,1
newtype06,amydeferred,1
newtype06,cephles,1
newtype06,dueplace2335,1
newtype06,early_conflict_160,1
newtype06,griever12691,1
newtype06,healthy-cellist161,1
newtype06,madadam211,1
newtype06,turtvaiz,1
newtype06,vukkiller,1
nexrex,besieger13,2
nexrex,pandeyxo,4
next_complaint_1343,yourresidentferal,1
nexyke94,majestichope9285,1
neyubin,drewcookies,1
neyubin,exurota,3
nfl_porn_throwaway,oogie_droogey,2
ngbling,puzzleheaded_tap2328,1
ngelz,erinlah_,1
ngordon7,aern,1
niadain,alexandervolk,1
nice_porson,newjalian,1
nice_porson,pixelpaint64,1
nice_strawberry5512,cakeordeath1989,1
nickball88,ex0ll,1
nickimus_rex,crazypaddy2412,1
nickyfox13,siarx,1
nicodemus_mercy,minute_spread_4256,1
nidalee2diaorafk,0rphu,1
nidalee2diaorafk,blantonphantom,1
nidalee2diaorafk,shadow555,1
nigelmcexplosion,syfer_husker,1
niggo372,exurota,1
nighthunter555,microstocker,1
nightstalker314,stew_fondu,1
nihilus_rex,renndorei,1
niiro__,grafiker45,1
nikky-nami,pandycandies,1
nilanar,chaud,1
nillztastic,gullible_spell7057,1
nilsmf,incognito_side,1
nimda_lel,ex0ll,1
ninedark,domfakker37,1
ninja_hedgehog,bjg12321,1
ninja_hedgehog,bluffwatcher,1
ninja_hedgehog,keyboardturn,1
ninofresh,exhvoid,1
ninommo,kinzo149,2
nippys4,alexandervolk,1
nippys4,garciasterling15,1
nippys4,millilux,1
nippys4,oskoskosk,5
nipslippinjizzsippin,azerius94,1
nipslippinjizzsippin,galinhooo,1
nipslippinjizzsippin,haklis,1
nipslippinjizzsippin,simplytoaskquestions,1
nirathiel,omgkthxby,1
nirathiel,renndorei,1
nirdee,mainmorte,1
nishoba07,dinkwinkle,1
nishoba07,tarc_axiiom,1
nisiom,turtvaiz,1
nkkouros,1plus2break,1
nkkouros,brokebackmountdoom,1
nkkouros,malleus83,1
nkkouros,minimaxir,1
nkkouros,randomgenname1234,2
nkovi,casterformation,1
nkovi,divisor_,1
nkovi,the_pheex,1
nmfpriv,dinokickflip,1
nnorbie,buttstuffisokiguess,1
nnyquick,dinokickflip,1
no-abbreviations7109,early_conflict_160,1
no-accountant1665,alexandervolk,1
no-ad5549,my0445316,2
no-addendum6379,early_conflict_160,1
no-amphibian689,kinzo149,1
no-bit-2913,alexandervolk,1
no-bit-2913,primedb29,1
no-buddy4783,darkwolf22345,1
no-buddy4783,rough_instruction112,1
no-calligrapher4536,abyssalanarkay,1
no-comb-1832,barialdalaran,1
no-comb-1832,foxjdr,1
no-comb-1832,j-t2o,1
no-comb-1832,josephjts,1
no-comb-1832,newbhero,1
no-communication9458,digitalneo,1
no-communication9458,ex0ll,1
no-earth-8428,early_conflict_160,1
no-neighborhood-3212,mennzo,1
no-opportunity4369,yourresidentferal,1
no-palpitation6707,icy_society4665,1
no-palpitation6707,majestichope9285,1
no-palpitation6707,svenberit,1
no-pen-3209,dwaro,1
no-pen-3209,yourresidentferal,1
no-sky-479,nkovi,1
no_bookkeeper_582,early_conflict_160,1
no_cantaloupe_2786,rosencroft89,1
no_combination1828,never_unclench,1
no_combination1828,orett_,2
no_consequence7064,kroick,1
no_explanation2932,alexarius87,1
no_explanation2932,underground_chapel,1
no_fix_7842,svenberit,1
no_operation_5279,faeginn,1
no_operation_5279,limitunlikely910,1
no_operation_5279,suitable_half_7830,1
no_reply6673,sneaky_rhin0,1
no_soft_1131,yourresidentferal,1
no_solid_9028,zordie360,1
no_temperature8234,graphiccsp,1
no_temperature8234,henryeaterofpies,1
no_temperature8234,turbulent-neat-624,1
no_temperature8234,wobblucy,1
no_wish_2437,gullible_spell7057,1
noattorney3896,yourresidentferal,1
nob1e613,darooi,1
nob1e613,janner_10,1
nob1e613,malacon,1
nob1e613,raphers,1
nob1e613,wollsockenvonoma,1
noblelie17,amazing_internal6334,1
noblelie17,notapublicfundsleech,1
noblelie17,successful_divide126,1
nobonus6969,biggiy05,1
nobonus6969,considany,1
nobonus6969,icy-policy-5890,1
nobulliepls,affectionate-ad2320,1
nodelphi,svenberit,1
noeagle77,lyphegames,1
noeagle77,throdio,1
noelvansek_ttv,kreiger81,1
nogamara,old_resident8050,0
nogrocery9618,kaori_ino,1
noinformation9351,early_conflict_160,1
noisse_,icy_society4665,1
noke_95,eagle83,2
nonbinarysororitas,alexarius87,4
noojas,happythoughts33,1
nooobzocker,fynzou,1
noosemane,ilizur,1
noosemane,ivvanovv,1
nordon,jigagug,1
nordrasir,early_conflict_160,1
nordschleifelover,kitsunekyo,2
noriel_sylvire,early_conflict_160,1
noriello,dnoire726,1
noriello,pyrothesenpai,1
norst,agoginnabox,1
norst,cebadec,1
norst,dmackerman,2
norst,dreyven,2
norst,interesting-use966,1
norst,plethorum,2
norst,relnor,1
north_sheepherder711,atromach,1
northerndarks6070,majestichope9285,1
northsunny,early_conflict_160,1
norwegianpearl,lats9,1
norwegianwhiteeagle,bulbasaurite,1
norwegianwhiteeagle,serafno,1
noseaworthiness2516,lats9,1
not-my-proudestwank,scavatemyarms,1
not_another_usernam,griever12691,1
not_another_usernam,moghz,1
not_another_usernam,typedinthebox,1
not_to_be_named,majestichope9285,1
notamadlad1,gotverd,1
notamadlad1,zigzagzugzug,1
notapublicfundsleech,aurum_t,1
notbad9111,beneficial-boat-5688,1
notegmsta,jadmonk,1
notegmsta,turtvaiz,1
notfakegodz,letoiv,1
notfakegodz,muntaacas,1
notfakegodz,prototype_09,1
nothanksjefferson,haklis,1
nothoughtsjustchaos,turtvaiz,1
nothxsleeping,apathyking8,1
nothxsleeping,nagynorbie,1
notjrm,djulioo,1
notmiefault,alice-86f,1
notmiefault,crash2744,1
notmiefault,gotverd,1
notmiefault,icy_society4665,1
notmiefault,orett_,1
notmiefault,setidayeti,1
notmiefault,skillexception,2
notmiefault,syfer_husker,1
notmiefault,unsleepingmoss,1
notmiefault,warno3941,1
notorious_kiwi59,chilly332,1
notreallyzuul,philgraves75,1
notthatkindoforc1121,chilledchaos,1
notthatkindoforc1121,kinzo149,1
notthatkindoforc1121,orett_,1
notyoursweatbusiness,yourresidentferal,1
notzish,turtvaiz,1
noun-numbers,geddyn,1
nousernamesleft199,stew_fondu,1
novakosova,icy_society4665,1
novareason,batmannoprep,1
novarne,harcole,1
novaskysaber,-googlrr,1
novaskysaber,throdio,1
novicepro_,sandtoast,1
nowaysomebodytookthi,justanotherpoopdick,2
noyx_,plus_singer_6565,1
nubautist,aakiru,1
nuclearsunburn,gotverd,1
nuisible,jester-joe,1
nulian,donteatthedonuts,1
nulian,norst,1
nullhotrox,prior-hearing-4959,1
nullhotrox,raoasidg,1
nullhotrox,valderhide,1
nullus_fidus,svenberit,1
nullus_fidus,turtvaiz,1
nunya0-0,apathyforempathy,2
nunya0-0,cyniv,1
nunya0-0,tboskiq,1
nunya0-0,umicil,1
nunya0-0,yorgl,1
nuraalek,my0445316,1
nutcrackit,onetimenancy,1
nvaughan81,majestichope9285,1
nvaughan81,primordial-pineapple,1
nvaughan81,rastaba,1
nyackonyackonii,inside_signal_2715,1
nyakon,ok_librarian4139,1
nymsii,teenoc,1
nyorliest,majestichope9285,1
nyx_antumbra,dueplace2335,1
nyx_ilwynn,early_conflict_160,1
nyx_ilwynn,skellyhell2,1
obayobean,kinzo149,1
oberonfirst,minimaxir,1
obeythemuffin,rhea_33,1
obidiahwtfjerwalk,fragrant_proof,1
objective-error1223,cooldurian4336,1
objective-error1223,metacious,1
objective-error1223,spunkmckullins,1
objective-error1223,thenabi,1
objective-error1223,ugaeismyamongusname,2
objective-mission-40,cstwig,1
objective-neck-2063,capable_diamond_3878,1
objective-neck-2063,shadeo11,1
objective-speech4058,yourresidentferal,1
obvioussavings2631,some_society_7614,1
oc34ne,drain_surgeon69,1
ockwords,newtype06,1
ocronus,crzbonkerz,1
ocronus,exhvoid,1
ocronus,primordial-pineapple,1
ocronus,russianbearfight,1
odasto_,early_conflict_160,1
odb281,public_opinion2723,2
odd_cryptographer450,peach774,1
oddhexbreaker,aaroknightus,1
oddtervt,snakejobin,1
ofcourseitsok,basilisk_says,1
oftheatom,acrobatic_airline605,1
oftheatom,goffforpresident,1
oftheatom,harai_ulfsark,1
oftheatom,kevthuluu,1
oftheatom,keylus,1
oftheatom,mrcuddlez69,1
oftheatom,supertramp1808,1
oftheatom,syfer_husker,1
oftheatom,tykero,2
og_stodds13,svenberit,1
oglilptownfunk,i-liveherenow,1
oh-no-a-bear,mennzo,1
oh_hey_michelle,olvekstoneheid_2006,1
ohajik98,turtvaiz,1
ohcrocsle,existinggain8688,1
ohcrocsle,shizocks,1
ohmyke,disastrous-mess-3538,1
ohwerk82,caelemleaf,2
ok-association8751,early_conflict_160,1
ok-baby-3249,early_conflict_160,1
ok-implement-2518,putinha21,1
ok-instance-2940,yourresidentferal,1
ok-key5729,bloodshot_22,2
ok-key5729,eymm,1
ok-key5729,gilbert1242,1
ok-key5729,gilrim,1
ok-key5729,halu68,1
ok-key5729,happythoughts33,1
ok-key5729,justanotherpoopdick,2
ok-key5729,lyphegames,1
ok-key5729,mental-fudge9845,1
ok-key5729,ok_weather_2991,1
ok-key5729,professionalcup1041,1
ok-key5729,setidayeti,1
ok-key5729,technical_leader8250,1
ok-lead126,yourresidentferal,1
ok-letterhead-8539,blubbpaule,1
ok-level-8907,amazing_internal6334,1
ok-masterpiece4983,aurum_t,1
ok-masterpiece4983,bigglez1995,1
ok-necessary1396,ilizur,1
ok-nerve6441,aliyah_hs,1
ok-pop843,bledolikiq,1
ok-pop843,keianh,1
ok-quantity7601,early_conflict_160,1
ok-revenue7000,ex0ll,1
ok-strain2948,aexxys,1
ok-till-3444,yourresidentferal,1
ok_ad_6626,cbigle,1
ok_butterscotch1449,ex0ll,1
ok_butterscotch1449,halu68,1
ok_butterscotch1449,incognito_side,1
ok_collar5068,dyrusforpresident,1
ok_collar5068,owncommission8673,1
ok_conference7012,mr_redacted_b_o_e_m_,1
ok_ebb_9330,fjoes,1
ok_explorer9526,belista41,1
ok_fun2953,--_-_---_-_-_,1
ok_head_6119,early_conflict_160,1
ok_money_3140,jurke39,1
ok_outside_4650,turtvaiz,1
ok_river_88,majestichope9285,1
ok_seaworthiness7314,stew_fondu,1
ok_second_3170,nech-ro,1
ok_second_3170,olvekstoneheid_2006,4
ok_special1732,minimaxir,1
ok_try_6377,pneumaddict,1
ok_try_6377,syfer_husker,1
ok_try_6377,turtvaiz,1
ok_try_6377,yourresidentferal,1
ok_willingness3059,misbehavinator,1
okdisplay5619,early_conflict_160,1
okdisplay5619,exhvoid,1
okkar4,yourresidentferal,2
okmongoose1487,yourresidentferal,1
okrussianmoney,frosty_ingenuity5070,1
oksupermarket3371,lats9,1
oktackle7306,j-t2o,1
oktackle7306,notapublicfundsleech,1
old-entertainment844,acrobatic_airline605,1
old_crow7450,huron_23,1
old_engine_9592,metalbawx,1
old_preparation9838,impressive-name7601,1
old_resident8050,lardath,1
old_resident8050,olvekstoneheid_2006,1
old_resident8050,sechlainn,1
old_resident8050,sir-himbo-dilfington,1
old_resident8050,torcero,1
oldenfat,yourresidentferal,1
oldgromm,kingchrisy,1
oldgromm,kingorgnum,1
oldgromm,notmiefault,1
oldgromm,whatsmypw,1
oldtimernubbins,keyboardturn,1
olick,davelesh,1
olick,turtvaiz,1
oliferro,alexandervolk,1
oliferro,belpheegor,1
oliferro,belteshazzar98,2
oliferro,beneficial-boat-5688,1
oliferro,coldara,1
oliferro,d34dl0cked,1
oliferro,delicious-collar1971,1
oliferro,dyrusforpresident,4
oliferro,harlandus,1
oliferro,munno22,1
oliferro,nankoon_the_dude,4
oliferro,sch4lly,1
oliferro,thatguyfromthem0vie,1
oliferro,toxaplume045,1
oliferro,turtvaiz,1
oliferro,xandril,1
olivercrooks,jmj05,1
olivercrooks,minimaxir,1
olivercrooks,ugaeismyamongusname,1
olongjohnson1271,majestichope9285,1
olvekstoneheid_2006,acidflame182,1
olvekstoneheid_2006,agile_moment768,2
olvekstoneheid_2006,androza23,1
olvekstoneheid_2006,bronstin,1
olvekstoneheid_2006,buttstacker,2
olvekstoneheid_2006,cakeislegit2,2
olvekstoneheid_2006,calaspa,1
olvekstoneheid_2006,cloud_n0ne,1
olvekstoneheid_2006,dahkeus3,1
olvekstoneheid_2006,darreninalberta,3
olvekstoneheid_2006,directionalk9,1
olvekstoneheid_2006,ditju,1
olvekstoneheid_2006,doug4130,1
olvekstoneheid_2006,exact-pudding7563,1
olvekstoneheid_2006,feherlofia123,1
olvekstoneheid_2006,flaicher,1
olvekstoneheid_2006,fox112,2
olvekstoneheid_2006,galahad199033,1
olvekstoneheid_2006,gnomulus,1
olvekstoneheid_2006,hetvenot,1
olvekstoneheid_2006,hitstuff,1
olvekstoneheid_2006,hynch,1
olvekstoneheid_2006,katapros,1
olvekstoneheid_2006,liberate90,2
olvekstoneheid_2006,linasclrem,1
olvekstoneheid_2006,llstonesll,2
olvekstoneheid_2006,lofi-ahsoka,1
olvekstoneheid_2006,maxenin,1
olvekstoneheid_2006,maxistwitching,1
olvekstoneheid_2006,meleewizardheals,1
olvekstoneheid_2006,midniteburger,1
olvekstoneheid_2006,mitchelvincent,1
olvekstoneheid_2006,moht81,1
olvekstoneheid_2006,mrbunnybrightside,1
olvekstoneheid_2006,ok_second_3170,4
olvekstoneheid_2006,old_resident8050,1
olvekstoneheid_2006,orcvader,1
olvekstoneheid_2006,pandycandies,1
olvekstoneheid_2006,quiet-mechanic4424,1
olvekstoneheid_2006,reanimated_nerd,2
olvekstoneheid_2006,sajintmm,2
olvekstoneheid_2006,san4311,1
olvekstoneheid_2006,sandtoast,1
olvekstoneheid_2006,shrapnel_sponge,1
olvekstoneheid_2006,spoksparkare,2
olvekstoneheid_2006,spunkmckullins,1
olvekstoneheid_2006,successful_battle665,2
olvekstoneheid_2006,tavar35,2
olvekstoneheid_2006,teggie95,1
olvekstoneheid_2006,thaeldis,1
olvekstoneheid_2006,the_mattastrophe,1
olvekstoneheid_2006,thecursedkraken,1
olvekstoneheid_2006,wolfdad33,1
olvekstoneheid_2006,xaniengenn,4
omfgitsbob,florifierous,1
omfgitsbob,kthegamergirl,1
omfgitsbob,sethdoessomestuff,1
omgkthxby,sandtoast,1
omgowlo,alternative_most9,1
omgowlo,beneficial-boat-5688,1
omgowlo,domfakker37,1
omgowlo,justinbisu,1
omgowlo,teenoc,1
omnigear,abyssalanarkay,3
omnigear,haklis,1
omnigear,ugaeismyamongusname,1
one-cellist5032,moosplauze,2
one-independence136,stew_fondu,1
one-jury-6140,bwomsamdidjango,1
one-mechanic6128,majestichope9285,1
one_battle8749,cuddlsworth,1
one_battle8749,lpunit,1
onebadger7469,rukale,2
onebadger7469,stuperstrong,1
oneiropolos,yourresidentferal,1
oneleggedmushroom,whitechapel726,1
onetimenancy,km_the_frog,1
onetimenancy,korijenkins,1
onetimenancy,saphirmeer,1
onetrueczar,figgnus96,1
onibachi,bleuchz,1
onigokko0101,anyhealer,1
onigokko0101,beefmytaco,1
onigokko0101,cbusmatty,1
onigokko0101,cephles,1
onilovi,early_conflict_160,1
only_lion1452,lordmaxi10,1
only_lion1452,yourresidentferal,1
onlygetbricks,amplifymagic101,1
onlygetbricks,gmanclassic,1
onlyr6s,mratt8,1
onlyr6s,plastic-courage6537,1
onlytinglef,yourresidentferal,1
onmius,early_conflict_160,1
oogie_droogey,amelaclya1,2
oogie_droogey,msabre__7,1
oogie_droogey,nfl_porn_throwaway,2
oogie_droogey,pianoceo,1
oogie_droogey,rubyurek,1
oogie_droogey,veoxy,1
ookitsu,metacious,1
oopsallsmites,subject-bison-7928,1
oopsiedazy,multimarcus,1
open-possible-2189,justanotherpoopdick,1
openil,abyssalanarkay,7
openil,tommyhawk979,1
opening-current-6400,drewcookies,1
opening_web1898,disastrous-mess-3538,1
opiatesmile,yourresidentferal,1
opixer,philgraves75,1
optimal_living7230,bronstin,1
optimized_laziness,majestichope9285,1
orange-murderer,harrowdread,1
orchidlilee9,ex0ll,1
orcslayer31,potato_fortress,1
orcvader,olvekstoneheid_2006,1
ordaz,strong-world-5749,1
ordinaryslimeguy,zakaryyxo,1
oreillyaddict,inconspicuous2012,1
oreofro,1stonepwn,2
oreofro,akhantu,1
oreofro,geddyn,1
oreofro,kirbydude65,1
oreofro,kittenpantzen,1
oreofro,lolflore,4
oreofro,vokzhen,1
orett_,never_unclench,1
orett_,pm_your__bubble_butt,1
orett_,saelora,1
organic_bit3337,powerful_equipment84,1
orgasmic_interlude,schardon,1
oriondc,baronmarques,1
oriondc,dinokickflip,1
oriondc,littlevilegoblin,1
oriondc,timekeeper98,1
orisulker,benwhitaker,1
orisulker,shot_leopard_7657,1
ornery-air-6968,majestichope9285,1
ornery-dog6760,inside_signal_2715,2
orrockable,winstonbabar,1
oruniti,turtvaiz,1
osaft1989,olvekstoneheid_2006,1
oscarmanxz,majestichope9285,1
oscillatorvacillate,shaanuja,1
osirisob,deagin,3
osirisob,iconofsin_,3
osirisob,icy-policy-5890,1
osirisob,makorus,1
osirisob,unhappy_cut7438,1
oskoskosk,nippys4,5
ostepops1212,yourresidentferal,1
otaconucf,acrobatic_airline605,1
otaconucf,dirtyfeetenjoyer,1
otatormeps,yourresidentferal,1
other-illustrator531,corksoaker84,1
other-illustrator531,ezwa,1
other-illustrator531,lost-opportunity8425,1
other_force_9888,philgraves75,1
otheraccounthackedl,lich-slapped,1
otrew,foxdknight,1
ottawadeveloper,fleymour,1
ougaa,migrainebutter,1
outie_fact_checker,marem-bzh,1
outie_fact_checker,teenoc,1
outie_fact_checker,terri_gfw,1
outlandishnesskey349,olvekstoneheid_2006,1
outlandishnesskey349,yourresidentferal,2
outrageous-reach-852,guilty-cook-4663,1
over67,azerius94,1
overlo4d,rixkst3r,1
overthehamlimit,onebadger7469,1
overthehamlimit,philgraves75,1
overwatcher_leo,bigzimm1,1
ovrlrd1377,teenoc,1
ow1gu,gullible_spell7057,1
owlblack,darklightspa92,1
own-contribution-188,zordie360,1
own_construction3376,gloomy_material_8818,1
owncommission8673,ok_collar5068,1
owncommission8673,olvekstoneheid_2006,1
owncommission8673,omfgitsbob,1
owndownd,early_conflict_160,1
ownzye,kinzo149,2
owoegano_evolved,adgroundbreaking3566,1
owoegano_evolved,eternalarchon,1
owoegano_evolved,shaanuja,1
oxyfire,adolslostsword,1
oxyfire,haklis,1
oxyfool,zulubyte,1
ozmega,kingorgnum,1
ozok123,foreskinfarter,1
ozok123,limp_platypus_9424,1
ozok123,logicbox_,1
ozzel1138,majestichope9285,1
p4acem4ker94,early_conflict_160,1
p4nk-tp,yourresidentferal,1
p_b_n_jealous,seriousnessperson,1
paah,bigger_moss,1
paah,centriuz,2
paah,delicious-collar1971,1
paah,epherian,1
paah,etamalgren,1
paah,impressive-name7601,1
paah,neverender26,1
paah,nob1e613,1
paah,outie_fact_checker,1
paah,phalanx22,1
paah,sociallyawkwardsnake,1
paah,somniumov,1
paceronikus,gloomy_material_8818,2
paddzr,gilrim,1
padhiver-,turtvaiz,1
padimus,darkwolf22345,1
padyak,electrical_run_2798,1
paidfire,fluffygirl2023,1
painchaud213,acrobatic_airline605,1
painsubstantial5936,florifierous,1
painsubstantial5936,ldwchanjrl,1
painsubstantial5936,owncommission8673,1
paket911,dc_flint,1
pala_,alternative_most9,1
paladar2,panlakes,1
pale_jackfruit_941,amazing_internal6334,1
paleojoe86,early_conflict_160,1
paleontologistno8308,united_conclusion403,1
palladlum,amazing_internal6334,1
palnecro1,gullible_spell7057,1
palpitationactive765,apathyking8,2
palpitationactive765,bruins37ftw,1
palpitationactive765,laika93,1
palumtra,syfer_husker,1
pan0phobik,yourresidentferal,1
pan151,synnz22,1
panadeshkor,jnezz,1
pancauldenassuack,alexshinsuke,2
pancauldenassuack,elo-than,1
pandalishus,ex0ll,1
pandaman_dag,affableaardvark,1
pandapat123,acrobatic_airline605,1
pandastrafe,early_conflict_160,1
pandeyxo,althor2424,2
pandeyxo,androza23,2
pandeyxo,bamboochan,1
pandeyxo,blubbpaule,1
pandeyxo,camzaman,1
pandeyxo,caronry,1
pandeyxo,centriuz,1
pandeyxo,elioss,1
pandeyxo,ex0ll,1
pandeyxo,inukojon,1
pandeyxo,justexpect,1
pandeyxo,kayll-,4
pandeyxo,kiloyounited,1
pandeyxo,moht81,1
pandeyxo,nexrex,3
pandeyxo,shneckos,1
pandeyxo,soggytoasttime,1
pandeyxo,stretchylemon,1
pandeyxo,temporamoras,1
pandycandies,olvekstoneheid_2006,1
panicforce,zireon,1
panlakes,oscarmanxz,1
pano98,yourresidentferal,1
panoramicpanda,exhvoid,1
pantrokator-bezsens,early_conflict_160,1
pantsyman,mrjujuvete,1
papa_beanz,sajintmm,2
papagamasjr,happy_yogurtcloset_2,1
papagamasjr,ugaeismyamongusname,1
papakahn94,audioshaman,1
papakahn94,bunpuncherextreme,1
papakahn94,cephles,1
papakahn94,jaegerjaquez25,1
papakahn94,jodoukast,1
papakahn94,omnigear,1
papakahn94,roseysdaddy,2
papakahn94,scyths,1
papamock,drain_surgeon69,1
papanak94,turtvaiz,1
papapatchesxd,minimaxir,1
papermoonskies,migrainebutter,1
papermoonskies,turtvaiz,1
papierheart,migrainebutter,1
paradiselost91,adrtheman,1
paradiselost91,bosox92,1
paragon_73,wollsockenvonoma,1
paragonx1989,el_duderino_22,1
paragonx1989,enabling_turtle,1
paragonx1989,forgottenexperiment,1
paragonx1989,fusshaman,4
paragonx1989,psyavaig,1
paragonx1989,txscorcher,1
parallax-,ex0ll,1
parking-froyo-303,dromogaz,1
parking-froyo-303,yourresidentferal,1
parking_tip5577,accomplished_cake977,1
parking_tip5577,adamg3691,1
parking_tip5577,crazy_silver740,2
parking_tip5577,lets_fuck_420,2
parking_tip5577,lordwiesy,1
parking_tip5577,minimaxir,2
parking_tip5577,potato_fortress,1
parking_tip5577,snowpoint_wow,1
parkwayy,delicious-collar1971,1
parryhisparry,angelpunk18,1
parthorax,excellent_cookie9346,1
particular_survey648,alexandervolk,1
particular_survey648,amaranthsparrow,1
party_cantaloupe_822,winstonbabar,2
pastsolid,garysmith2021,1
pastsolid,swendos,1
patheticgroundthing,kris9876,1
patriaslo92,garciasterling15,1
patrick66,dasjtrain557,1
patrick66,itjustlurks,1
patrick66,random_guy_12345,1
patroclious4,bhayward241,1
patroclious4,yourresidentferal,1
pauczan,svenberit,1
pavedorunseen,syfer_husker,1
paymeinsteak,azerius94,1
paymeinsteak,m4ru92,1
pc7437,shaanuja,1
peach774,kingorgnum,1
peach774,odd_cryptographer450,1
peak_flaky,krombough,1
pecimpo,apocalypticdrew,2
pecimpo,sellbad_bro420,1
peeposmilelol,izaul13,1
peerlesspixie,turtvaiz,1
peetzaguy,acky1425,1
peetzaguy,nunya0-0,1
peetzaguy,psa_lilsouth,1
pefii,feeling_pen_8579,1
pegussu,early_conflict_160,1
peimai,metacious,1
peliss,amazing_internal6334,1
peliss,g0d0fz0mb13,1
peliss,mmorpgjunkie,1
pendragon_puma,amazing_internal6334,1
pendragon_puma,el_duderino_22,1
pendragon_puma,nagynorbie,1
penguinsomnia,ciarenni,1
penguinsomnia,jodoukast,1
penguinsomnia,lord_teaspoon,1
penguinsomnia,rydil00,1
pepentakill,gigagiga69420,1
pepentakill,yourresidentferal,1
percentageless6648,icy_society4665,1
peregrine2976,haklis,2
peregrine2976,lordlacaar,1
peregrine2976,mafiohz,1
peregrine2976,philgraves75,1
perendia,arthodel,1
perfect-external609,yourresidentferal,1
perfect_cake8678,turtvaiz,1
perhizzle,dinkwinkle,1
perhizzle,singerlost5641,1
periwinkleditor,mclemente26,1
periwinkleditor,my0445316,1
periwinkleditor,olvekstoneheid_2006,1
periwinkleditor,skiller2b,1
periwinkleditor,turtvaiz,1
perodis,bb22k,1
perodis,patheticgroundthing,1
perodis,theworclown,1
persimmonok5097,breakzorsumn,1
persimmonok5097,eymm,1
persimmonok5097,ghostinthereins,1
persimmonok5097,indusnoir,1
persimmonok5097,ok_weather_2991,1
persistentworld,flurb4,1
persistentworld,krombough,1
persistentworld,lenyor-rr,1
personal-answer-4703,iwo607,1
personal-answer-4703,slapphanen,1
personal-army-9493,thedizzydozer,1
pet_cheetah_,belpheegor,1
pete_pa,yourresidentferal,1
petimr,early_conflict_160,1
pfshfine,tigrerojo_continued,1
phalanx22,anilemm,1
phalanx22,gelvid,1
phalanx976,snck_pck,1
phantasmal-lore420,caronry,2
phantasmal-lore420,russianbearfight,1
phantasmal-lore420,turtvaiz,1
phantasmal-lore420,whitechapel726,1
phazmoooooooon,ex0ll,1
phenogenesis-,gilrim,1
philgraves75,substantial-newt-257,1
philhartlessman,drewcookies,1
philistine_hick,allegrian,1
phillydilly87,orett_,1
phillylegrand,nervouscranberry47,1
phillylegrand,newcaravan,1
philopino,_verybad_,1
philosophyforone,happy_yogurtcloset_2,1
phlooo,majestichope9285,1
phoenixform369,alexandervolk,1
phoenixsrage73,yourresidentferal,1
phonebeneficial3387,ugaeismyamongusname,1
phonylady,cameronwoof,1
phototropic-,carinthian_wendigo,1
phpnoworkwell,-wb-spitfire,1
phtevus,gilrim,1
physical-box-1119,beneficial-boat-5688,1
physical-hospital282,aqual07,1
physical-hospital282,icy_society4665,1
physical-hospital282,inukojon,2
physical-hospital282,nech-ro,1
pianoceo,kinzo149,1
picard2331,kujira-san,1
picard2331,lezzles,2
pieland1,raphers,1
piercingheavens,kryptyx,1
pikassamaop,erinlah_,1
pikkuhukka,cstwig,1
pikkuhukka,haklis,1
pikkuhukka,toushiru,2
pillarob,daily_dose_42069,3
pimpestplayer,yourresidentferal,1
pipboy_warrior,bottledsoi,1
pipboy_warrior,rustledjimmyss,1
pipboy_warrior,simplytoaskquestions,1
pirate-4-eternity,metacious,1
pirateshepherd,yourresidentferal,1
pixelatednomad,ok_try_6377,1
pixelatednomad,ok_weather_2991,1
pixelpaint64,goldtension6401,1
pizzaday,kreiger81,1
plackoz,material-jacket-6878,1
plagve_gaming,gullible_spell7057,1
plaincow,turtvaiz,1
plainswalker75,brungybrung,1
plainswalker75,congelatore,1
plainswalker75,epicfailpwnage,1
plainswalker75,wittiestphrase,2
plams_unlimited,bigdongergigachad,1
plams_unlimited,chaud,1
plane_winter,early_conflict_160,1
planteater65,naranox,1
plasticangle,belpheegor,1
plasticcontinent,beacon2001,2
plasticcontinent,virtual-big-1606,2
playfultrip4800,chrisodinuk,1
pleasebechillonline,turtvaiz,1
pleaserecharge,whatthehellman2,1
pleasure0102,valdearg20,1
plebplebberson,puzzled-addition5740,1
plebplebberson,turtvaiz,1
plebplebberson,yourresidentferal,1
plethorum,aermine19,1
plethorum,alternativedirt6124,1
plethorum,audioshaman,1
plethorum,beneficial-boat-5688,1
plethorum,dabombdiggidy,1
plethorum,hapless_wizard,1
plethorum,healthy-cellist161,1
plethorum,intelligent_act7099,1
plethorum,jvonfilm,1
plethorum,mmrassassin,2
plethorum,mysterious-drama4743,1
plethorum,norst,1
plethorum,old_resident8050,1
plethorum,saphienne,1
plethorum,thedumbyeti,1
plethorum,voimanhankkija,1
plips44,sagelain,1
plips44,teenoc,1
plumbsmasher,guilhaum,1
plumbsmasher,quiet_warthog5088,5
plus_professor4451,yourresidentferal,1
plus_singer_6565,ghostinthereins,4
plus_singer_6565,haklis,1
plus_singer_6565,mranderson588,1
plus_singer_6565,noyx_,1
plus_singer_6565,sankto,1
plus_singer_6565,slouchyguy,1
plus_singer_6565,southern-march1522,1
plus_singer_6565,thubionerd,1
plusiminusi,early_conflict_160,1
pm_feet_pls_ty,brazilianwarrior81,1
pm_feet_pls_ty,icy-philosopher-5067,1
pm_feet_pls_ty,ka_yu,1
pm_feet_pls_ty,lofi-ahsoka,1
pm_feet_pls_ty,nerdyponcho,1
pm_feet_pls_ty,ragenracoon,1
pm_plz_im_lonely,aktionmusic,1
pm_plz_im_lonely,amanda_oxenham,1
pm_plz_im_lonely,coldkiller,1
pm_plz_im_lonely,goawasho,1
pm_plz_im_lonely,snackygoat,1
pm_your__bubble_butt,raoasidg,1
pneis1,calligrapherlazy7384,1
pneumaddict,dumpsterman4,1
pneumaddict,ex0ll,1
pneumaddict,ok_try_6377,1
pockydo,hungryvito_,1
pockydo,peerlesspixie,1
pogsimusmaximus,frog-eater,2
pohoferceni,snukb,1
poison_cat_,olvekstoneheid_2006,1
pokemaster1337roxxor,mlmcmillion,1
pommes1991,soggytoasttime,1
pommes1991,svenberit,1
pontificatus_maximus,primordial-pineapple,1
ponweiponfarr,syrif,2
poopdoot,erinlah_,1
poopdoot,olvekstoneheid_2006,1
poopoodomo,dismalad2452,1
poopoopooyttgv,warm_difficulty2698,1
poopypantsmcbuttface,flondrebg,1
popikaify,axmoistxturd,2
popikaify,geminilasers,1
popikaify,gentlemenhookedi,1
popikaify,ilizur,1
popikaify,longbark,1
popikaify,quietandalonenow,1
poptartdragonfart,residentwaifu,1
poptartdragonfart,senor_kim_jong_doof,1
popular-box-7893,aleexavee,1
porn_alt_987654321,afl0ck0fg0ats,1
porn_alt_987654321,ocronus,1
portgasdaceofbase,powerofmind_,1
positive_suit960,fjoes,1
possibilityno6940,yourresidentferal,1
possible_chemistry_9,khalkong,1
possible_chemistry_9,yourresidentferal,1
posturechecknow,ex0ll,1
potato_fortress,bronstin,1
potato_fortress,cbusmatty,9
potato_fortress,chromosomedonator,1
potato_fortress,minmax_stirner,1
potato_fortress,orcslayer31,1
potato_fortress,parking_tip5577,1
potato_fortress,prattja8,1
potato_fortress,syfer_husker,1
potato_fortress,zelmak,1
potatovelrobur,eymm,1
potatovelrobur,svenberit,1
potential_baseball_2,majestichope9285,1
potential_effect_874,yourresidentferal,1
potential_layer7777,ex0ll,1
potsandpandas,mainmorte,1
poulx,kissofthehell,1
powerful_equipment84,teenoc,1
powerofmind_,dismalad2452,1
powerofmind_,portgasdaceofbase,1
pozhinat,majestichope9285,1
poziomka35,alexandervolk,1
poziomka35,considany,1
poziomka35,dahkeus3,1
poziomka35,yhvh13,1
ppppppppp1231,fiction8,1
pr0t3ct0rr,renndorei,1
practical-skirt-2457,bringthelight2,1
practical-skirt-2457,yourresidentferal,1
practical-smell5495,yourresidentferal,1
praelior,stew_fondu,1
pralineglittering997,angelpunk18,1
prancingpapio,lats9,1
praporuniversity,dailythrowawayn634,1
praporuniversity,darkhallows27,1
present_finance5219,barialdalaran,1
present_finance5219,caronry,1
pressureno5130,nativo1,1
prestigiousemu16,yourresidentferal,1
pretend-newspaper-86,frost-ps,1
pretend_purchase_893,dahkeus3,1
prettybluedress89,yourresidentferal,1
prezjesus,breakeverychain,1
primedb29,entropicdream,1
primedb29,fox112,1
primedb29,volksdk,1
primordial-pineapple,drakhan,1
primordial-pineapple,ggallardo02,1
princewinter,geekwars2,1
princewinter,mlmcmillion,1
printing88,drewcookies,1
prinz_morbo,raphers,1
prior-cow959,omfgitsbob,1
priorityheavy,early_conflict_160,1
prize_priority1818,majestichope9285,1
probablymythiuz,ex0ll,1
probablymythiuz,justanotherpoopdick,1
professional-cow7702,kingofazmerloth,1
professional-ebb6711,acrobatic_airline605,1
professional-ebb6711,orett_,1
professionallazy8181,yourresidentferal,1
professorjay,howzitgoin,1
professorrev,early_conflict_160,1
professorrev,primordial-pineapple,1
profitinternal427,ex0ll,1
profmap,ugaeismyamongusname,1
profmap,yourresidentferal,1
prolapsedassholeear,exhvoid,1
prolapsedassholeear,teenoc,1
prometheo567,amazing_internal6334,1
proostgaming,yourresidentferal,1
prot34n,frostsorrow,1
prototype_09,aruhi,2
proud_purchase_8394,ex0ll,1
proudnoob4393,renndorei,1
proxyttv,saionji-sekai,1
prtidobeesmrtigee,blizzjafaaeleath,1
prtidobeesmrtigee,yourresidentferal,1
prudent_active_2052,assaul,1
prudent_active_2052,zordie360,1
psa_lilsouth,deguilded,1
psa_lilsouth,zandryah,1
psyavaig,jarocket,1
psyavaig,paragonx1989,1
psychachi,notthatkindoforc1121,1
psychedelic_stingray,stew_fondu,1
psychedelicduck,turtvaiz,1
psychological-part1,blubbpaule,1
psychosomat1x,early_conflict_160,1
psyckosis1,early_conflict_160,1
psyexaile,yourresidentferal,1
psytech,teenoc,1
puaka,zordie360,1
public_fire_hazard,ian_w-g,1
public_gift_7279,majestichope9285,1
public_gift_7279,marco_polaris,1
public_opinion2723,odb281,1
publicconstruction95,mental-fudge9845,1
publicconstruction95,reisthetic,1
puddingzestyclose12,allegrian,1
puertofreakin85,greewens,1
puffic,burgamerx,1
puffic,zurkka,1
punsnotincluded,bavario1337,1
punsnotincluded,mranderson588,1
pupmaster,amplifymagic101,1
pupmaster,biodegradable_atgms,1
pupmaster,darooi,1
pupmaster,dyrusforpresident,1
pupmaster,ex0ll,1
pupmaster,lats9,1
pupmaster,mainmorte,1
pupmaster,philgraves75,1
pupmaster,ugaeismyamongusname,1
pupmaster,vlarett,1
pupmaster,zordie360,1
puppy_in_huggies,hopemonster,1
puppy_in_huggies,wollsockenvonoma,1
purifiedflubber,yourresidentferal,1
puritano-selvagem,old_resident8050,1
purple-phone9,wewfarmer,1
purple_kathryn,majestichope9285,1
purpletieflingbard,sightblind,1
pusclfer,razoul05,1
puzzled-addition5740,beneficial-boat-5688,1
puzzled-addition5740,dicksanddixanddixon,1
puzzled-addition5740,imspacemanspiff,1
puzzled-addition5740,jjjjjjjjjjjjjjjjjq,1
puzzled-addition5740,kroggol,1
puzzled-addition5740,lootingdaroom,1
puzzled-addition5740,obeythemuffin,1
puzzled-addition5740,ohwerk82,1
puzzled-addition5740,rounda445,1
puzzled-addition5740,skeleton-is-alive,1
puzzled-addition5740,squeeches,1
puzzled-addition5740,tehcharo,1
puzzled-addition5740,zwirbs,1
puzzled-field-8912,turtvaiz,1
puzzleheaded-tea3341,deskcord,1
puzzleheaded-tea3341,icy-policy-5890,1
puzzleheaded-tea3341,ok_outside_4650,1
puzzleheaded-tea3341,sevulturus,1
puzzleheaded-tea3341,zachdidit,1
puzzleheaded_ad5580,yourresidentferal,1
puzzleheaded_tap2328,m4dm1nd,1
puzzleheaded_tap2328,my0445316,1
puzzleheaded_tap2328,ngbling,1
puzzleheaded_tap2328,pandycandies,1
puzzleheaded_tap2328,syfer_husker,1
puzzleheadedjob4413,yourresidentferal,1
pyconcux,garciasterling15,1
pyromike16,virtualname7674,1
pyrospade,jadmonk,1
pyrospade,turtvaiz,1
qruxxurq,herrrauch,1
qruxxurq,impsterr,1
qruxxurq,kinzo149,4
qruxxurq,sirfannypack,1
qtfsniper,sydney12344,1
quaalyst,abyssalanarkay,3
quaestiodraconis,benwhitaker,2
quaestiodraconis,jays_arravan,1
quaestiodraconis,lucarin415,1
qualazabinga,fiennes,1
quantumlettuce2025,majestichope9285,1
quarterdollarking,frog-eater,1
quarterdollarking,guilty-cook-4663,1
quarterdollarking,klaroxy,2
quazetsu,keep_improving_self,1
queasy_initiative666,difushal,1
queasy_initiative666,luckynines,1
queasy_initiative666,zerethul,1
queencuntpunt,bb22k,1
queencuntpunt,gulfos,1
quick_cat_3538,successfulice6855,1
quickgooglesearch,icy_society4665,1
quiet-mechanic4424,crash2744,1
quiet-mechanic4424,olvekstoneheid_2006,1
quiet_warthog5088,dawned_upon,2
quiet_warthog5088,justinbisu,1
quiet_warthog5088,mercylas,6
quiet_warthog5088,plumbsmasher,4
quiet_warthog5088,the_drunken_sniper,1
quietandalonenow,aakiru,1
quietandalonenow,eymm,1
quietandalonenow,gelagua1,1
quietandalonenow,gletschers,1
quietandalonenow,ilizur,1
quietandalonenow,jsnlxndrlv,1
quietandalonenow,volksdk,2
quietlocomotion,crazymage321,1
quietlocomotion,kingorgnum,1
quikfox3a,uphoria,1
quillnsofa,-wb-spitfire,1
quinpon64337_x,razorwipe,1
quintex78,kaori_ino,1
quinzal,mechatui,1
quiver_and_quill,omfgitsbob,1
quiveringfear,grafiker45,1
quiveringfear,tuesti7c,1
quizzicalwombat,ugaeismyamongusname,1
qwaai,guilhaum,1
qwertlol,one-cellist5032,1
r3al_se4l,taleofdash,2
raccooncreekburgers,majestichope9285,1
raccoonjoy,chaud,1
raccoonjoy,philgraves75,1
race-hearse,ian_w-g,1
race-hearse,jntjr2005,1
racecaroon,kyz123,1
raddragonfang,yourresidentferal,1
radiant_melon,syfer_husker,1
radiatedlockz,yourresidentferal,1
radiobottom,plastic-courage6537,1
radioimh,shalelor,1
radius8887,syfer_husker,1
radius8887,turtvaiz,1
raefwolfe,ka_yu,1
raefwolfe,shillen,1
raefwolfe,volksdk,1
raffus_daffus_baffus,huron_23,1
rafii2198,syfer_husker,1
ragebojoo,exhvoid,2
ragna677,jaseandrews,1
ragnorr,sankto,1
raicoron2,abyssalanarkay,1
raidernation47,thatkindofnotbutyeah,1
raidguy,majestichope9285,1
raidriar889,early_conflict_160,1
railander,alexshinsuke,1
railander,laptican,1
raimand,philgraves75,1
rainbowmc,exhvoid,1
rainfall7711,afl0ck0fg0ats,1
raistrasz,turtvaiz,1
raji_lev,acrobatic_airline605,1
rakshasaranja,gilrim,1
raltararianrhod,cheese_on_my_blade,1
ramm,yourresidentferal,1
random_guy_12345,pupmaster,1
randomfleshprison,healthy-cellist161,1
randomfleshprison,khadgarisadreadlord,10
randomgenname1234,1plus2break,1
randomgenname1234,erasedisknow,1
randomgenname1234,fragroth98,1
randomgenname1234,nkkouros,2
randominternetfren,acrobatic_airline605,1
randyclive,baroqueout,1
randyclive,gotverd,1
randyclive,no-bit-2913,1
rangersfan121,biodegradable_atgms,1
rangersfan121,daily_dose_42069,3
rangersfan121,iambara,1
raoasidg,anicetribe,1
raoasidg,daddyburton,1
raoasidg,exhvoid,1
raoasidg,fukkwitgalore,1
raoasidg,orett_,1
raoasidg,ravenangel42,1
raoasidg,tiny-sand3229,1
raoasidg,zealousideal-cup5941,1
raphers,goawasho,2
raphers,teenoc,1
rappy28,alexshinsuke,1
rappy28,lats9,1
rappy28,ninjermoose,1
rappy28,olvekstoneheid_2006,1
rappy28,pancauldenassuack,1
rarazan,philgraves75,1
rastaba,hellbirdvt,1
ratedrkno,ugaeismyamongusname,1
ravenangel42,myusername2459,1
ravenangel42,sluaghlock,1
ravenangel42,thenidhogg,1
ravinsild,ocronus,1
ravinsild,regular_tonight_389,1
rawgu_,acrobatic_airline605,1
raynedrop98,bestjersey_worstname,1
raynedrop98,cubonelvl69,2
raynedrop98,mountnsntrees,4
rayzorrel,yourresidentferal,1
razael89,bronstin,1
razekdpp,anengineerandacat,1
razekdpp,any-transition95,1
razekdpp,ashkir,1
razekdpp,fleetingbirds,1
razekdpp,grumpysatan,1
razekdpp,hellbirdvt,1
razekdpp,muntaacas,1
razekdpp,phonylady,1
razekdpp,skore_smogon,1
razekdpp,warm_difficulty2698,1
razermane08,huron_23,1
raziers,atheren,1
razorwipe,archensix,1
razorwipe,jaegerjaquez25,1
razorwipe,plastic-courage6537,1
razoul05,xsunzerox,1
razzia1993,labpracticum,1
rbabarberbarbar,anonymoosevamoose,1
rcoop020,durugar,2
rcoop020,intulor,1
rcoop020,murtag,1
rcoop020,sobeman,1
rdtsc,antonmaximal,1
ready-possibility374,frost357,1
ready-possibility374,kroick,1
ready-possibility374,s_w_moses,1
real-emotion1874,redspectraltiger,1
real_solution,erinlah_,1
realduckytv,deluxexsupreme,1
realduckytv,training-focus1369,1
realistic-put-7535,gangsir,1
realistic_equal9975,philgraves75,1
realnathael,caronry,1
reanimated_nerd,m4dm1nd,1
reanimated_nerd,olvekstoneheid_2006,2
reasonable-weekend99,yourresidentferal,1
reasonable_camp944,bartleby1407,1
reasonable_camp944,eymm,1
reasonable_camp944,migrainebutter,2
reasonable_camp944,philgraves75,1
reasonable_camp944,unsleepingmoss,1
reasonable_driver129,creepycaptain8428,1
reasonable_home8186,yourresidentferal,1
reasonable_sky9688,chilledchaos,1
reasonable_sky9688,comfortable_debt_357,2
reasonable_sky9688,mainmorte,1
reasonablepositive,ancesterz,3
reasonablepositive,schlitzlox,1
reasonablepositive,uphoria,1
reavershadow,olvekstoneheid_2006,1
reborn_rhubarb,jammypanda,1
reckert47,early_conflict_160,1
rectoryofwolves-,bismothe-the-shade,1
red-pillz,early_conflict_160,1
red_cactus,pupmaster,1
red_coats,yourresidentferal,1
red_scar321,majestichope9285,1
redantisocial,krombough,1
reddawnrises,kingorgnum,1
reddit_isbullsheet,netheri,1
reddit_isbullsheet,zoobloo7,1
redditmodsharassus,teenoc,1
reddituser46853,omfgitsbob,1
redeclipse47,kingorgnum,1
redgrave_soda,early_conflict_160,1
redrixen83,additionalbenefit569,1
redrixen83,antigodofatheism,1
redrixen83,moht81,1
redrixen83,skyshroud6,1
redrixen83,ugaeismyamongusname,5
redrixen83,wherebaptizeddrowned,1
redrixen83,yourresidentferal,1
redshirt007,majestichope9285,1
redspectraltiger,real-emotion1874,2
redspectraltiger,zaratana,1
redsquirrelgeneral22,bucketman1986,1
redsquirrelgeneral22,yourresidentferal,1
redtantor,ex0ll,1
redtherobot,biodegradable_atgms,1
redtherobot,lovesyouandhugsyou,1
redtherobot,t0rchic,1
redtherobot,ugaeismyamongusname,1
reead,thatguyfromthem0vie,1
reelyreid,cstwig,1
references_paramore,_augie,1
reflexoflove,carlosatomos,2
reganstoen,exhvoid,0
regular-ad8290,ex0ll,1
regular_tonight_389,vrazel106,1
reicehh,hellomyfren6666,1
reimmi,objective-error1223,1
reimmi,toxiitea,1
reimmi,ugaeismyamongusname,1
reivers,minimaxir,1
relative-age-3096,teenoc,1
relativeyouth,debenturethyme,1
relativeyouth,si-jo0159,1
relevant-syrup9328,thegreatkodo,1
reliquent,minimaxir,1
relnor,althor2424,1
relnor,blackberrybeanz,1
relnor,havillard,1
relnor,redtantor,1
relnor,teenoc,1
relnor,turtvaiz,1
relnor,vanessaalexis,1
relnor,vomitology,1
remarkable_ring3613,pupmaster,1
remarkable_spare5704,yourresidentferal,1
remillard,deskcord,1
reminiscenceof2020,olvekstoneheid_2006,1
remtonjdulyak,fohpo02,1
renokotheshaman,amelaclya1,1
renokotheshaman,oogie_droogey,1
reporterforduty,ex0ll,1
repulsive-camel1533,acrobatic_airline605,1
repulsive-camel1533,shellye89,1
repulsive-owl7952,stew_fondu,1
repulsive_golf_409,avcloudy,1
repulsive_golf_409,beefmytaco,1
repulsive_golf_409,deskcord,1
repulsive_golf_409,lastoflast67,3
repulsive_golf_409,turtvaiz,1
repulsive_golf_409,tykero,1
repulsivethrowaway,advanced_vehicle_750,2
requient_,teenoc,1
requirementsea4776,yourresidentferal,1
rerollwarlock,fitsu,1
rerollwarlock,gelvid,1
resident-elephant234,jester-joe,1
residentwaifu,4khazmodan,1
residentwaifu,albatrossantique7202,1
residentwaifu,island_of_the_godz,1
residentwaifu,poptartdragonfart,1
residentwaifu,significant_mouse_25,1
resies,azerius94,1
resies,exhvoid,5
resies,wavefunctionp,1
resilientkeystone,microstocker,1
resilientkeystone,smoggyspectere,1
responsible_gur5163,inconspiciousperson,1
responsible_gur5163,sirfannypack,1
responsible_wish3895,peliss,1
restaurantturbulent7,amazing_internal6334,1
restaurantturbulent7,philgraves75,1
retro1989,philgraves75,1
retro1989,sandtoast,1
revengepies,yourresidentferal,1
revilation,turtvaiz,1
reworked,onlyr6s,1
rguch14,amazing_internal6334,1
rhaerc,erinlah_,1
rhao0,svenberit,1
rhea_33,turtvaiz,1
rhobodactylos,mlmcmillion,1
rhymesaying,foxdknight,1
rhynotaken,gotverd,1
riablo01,primordial-pineapple,1
riario,justanotherpoopdick,2
ribaldforurpleasure,misbehavinator,1
richtech80,olvekstoneheid_2006,1
riddleofthesphynx,inukojon,1
right-scientist9357,digitalneo,1
riipley92,primordial-pineapple,1
rinnteresting,kingorgnum,1
riot_wolfe,areies88,1
risenkhira,acrobatic_airline605,1
rith_reddit,gloomy_material_8818,1
rith_reddit,graenntv,1
ritualmedia,mental-fudge9845,1
rivazinho,mattdnd,1
rixkst3r,real_solution,1
rizto,ugaeismyamongusname,1
rjeffeg,justanotherpoopdick,1
rjskill3ts21,electrikshaman,1
rjskill3ts21,majestichope9285,1
rjstaples,abyssalanarkay,2
rlyskiz,adgroundbreaking3566,1
roamingfox,thatguyfromthem0vie,1
robcraftdotca,_verybad_,1
robert_pawney_junior,tigrerojo_continued,1
robertus_,longtailist,1
robglobgubob,yinxi19,1
robhui,acrobatic_airline605,1
robinx395,yourresidentferal,1
rockernaap,svenberit,1
rocketeer_99,svenberit,1
rockshow88,plus_professor4451,1
rocteruen,justanotherpoopdick,1
roerchen,philgraves75,1
roerchen,tehcharo,1
roflmahwafflz,philgraves75,1
roflskippy,yourresidentferal,1
rogueeyebrow,bavario1337,1
rogueeyebrow,my0445316,1
roguewolf812,stew_fondu,1
rogueyng,majestichope9285,1
rokhian,early_conflict_160,1
rolled64,arthodel,1
romireonline,exhvoid,1
rony_toss,yourresidentferal,1
rooikappie101,krin132,1
roosterboosted,turtvaiz,1
rophet1,ewenthel,1
rophet1,turtvaiz,1
rosary_omen,typical_thought_6049,1
rosencroft89,timekeeper98,1
roseysdaddy,afl0ck0fg0ats,1
roseysdaddy,cindyx823,1
roseysdaddy,ingloriousomen,2
roseysdaddy,papakahn94,3
roseysdaddy,turtvaiz,1
roseysdaddy,typedinthebox,2
roseysdaddy,wollsockenvonoma,3
rough_instruction112,chromosomedonator,1
rough_instruction112,dc_flint,2
rough_instruction112,hiimred2,1
rough_instruction112,mrnoobyy,2
rough_instruction112,no-buddy4783,1
rough_instruction112,zulubyte,1
rounda445,turtvaiz,1
routine_judgment184,cool-independent-431,2
rownever,gotverd,1
royal-passenger-9252,turtvaiz,1
royinverse,kujira-san,1
royinverse,turtvaiz,1
royinverse,ugaeismyamongusname,1
rpgsauce,yourresidentferal,1
rpitts21,indusnoir,1
rubyurek,cstwig,1
rubyurek,kinzo149,1
rudahn,hawkyyy,2
rudiracoon,academic-language-71,1
rufus--t--firefly,gooneybirdable,1
rufus--t--firefly,level7cannoneer,1
rufus--t--firefly,nagoragama,1
rufusairs,azerius94,1
rugged_as_fuck,cptn_kingyo,1
rugged_as_fuck,galahad199033,1
rugged_as_fuck,jt99-firstballot,2
rugged_as_fuck,ugaeismyamongusname,1
rui-tan,danthepaladin,2
rukale,lrsband,3
rukale,onebadger7469,1
rulejunior,mathematiciansame466,1
rulejunior,yourresidentferal,1
rumblealex,mlmcmillion,1
runedk385,binkiecookie,1
runindependent7163,nuraalek,1
rursache,galind_halithel,1
rurumo666,fleymour,1
russianbearfight,thatguyfromthem0vie,1
rustledjimmyss,haklis,1
rustledjimmyss,jaakers87,1
rustledjimmyss,pipboy_warrior,2
rvsoldier,hoggerflogger,1
rvsoldier,mainmorte,1
rxstud2011,abyssalanarkay,3
rxstud2011,oberonfirst,1
rxstud2011,pandycandies,1
rydiamist,care_cup_is_empty,1
rydiamist,hopemonster,1
rydiamist,princewinter,1
rydiamist,putinha21,1
rydiamist,scavatemyarms,1
rydil00,bigbesss,1
rydil00,defiedgravity10,1
rydil00,dmalvano,1
rydil00,maurombo,1
rydil00,throdio,1
rydil00,znuffie,1
ryguy2503,yourresidentferal,1
rykin14,mrmadmaxi77,1
rykin14,tonnesofnoob,1
ryno731,void_guardians,1
ryoma123,keyboardturn,1
rystrave,olvekstoneheid_2006,1
rythian,squery7,1
ryulightorb,ch_limited,1
ryuume,civil_albion,1
ryywenn,ashamed_ad9824,1
ryywenn,soft-adagio-9734,1
s-bro,early_conflict_160,1
s-bro,kiwical,1
s_w_moses,ready-possibility374,1
saatik,teenoc,1
sabelas,comfywomfylumpy,1
sad-anteater2914,yourresidentferal,1
sad-will5505,guilty-carry-wrea,1
sad-will5505,kingchrisy,1
sad-will5505,majestichope9285,1
sad-will5505,migrainebutter,1
sad_energy_,alexandervolk,1
sad_energy_,blubbpaule,1
sad_swordfish4132,marco_polaris,1
sadisticdane,jusavler,1
sadly_im_that_guy,abyssalanarkay,1
sadly_im_that_guy,metalbawx,1
sadouque,its-not-that-hard,1
saeger1737,early_conflict_160,1
saelora,ancesterz,1
saelora,orett_,1
saelora,swordsandnumbers,1
saelora,traditional-roof1984,1
saelora,why_is_grass_green,1
saendra,jmxd,1
saendra,no-breadfruit6137,1
saeracursesalot,sandtoast,1
safetyancient,majin_melmo,1
safi_89,erinlah_,1
safi_89,somniumov,1
sage_of_the_6_paths,xclbr1,1
sagelain,shadowvermin,1
sagetraveler,majestichope9285,1
sahdgamer,xnlsx,1
saiga12goburr,olvekstoneheid_2006,1
saikosiivu,abagorn,1
saint-caligula,early_conflict_160,1
saint_exmin,ex0ll,1
saint_furby,yourresidentferal,1
saintbaba,--_-_---_-_-_,1
saionji-sekai,cranberryfeisty3706,1
saionji-sekai,daysfastforward1,1
saionji-sekai,fjoes,1
saionji-sekai,proxyttv,1
sajgoniarz,yourresidentferal,1
sajintmm,doctad0pe,1
sajintmm,drainthemuck,1
sajintmm,elegant-screen4438,1
sajintmm,olvekstoneheid_2006,2
sajintmm,papa_beanz,2
saked-,onebadger7469,1
saked-,orett_,1
saked-,rare-ad3034,1
sakiri1955,biodegradable_atgms,1
sakiri1955,jjjjjjjjjjjjjjjjjq,1
sakiri1955,tehcharo,1
sakiri1955,thatguyfromthem0vie,1
sakiri1955,turtvaiz,1
sakrashne,eastern_bed6656,1
sakrashne,mloofburrow,1
sakuraforhokage,amazing_internal6334,1
sakuyora,turtvaiz,1
sal101,theradox,1
salamander115,exhvoid,1
salamiflame,physical-box-1119,1
saleriasfw,mlmcmillion,1
salfyded,indusnoir,1
salfyded,teenoc,1
sally_shears_01,yourresidentferal,1
salmerpriest,marem-bzh,1
saltcarpenter,teamoverload,1
saltdirection9735,deaffin,1
saltengineer455,casterformation,1
saltengineer455,divisor_,1
saltlich,vio94,1
saltyboysenberry5710,early_conflict_160,1
salzul,morgn_ladimore,1
samerandomusername,putinha21,1
samerandomusername,stickyfantastic,1
samgoldway,yourresidentferal,1
saml23,ex0ll,1
samolonxd,yourresidentferal,1
samrobotsin,haklis,1
samstsint,yourresidentferal,1
samtdzn_pokemon,cuphat,1
samtdzn_pokemon,gimlionthehunter,1
samurian4,philgraves75,1
san4311,azerius94,1
san4311,kingorgnum,1
san4311,oldgromm,1
san4311,olvekstoneheid_2006,1
san_slugdog,ex0ll,1
sanaera_,beneficial-boat-5688,1
sanaera_,bloodshot_22,1
sanaera_,burgamerx,1
sanaera_,ceelingfan2,1
sanaera_,doug4130,1
sanaera_,happy_yogurtcloset_2,1
sanaera_,peerlesspixie,1
sanaera_,psa_lilsouth,1
sanaera_,syfer_husker,1
sanaera_,voidkusho,1
sanavix,exhvoid,1
sanchopanzor,briaria,1
sanctions23,bartleby1407,2
sanctions23,sepiabane,1
sandpigeon,07ghost_protocol99,1
sandpigeon,chunkyhut,1
sandpigeon,fitsu,1
sandra2104,alexandervolk,1
sandra2104,philgraves75,1
sandtoast,coffeechickencheetos,1
sandtoast,dinokickflip,1
sandwichesareamoral,aoo2imptrip,1
sandwichesareamoral,outie_fact_checker,1
sandwichesareamoral,overwatcher_leo,1
sandwichesareamoral,sparkinx,1
sandwichhour5988,zakaryyxo,1
sangedeetaur,competitiontop7504,1
sanistz,jester-joe,1
sankto,blorgenheim,1
sankto,dxsterlxnd,1
sankto,guypoope,1
sankto,ragnorr,1
sanlayme,philgraves75,1
sanso14,kryptyx,1
saphienne,tehcharo,3
saphienne,turtvaiz,1
sapitntapit,yourresidentferal,1
sapphire_onyx,teenoc,1
saracus,ugaeismyamongusname,1
sarcasm__tone,majestichope9285,1
sarcophagusgravelord,plastic-courage6537,1
sarefx,aleph_rat,1
sarefx,ixmyth,1
sargerassasshole,myusername2459,1
sargerassasshole,southern-march1522,1
sargerassasshole,teenoc,1
sargetheseagull,guilty-carry-wrea,1
satisfactionfit2040,princewinter,1
saturn_winter,dasjtrain557,1
saxong,ama5564,1
saxong,kingofgama,1
saxrohmer,constant-excuse-9360,1
sayraysf,muntaacas,1
sayurisaki,crazydiamondqueen,1
sayurisaki,demo-ness,1
sayurisaki,stormraughtz,1
sayurisaki,v1perz53,1
sazhattack,lenyor-rr,1
sazhattack,renndorei,1
sazhattack,turtvaiz,1
sazhattack,varanae,1
scantron2739,aurum_t,1
scapiti,minimaxir,1
scarred_wizard,considerationtall697,1
scarred_wizard,intelligent-net1034,1
scarred_wizard,mtdt1,2
scary_ad_913,ravenangel42,1
scarysai,early_conflict_160,1
scavatemyarms,lordlacaar,1
scavatemyarms,shiva-,1
scavatemyarms,tebwolf359,1
sch4lly,oliferro,1
schardon,amazing_internal6334,1
schardon,apathyking8,1
schardon,peliss,1
schmuder2k14,aaroknightus,1
schneptune,adrtheman,1
schnitzelbro,darooi,1
schnitzelbro,janner_10,1
schnitzelbro,tenezill,1
schogegessenjojo,karlfrednvlad,1
science_logic_reason,glitteringchipmunk21,1
science_logic_reason,likeviolence,1
science_logic_reason,princewinter,1
scientistsanta,ghostinthereins,2
scobbieru,kinzo149,1
scoliid,unfixable5060,1
scornfulchicken,orett_,1
scorpdelord,congress-is-a-joke,1
scorpdelord,glitteringchipmunk21,1
scorpdelord,gloomy_material_8818,1
scorpdelord,haklis,1
scorpdelord,jaggiboi,1
scorpdelord,philgraves75,1
scottiedagolfmachine,yourresidentferal,1
scotty8319,akeeneyedguy,1
scovin,primordial-pineapple,1
scrapbookee,acrobatic_airline605,1
scribblord,haklis,1
scrizzed,yourresidentferal,1
scud121,bigglez1995,1
scud121,comradecabbage,1
scud121,noojas,1
scuffdude,--_-_---_-_-_,1
scullytude,guilty-carry-wrea,1
sculptingmisanthrope,ok_librarian4139,1
scumfacekid,yourresidentferal,1
scumlord69,azerius94,1
scumlord69,mclemente26,1
scuzzgasm,meanoron,1
scuzzgasm,razekdpp,1
scyllakone,philgraves75,1
scytheex,abyssalanarkay,1
scyths,arthodel,1
sea-particular-140,omfgitsbob,1
seaadditional218,acky1425,1
seadsead,disastrous-mess-3538,1
searing_o-ring,early_conflict_160,1
searing_o-ring,stew_fondu,1
sechlainn,old_resident8050,1
secret-variation-154,abyssalanarkay,1
secret_future_5387,whatifyoudidtho,2
secretic,zakaryyxo,1
secretreddname,mysterious-mall3756,1
secretreddname,thatguyfromthem0vie,1
secretreddname,tuesti7c,1
segrand,acrobatic_airline605,1
sehjlau,philgraves75,1
seikss,fjoes,1
sekouu,grafiker45,1
select_reply,alexandervolk,1
select_reply,user3170,1
selectcommunity3519,olvekstoneheid_2006,1
seletara,nativo1,1
seletara,therozorg,1
seletara,yourresidentferal,1
selfinteresting7259,angelpunk18,1
sellbad_bro420,-googlrr,1
sellbad_bro420,-wb-spitfire,3
sellbad_bro420,alaskandruid,1
sellbad_bro420,automoderator,1
sellbad_bro420,culteonofjolteon,1
sellbad_bro420,pecimpo,1
selthora,plastic-courage6537,1
semasta,early_conflict_160,1
semour9,aqual07,1
senavii,mainmorte,1
sendmenudesthough,moosplauze,1
senes_,lyphegames,1
senior_glove_9881,rangersfan121,1
senior_professor2623,siraurian,1
sennkoh,acrobatic_airline605,1
sennkoh,indig3o,1
sennkoh,stew_fondu,1
senor_kim_jong_doof,alparker91,1
senor_kim_jong_doof,poptartdragonfart,1
senor_kim_jong_doof,wakeup_andgetready,1
senreus,bismothe-the-shade,1
sensitive_cup4015,olvekstoneheid_2006,1
sentrux,yourresidentferal,1
sephger,exhvoid,1
sepsev7n,masam10,1
seradima,yourresidentferal,1
serafno,dnoire726,1
serafno,gilrim,1
serafno,norwegianwhiteeagle,2
serbianshitstain,adgroundbreaking3566,1
serbianshitstain,kyleeverett,1
serbianshitstain,masahikokobe,1
serbianshitstain,oxyfire,1
serendipittee,grafblaffer,1
serfalon,turtvaiz,1
serious-effort4427,sakuraforhokage,1
serious-willow-4668,majestichope9285,1
seriousjenkin,drain_surgeon69,1
seriousjenkin,ex0ll,1
seriousnessperson,siarx,1
seripithus,azerius94,1
sern-contractor837,leotargaryen,1
sernamenotdefined,majestichope9285,1
serpens77,ambivalentcat,1
serpentrain,cstwig,1
serpentrain,justanotherpoopdick,1
serpentrain,kroick,1
serpentrain,toushiru,1
serphthevoltar,flamewlkr,1
serphthevoltar,glass_buyer_6887,1
serphthevoltar,mbdjd,1
serphthevoltar,meowing-to-the-stars,1
serphthevoltar,snoomacaroons8650,1
serphthevoltar,traditional-roof1984,2
sethdoessomestuff,omfgitsbob,1
sethgoodtime,early_conflict_160,1
seven_irons,stormraughtz,1
several_concert1842,temporalspleen,2
severe-bottle7749,exhvoid,1
severereindeer6989,tmr1331,1
severnn310,tehquilamockingbirb,1
sevulturus,complexentertainer13,1
sevulturus,nippys4,1
sevulturus,tigrerojo_continued,1
sffau,d0lphin_,1
sgt-rawbeef,brakndawnt,1
sgtbainbridge,considerationtall697,1
sgtrama,biodegradable_atgms,2
sgtzimm24,acrobatic_airline605,1
sh4rp27,simplytoaskquestions,1
shaanuja,owoegano_evolved,1
shabby-couture,briaria,1
shadeo11,cubonelvl69,1
shadeo11,merc08,1
shadeo11,objective-neck-2063,1
shadeo11,zenroc,1
shadeol,jammypanda,1
shadostevey,congress-is-a-joke,1
shadow-of-xavius,sytt1,1
shadow555,acky1425,1
shadow555,considerationtall697,1
shadow555,intelligent-net1034,1
shadowblade55,turtvaiz,1
shadowchaoz,hellomyfren6666,1
shadowofthepastfin,couchshredder30,1
shadowofthepastfin,early_conflict_160,1
shadows_over_tokyo,silus2v,3
shadows_over_tokyo,yourresidentferal,1
shadowthecatxd,yourresidentferal,1
shadowvermin,fox112,1
shadwcatt,ex0ll,1
shafara,_verybad_,1
shahadann,gelagua1,1
shahadann,tiny-sand3229,1
shahadann,warno3941,1
shakanalily,fullerbay,2
shakanalily,sniperfrogdx,1
shalathewise,newcaravan,1
shalelor,azerius94,1
shalelor,fukkwitgalore,1
shalelor,mathematiciansame466,1
shalelor,tonicpower2,1
shalelor,ugaeismyamongusname,1
shalnath,asdfzxcbasdf,1
shambhala87,henryeaterofpies,1
shamboi,gullible_spell7057,1
shamboi,yourresidentferal,1
shameful-wretch,vanilla_disco,1
shamscam,powerful_equipment84,1
shanergt,ex0ll,1
shanergt,repulsive-camel1533,1
sharelegitimate,craftydrews,1
sharkman254,majestichope9285,1
sharp-kun,teenoc,1
sharp-variety-8140,inside_signal_2715,1
sharpstrawberry4761,sandtoast,1
shashara,donotgreg,1
shaun056,burgamerx,1
shaun056,chunky_bloody_queefs,1
shaun056,primordial-pineapple,1
shaurendev,bartleby1407,1
shawnikaros,ugaeismyamongusname,2
shawrytv,incognito_side,1
shaysauce,electrical_pop_2850,1
shellye89,repulsive-camel1533,2
shenloanne,early_conflict_160,1
shenloanne,wallzballz89,1
shenloanne,ztwentythree,1
sherbimsly,primordial-pineapple,1
shezarrine,eymm,1
shifthappens95,yourresidentferal,1
shillen,raefwolfe,1
shimoxxkuma,martindeth,1
shinijenkins19,briaria,1
shiningstefa,turtvaiz,1
shinmushagundam,chilledchaos,1
shinyjaker,turbulent-neat-624,1
shise_remilia,sindanil420,1
shiva-,apprehensivegold2773,1
shivd91,pancauldenassuack,1
shivie78ttv,syfer_husker,1
shiya_angel,glittering_ad_9547,1
shizocks,archensix,1
shizocks,dahkeus3,1
shizocks,mazi710,1
shizocks,mountain_film8737,1
shizunenjoyer,early_conflict_160,1
shleepo,kingorgnum,1
shmullus_jones,acrobatic_airline605,1
shmullus_jones,gotverd,1
shneckos,aurum_t,1
shneckos,pandeyxo,1
shneedleinthewoods,kinzo149,2
shoppingpractical373,plastic-courage6537,1
shortbusbully,majestichope9285,1
shot-maximum-,alex_is_always_right,1
shot-maximum-,brilliant_lobster213,1
shot_leopard_7657,legallykat,1
shot_leopard_7657,traditional-roof1984,1
shrapnel_sponge,olvekstoneheid_2006,1
shrapnel_sponge,svenberit,1
shuestar373,teenoc,1
shuricangg,oglilptownfunk,1
shutupruairi,thirteenthpyramid,1
si-jo0159,alexsandr13,1
si-jo0159,symphonicstorm,1
si3ra,burgamerx,1
sicklegirl,orett_,1
sidnumair,aleexavee,2
sidnumair,ka_yu,1
sidnumair,yadaya555,1
sidurg,khaosfury,1
sidusidie,majestichope9285,1
sightblind,frosty_ingenuity5070,1
sightblind,manatidederp,1
sigler21,aqual07,1
signafteragreement,marco_polaris,1
significant_mouse_25,residentwaifu,1
siilverdruid,buscandomiyagi,1
siilverdruid,goldtension6401,1
silent_killer093,vsloki,1
silent_priority7463,turtvaiz,1
silent_priority7463,tykero,1
silenthillsunderland,abyssalanarkay,1
silentleader,teenoc,1
silist,mousepad1212,1
silly_photograph3429,ok_librarian4139,1
sillyboo,ugaeismyamongusname,1
sillymouse10007235,chilledchaos,1
silmarilen,gangsir,1
silmarilen,temporamoras,1
silmarilen,vucialwonderland,1
silraith,allegrian,1
silraith,sorry_wrongdoer_7168,1
silus2v,imhullu,1
silus2v,shadows_over_tokyo,1
silus2v,yourresidentferal,2
silverclaw-478,oglilptownfunk,1
silverhop,yourresidentferal,1
silverscreemer,yourresidentferal,1
simaster27,spachi1281,1
simple_emotion_3152,eymm,1
simple_emotion_3152,lorddeejus,1
simple_emotion_3152,meltingpenguinsprime,1
simply_noone,exhvoid,3
simplytoaskquestions,caparros,1
simplytoaskquestions,dailythrowawayn634,1
simplytoaskquestions,eatbacon247,1
simplytoaskquestions,fukkwitgalore,1
simplytoaskquestions,philgraves75,1
sindanil420,itsjustreen,1
sindanil420,ugaeismyamongusname,1
sindanil420,zoroastrianmk,1
sinfuloracle,domfakker37,1
singerlost5641,flosus,1
singerlost5641,perhizzle,1
sintalore,exhvoid,1
sir-himbo-dilfington,old_resident8050,1
sir_ratthew,yourresidentferal,1
sirallenss,xandril,2
siraurian,majestichope9285,1
siraurian,yourresidentferal,2
sirchancelot11,omfgitsbob,1
sirepuns,lezzles,1
sirepuns,picard2331,1
sirfannypack,affectionate-let3744,1
sirfannypack,howzitgoin,1
sirfannypack,kinzo149,1
sirfannypack,nech-ro,1
sirfannypack,ztwentythree,1
sirhc_5509,rubyurek,1
siridar,early_conflict_160,1
sirknlghtmare,ztwentythree,1
sirspot86,dinokickflip,1
sirzapzalot,highwaymedical864,1
sirzapzalot,omfgitsbob,1
siscorskiy,fjoes,1
sissyfreelove,ocronus,1
sissyfreelove,turtvaiz,1
sithlordx666,frog-eater,1
siukslinis_acc,mountnsntrees,1
siukslinis_acc,skolcialism1,1
sixial,arthodel,1
sjaak1234,yourresidentferal,1
sjccb,old_resident8050,1
skaflok,yourresidentferal,1
skardray,darury,1
skardray,ex0ll,1
skdreams,acrobatic_airline605,1
skdreams,ulfgeirr88,1
skeleton-is-alive,turtvaiz,1
skellyhell2,spider_queen13,1
skeloton2k6,briaria,1
skiller2b,ambivalentcat,1
skillexception,notmiefault,2
skinnygenez,tigrerojo_continued,1
skinnysnappy52,mikal996,1
skitzat,znuffie,1
skolcialism1,_not_a_vampire_,1
skolcialism1,alexandervolk,1
skolcialism1,meikos,1
skolcialism1,my0445316,1
skolcialism1,paragonx1989,1
skolcialism1,winstonbabar,1
skoll_135,eveningtraffic2649,1
skore_smogon,hammerofbonking,1
skore_smogon,monrar,1
skunktruk,cstwig,1
sky19234,afl0ck0fg0ats,1
skylam,blubbpaule,2
skylam,kelfupanda,1
skyshroud6,lordlacaar,1
skyshroud6,minimaxir,1
skyshroud6,ugaeismyamongusname,1
slackwalker,ghostinthereins,1
slamminsamr,fjoes,1
slania227,ex0ll,1
slapphanen,canuckpanda,2
slapphanen,iwo607,1
slapphanen,personal-answer-4703,1
slarkessc,luchadorbane,1
slarkessc,soggytoasttime,1
slarkessc,svenberit,1
slatekos,gotverd,1
slats_grobnik,gilbert1242,1
slats_grobnik,plastic-courage6537,1
slayermojo,early_conflict_160,1
slaylay,foxdknight,1
slaymaker1907,bigd175,1
slaymaker1907,hiimred2,1
slaymaker1907,new-bodybuilder8566,1
slaymaker1907,no-palpitation6707,1
sleepyfellow44,lats9,1
sleggerthorn1909,sandtoast,1
slejhy,howzitgoin,1
slendeaway,bronstin,1
slight-efficiency-76,yourresidentferal,1
slightlybored13,acrobatic_airline605,1
slightlybored13,mustangbex,1
sligstata,thatguyfromthem0vie,1
slimeywrack,kinzo149,2
slo7h,fjoes,1
slorx7,spooche,1
slothmanjimbo,ex0ll,2
slothsushii,philgraves75,1
slothwithsunglasses,indusnoir,1
slouchyguy,brokebackmountdoom,1
slouchyguy,doomyhowlinkun,1
slouchyguy,minimaxir,1
slouchyguy,plus_singer_6565,1
slouchyguy,punsnotincluded,1
slouchyguy,tired_and_fed_up,1
slouchyguy,truffles413,1
slow_challenge_62,drewcookies,1
slowthebow,ka_yu,2
slrrp,minimaxir,1
slrrp,philgraves75,1
sluaghlock,fionasilberpfeil,1
sluaghlock,myusername2459,1
sluaghlock,orett_,1
sluaghlock,ravenangel42,1
sluaghlock,zoobloo7,1
slugggo,kinzo149,1
slumlordthanatos,sirepuns,1
slurrper,anilemm,1
sluzi26,kinzo149,1
sm00tharsenal,ugaeismyamongusname,1
sm0ketrail,spider_queen13,1
sm733,yourresidentferal,1
smallz86,ggallardo02,1
smarifyrur,early_conflict_160,1
smart_finger_3491,azerius94,1
smitchers,lats9,1
smo5,yourresidentferal,1
smoggyspectere,baigelsx,1
smokedaweeeeds,nech-ro,2
smoothy-y,majestichope9285,1
smuchz,yourresidentferal,1
snabbjaekel,melanieavellano,1
snackygoat,bosox92,1
snakebite-2022,conksalot,1
snakebite-2022,ugaeismyamongusname,1
snakejobin,shot_dish6276,1
snaozbaoz,yourresidentferal,1
snaxrael,whatthehellman2,1
snck_pck,acrobatic_airline605,1
snck_pck,howzitgoin,1
snck_pck,kaori_ino,1
snck_pck,phalanx976,1
sneakatoken,majestichope9285,1
sneaky_rhin0,drain_surgeon69,1
sneaky_rhin0,staran,1
sneezyo,noattorney3896,1
sneezyo,standard_cut_6115,1
sneezyxcheezy,minimaxir,1
snelephant,yourresidentferal,1
snes-1990,abyssalanarkay,1
snes-1990,dinokickflip,2
snigglejake,lord_teaspoon,1
snikaz,theworclown,1
snipamasta40,belpheegor,1
sniperfrogdx,fullmotionvideo,1
sniperu,caronry,1
snoobeans5652,sagelain,1
snoobunnies9694,kimjongkung,1
snoobunnies9694,makkii62391,1
snoobunnies9694,rydil00,2
snoocupcakes1241,mcfigroll,1
snoomacaroons8650,objective-error1223,1
snoomacaroons8650,zordie360,1
snorlaxchef,olvekstoneheid_2006,1
snow_b_wan,canadiandinosaur,1
snowpoint_wow,tigrerojo_continued,1
snugzz,dnoire726,1
snukb,mountain_film8737,1
snukb,pohoferceni,1
snypervii,majestichope9285,1
snypervii,thirteenthpyramid,1
sobeman,rcoop020,1
sobeman,teenoc,1
sobeman,turtvaiz,2
socatoas666,yourresidentferal,1
sociallyawkwardsnake,teenoc,1
sociocat101,aurum_t,1
sofaking1133,nech-ro,0
soft-adagio-9734,aqual07,1
soggy-assistant2855,abyssxkenzo,1
soggy_porpoise,teenoc,1
soggytoasttime,svenberit,1
solavitae,turtvaiz,1
solecis,blackberrybeanz,1
solecis,glitteringchipmunk21,1
solecis,icy_society4665,1
solidsky,cstwig,1
solry3,korderon,1
solventlessherbalist,loud-educator-5443,1
solventlessherbalist,philgraves75,1
solventlessherbalist,unius_,1
solventlessherbalist,yourresidentferal,1
som12h8,azerius94,1
some-opportunity7015,why_is_grass_green,1
some1todisagreewith,a_singular_perhap,1
some_deer_2650,biodegradable_atgms,1
some_society_7614,_verybad_,1
some_troll_shaman,ex0ll,1
somegirl03,early_conflict_160,1
somej0e,shambhala87,1
somewhaleman,yourresidentferal,1
somniumov,gangsir,1
somniumov,mazgill,1
somniumov,safi_89,1
somrin,constant_bench_7057,1
somrin,lord-momentor,1
son_of_morkai,olvekstoneheid_2006,1
songsecret6875,yourresidentferal,1
sonicneedslovetoo,0rphu,1
sonicrules11,azerius94,1
sonicrules11,teenoc,1
sonofbaal_tbc,primordial-pineapple,1
sonokiabutsu,material-jacket-6878,1
sonunjon,bulbasaurite,1
soppywaffle,itchyscales,1
sora_terumi,olvekstoneheid_2006,1
sora_terumi,philgraves75,1
sore_elbow,thefrayedends,1
sori75,exhvoid,1
sorry-landscape-8700,yourresidentferal,2
sorry-light-2378,exhvoid,2
sorry_wrongdoer_7168,svenberit,1
sosmartish,stew_fondu,1
soulrayze,justanotherpoopdick,1
soulsleep,ch_limited,1
sourcefour,dinkwinkle,1
southern-march1522,haklis,1
sowhereismydream,ex0ll,1
sozarinya,monkpawfire,1
spacemonkeybravo,mathematiciansame466,1
spacesnailee,yourresidentferal,1
spacexhoe,yourresidentferal,1
spachi1281,beneficial-boat-5688,1
spachi1281,material-jacket-6878,1
spachi1281,superbeast423,1
spaghettinyeetballs,athrasie,1
sparkii_exe,wrexxis780,1
sparkii_exe,yourresidentferal,1
sparkinx,biscuit_wos,1
sparkinx,justanotherpoopdick,1
sparkinx,legallykat,1
sparkinx,teenoc,1
sparkly_crow_1789,mainmorte,1
sparkly_crow_1789,majestichope9285,1
sparrow1989,difficult_section_46,1
sparrowgb,briaria,1
sparrowgb,isolated_hippo,1
spartaxwarrior,fantastic-fee-1999,1
spasios,yourresidentferal,1
special_expert_222,lats9,3
special_grapefroot,haklis,1
specialistunlikely73,--_-_---_-_-_,1
specific_frame8537,early_conflict_160,1
specific_frame8537,stew_fondu,1
specificunlucky3260,gotverd,1
specter2k,glitteringchipmunk21,1
specterdeflector92,ex0ll,1
speed231,galinhooo,1
spekkorage,wollsockenvonoma,1
spellninja,burgamerx,1
spelvout,turtvaiz,1
spendyt,philgraves75,1
spider_queen13,early_conflict_160,1
spideraxe30,sazhattack,1
spiderdk1,alexandervolk,1
spiderdk1,fjoes,1
spiderdk1,philgraves75,1
spiltprangejuice,wavefunctionp,1
spiral-knight,an_actual_bucket,1
spiral-knight,chalupakabra,3
spirited_mechanic731,stew_fondu,1
spiritual_big_7505,gotverd,2
spiritual_payment940,mazi710,1
spiritualad1837,early_conflict_160,1
spl4sh3r,ex0ll,1
splatomat,fjoes,1
splatter_spree,bartleby1407,1
splintzer,lion11037,1
splintzer,puritano-selvagem,1
splodingseal,primordial-pineapple,1
spoksparkare,olvekstoneheid_2006,2
spooche,haklis,1
spotak,abyssalanarkay,1
spraguenator,maxhardwood,1
spraguenator,swiftzor,1
spriggz_z7z,ex0ll,1
spriggz_z7z,glitteringchipmunk21,1
sprucemuse,acrobatic_airline605,1
sprucemuse,beneficial-boat-5688,1
sprucemuse,yourresidentferal,1
spunkmckullins,dinokickflip,1
spunkmckullins,erinlah_,1
spunkmckullins,happythoughts33,1
spunkmckullins,olvekstoneheid_2006,1
spunkmckullins,putinha21,1
spyreon,turtvaiz,1
sqf,cougey,1
squadel,hungryvito_,1
square_dry,chilledchaos,1
squash-false,early_conflict_160,1
squat551,jazusa03,1
squeeches,nachoaveragetamale,1
squery7,yourresidentferal,1
squigley78,acrobatic_airline605,1
squigley78,lats9,1
squishybloo,gloomy_material_8818,2
squishybloo,xforeignmetal,1
st-shenanigans,muriden,1
st34khouse,exhvoid,1
standard-pilot7473,wung,1
standard-sleep-1573,gotverd,1
standard_cut_6115,brilliant_lobster213,1
standardizedgenie,klatelbat,1
standardizedgenie,turtvaiz,1
standardredditor456,yourresidentferal,1
stanthemanbaratheon,jglasscannon94,1
stanthemanbaratheon,justanotherpoopdick,2
staplepies,lord0fhats,2
staran,ka_yu,1
staran,sneaky_rhin0,1
staran,yourresidentferal,1
starveiled,caelemleaf,1
staschman,nech-ro,1
stay_zero247,olvekstoneheid_2006,1
stay_zero247,renndorei,1
stayka,turtvaiz,1
steamdrice,yourresidentferal,1
steathrazor,azerius94,1
steathrazor,ex0ll,1
steathrazor,philgraves75,1
stefffe28,madmarx__,1
steini3000,owndownd,1
stellardecay,acrobatic_airline605,1
stelle8,timekeeper98,1
stew_fondu,blueberryrockcandy,1
stew_fondu,impressive-name7601,1
stew_fondu,kababalan,1
stew_fondu,sennkoh,1
stew_fondu,waffle0calypse,1
stewtonius,eodiedjd,1
stickministeren,icy_society4665,1
sticky-gazelle,turtvaiz,1
stickyfantastic,samerandomusername,1
stiligfox,majestichope9285,1
still-expression-71,fjoes,1
still-potato-3189,fukkwitgalore,1
stinkydiaperman,majestichope9285,1
stodds13,yourresidentferal,1
stoicmori,yourresidentferal,1
stoked-and-broke,necrid101,1
stoleyk,deviljanya,1
stoleyk,gloomy_material_8818,1
stoleyk,haklis,1
storage_god,competitiontop7504,1
storage_god,teenoc,1
storm_dancer-022,turtvaiz,1
stormbeastrivin,alparker91,1
stormbeastrivin,icy-philosopher-5067,1
stormbeastrivin,imalloutofbubblegums,1
stormclawseuw,mitarrex,1
stormdragonalthazar,ztwentythree,1
stormik,glitteringchipmunk21,1
stormik,why_is_grass_green,1
stormraughtz,daleabbo,1
stormraughtz,turtvaiz,1
stoutkeg,ktmpanda,1
stoutkeg,mlmcmillion,1
straight-fox-9388,turtvaiz,1
straightad689,early_conflict_160,1
straightad689,valderhide,1
strangeassonance,redtherobot,1
strangeassonance,tairgire,1
strangeassonance,zalternates,1
strat7855,turtvaiz,1
street-two1818,breakeverychain,1
strepitoso,oscarmanxz,1
stretchylemon,svenberit,1
strigidae_autumnus,nathanbrotherbob,1
strong-world-5749,navexeu,1
strong_cucumber,no-sky-479,1
strong_proposal5200,xantholne,1
strongasants,early_conflict_160,1
structureel,jester-joe,1
structuremage,indusnoir,1
strykehammer,early_conflict_160,1
stuffedsnowowl,typedinthebox,1
stuisready,moht81,1
stuisready,yelloxman,1
stunning_arm_96,yourresidentferal,1
stuperstrong,onebadger7469,1
stupidbabycomparison,theoliveyeti,1
stutzi155,znuffie,1
su1cidal_fox,gloomy_material_8818,1
subject_yam4066,majestichope9285,1
sublym,conelley,1
substantial-newt-257,_clever_reference_,1
substantial-newt-257,inside_signal_2715,1
substantial-newt-257,philgraves75,1
subthebeast,owoegano_evolved,1
subvertu,yourresidentferal,1
subwaydeer,allegrian,1
successful-ad-6259,primordial-pineapple,1
successful_battle665,olvekstoneheid_2006,2
successful_divide126,danthepaladin,1
successful_yellow285,vio94,1
successfulice6855,aliyah_hs,1
successfulice6855,eymm,1
successfulice6855,random-recon,1
successfulice6855,thirteenthpyramid,1
suchtattedhands,syfer_husker,1
sudoscientistagain,imaginaryad6499,1
suffelix,no-breadfruit6137,1
sufficient_gur1168,thesmallestplap,1
sufficient_school_17,blubbpaule,1
sufficientbreakfast1,philgraves75,1
sugemipulacum,philgraves75,1
sugmuhdig19,drakonild,1
suitable-turn-4727,early_conflict_160,1
suitable_half_7830,no_operation_5279,1
suitboat,early_conflict_160,1
sujesmi,hitboxcomics,1
sujesmi,minimaxir,1
sujesmi,philgraves75,1
sulination1234,segrand,1
sulination1234,yourresidentferal,1
sunderstar,everlastingevening,1
sunderwire,--_-_---_-_-_,1
sunderwire,hbgsmokes,1
sunflowerpetbattler,svenberit,1
sunitisim,yourresidentferal,1
sunshado,chortney,1
sunshado,peregrine2976,1
sunshado,steathrazor,1
sunshado,zordie360,1
super_flywhiteguy,primordial-pineapple,1
superb_page8825,fjoes,1
superb_raspberry_511,indusnoir,1
superbeast423,aspix69,1
superbeast423,spachi1281,1
supercell2o2,gullible_spell7057,1
superfadeaway,ilikebreadsticks,1
superfadeaway,jurke39,1
superjbird10,mafiohz,1
superjbird10,philgraves75,1
supermadafaker40,early_conflict_160,1
supersalv,electrical_rich_7289,1
supertramp1808,syfer_husker,1
superwhovianfreak,cmaturk,1
support_player50,jt99-firstballot,1
support_player50,kerthard,1
support_player50,logicbox_,1
support_player50,mrkeeeler,1
support_player50,ozok123,1
support_player50,rugged_as_fuck,1
supreme_salt_lord,plastic-courage6537,1
supreme_salt_lord,ugaeismyamongusname,1
surprisesharp7139,jadmonk,1
suspicious_hamster70,yourresidentferal,1
suspicious_key,early_conflict_160,1
svarok_na,ex0ll,1
svenberit,comfortable_debt_357,1
svihelen,yourresidentferal,1
swarlesbarkleyyyyy,yourresidentferal,1
sweaty_assignment_20,tonicpower2,1
sweep71,cephles,1
sweet_painting9451,graf_rotz,1
sweetextract,constellar-a,1
swendos,pastsolid,1
swerakii,reasonable-weekend99,1
swert0,border_of_water,1
swert0,cplus902,1
swert0,distinctnewspaper791,1
swert0,zangetsen,1
swervot3k,zordie360,1
swiftzor,hrekires,1
swiftzor,jaegerjaquez25,1
swiftzor,marsjust,1
swiftzor,spraguenator,1
swimming_astronomer9,menatwo,1
swisscheeseischess,alternative_most9,1
sword_n_board,falconpunch9898,2
swordsandnumbers,saelora,1
swordsfish,exhvoid,2
sy_husky,amazing_internal6334,1
syberpank,ivvanovv,1
sydney12344,ciarenni,2
sydney12344,haklis,1
sydricvym,glitteringchipmunk21,1
syfer_husker,kethcup_,1
syfer_husker,lagom_kul,1
syltraul,amazing_internal6334,1
sylva748,gilrim,1
sylva748,russianbearfight,1
symphonicstorm,lats9,1
synersul,lucarin415,1
synnz22,pan151,1
synnz22,svenberit,1
synrg18,_verybad_,1
synrg18,any-transition95,1
synrg18,syfer_husker,1
synrg18,systemofcells,1
synrg18,teenoc,1
syntonization1,early_conflict_160,1
syrairc,lats9,1
syrif,falooda1,1
syrif,hermitxd,1
syrif,newtype06,1
syrif,ponweiponfarr,1
syrif,valderhide,1
systemofcells,after_particular1682,1
systemofcells,cakesbae,1
systemofcells,dopepanda42069,1
systemofcells,sumptinmagic,1
systemofcells,syfer_husker,1
systrance,aruhi,1
szansky,majestichope9285,1
szernet,azerius94,1
szuzsika,chunky_bloody_queefs,1
t0rchic,chemical-drawer852,1
t1dde,defiedgravity10,1
t_money,nob1e613,1
taco_cuisine,saphirmeer,1
tacobelle6990,ilizur,1
tactical_milk_man,huron_23,1
tactical_moth_girl,fabulous-copy-108,1
tadashi4,amazing_internal6334,1
tadashi4,fukkwitgalore,2
tadashi4,material-jacket-6878,3
tadashi4,mcfigroll,1
tadashi4,thatkindofnotbutyeah,1
taelonius,brokebackmountdoom,1
taetrum_peccator,anilemm,1
tairgire,moht81,1
takeasmoke,gotverd,1
takecaffeine,metacious,1
takecaffeine,unique-fisherman-645,2
takerustuff,primordial-pineapple,1
taleofdash,citytrialost,1
taleofdash,dabombdiggidy,1
taleofdash,gameleon,2
taleofdash,gullible_spell7057,1
taleofdash,kb3_fk8,5
taleofdash,kurraga,2
taleofdash,mclemente26,1
taleofdash,r3al_se4l,1
taleofdash,steathrazor,1
taleofdash,theoliveyeti,1
talilama,meesterchris,1
talkimas,jaegerjaquez25,1
talkimas,majestichope9285,1
tall_type7898,ex0ll,1
tallpiece8381,yourresidentferal,1
taluwen,majestichope9285,1
tamarins,50miler,1
tamarins,aurum_t,1
tamarins,turtvaiz,1
tameris,bluecrazy,1
tangelointelligent90,kaori_ino,1
tango_suckah,hellbirdvt,1
tango_suckah,majestichope9285,1
tanooki_91,ex0ll,1
tantesoesa,farorasf,1
tapczan100,ajaugunas,1
tapczan100,green_and_silver,1
tapczan100,ugaeismyamongusname,1
tapwater86,buzzcitybonehead,1
tapwater86,fun-memory5801,1
tapwater86,jsnex,1
tapwater86,mediocre_comb_1385,1
tapwater86,yourresidentferal,3
tar-vanimelde,lyric111,1
tarc_axiiom,a_confused_cocoon,1
tarc_axiiom,majestichope9285,1
tarc_axiiom,moaiman-ifest,2
tarc_axiiom,nishoba07,1
tarc_axiiom,typedinthebox,1
tarc_axiiom,wonkothesane13,1
tariovic,dicksanddixanddixon,1
tariovic,gotverd,1
tariovic,kelfupanda,1
tariovic,rappy28,1
tarumpro,cystonectae,1
tassadaradun,yourresidentferal,1
tatankaplays,automoderator,1
tatankaplays,gastly-muscle-1997,1
tatankaplays,xclbr1,1
tateybread,yourresidentferal,1
tattersail_nightwish,early_conflict_160,1
tau2896,craftydrews,1
taurenkey,turtvaiz,1
taurock,gloomy_material_8818,1
tavar35,olvekstoneheid_2006,2
taxmanbyday,dismalad2452,1
taylorwk,teenoc,1
tbag89,yourresidentferal,1
tboskiq,nunya0-0,1
tboskiq,syfer_husker,1
tbwtpt,graf_rotz,1
tbwtpt,jealous_row_6356,1
tcarlton2000,ka_yu,1
tconners,doctrinal_expletives,1
tconners,wildefaux,1
tealty,scumfacekid,1
teamashran,own-difference-693,1
teamcbags,lost-opportunity8425,1
teamdirtstar,olvekstoneheid_2006,1
teamoverload,educational-big-8471,1
teamoverload,pauczan,1
teamregime,yourresidentferal,1
teamrockin,lorddeejus,1
tebwolf359,darkhallows27,1
technical_leader8250,mental-fudge9845,1
technical_leader8250,ok-key5729,1
techwolf_lupindo,ozok123,1
teenoc,meowing-to-the-stars,1
teggie95,olvekstoneheid_2006,1
tegovernment,aurum_t,1
tegovernment,whollyunholy,1
tegovernment,wrexxis780,1
teh_hunterer,ztwentythree,1
tehcharo,cerruna,1
tehcharo,dangerous_bluebird54,3
tehcharo,laney_moon_,1
tehcharo,notapublicfundsleech,1
tehcharo,roerchen,1
tehcharo,sakiri1955,1
tehcharo,saphienne,3
tehcharo,turtvaiz,1
tehdpfan1,yourresidentferal,1
tehfono,drunkenbobdole,1
tehquilamockingbirb,limp_platypus_9424,1
tehquilamockingbirb,severnn310,1
tekken2,haklis,1
tekkensuks,acrobatic_airline605,1
telarr,early_conflict_160,1
telenorthegnp,early_conflict_160,1
tell_specialist,azerius94,1
temeter,olvekstoneheid_2006,1
tempacct20005,xlibur,1
temporaldoom,guilty-cook-4663,1
temporalspleen,yourresidentferal,1
temporamoras,glupscher,1
temporamoras,svenberit,1
temporamoras,yourresidentferal,1
temporary_war_6202,hrafhildr,1
temujindm,amazing_internal6334,1
temujinri,primordial-pineapple,1
tenehemia,_verybad_,1
tenehemia,poziomka35,1
tenezill,axxion89,1
tenezill,darooi,2
tenezill,schnitzelbro,1
tenezill,teenoc,1
tengentoppa,estagiariodaphilips,1
tenshiearth,varanae,1
tephrageologist,fatlillwilly,1
tepid-doughnut,isolated_hippo,1
terranmarine7,yourresidentferal,1
terri_gfw,darooi,1
terri_gfw,outie_fact_checker,2
terrible_chair_6371,majestichope9285,1
terrible_notice6019,aqual07,1
teruraku,erinlah_,1
terza3003,exhvoid,1
terza3003,wormsthehermit,1
tetrebius,thatnigakanary,1
teusa,abyssalanarkay,1
tf2hipster,public_opinion2723,1
tgiyb1,bewsii,1
thaeldis,allegrian,1
thaeldis,fates_doom,1
thaeldis,olvekstoneheid_2006,1
thaeldis,syfer_husker,1
thaeldis,zigzagzugzug,1
thalestris_aella,olvekstoneheid_2006,1
thamradhel,azerius94,1
thanag0r,arthodel,1
thanag0r,howzitgoin,1
thaodan,turtvaiz,1
that-grapefruit9196,yourresidentferal,1
that_is_the_one,philgraves75,1
thatdamntyson,whiskeyhotel83,1
thatguyfromthem0vie,50miler,1
thatguyfromthem0vie,advanced_vehicle_750,1
thatguyfromthem0vie,aritche,1
thatguyfromthem0vie,beefmytaco,1
thatguyfromthem0vie,biodegradable_atgms,1
thatguyfromthem0vie,bruisedmilk,1
thatguyfromthem0vie,caelemleaf,4
thatguyfromthem0vie,e-n-k-i-d-u-k-e,1
thatguyfromthem0vie,eymm,1
thatguyfromthem0vie,indig3o,1
thatguyfromthem0vie,km_the_frog,1
thatguyfromthem0vie,korderon,1
thatguyfromthem0vie,lepprechaun25,2
thatguyfromthem0vie,lyric111,1
thatguyfromthem0vie,mathren25,1
thatguyfromthem0vie,mrshilvar,1
thatguyfromthem0vie,oliferro,1
thatguyfromthem0vie,reead,1
thatguyfromthem0vie,russianbearfight,1
thatguyfromthem0vie,taurenkey,1
thatguyfromthem0vie,winstonbabar,1
thatguyfromthem0vie,yhvh13,2
thatguyfromthem0vie,zordie360,1
thatkindofnotbutyeah,acrobatic_coat722,1
thatkindofnotbutyeah,tommytehzombie,1
thatkindofnotbutyeah,traditional-roof1984,4
thatlongagony,boredum_allergy,1
thatnigakanary,primordial-pineapple,1
thatsbrownmagic86,ex0ll,1
thatwhichsmashs,dahkeus3,1
the-buns,angelpunk18,1
the-cynicist,lnk-cr-b82rez-2g4,1
the-fictionist,itsnowornever13,1
the-magic-sword,dc_flint,1
the-magic-sword,kao194,4
the-magic-sword,ktheonetrueking,1
the-magic-sword,muscle_squad,1
the-magic-sword,unlikely_minimum_635,2
the-oppressed,angelpunk18,1
the_bio,cloud_n0ne,1
the_crazy_bird_lady,blancjacques,1
the_crazy_bird_lady,brakndawnt,1
the_crazy_bird_lady,davelesh,1
the_crazy_bird_lady,drewpscrotzak,1
the_crazy_bird_lady,km_the_frog,1
the_crazy_bird_lady,mitchellangelo86,1
the_crazy_bird_lady,myopinionsucks2,2
the_crazy_bird_lady,newtype06,1
the_crazy_bird_lady,papanak94,1
the_crazy_bird_lady,papermoonskies,1
the_crazy_bird_lady,yourresidentferal,2
the_dodgy_doge,xxandes,1
the_drunken_sniper,quiet_warthog5088,2
the_ibz,ghostinthereins,1
the_mash,jester-joe,1
the_mattastrophe,olvekstoneheid_2006,1
the_micheab,ex0ll,1
the_pheex,exhvoid,1
the_pheex,gullible_spell7057,1
the_pheex,hendrytoothless201,1
the_pheex,mattdnd,1
the_pheex,minimaxir,1
the_pheex,taleofdash,1
the_pheex,teenoc,1
the_pheex,yourresidentferal,1
the_razielim,amazing_internal6334,1
the_razielim,ch_limited,1
the_real_giannis,afl0ck0fg0ats,1
the_real_giannis,chilledchaos,1
the_real_giannis,justanotherpoopdick,1
the_real_giannis,ugottjon,2
the_real_giannis,voidkusho,1
the_river_is_still,logicbox_,1
the_scrabbler,early_conflict_160,1
the_stuey,doug4130,1
the_stuey,metalbawx,1
the_sum,haklis,1
the_sum,teenoc,1
the_whorespondent,couchshredder30,1
theangrywhiteguy,kid-karma,1
thearbiteroforibos,dewhic,1
thearbiteroforibos,guilty-carry-wrea,1
thearbiteroforibos,real-emotion1874,1
thearbiteroforibos,schlitzlox,1
theardas,amethystlaw,1
theaserghui,sniperfrogdx,1
theberrymelon,teenoc,1
thebigchonka,althor2424,1
thebiggestnose,--_-_---_-_-_,1
thebiggestnose,alexandervolk,1
theblackbarth,yourresidentferal,1
thecapablefox,early_conflict_160,1
thechivmuffin,mathren25,1
thecody17,haklis,1
thecursedkraken,olvekstoneheid_2006,1
thedarkdragongod,yourresidentferal,1
thedisconnectedboy,yourresidentferal,1
thedizzydozer,personal-army-9493,1
thedouble,capemanjohnny,1
thedrummar,ugaeismyamongusname,1
thedumbyeti,turtvaiz,1
theffex,yourresidentferal,1
thefinaldeal,hammerhandle,1
theforgottenshadows,kentack,1
thefrayedends,bearlysane,1
thefrayedends,drakonild,1
thefrayedends,limp_platypus_9424,1
thefrayedends,mammoth_support_2634,1
thefrayedends,sore_elbow,1
thefrozenpoo,sagelain,1
thefunkygiboon,reddit_isbullsheet,1
thefunkygiboon,ugaeismyamongusname,1
thegamesacc,danlynch,1
thegamesacc,dc_flint,4
thegamesacc,gaatti,1
thegamesacc,worried-fish8250,1
theghostof90spast,cakeordeath1989,1
theghostof90spast,svenberit,1
theghostof90spast,teenoc,1
thegoodbroham,justanotherpoopdick,1
thegormal,haklis,1
thegreatkodo,yourresidentferal,1
thegreekorc,stew_fondu,1
thegreentactician,lats9,1
thehorribad,yourresidentferal,1
thejack38,majestichope9285,1
thejewishmerp,nangz,1
thejunkyvirus,combinationsalt9837,1
thejunkyvirus,ka_yu,1
thejunkyvirus,yourresidentferal,1
thekingofbeans42,glitteringchipmunk21,1
thekinkyguy,blury1,1
thekinkyguy,gloomy_material_8818,1
thekinkyguy,mog_varos,2
thekippie,lnk-cr-b82rez-2g4,1
thekiwicanadian,yourresidentferal,1
thelasttitan77,guilty-carry-wrea,1
thelitpotato57,yourresidentferal,1
thelittlekicks,automoderator,1
thelordofhell34,svenberit,1
thematt561,haklis,1
themeggaman,philgraves75,1
themickeywilson,kinzo149,1
themidistouch,mckeon1921,1
themindofafool,hatespeare,1
themoongazer,setidayeti,1
themorguedonator,yourresidentferal,1
themostyroastytoasty,darooi,1
themostyroastytoasty,periwinkleditor,1
themostyroastytoasty,turtvaiz,1
thenabi,objective-error1223,1
thenegotiator12,stormraughtz,1
thenidhogg,random-recon,1
thenidhogg,ravenangel42,1
thenidhogg,setidayeti,1
thenightturtle,cstwig,1
thenumberpurplee,xandril,3
theoliveyeti,cstwig,1
theoliveyeti,el_duderino_22,1
theoliveyeti,stupidbabycomparison,1
theoliveyeti,substantial-newt-257,1
theoliveyeti,turtvaiz,1
theoliveyeti,wtf-meight,1
theotheradalger,weakchocolate6625,1
thepewpewdude,fleymour,1
thephoenixdarkdirk,aurum_t,1
thepostmanest,echil46,1
theradox,kinzo149,1
theradox,kroggol,1
theradox,new_excitement_1878,1
theradox,no-buddy4783,1
therakuzan,kingorgnum,1
theraven476,eatbacon247,1
therealcallipygian,primordial-pineapple,1
therealmistersister,jammypanda,1
therealmistersister,teenoc,1
therealmistersister,turtvaiz,1
therealsalsaboy,turtvaiz,1
therobert428,avarus_88,1
therobn8,migrainebutter,1
therobn8,primordial-pineapple,1
theronas,foxjdr,1
theroyalsniper,azerius94,1
therozorg,seletara,1
therozorg,weaknesspast2067,1
these-arachnid-6641,hunteddwumpus,1
these-arachnid-6641,louisgkun,1
theshadowfoxx,rocteruen,1
theshoover,thepewpewdude,1
thesmallestkitten,dinkwinkle,1
thesmallestkitten,el_duderino_22,2
thesmallestplap,yourresidentferal,1
thesteve8686,acrobatic_airline605,1
thesyhr,arqe_,1
thethighlama,its-not-that-hard,1
theunbearablebowler,early_conflict_160,1
theurge14,derprunner,1
theurge14,mainfrym,1
theurge14,mechanicarts,2
thevagrantwarrior,turtvaiz,1
thewolfwiththedragon,omfgitsbob,1
thewookiee34,sirchancelot11,1
theworclown,angelpunk18,1
theworclown,kuldrick,1
theworclown,mafiohz,1
theworclown,magik160,1
theworclown,nervouscranberry47,1
theworclown,perodis,2
theworclown,primordial-pineapple,1
theworclown,scavatemyarms,1
theworldendswithhope,omfgitsbob,1
theworstdmyouknow,jaegerjaquez25,1
theworstdmyouknow,thirteenthpyramid,1
thewreckingtater,blubbpaule,1
theycallmetranq,early_conflict_160,1
thezebrawizard,cougey,1
thezentail,abyssalanarkay,1
thezuppaman,orett_,1
thick_act6975,ex0ll,1
thick_elk_120,migrainebutter,1
thiefmortreapersoul,darkoblivion,1
thiefmortreapersoul,mbdjd,1
thiefmortreapersoul,wollsockenvonoma,1
thiirry,early_conflict_160,1
thin_coyote_8861,stew_fondu,1
thingummyjig,dyrusforpresident,1
thirleck,nech-ro,1
thirteenera,abyssalanarkay,2
thirteenera,amelaclya1,2
thirteenera,aspix69,1
thirteenera,blubbpaule,1
thirteenera,lonely-muse,1
thirteenera,moht81,1
thirteenera,own-difference-693,1
thirteenera,winstonbabar,2
thirteenthpyramid,altyrmadiken,5
thirteenthpyramid,beardedbear696,1
thirteenthpyramid,dinokickflip,2
thirteenthpyramid,dyrusforpresident,9
thirteenthpyramid,imabout2combust,1
thirteenthpyramid,imisstheapolloapp7,1
thirteenthpyramid,iwillnotpost8004,1
thirteenthpyramid,minimaxir,2
thirteenthpyramid,snypervii,1
thirteenthpyramid,successfulice6855,1
thirteenthpyramid,theworstdmyouknow,1
this_seal,alternative_most9,1
thisiskyle77,majestichope9285,1
thissucksnuts,gameleon,3
thoodmen,kingorgnum,1
thornefield,electrical_resource6,1
thornefield,yourresidentferal,1
thrall_mcdurotan,yourresidentferal,1
thrano_357,kingorgnum,1
thrashlock,forward-rub1961,1
thrashlock,individual-hat-8367,1
threedoggies,olvekstoneheid_2006,1
thrillztogo,yinxi19,1
thrillztogo,yourresidentferal,2
throdio,adgroundbreaking3566,1
throdio,bosox92,1
throdio,eatbacon247,1
throdio,hrekires,1
throdio,jakota_,1
throdio,jaseandrews,1
throdio,newcaravan,1
throdio,rydil00,1
throfari,gnarlyteeth,1
throwaway464391,underground_chapel,1
throwawayerror123,justanotherpoopdick,2
throwmyselfaway444,znuffie,1
throwtheclownaway20,typedinthebox,1
throwtrollbait,yourresidentferal,1
thrustidon,thrillztogo,1
thubionerd,-wb-spitfire,1
thubionerd,mranderson588,1
thubionerd,philgraves75,1
thubionerd,superfadeaway,1
thugbobhoodpants,alexandervolk,1
thugbobhoodpants,yourresidentferal,1
thummumcrysanth,azerius94,1
thunda789,tiny-sand3229,1
thuy_chan,primordial-pineapple,1
tiamat76,early_conflict_160,1
tianis,kiwical,1
tiborone,one_battle8749,1
tidesoflore,korderon,1
tidybloke,canmoose,1
tienavagina,minimaxir,1
tienik_nn,its-not-that-hard,1
tierst,blubbpaule,1
tierst,teusa,1
tiger_ice,saphirmeer,1
tigertot14,excellent_cookie9346,1
tigrerojo_continued,entertainersmart7758,1
tigrerojo_continued,lets_fuck_420,1
tigrerojo_continued,snowpoint_wow,1
timekeeper98,danthedruid,1
timekeeper98,omfgitsbob,1
timewasted_gamez,early_conflict_160,1
timj11dude,v1perz53,1
timmah73,objective-error1223,1
timmychunga,yourresidentferal,1
tina-tuna,majestichope9285,1
tinuvielsharan,medium-coconut-1011,1
tiny-sand3229,kevkoss,1
tiny_building_4283,yourresidentferal,1
tinycurses,vaguelz,1
tinydiscussion9661,blizzjafaaeleath,1
tinypeachygothbunny,bosox92,1
tipsygrizzly,tresktaan,1
tired_and_fed_up,biodegradable_atgms,1
tired_and_fed_up,slouchyguy,1
tiredgamer76,drainthemuck,1
tirnacrainnog,ganjaleezarice69,1
tiucaner,turtvaiz,1
tjabrown,acrobatic_airline605,1
tjk135,ugaeismyamongusname,3
tjk91,acrobatic_airline605,1
tjk91,svenberit,1
tjk91,syfer_husker,1
tkanen311,mckeon1921,1
tkdoom,philgraves75,1
tmac2256,weaknesspast2067,1
tmr1331,electrized,1
tmr1331,eowyahunt,1
tmr1331,severereindeer6989,1
tnecniw,philgraves75,1
to_the_library,ex0ll,1
tobikaj,amazing_internal6334,1
tofux,exhvoid,1
tohlkn,yourresidentferal,1
toiletwarlord,early_conflict_160,1
tojaraz,couchshredder30,1
tojirat,khaosfury,1
tokitsukazes,copeyhagen,1
tollkeeperjim,yourresidentferal,1
tomas2891,lats9,1
tomawolf,early_conflict_160,1
tomkoto,awkward-rice3038,1
tommyhawk979,fjoes,1
tommyhawk979,openil,1
tommynaut90,early_conflict_160,1
tommytehzombie,thatkindofnotbutyeah,1
tompest,early_conflict_160,1
tomtanks88,philgraves75,1
toneky,affectionate-bee2039,1
toneky,mrhossie,1
toneky,trenshod,2
toneth89,syfer_husker,1
tonnesofnoob,centriuz,1
tonnesofnoob,doomyhowlinkun,1
tonybony55,moviesandazeroth,1
toothfairy_cy13,yourresidentferal,1
top-benefit-3913,el_duderino_22,1
top-warrior,majestichope9285,1
top_living_1203,yourresidentferal,1
topaz-torchic,yourresidentferal,1
topdad97,eaxis,1
topstatistician6791,ex0ll,1
topstatistician6791,nooobzocker,1
toragewarrior,early_conflict_160,1
torcero,ivvanovv,1
torcero,kiksonjara,1
torcero,lordfifrelin,1
torcero,melete,1
torcero,no-bit-2913,1
torcero,orett_,1
torcero,tot3mtwister,1
torrenaxe,eodiedjd,1
torrenaxe,majestichope9285,1
tortysc,benwhitaker,1
tory_hhl,philgraves75,1
tot3mtwister,plethorum,1
tot3mtwister,zigzagzugzug,1
totally_ej,minimaxir,1
totemik,ex0ll,1
totor1111,yourresidentferal,1
toughshaper,geddyn,2
tourqon,ex0ll,1
toushiru,apennatie,1
toushiru,brettdgordon345,1
toushiru,fox112,1
toushiru,gloomy_material_8818,1
toushiru,graphiccsp,1
toushiru,itchyscales,1
toushiru,josecholas,1
toushiru,moonlit-wisteria,1
toushiru,mrcritical3,1
toushiru,mrosvall,2
toushiru,muckduck92,1
toushiru,pikkuhukka,2
toushiru,rubyurek,1
toushiru,theoliveyeti,1
toutarts,majestichope9285,1
towbee,complexentertainer13,1
toxaplume045,oliferro,1
toxiitea,jodoukast,1
toxiitea,svenberit,1
toymaster,ghekor,1
tptbahamut,acrobatic_airline605,1
tr1b0re,yourresidentferal,1
tractorsmacker,fleetingbirds,2
traditional-crazy900,indusnoir,1
traditional-roof1984,alparker91,2
traditional-roof1984,doug4130,1
traditional-roof1984,seadsead,1
traditional-roof1984,serphthevoltar,1
traditional-roof1984,thatkindofnotbutyeah,5
traditional-roof1984,tommytehzombie,1
traditional-roof1984,voidraven,1
traditional-roof1984,zoobloo7,1
traditional_owl_1734,lats9,1
traevyn,considerationtall697,1
traitorgiraffe,early_conflict_160,1
translitdk,barialdalaran,1
trashaman,early_conflict_160,1
trashcanaffidavit_,minimaxir,1
trashcanzzz,divisor_,1
trashlordtaka,indusnoir,1
trashpanda2night,philgraves75,1
trashpandamann,gloomy_material_8818,1
trassic1991,goldtension6401,1
travelersearcher,kerenar,1
trazzyk,brandishblade,1
trcrypt_king,primordial-pineapple,1
trcrypt_king,yourresidentferal,1
tre-the-wizard,olvekstoneheid_2006,1
tread__on__them,grafiker45,1
treafta,majestichope9285,1
trelanderbb,weakchocolate6625,1
trenshod,fukkwitgalore,1
trenshod,guilty-cook-4663,1
trenshod,toneky,2
tresktaan,dorkasaurus,1
tresktaan,spider_queen13,1
trev0117,fullmotionvideo,1
trewper-,nice_porson,1
tri_skel_ion,ka_yu,1
triadelt,althor2424,1
triadelt,valderhide,1
trianglesausage,automoderator,1
tribal_hermit,olvekstoneheid_2006,1
triceraflops8,drain_surgeon69,1
trick-telephone-1411,yourresidentferal,1
trick_albatross4850,yourresidentferal,1
tricky-bass1668,responsible_wish3895,1
trickybanana5044,dopepanda42069,1
trickybanana5044,gletschers,1
trickybanana5044,kroick,1
trickybanana5044,wisemouse69_,1
trickybanana5044,xubarious,1
triffels,resies,1
triknodeux,siraurian,1
trini_n_sc,gullible_spell7057,1
trini_n_sc,sigler21,1
triplescrew,flbrisby,1
tripsovercarpet,sajintmm,1
tristalien,cstwig,1
trojanducky,siarx,1
troldenhs,dinkwinkle,1
trollied,frost-ps,1
trollied,why_is_grass_green,1
trollkin,flaviussabinus,1
troystoryyy,alternative_most9,1
truekyragos,syberpank,1
truethrowawaychest1,minimaxir,1
truffles413,slouchyguy,1
trugdigity,kinzo149,2
trumplikesemyoung,olvekstoneheid_2006,1
trunksbordare,yourresidentferal,1
trusty118,raphers,1
tsaxen,beneficial-boat-5688,1
tsaxen,chromosomedonator,1
tsaxen,scavatemyarms,1
tsaxen,ugaeismyamongusname,1
tserous,yourresidentferal,1
tsrui480,jh7373,1
tstock92,ex0ll,1
tsubasasaito,unique-fisherman-645,1
tsukimine,meharryp,1
ttvdrougen,primordial-pineapple,1
tuazo,philgraves75,1
tubbis9001,bottledsoi,1
tubbis9001,zapanth,1
tubular1845,hcsimon,1
tueman2,kryptyx,1
tuesti7c,foxdknight,1
tuesti7c,mrspidey80,1
tumblingforward,ggallardo02,1
tupotosti,hell-yea-brother,1
turambar_dor-lomin,circlehumper,1
turb0-time,d34dl0cked,1
turbotef,darth_fatass,1
turbotef,forportal,1
turbulent-house-8713,dopepanda42069,1
turbulent-house-8713,judic22,1
turbulent-house-8713,volksdk,1
turbulentissue6,archensix,1
turbulentissue6,ex0ll,1
turbulentissue6,mrhemingray,1
turbulentissue6,teenoc,1
turbulentissue6,unidentifiable_goo,1
turkeycheddar,nech-ro,1
turkeycheddar,newjerseysbody,1
turquoiseleggings,krags,1
turtlesnakemoose,early_conflict_160,1
turtleturtletu,lats9,1
turtlevonshell,early_conflict_160,1
turtvaiz,aqual07,1
turtvaiz,audioshaman,1
turtvaiz,competitiontop7504,1
turtvaiz,dasandman78,1
turtvaiz,fantasydemon101,1
turtvaiz,geddyn,1
turtvaiz,kainie85,1
turtvaiz,migrainebutter,1
turtvaiz,minimaxir,1
turtvaiz,muriden,1
turtvaiz,peerlesspixie,1
tuskor13,overthehamlimit,1
tuskor13,throdio,1
tusske1,mattdnd,1
tusske1,turtvaiz,2
tusske1,what_the_frick,1
tusske1,xclbr1,1
tusske1,zoobloo7,1
tuxedohazard,weary_city4448,1
tw-luna,keyboardturn,1
tw33die84,acrobatic_airline605,1
tw33die84,fjoes,1
tw33die84,olvekstoneheid_2006,1
twaggle,bruins37ftw,1
twaggle,erizzluh,1
twaggle,ex0ll,1
twaggle,glitteringchipmunk21,1
twaggle,haklis,1
twaggle,isolated_hippo,1
twepi,xampew,1
twingo102,gloomy_material_8818,1
twist_his_dik,drain_surgeon69,2
twistednstl82,dismal_run_4436,1
twistedruin,svenberit,1
twiztedimage,opening_web1898,1
two_pandas_playing,flondrebg,3
twonew1826,burgamerx,1
twoobvious2610,briaria,1
tworock2,kraxiloth,1
twoslicepepperoni,weaknesspast2067,1
twuggle,majestichope9285,1
tx_redditor,thirteenera,1
txscorcher,doug4130,3
txscorcher,paragonx1989,2
txscorcher,philgraves75,1
tyaltir,yourresidentferal,1
tyinath,danthedruid,1
tykero,aggrokid,1
tykero,audioshaman,1
tykero,icy-policy-5890,1
tykero,lifendeath1,1
tykero,oftheatom,1
tykero,silent_priority7463,1
tykero,traditional-roof1984,1
tykero,turtvaiz,1
typedinthebox,crashnburnxp,1
typedinthebox,fantasytoybox,4
typedinthebox,ffxivthrowaway03,2
typedinthebox,geddyn,1
typedinthebox,roseysdaddy,1
typedinthebox,turtvaiz,1
typical-tax1584,turtvaiz,1
typical_thought_6049,masam10,1
tyrandeh,domfakker37,1
tyrannosavagerekt,fleshgrave,1
tyrannoscale,dinokickflip,1
tyrantshark0451,d34dl0cked,1
tyrsenus,suspicious_key,1
tyrus1235,kinzo149,1
tzekel_khan,minimaxir,1
ud_lover,ex0ll,1
ugaeismyamongusname,-zipp-,1
ugaeismyamongusname,accomplished-pie-206,1
ugaeismyamongusname,biodegradable_atgms,1
ugaeismyamongusname,cool_daboot,1
ugaeismyamongusname,dark2099,1
ugaeismyamongusname,dcokerfetus,1
ugaeismyamongusname,delicioussquats,2
ugaeismyamongusname,downvotetownboat,1
ugaeismyamongusname,gahzmate,1
ugaeismyamongusname,gamecrazy009,1
ugaeismyamongusname,gumjo123,1
ugaeismyamongusname,hoopyhobo,1
ugaeismyamongusname,isine,1
ugaeismyamongusname,josephjts,1
ugaeismyamongusname,kahleytriangles,1
ugaeismyamongusname,kaisernick27,1
ugaeismyamongusname,kotouu,1
ugaeismyamongusname,lordlacaar,1
ugaeismyamongusname,maethor_derien,1
ugaeismyamongusname,moht81,1
ugaeismyamongusname,objective-error1223,1
ugaeismyamongusname,redrixen83,2
ugaeismyamongusname,redtherobot,1
ugaeismyamongusname,reimmi,1
ugaeismyamongusname,saracus,1
ugaeismyamongusname,shawnikaros,2
ugaeismyamongusname,thedrummar,1
ugaeismyamongusname,tjk135,2
ugaeismyamongusname,viiebloodhunter,1
ugottjon,the_real_giannis,2
ulfgeirr88,acrobatic_airline605,1
ulimn,impzor,1
ulmer_spatz,lying_hedgehog,1
ultraroboninja,athrasie,1
ultraroboninja,korderon,1
umbr33on,gullible_spell7057,1
umicil,nunya0-0,1
umpalumpa619,aspix69,1
unable-ad8643,ballcube,1
unable_yak3113,warmanee,1
uncensored_opinions,renndorei,1
uncertainserenity,yourresidentferal,1
uncle_flansy,syfer_husker,1
undefined_definition,minimaxir,1
underbash,zythrone,1
undergroundgrizzly,primordial-pineapple,1
undergroundj0,craftydrews,1
unfeldezeu,athrasie,2
unfixable5060,bigger_moss,1
unfixable5060,cocainapearlz,1
unfixable5060,fjoes,1
unfixable5060,frozended,1
unfixable5060,skellyhell2,1
ungestuem,happy_yogurtcloset_2,1
ungulateman,haklis,1
ungulateman,primordial-pineapple,1
unhappy-command860,henryeaterofpies,1
unhappy-mix-6246,doomed_asf,1
unhappy_cut7438,migrainebutter,1
unhappybridge_,brilliant_lobster213,1
unicorndelta,bismothe-the-shade,1
unicornmeat85,chaud,2
unicornmeat85,distinct_pizza_7499,1
unicornservingdonuts,lats9,1
unidentifiable_goo,any-transition95,1
unidentifiable_goo,philgraves75,1
unimportantinfodump,turtvaiz,1
unintendedpunther,-safer-,1
unintendedpunther,teenoc,1
unintendedpunther,yourresidentferal,1
unique-fisherman-645,takecaffeine,1
unironically_dave,moment_of_rat,1
united-quantity9824,eodiedjd,1
united-quantity9824,mathematiciansame466,1
united_conclusion403,tw33die84,1
unitedtangerine635,yourresidentferal,1
unius_,acrobatic_airline605,1
unkelrara,soggytoasttime,1
unknownweirdoo,nech-ro,1
unlikely_minimum_635,ocronus,1
unlikely_minimum_635,potato_fortress,1
unlikely_minimum_635,the-magic-sword,2
unlikely_minimum_635,whitechapel726,1
unlikely_wrangler_52,philgraves75,1
unquacker,yinxi19,1
unrealcoza05,lats9,1
unsaltedbutter,throdio,1
unsleepingmoss,grafiker45,1
untg,papagamasjr,1
uohr,exhvoid,2
uowpanda,acrobatic_airline605,1
updownleftrightgay,geddyn,1
updownleftrightgay,turtvaiz,1
uphoria,foxdknight,1
uphoria,izznyxthewitch,1
upper-smoke1745,imaginaryend1773,1
upset_molasses8512,yourresidentferal,2
uranhahn,teenoc,1
urf_reibeer,ashkir,1
urf_reibeer,eviloverlord1989,1
urizzle,newtype06,1
urobolus444,ex0ll,1
ursanos,dmackerman,1
urska08,peregrine2976,1
used_cry_1137,amaranthsparrow,1
usedanddiscardedbye,majestichope9285,1
useful_external_5270,ex0ll,1
uselesswasteofbreath,mattdnd,2
user3170,turtvaiz,1
user83829362,svenberit,1
userseven,birdbrain_shitfuck,1
v0id_h0le,ex0ll,1
v1per73,glitteringchipmunk21,1
v1perz53,ffxivthrowaway03,2
v1perz53,geddyn,1
v1perz53,stormraughtz,1
v1perz53,timj11dude,1
va1trois,vivid-estimate6908,1
vadeka,kinzo149,1
vadersalt,reasonable-weekend99,1
vagabond-jack,abyssalanarkay,1
vaguelz,burgamerx,1
vailonvon,abyssalanarkay,1
val_lae,amazing_internal6334,1
val_lae,i3i2o,1
valdearg20,lnk-cr-b82rez-2g4,1
valdearg20,pleasure0102,1
valderhide,fun_abroad8942,1
valderhide,syrif,1
valeeraebolawalker,escapethefirmament,1
valkyrielyra,philgraves75,1
valleron,foxjdr,1
valli888,ugaeismyamongusname,1
valnar_,embarrassed_grade971,1
valrath_84,ex0ll,1
valuable-dark-7340,brilliant_lobster213,1
vampyrenigma,moosplauze,1
vampyrenigma,secretic,1
vampyrenigma,zakaryyxo,1
vanessaalexis,ex0ll,1
vanessaalexis,princewinter,1
vanessaalexis,yourresidentferal,1
vanilla_disco,haklis,1
vanilla_disco,independent_tip2538,1
vanilla_disco,kerthard,2
vanilla_disco,tigrerojo_continued,1
vanilla_disco,zealousideal-cup5941,1
vanpet1993,lats9,1
vanpourix,zapanth,1
vapocalypse52,foxdknight,1
varanae,azerius94,1
varanae,divin3e,1
varanae,fjoes,1
varanae,sazhattack,1
varanae,southern-march1522,1
various_necessary_45,superfadeaway,1
varitok,rydiamist,1
vark675,livesinacabin,2
varolyn,itchyscales,1
varrianda,geddyn,1
vashten,beneficial-boat-5688,1
vastlaw9912,minimaxir,1
vattier,sleepyfellow44,1
vaud,hbgsmokes,1
vaud,yourresidentferal,1
vaxdaddyr,material-jacket-6878,1
vaxdaddyr,tigrerojo_continued,1
vbertes,lats9,1
vdd666,philgraves75,1
vdeckerx,olvekstoneheid_2006,1
vealophile,acrobatic_airline605,1
vegetable-refuse-410,--_-_---_-_-_,2
vegetable_hair_2342,haklis,1
veggieman34,yourresidentferal,1
venay0,thevagrantwarrior,1
venturians,syfer_husker,1
venusaurus,yourresidentferal,1
venzinokwla,abyssalanarkay,1
venzinokwla,kellksm,1
veoxy,kinzo149,1
verbsarewordss,dxsterlxnd,1
verified_peryak,blubbpaule,1
verikul,hrekires,1
vermicellitrue,inconspicuous2012,1
versus07,icy_society4665,1
vexatiousnobleman,jammypanda,1
vgtgreatest,metacious,1
vhurindrar,acrobatic_airline605,1
vibe51,fjoes,1
vic_viper_x,early_conflict_160,1
vicezx,flondrebg,1
victor_zsasz,rare-ad3034,1
vidulan,icy_society4665,1
vigorouspainis,yourresidentferal,1
viiebloodhunter,ugaeismyamongusname,1
vijoplays,zythrone,1
viking-geek,ex0ll,1
vikingnerd793,yourresidentferal,1
vikinick,apprehensivegold2773,1
vikinick,forgottenexperiment,1
vincethatwaspromised,fjoes,1
vindilol24,ex0ll,1
vindilol24,gullible_spell7057,1
vintagesin,akkuma,1
vintagesin,forbizzle,1
vintagesin,jntjr2005,1
vinterridderen,pumperthumperhumper,1
vio94,eeveelutionistm,1
vio94,impossible-society-8,1
vio94,lorantec,1
violetorchid85,yourresidentferal,1
virgine,justanotherpoopdick,2
virtual-big-1606,fun-explanation7233,1
virtual-big-1606,plasticcontinent,2
virtualname7674,ex0ll,1
virtualname7674,metalbawx,1
virtualname7674,sparkly_crow_1789,1
virtualname7674,syfer_husker,1
virtualname7674,turtvaiz,1
virtualname7674,zoobloo7,1
virus08,mysterious-mall3756,1
vision0709,lankeyjevans,1
vissenoog,everlastingevening,1
visual_preparation70,thefrayedends,1
visualgloss,waffle_sama,1
vitiock,lyoss,4
vivid-estimate6908,lukas-bruh,1
vixfew,lord_teaspoon,1
vlarett,dumblec0p,1
vlarett,mog_varos,1
vodkasliceoflife,chunky_bloody_queefs,1
vods,turtvaiz,1
void-kun,ugaeismyamongusname,1
void_guardians,grafiker45,1
void_guardians,lepprechaun25,2
voiddredd,hotdogmagic505,1
voidkusho,fusshaman,1
voidraven,abitou,1
voidraven,atomikgarlic,1
voidraven,cool-watercress8730,1
voidraven,turtvaiz,1
voimanhankkija,garciasterling15,1
vokzhen,oreofro,1
vokzhen,patrick66,1
voldis,gullible_spell7057,1
volksdk,daveynwa123,1
volksdk,dopepanda42069,1
volksdk,due_meal_8866,2
volksdk,fukkwitgalore,1
volksdk,ivvanovv,1
volksdk,jealous_row_6356,1
volksdk,no_maintenance1177,1
volksdk,primedb29,1
volksdk,quietandalonenow,1
volksdk,raefwolfe,1
volksdk,random-recon,1
volksdk,syberpank,1
vomaufgang,marco_polaris,1
vomitfella,early_conflict_160,1
vomitology,chilledchaos,1
vomitology,nech-ro,1
vomitology,primordial-pineapple,1
vomitrocity,fellow-believer,1
vonalex,yourresidentferal,1
vonigner,majestichope9285,1
voodoo123,sakuraforhokage,1
voss3ygam3s,foxdknight,1
voss3ygam3s,justanotherpoopdick,1
voss3ygam3s,some-opportunity7015,1
voss3ygam3s,sumptinmagic,1
voxcastbread,anakil_brusbora,1
voxcastbread,dedli,1
voxcastbread,happythoughts33,1
voxcastbread,shrapnel_sponge,1
voxcastbread,zapanth,1
voyagercsl,korderon,1
vrazel106,acrobatic_airline605,1
vrazel106,aruhi,2
vrazel106,olvekstoneheid_2006,1
vrazel106,plams_unlimited,1
vrazel106,plastic-courage6537,1
vrazel106,primordial-pineapple,1
vsloki,ewenthel,1
vthemechanicv,ka_yu,1
vucialwonderland,ex0ll,1
vucialwonderland,minimaxir,1
vucialwonderland,yourresidentferal,1
vukkiller,newtype06,1
vulperius,kingorgnum,1
vurtago1014,ex0ll,1
vurtago1014,teenoc,1
vvev,distinctnewspaper791,1
vxr-vashrix,shadowthecatxd,1
vyar,difushal,1
vyar,ex0ll,1
vyni503,idejtauren,1
w1ldb0yz,svenberit,1
w1shm4ster,kingorgnum,1
wadek001,independent_tip2538,1
wadek001,ka_yu,1
wadek001,onebadger7469,1
waffle0calypse,stew_fondu,2
waffle_sama,icy_society4665,1
wait__who,bigtree42069,1
wait__who,blubbpaule,1
wakeup_andgetready,senor_kim_jong_doof,1
waldenducks,toushiru,1
waldenducks,tristalien,1
walkingcondomad,exhvoid,1
walldewd,abyssalanarkay,1
wallzballz89,apathyking8,1
wallzballz89,burgamerx,1
wamblingshark,no-breadfruit6137,1
wanit8,whatsmypw,1
warbringercs,38dedo,1
warbringercs,yiffparty_exe,1
warchief_darthy,angelpunk18,1
warm_difficulty2698,head_employment4869,1
warm_difficulty2698,monrar,1
warm_difficulty2698,primordial-pineapple,1
warmanee,jammypanda,1
warrant2k,--_-_---_-_-_,1
wassubzero-nowplain0,burgamerx,1
wassubzero-nowplain0,ex0ll,1
wavefunctionp,glupscher,1
wavylife84,cstwig,1
wavylife84,syfer_husker,1
waxllium,acrobatic_airline605,1
wayrell,jreesecup,1
weakchocolate6625,elephantfeetau,1
weakchocolate6625,lefroiis,1
weakchocolate6625,lucky_vermicelli7864,1
weakchocolate6625,theotheradalger,1
weakchocolate6625,zeckzeckzeck,1
weaknesspast2067,blueberryrockcandy,1
weaknesspast2067,cakeordeath1989,1
weaknesspast2067,stew_fondu,1
weaponizedkissing,gilrim,1
weaponizedkissing,kimjongkung,1
wear-simple,early_conflict_160,1
weary_bookkeeper_602,justanotherpoopdick,1
weary_city4448,ambassadorbonoso,1
weary_city4448,feeling_pen_8579,1
weary_city4448,lolxd_1337,1
weary_city4448,mainmorte,1
weary_city4448,wreckuiem48,1
webbysy2,yourresidentferal,1
wehaveallbeenthere,darkisiliel,1
weinerfish,amaranthsparrow,1
weinerfish,xampew,1
weinerfish,zelmak,2
weird_contribution44,crasher1987,1
welderaggravating896,zordie360,1
welshywow,shadow555,1
wendigocrossing,early_conflict_160,1
wendigocrossing,fjoes,1
weneedcomms,early_conflict_160,1
werebearguy,tonicpower2,1
werip,yhvh13,1
weru20,mountnsntrees,1
westboundbart,nech-ro,1
wewfarmer,moosplauze,1
wewfarmer,ordinaryslimeguy,1
wewfarmer,zakaryyxo,1
what_the_frick,turtvaiz,1
whateverittakes117,ex0ll,1
whatifyoudidtho,abyssalanarkay,1
whatifyoudidtho,anotherpreciousmeme,1
whatifyoudidtho,hektext,1
whatifyoudidtho,hunteddwumpus,1
whatifyoudidtho,nech-ro,1
whatifyoudidtho,plams_unlimited,1
whatifyoudidtho,poziomka35,1
whatifyoudidtho,secret_future_5387,2
whatifyoudidtho,teusa,1
whatifyoudidtho,thanag0r,1
whatisdigrat,lats9,1
whatsmypw,wanit8,1
whatthehellman2,eymm,1
wherebaptizeddrowned,ex0ll,1
wherebaptizeddrowned,samrobotsin,1
wherebaptizeddrowned,southern-march1522,1
wherebaptizeddrowned,vattier,1
which-house5837,alexandervolk,1
which_loan_3634,yourresidentferal,1
whiskey_bear,ok_librarian4139,1
whiskey_bear,turtvaiz,1
whiskeyhotel83,cougey,1
whiskeymarlow,hunteddwumpus,1
whitecastlebites,sakuyora,1
whitechapel726,amaranthsparrow,1
whiteshovel66,aurum_t,1
whiteshovel66,hoodieninja17,1
whodey815,material-jacket-6878,1
whodey815,teenoc,1
whoisape,crazypaddy2412,1
whoisape,omgkthxby,1
whoisape,syfer_husker,1
whollyunholy,tegovernment,2
whomthebelltoll,yourresidentferal,1
whoudini13,judge_wapner,1
whoudini13,letoiv,2
why_is_grass_green,dreamsoul_anima,1
why_is_grass_green,kaisernick27,2
why_is_grass_green,yourresidentferal,1
why_is_grass_green,zoobloo7,1
whyusaydat,divisor_,1
whyusaydat,kimite_,1
whyusaydat,kinzo149,1
whyusaydat,ok_weather_2991,1
whyusaydat,ugaeismyamongusname,1
wide-grape-2256,huron_23,1
wide-meaning-7136,cookie_mog,1
wild_arcuslux,drpandemias,1
wildefaux,migrainebutter,2
wildefaux,reasonable_camp944,1
wildernaess,early_conflict_160,1
wilicil,deskcord,5
wilicil,mathren25,1
willing-display3912,philgraves75,1
windex17,dc_flint,1
windex17,thegamesacc,1
windserpents,everlastingevening,1
winklepinkle,gonzoandjohn,1
winstonbabar,atromach,1
winstonbabar,braktot,1
winstonbabar,cobra53golf,1
winstonbabar,lunale504,1
winstonbabar,party_cantaloupe_822,1
winstonbabar,thirteenera,2
winter_candy8778,pimpestplayer,1
winter_candy8778,yourresidentferal,1
winther89,icy_society4665,1
wisd0m1,yourresidentferal,1
wiseblood1978,ex0ll,1
wiselychoosen23,datzero,1
wiselychoosen23,eluneytoons,1
wiselychoosen23,fabulous-copy-108,1
wiselychoosen23,makorus,4
wisemouse69_,kroick,1
wisniaksiadz,alexandervolk,1
wisniaksiadz,endless_chambers,1
wisniaksiadz,goldtension6401,1
wittiestphrase,plainswalker75,1
wittiestphrase,yourresidentferal,1
wizardfromwaterdeep,renndorei,1
wizardthreehats,ex0ll,1
wizkidjones,yourresidentferal,1
wlktheearth,teenoc,1
wmeia,shizocks,1
wobbafina,mckeon1921,1
wobbafina,shahadann,1
wobblucy,amazing_internal6334,1
wobblucy,dahkeus3,1
wobblucy,ffxivthrowaway03,1
wobblucy,gothicfuck,1
wobbly_princess,early_conflict_160,1
wobbysath,majestichope9285,1
wodentoad,whatthehellman2,1
woe-is-me,svenberit,1
wojtasz78,early_conflict_160,1
wojtasz78,meltingpenguinsprime,1
wojtasz78,minimaxir,1
wojtasz78,shadowvermin,1
wolandwashere,early_conflict_160,1
wolfchildame,otatormeps,1
wolfdad33,olvekstoneheid_2006,1
wolfllunaa,yourresidentferal,1
wolfrossen,teenoc,1
wollsockenvonoma,abbite,1
wollsockenvonoma,audioshaman,1
wollsockenvonoma,geddyn,1
wollsockenvonoma,paragon_73,1
wollsockenvonoma,teenoc,1
wollsockenvonoma,thiefmortreapersoul,1
wolverine1621,justjoekingg,1
wompstawomp,i_should-work,1
wonderful_bed_5854,primordial-pineapple,1
wonderful_end_7950,svenberit,1
wonderfulbuilding918,sandtoast,1
wonderfultruck5894,icy_society4665,1
wonderfultruck5894,residentwaifu,1
wondertop5627,plebplebberson,1
wongfarmhand,tykero,1
wonkothesane13,tarc_axiiom,1
wonohsix,yourresidentferal,1
wooden_horse_333,early_conflict_160,1
wookieweener,acrobatic_airline605,1
woolyswift,residentwaifu,1
woras13,yourresidentferal,1
working_membership57,nmfpriv,1
working_membership57,timekeeper98,1
workingjournalist330,yourresidentferal,1
worktrashguy,acrobatic_coat722,1
world_,yourresidentferal,1
worldchrisis,psychedelicduck,1
worldlinessquick5558,renndorei,1
worldly_technology19,bluefatfrog,1
worldly_wasabi_6055,early_conflict_160,1
worldofhorsecraft,turtvaiz,1
wormsthehermit,dumpsterman4,1
wormsthehermit,felabryn,1
wormymog,yourresidentferal,1
worried-advisor-7054,ffxivthrowaway03,2
worried-advisor-7054,venay0,1
worried-fish8250,thegamesacc,1
worried-fish8250,zaadkiel-,1
worried-lingonberry,dinkwinkle,1
worried-lingonberry,prior-hearing-4959,1
worthplease,daroxx,1
worthplease,gullible_spell7057,1
worthplease,zythrone,1
wow-modteam,cactusseed5,1
wow-modteam,loiskispoiskis,1
wow-modteam,marco_polaris,1
wow-modteam,suzushiiro,2
wow-modteam,thirteenera,1
wow_such_karma,nnorbie,1
wowbagger262,lusochampion1,1
wowhaberdasher,blackhijinks,1
wowhaberdasher,early_conflict_160,1
wowhaberdasher,hyperionotter,1
wowitshemlock,fjoes,1
wowlaw,drewcookies,1
wraisted,amazing_internal6334,1
wraisted,jammypanda,1
wrangler-creepy,yourresidentferal,1
wreckuiem48,weary_city4448,1
wrexxis780,ashleynn,1
wrexxis780,key_pop_8116,1
wrexxis780,llamamanta,1
wrexxis780,sparkii_exe,1
wrexxis780,svenberit,1
wrexxis780,tegovernment,1
wrexxis780,yourresidentferal,1
writerv,constellar-a,1
wtf-meight,theoliveyeti,1
wtf_cake,dinokickflip,1
wtf_cake,gimlionthehunter,1
wtf_cake,olvekstoneheid_2006,1
wtf_lolz123,early_conflict_160,1
wtfstupidhedgehog,ayeitzsteezy,2
wukongpvm,druitp,2
wukongpvm,k1n-,2
wung,throdio,1
wykiki92,alparker91,1
xaajr,henkarinami,2
xaajr,syfer_husker,1
xaden1234,turtvaiz,1
xamalion,microstocker,1
xampew,50miler,1
xampew,bestjersey_worstname,3
xampew,deadpoint,1
xampew,justinbisu,1
xampew,mercylas,1
xanas263,alternative_most9,1
xanaxqc,thedizzydozer,1
xandril,comfortableart,1
xandril,deadpoint,1
xandril,guilhaum,2
xandril,justinbisu,2
xandril,mojordomoseuw,1
xandril,oliferro,1
xandril,plumbsmasher,1
xandril,sirallenss,2
xandril,thenumberpurplee,3
xaniengenn,olvekstoneheid_2006,4
xanikk999,thatguyfromthem0vie,1
xantholne,crazymage321,1
xardaspk,yourresidentferal,1
xavierstoned,complexentertainer13,1
xavril8,yourresidentferal,1
xaxa123,llamamanta,1
xblacklinkin,rubyurek,1
xcampingxcarlx,allegrian,1
xch4lkyx,itsdom94,1
xclauwe,erinalle,1
xclauwe,yourresidentferal,1
xclbr1,acanthisittafirst710,1
xclbr1,caradin,1
xclbr1,chrisodinuk,1
xclbr1,elunethiel,1
xclbr1,hunteddwumpus,2
xclbr1,renndorei,1
xclbr1,tusske1,1
xdevilfishx,majestichope9285,1
xdisturbed13,yourresidentferal,1
xdreadl0rdx,philgraves75,1
xefiggy,teenoc,1
xehanort107,jealous_row_6356,1
xeltes,early_conflict_160,1
xeltoris,olvekstoneheid_2006,1
xenavire,hoopyfroodjera,1
xendas9393,early_conflict_160,1
xenochrist,mckeon1921,1
xero2216,amazing_internal6334,1
xeroticz,microstocker,1
xforeignmetal,austeninalaska,1
xforeignmetal,znuffie,1
xgunter,brokebackmountdoom,1
xiaopewpew,minimaxir,1
xlibur,darkarcheos,1
xmadison84,yourresidentferal,1
xmehow,trugdigity,1
xnlsx,existinggain8688,1
xnlsx,orgasmic_interlude,1
xoninlima,throdio,1
xoskrad,early_conflict_160,1
xphurrious,dnoire726,1
xphurrious,fjoes,1
xrae95er,cstwig,1
xremy27,izaul13,1
xrupz,lucroarna56,2
xsmacktrick,dahkeus3,1
xsunzerox,primordial-pineapple,1
xteitix,turtvaiz,1
xuanwu,skardray,1
xubarious,kroick,1
xvendicta,guilty-cook-4663,1
xwastheproblem,plastic-courage6537,1
xxandes,cougey,1
xxguzxx,erinlah_,1
xycod1346,haklis,1
xyrasthehealer,ugaeismyamongusname,1
xzerocidex,iblameoleka,1
xzerocidex,kroick,1
y0n9xx,asdfzxcbasdf,1
yadaya555,necrid101,1
yadaya555,sidnumair,2
yadilie,mbdjd,1
yak-4-president,pancauldenassuack,1
yankeesullivan,drewcookies,1
yarzu89,majestichope9285,1
yarzu89,minimaxir,1
yayakla,amazing_internal6334,1
yazkin_yamakala,tonicpower2,1
ydob_suomynona,ex0ll,1
yeet_god69420,olvekstoneheid_2006,1
yelir133,gloomy_material_8818,1
yellow12_,dmackerman,1
yellow12_,koomaow,1
yellow12_,thedumbyeti,1
yellowsen,adept_director_4787,1
yelloxman,yourresidentferal,1
yeti521,yourresidentferal,1
yhvh13,-wb-spitfire,1
yhvh13,howzitgoin,1
yhvh13,objective-error1223,1
yhvh13,thatguyfromthem0vie,3
yiffparty_exe,mycologistdazzling14,1
yinxi19,--_-_---_-_-_,1
ynwa_diver,lying_hedgehog,1
ynwa_diver,typedinthebox,1
yoboom21,early_conflict_160,1
yolkjamma,datbf4,1
yololifesaving,educational-big-8471,1
yololifesaving,real-emotion1874,1
yomirizer,aspix69,1
yomirizer,sea-particular-140,1
yonderover,guilty-cook-4663,1
yonnylol,codygboltup,1
yorgl,acrobatic_airline605,1
yorgl,diligent-pie4919,1
yorgl,kraydez,1
yorgl,mennzo,2
yorgl,nunya0-0,1
yoshilisk,amanda_oxenham,1
yoshilisk,atheren,1
yoshilisk,chilledchaos,1
yoshilisk,harpoonthemoon,1
yoshilisk,jammypanda,1
yoshilisk,justanotherpoopdick,1
yoshilisk,more__cowbell,1
yoteboy42,dinokickflip,1
you_lost-the_game,d34dl0cked,1
youarecool87,majestichope9285,1
youknowwhattodo80085,lionsrise,1
your_local_tuba,eymm,1
yourresidentferal,blantonphantom,1
yourresidentferal,firafoxy,3
yourresidentferal,gullible_spell7057,1
yourresidentferal,mathematiciansame466,2
yourresidentferal,onebadger7469,1
yourresidentferal,warno3941,1
yoyopains,yourresidentferal,1
yraco,hallc,1
ysiysi,exhvoid,1
yukeshid,lonely-muse,1
yukoonishi,fukkwitgalore,1
yummyfightmilk,aakiru,1
yummyfightmilk,onebadger7469,1
z01z,afl0ck0fg0ats,1
z_zeay,hobodudeguy,2
zaadkiel-,worried-fish8250,1
zachdidit,puzzleheaded-tea3341,1
zachforever,kujira-san,1
zaionara,competitiontop7504,1
zakaryyxo,icy_society4665,1
zallix,hunternika,1
zalternates,fleetingbirds,1
zalternates,mojo12000,1
zandryah,impossible-diver6565,1
zandryah,psa_lilsouth,2
zangetsen,any-transition95,2
zangetsen,arthodel,1
zangetsen,migrainebutter,1
zanotti66,farorasf,1
zanurath,residentwaifu,1
zapanth,chilledchaos,1
zapanth,haklis,1
zapanth,morkinis,1
zapanth,plastic-courage6537,1
zapanth,voxcastbread,1
zapanth,zordie360,1
zappycoffee,acrobatic_airline605,1
zaratana,aleexavee,1
zaratana,redspectraltiger,1
zardhas,hendrytoothless201,1
zaruz,teenoc,1
zathala,blubbpaule,1
zathala,dnoire726,1
zave_cz,ivvanovv,1
zblancos,kingorgnum,1
zcannonball,olvekstoneheid_2006,1
zechnubis,early_conflict_160,1
zeckzeckzeck,accomplished_cake977,1
zeckzeckzeck,weakchocolate6625,1
zedek1,domain77,1
zedek1,mcclellunlogan,1
zedek1,rudahn,1
zedek1,zka77,1
zeekim,early_conflict_160,2
zeemex,competitiontop7504,1
zeemex,hersheysx,2
zeemex,macfatty,2
zeemex,teenoc,1
zeffiemain,yourresidentferal,1
zeilar,dc_flint,1
zeilar,hallc,3
zekayy_,early_conflict_160,1
zelendeo,yourresidentferal,1
zelmak,hopemonster,1
zelmak,itsnowornever13,1
zelmak,justinbisu,2
zelmak,kao194,1
zelmak,mercylas,7
zelmak,mountnsntrees,1
zelmak,speed231,1
zelmak,weinerfish,3
zen-savage-garden,ganjaleezarice69,2
zengu_79,teenoc,1
zenkcss,mtdt1,1
zennsunni,turtvaiz,1
zenroc,cabose12,1
zenroc,ironeyed_wizard,2
zenroc,shadeo11,1
zeppelinfreak,azerius94,1
zeran,difushal,1
zeraphicus,ill_tumblr_4_ya,1
zeraphicus,justanotherpoopdick,1
zerasad,sea-particular-140,1
zerethul,olvekstoneheid_2006,1
zerethul,syfer_husker,1
zerethul,zordie360,1
zeretic,phenogenesis-,1
zerglou,exhvoid,1
zeroone88,omfgitsbob,1
zestyclose-court-760,competitiontop7504,1
zestyclose-duty-3248,acrobatic_airline605,1
zestyclose_intern789,yourresidentferal,1
zestyclose_regret610,siarx,1
zettiezooiezan,cstwig,1
zettiezooiezan,olvekstoneheid_2006,1
zewinter,flondrebg,1
zewinter,sumptinmagic,1
zharkos,ghostinthereins,2
zherok,border_of_water,1
ziayakens,early_conflict_160,1
ziayakens,migrainebutter,1
zicom0,acky1425,1
zike002,zulgarb,1
zim_zor,svenberit,1
ziptieband,ex0ll,1
zireon,haklis,1
zireon,panicforce,1
zizhongtian,kinzo149,1
zka77,zedek1,1
znuffie,dahkeus3,1
znuffie,dapperyesterday790,1
znuffie,el_duderino_22,2
znuffie,kodycarp19,1
znuffie,moghz,2
zombiepete,sirfannypack,1
zonamoonshaw,dahkeus3,1
zoobloo7,sluaghlock,1
zoomallen,yourresidentferal,1
zooty6,saphirmeer,1
zorbstar,teenoc,1
zorjeff,dumbpanickyanimal,1
zorjeff,paah,1
zornmtxbuster,shot_dish6276,1
zoroark2724,vaguelz,1
zoroastrianmk,early_conflict_160,1
zoroastrianmk,teenoc,1
zoroastrianmk,wollsockenvonoma,1
zrb77,acrobatic_airline605,1
zsapoler,syfer_husker,1
ztikkyz,chromosomedonator,1
zugzuggo,schnitzelbro,1
zuiia,lastoflast67,1
zuiia,lcspartan,1
zulgarb,legallykat,1
zulubyte,early_conflict_160,1
zuluworm,kinzo149,1
zumbaja,syfer_husker,1
zummm72,random-recon,1
zurkka,vaguelz,1
zutroy,oscarmanxz,1
zwartsenwal,yourresidentferal,1
zwirbs,bo1em,1
zwirbs,hbreckel,1
zwirbs,ivstan,1
zwirbs,prattja8,1
zwirbs,sepiabane,1
zwirbs,turtvaiz,1
zx81crashcat,0rphu,1
zylver_,kethcup_,1
zythrone,box_king-,1
zythrone,mafiohz,1
