Source,Target,Weight
-alkosh,thewineguy2020,1
-anby,snoopeanuts6597,1
-aylish-,trickadorable9764,1
-keystroke-,t3vvyw,1
-limit_break-,swimming_expert7480,1
-plotzsiva-,halt-halt-halt,1
-sasith-,dearthnadir75,1
-tasear-,sybillaprophetis,1
-wormwood,fixgood6833,1
-z-3-r-0-,yummymario64,1
0n1mu5ha,not-that_girl,1
0n1mu5ha,smurfpants84,1
0n1mu5ha,sven_re,1
0sc24,eats-you-alive,1
0sc24,theanalystcurator321,1
0sc24,thedollarstoredoctor,1
0utcast9851,whitishrogue,1
1002003004005006007,nyxistaken,1
123ajbb,dotcomcto,1
123ajbb,monk3yment,1
123ajbb,sealclubberfan,1
1611-,indigo_grove,1
1cav11m,denverralphy,1
1cav11m,nograpefruit1269,1
37158,actualwillingness556,1
4rolyat,bubbaboof_,2
4rolyat,veryberrywaffles,2
500_range_abuser,final_internal_3016,1
5rdfe,intelligent-wish47,1
7daykatie,mordred101,1
7daykatie,simplysalamander,1
7thfleettraveller,spoqster,2
957,aveidti,2
99baskervilles,asphodelmercenary,1
___gay__,defiantway8893,1
___gay__,talespinnereu,1
___gay__,the_dwemer_automaton,1
__astyanax,ksayiru,1
_brownbear13,sidewaves,1
_didds_,archmikem,2
_didds_,evancalgary,1
_didds_,fixgood6833,1
_didds_,jolly-put-9634,1
_didds_,snoopeanuts6597,1
_didds_,the_walking_mila,2
_its_lunar_,thetenz,1
_niner_,actualwillingness556,1
_ressa,oshea_is_ok,1
_ressa,rinbeastie,1
_taugrim_,the_dwemer_automaton,1
_ulith,autisticsuperpower,1
_ulith,veskifins,1
_unit_wjp,actualwillingness556,1
_waffle_man,7annes,1
_waffle_man,katzeye007,1
_waffle_man,missdimples55,2
_waffle_man,sea-pomegranate-1203,1
_whiskeychris_,ksayiru,1
_whiskeychris_,telle74,1
_whiskeychris_,venriculair,1
a_professional_derp,fixgood6833,1
a_strange_old_man,thingwithchlorophyll,1
a_tranced_monky,botanical_director,1
a_weber,hyperioxes,1
a_weber,lord-snoopyano,1
a_weber,simplysalamander,1
aaera,ok-comedian4437,1
abelthorne,axent_gray,1
abelthorne,dawgyashwhite,2
abelthorne,ikollokii,1
abelthorne,imnottherobot2,2
abelthorne,nas-aratat,1
abelthorne,no_story3990,1
abelthorne,razerjoe,2
abelthorne,seravajan,9
abelthorne,solid_government_251,2
absalom98,humancheesecake2137,1
absalom98,spoqster,1
absalom98,thatlooksright,1
absolem1312,thewineguy2020,1
acbongo,marstinson,1
accomplished_sky3283,ksayiru,1
accomplished_sky3283,sock_acc,1
accomplished_sky3283,thekfdcase,1
accomplished_sky3283,utdelt,1
accurate-entry445,-nevrose-,1
accurate_body4277,bubbaboof_,1
achmedclaus,ok-comedian4437,1
acmegamer,veskifins,1
actualwillingness556,37158,1
actualwillingness556,_unit_wjp,1
actualwillingness556,andovars_ghost,1
actualwillingness556,everyoneheresamoron,1
actualwillingness556,externalmuffin9790,1
actualwillingness556,goblin-lunch,1
actualwillingness556,hefty-distance837,1
actualwillingness556,kisharspiritual,1
actualwillingness556,loltehwut,1
actualwillingness556,wsblovesdiddy,2
actualwillingness556,yourfavoritedummy,2
adamnonceson,greedy_whereas6879,1
adarie-glitterwings,darklordofthesmiths,1
additional-design-44,juicyfill,1
adirtylyingkhajiit,agitated-ad6744,1
administrationicy717,king_kvnt,1
administrativecup438,lady_fresh,1
admiralbumhat,spoqster,1
admiralbumhat,taleof2cities_,1
adorable_coach6592,zos_ginabruno,1
adorablelengthiness4,miniandtimmy,1
adrenalineanxiety,spoqster,1
adrkhrse,adventuretime888,1
adrkhrse,altruistic-good3704,1
adrkhrse,sea-pomegranate-1203,1
adrunkendonut,actualwillingness556,1
adrunkopossem,veskifins,1
adventuretime888,fixgood6833,1
adventurous-end-1369,-nevrose-,1
adventurous-end-1369,amoraivory,1
adventurous-end-1369,arcticdragon94,1
adventurous-end-1369,fkm196,1
adventurous-end-1369,grivet,1
adventurous-end-1369,indigo_grove,4
adventurous-end-1369,jellamma,1
adventurous-end-1369,kaptazkikor,1
adventurous-end-1369,mwgrover,1
adventurous-end-1369,ok-comedian4437,1
adventurous-end-1369,redkynabyss,1
adventurous-end-1369,suhkandis,1
adventurous-end-1369,the_dwemer_automaton,1
adventurous-end-1369,thingwithchlorophyll,2
adventurous-end-1369,vastiaobra,1
adventurous-end-1369,wynngwynn,1
adventurous-end-1369,yodiddlycorncob,1
adventurous-end-1369,zos_kevin,1
adventurous-map7959,jnr13,1
adventurous_county12,marty5697,1
adventurous_top6862,bubbaboof_,1
adventw0lf,br0d30,1
adventw0lf,ryithian,1
adventw0lf,theshawn_slater,1
adwhole9713,amberxluff,1
adwhole9713,individual-arrival86,1
aeoneir,mannimarco_rising,1
aesc8795,ksayiru,1
aesirreddit,mindless-rub-5850,1
aesirreddit,significant_lime4361,1
aff2rm,pretend-detail-148,1
affectionate-rush570,alertelection5806,1
aflarge,adventuretime888,1
afxmac,individual-arrival86,3
agent835,ksayiru,1
aggie_vague,indigo_grove,1
aggie_vague,thereduntodeath,1
aggravating_round108,zos_brianwheeler,1
aggravatingfuture437,veskifins,1
aggressive-law-1086,poindexter2291,1
aggressive_rope_4201,ok-comedian4437,1
agitated-ad6744,altruistic-good3704,1
agitated-ad6744,birdie907,1
agitated-ad6744,foreverlost417,1
agitated-ad6744,gstary,1
agitated-ad6744,horker_stew,1
agitated-ad6744,xbrrrr,1
agram87,actualwillingness556,1
agram87,externalmuffin9790,1
agram87,kinmanana,1
agram87,significant_lime4361,1
agram87,suhkandis,1
ahmungdihtung,fixgood6833,2
ahumblechad,bonestogo,1
ahumblechad,chatory,2
ahumblechad,exotic-shape-4104,1
ahumblechad,ezmawloc,1
ahumblechad,inamanicpanic420,1
ahumblechad,jolly-put-9634,1
ahumblechad,kaleodis,1
ahumblechad,poindexter2291,1
ahumblechad,rabbit_games,1
ahumblechad,schntgaispork,1
airbornerunaway,actualwillingness556,1
airbornerunaway,amusedt,1
airbornerunaway,xerxesfortune,1
ajblades123,ok-comedian4437,1
ajones97,massypiocata,1
ajwest927,fixgood6833,1
aka_iamgroot,ok-comedian4437,1
ala5656,darrelc,2
ala5656,indigo_grove,1
ala5656,pelanora,1
ala5656,penthesilean,1
alarm-particular,bmrtt,1
alarming-command3044,prfanty,1
alarming_band_6090,reasonable-student60,1
alaskandruid,ok-comedian4437,1
alaskanjedi,sock_acc,1
alay_nb,actualwillingness556,1
alay_nb,zos_ginabruno,1
aleinzzs,actualwillingness556,1
alex-kzg,mermaidofmaelstrom,1
alexandur,andizzzzi,1
alexius6th,sidewaves,3
alexrescuedotcom,hyperioxes,1
alexrescuedotcom,indigo_grove,1
alexrescuedotcom,ksayiru,1
alexrescuedotcom,lwh,1
alexrescuedotcom,miserable-league-670,1
alexrescuedotcom,obtuse-angel,1
alexrescuedotcom,proton-testiq,1
alexrescuedotcom,schurz0104,1
alexrescuedotcom,sven_re,1
alexrescuedotcom,zsquared8080,1
alienliegh,artistic_north_4208,1
alienliegh,badno3598,1
alienliegh,botanical_director,2
alienliegh,bprn2017,1
alienliegh,cannotthonk96,1
alienliegh,cerebrite,2
alienliegh,fallentemplarr,1
alienliegh,inamanicpanic420,1
alienliegh,kiwiiuwuu,1
alienliegh,klassik1800,1
alienliegh,mwgrover,1
alienliegh,oskistudios,1
alienliegh,rynnb1983,1
alienliegh,square_music1695,1
alienliegh,taleof2cities_,1
alienliegh,thebigdaddio,1
alienliegh,tryh4rdcookie,1
alik62,satellite-2348,1
alistair1893,redkynabyss,1
allck1,anon-sage,1
allck1,fengfungfong,1
alliaxandromeda,amurderingcat,1
alliaxandromeda,zos_jasonbarnes,2
alradas,n7-o,1
alteredexperience,veskifins,1
altruistic-ad-159,blortug,2
altruistic-good3704,actualwillingness556,1
altruistic-good3704,adrkhrse,1
altruistic-good3704,careless-end1596,1
altruistic-good3704,ganhedd0,1
altruistic-good3704,hidemyid,1
altruistic-good3704,thatponypony,1
altruistic-good3704,zos_brianwheeler,1
alttabpink,actualwillingness556,1
alvehyanna,lazyconfetti,2
alvehyanna,neanderthology,1
alvehyanna,radiantturtle,1
alwaysplaysahealer,illustrious_twist846,1
alzandur,theanalystcurator321,1
alzandur,xavijon_,1
amaterasugoddess,magicseaturtle,1
amaterasugoddess,mindless-rub-5850,1
amaterasugoddess,reasonable-student60,1
amaterasugoddess,skabassj,1
amberxluff,fluffwit,1
ambitious-day7527,johnjsal,1
ambitious-day7527,lerchaddams,1
amethystlure,indigo_grove,1
amig186,mermaidofmaelstrom,1
amoraivory,topgunshotgun45,1
amouchou,humancheesecake2137,1
amouchou,king_kvnt,1
amurderingcat,zos_ginabruno,1
amurica1138,marty5697,1
amusedt,airbornerunaway,1
amusedt,andovars_ghost,4
amusedt,bloomingk,2
amusedt,gloatingswine,1
amusedt,gooberdaisy,1
amusedt,illustrious_twist846,3
amusedt,individual-arrival86,1
amusedt,katzeye007,1
amusedt,lilli_puff,1
amusedt,marstinson,3
amusedt,middle-earth_oetel,1
amusedt,mwgrover,1
amusedt,suhkandis,1
amusedt,taleof2cities_,1
amusedt,tankinatorfr,1
amusedt,thelaughingmannofred,1
amusedt,wise_owl5404,6
analysissharp9065,aromatic-werewolf495,1
analysissharp9065,ok-comedian4437,1
analysissharp9065,the_dwemer_automaton,1
anbuj,vaultdweller501,1
ancient_influence389,bubbaboof_,1
andizzzzi,123ajbb,1
andizzzzi,adventuretime888,1
andizzzzi,brickbeard1999,1
andizzzzi,dragonshark514,1
andizzzzi,hot_strawberry11,1
andizzzzi,kaonwarden,1
andizzzzi,mwgrover,1
andizzzzi,ok-comedian4437,1
andovars_ghost,actualwillingness556,1
andovars_ghost,amusedt,3
andovars_ghost,crit-a-cola,1
andovars_ghost,diccuss,1
andovars_ghost,entitymatanzas,1
andovars_ghost,faytoto,1
andovars_ghost,genxrules69,1
andovars_ghost,lunarsugar,1
andovars_ghost,molderingsanctum,1
andovars_ghost,mwgrover,1
andovars_ghost,pis4phil,1
andovars_ghost,seeswithbrain,1
andovars_ghost,syngethereddragon,2
andovars_ghost,vastimagination8239,1
andovars_ghost,wise_owl5404,2
andymac3183,snoopeanuts6597,1
andyworchol,the_dwemer_automaton,1
anengineerandacat,ok-comedian4437,1
anglosaxonbrat,ladybarclay,1
anglosaxonbrat,veskifins,1
angnos,bprn2017,1
angnos,flimsy_reading_9430,1
angnos,humancheesecake2137,1
angnos,miniinimini,1
angnos,zos_ginabruno,1
ank-rs,actualwillingness556,1
ank-rs,ok-comedian4437,1
annual_hair2803,zos_ginabruno,1
anomalous_metaphor,redditappslowaf,1
anon-eso,inamanicpanic420,1
anon-sage,allck1,1
anon-sage,cowman3202,2
anon-sage,massypiocata,1
anonymousmagcat21,autisticsuperpower,1
anonymousmagcat21,caw_the_crow,1
anonymousmagcat21,ctbellart,1
anonymousmagcat21,fengfungfong,1
anonymousmagcat21,gnuchanos-yt,1
anonymousmagcat21,loopymercutio,1
anonymousmagcat21,massypiocata,1
anonymousmagcat21,max_ya_jesus,1
anonymousmagcat21,no_story3990,2
anonymousmagcat21,not-that_girl,1
anonymousmagcat21,ok-cable-8003,1
anonymousmagcat21,pazinchan,1
anonymousmagcat21,shinryoku-ichi,1
anonymousmagcat21,tinkermelle,1
anonymousmagcat21,wrongun25,1
anonymousmagcat21,xianyde,1
anonymousmagcat21,xstrong1,2
anotherbaldgame_40,spoqster,1
anotherreddituser21,veskifins,1
ant_bizzy,actualwillingness556,1
antihomework,theanalystcurator321,1
anxious-dot171,asdafdaf,1
anxious_specific_165,motor_interaction_20,1
any_stick3591,poindexter2291,1
aphexlog,eats-you-alive,1
aphexlog,myzmyz1995,1
applicable_elixir,kosmic_kate,1
appointmentpretend68,sheriffofbulbingham,1
appropriate-cat4514,sowercrowd,1
apricottraditional56,dinozavr,1
apricottraditional56,fab_lewis,1
apricottraditional56,johnjsal,1
apricottraditional56,ksayiru,1
apricottraditional56,louisab75,1
apricottraditional56,oh-no-thank-you,1
apricottraditional56,sybillaprophetis,1
aramatheis,calialpha,1
archaicscrivener,fixgood6833,1
archaicscrivener,individual-arrival86,1
archben,darklordofthesmiths,1
archmikem,_didds_,1
archmikem,actualwillingness556,2
archmikem,blinkymjf,1
archmikem,featherlove1978,1
archmikem,gnuchanos-yt,1
archmikem,mermaidofmaelstrom,1
archmikem,miniinimini,1
archmikem,shiloh_sharps,1
archmikem,then-ad7196,1
archmikem,whitishrogue,1
arcticdragon94,adventurous-end-1369,2
arcticfox_nari,cmdr_tauri,1
arcticfox_nari,impossible_air9129,1
arcticfox_nari,then-ad7196,1
arcwraith2000,mermaidofmaelstrom,1
arcxain,ikollokii,1
ardalev,actualwillingness556,1
ardalev,benandgone,1
ardalev,constantcasual,1
ardalev,illustrious_twist846,2
ardalev,inamanicpanic420,1
ardalev,indigo_grove,1
ardalev,jasdac,1
ardalev,massypiocata,1
ardalev,or0b0ur0s,2
ardalev,significant_lime4361,1
ardalev,spoqster,1
ardalev,xdmanxd99,2
ardalev,zsquared8080,1
arenta,mysterymeati,1
arenta,ok-comedian4437,1
arenta,redhammer1441,1
arigemleo,hot-stage-2174,1
arizona_steve,greedy_whereas6879,1
arizona_steve,wishheartx,1
arkham1010,actualwillingness556,1
arkham1010,thingwithchlorophyll,1
aromatic-werewolf495,fixgood6833,1
aromatic-werewolf495,meowmeow808,1
aromatic-werewolf495,the_dandalorian_,1
arrco6513,venusamari,1
art_faith,unbatroy,1
artentics,fixgood6833,1
artentics,thereduntodeath,1
artistic_north_4208,fannin82,1
artistic_north_4208,zweibeinmensch,1
artlessknave,dawgyashwhite,1
aru0123,cornbeeflt,1
aru0123,whaleshark__1,1
arya_ren,whitishrogue,2
arzyelg,fengfungfong,1
arzyelg,massypiocata,1
ascendevise,bmrtt,1
ascendevise,brrrofski,1
ascendevise,domingusapingus,1
ascendevise,inamanicpanic420,1
ascendevise,kawauso21,2
ascendevise,louisab75,2
ascendevise,madhouse5625,2
ascendevise,meewaj,1
ascendevise,moistwave,1
ascendevise,no_occasion_4519,1
ascendevise,nyxistaken,1
ascendevise,presentaccountant58,1
ascendevise,purpleimmediate5010,1
ascendevise,schiffy94,1
ascendevise,sebiny,1
ascendevise,spicyturnip617,1
ascendevise,the_dwemer_automaton,1
ascendevise,themoraf,1
ascendevise,wild_control162,1
ascendevise,wynngwynn,1
ascendevise,zaynecarrick1,1
asher030,gnuchanos-yt,1
ask-me-about-my-cats,bubbaboof_,1
askianna,indigo_grove,1
askianna,veskifins,1
asphodelmercenary,mr_mo0n,1
asphodelmercenary,swimming_expert7480,2
asphodelmercenary,xdmanxd99,1
asscrackninja,the_dwemer_automaton,1
astacov,fixgood6833,1
athousandfuriousjews,nyxistaken,1
ats_throwaway,inamanicpanic420,1
ats_throwaway,ksayiru,2
ats_throwaway,thedarkgrenadex,1
attractivepigeons,johnnyteoss,1
attractivepigeons,sock_acc,1
attractivepigeons,venusamari,1
aurishalcion,rarglar,1
aurishalcion,the_dandalorian_,1
aurishalcion,western_charity_6911,1
auspartan_2k,mermaidofmaelstrom,1
aussieblokeeeeee,altruistic-good3704,2
austinthefiend,googlemyahoo75,1
austinthefiend,spoqster,1
autisticsuperpower,zyglakk,1
automoderator,ancient_chemical853,1
automoderator,avid_pcgamer,2
automoderator,canadianxtaco,1
automoderator,candyboy23,1
automoderator,direct_vermicelli_30,1
automoderator,emberthane,1
automoderator,evuaxel,1
automoderator,eyesofthesixpaths,1
automoderator,luna2442,1
automoderator,neonjodie99,1
automoderator,no-reason9627,1
automoderator,prince-sword,1
automoderator,twisted_marvel,1
automoderator,ultimasaga,1
autumnwood,major-breadfruit2486,1
aveidti,957,1
aveidti,actualwillingness556,1
aveidti,wishheartx,1
averifiedpig,zos_ginabruno,1
axent_gray,dragonshark514,1
ayahawkeye,veskifins,1
ayakaba,_whiskeychris_,1
ayakaba,classic-mongoose-485,2
ayakaba,grumpf_der_sack,1
ayakaba,middle-earth_oetel,1
ayakaba,sea-pomegranate-1203,1
ayakaba,then-ad7196,1
ayakaba,xstrong1,2
azeuru-jp,tankinatorfr,1
aznrecluse,mwgrover,1
aznrecluse,nyxistaken,2
aznrecluse,suhkandis,1
azrael4355,bonestogo,1
azrael4355,miniandtimmy,1
azrael4355,sock_acc,1
azreon_nightwalker,unbatroy,1
b0dzilla,hoopaorgilgamesh,1
b0dzilla,queercaliphate,1
b0dzilla,taleof2cities_,1
b0dzilla,whitishrogue,1
b0nesawisrrready,sock_acc,1
b0ss_zombie,eats-you-alive,1
b_riann,plebbit-user,1
b_riann,zos_ginabruno,1
background-page4974,zos_jasonbarnes,1
badesign,blacknight841,1
badno3598,blortug,1
badno3598,martiusdecimus,1
badno3598,perca_fluviatilis,1
badno3598,sheriffofbulbingham,1
badshakes,indigo_grove,1
badshakes,zsquared8080,1
baeruu,hot-stage-2174,1
bagbeneficial7527,suhkandis,1
baginabreath,ok-comedian4437,1
bakatora1,mermaidofmaelstrom,1
balierg,major-breadfruit2486,1
balierg,poindexter2291,1
ballbustersicko,brickbeard1999,1
bananern,ok-comedian4437,1
barabearcat,motawa1988,1
barireddit,thedarkgrenadex,1
baronvonkeyser,actualwillingness556,1
baronvonkeyser,danstarthefirst,1
baronvonkeyser,nyarlathotep7777,1
baronvonkeyser,tavalus,1
basedegg666,cannotthonk96,1
basedegg666,the_dwemer_automaton,1
basura1979,altruistic-good3704,1
basura1979,autisticsuperpower,1
basura1979,thedollarstoredoctor,1
bbcguild,zos_ginabruno,1
beacon2001,fixgood6833,3
beacon2001,grindcoredancer,1
beacon2001,swimming_expert7480,1
beanstherogue,oneberry5348,1
beanstherogue,the_dwemer_automaton,1
bearaquil,bubbaboof_,1
bearlinhammer,reasonable-student60,1
beginningdamage8073,xbrrrr,1
begoodformegirl,shad_77381,1
belovedbelle,indigo_grove,1
belovedbelle,whitewolf1214,1
benandgone,jaffadxg,1
benandgone,mermaidofmaelstrom,1
beneficial-assist849,ok-comedian4437,1
beneficial-assist849,tidezen,1
beneficial_eye5991,gnuchanos-yt,1
beneficial_eye5991,max_ya_jesus,1
beneficial_eye5991,udhelibor,1
beneficial_guess_714,mediadavid,1
beneficial_guess_714,skinnycheeks,1
beneficialreply6901,texas_rose_86,1
benelliboss,confusionproof9487,1
benelliboss,jameson71,3
bengamey_974,greyn7,2
bengamey_974,pup_pup_pass,1
benicek,thedollarstoredoctor,1
bere_11,whitewolf1214,1
berksirma,bjgrem01,1
berksirma,darkseidis_,1
berrig7450,whitishrogue,1
betterlatethannevur,the_dwemer_automaton,1
beyond92,artentics,1
biggusdickusofficial,autisticsuperpower,1
biggusdickusofficial,forever-in-famous,1
biggusdickusofficial,joyousblueduck,1
bipolarcorvid,indigo_grove,1
birbphone,alexrescuedotcom,1
birbphone,cinnadots,1
birbphone,der_nanamuskat,1
birbphone,jad11mumbler,1
birbphone,xgeldredx,1
birdie907,agitated-ad6744,2
bitoyskius,johnjsal,1
bitter_ad_1544,irrish84,1
bjgrem01,boofaceleemz,1
bjgrem01,d1z,1
bjgrem01,no_landscape_7223,1
bjgrem01,sea-pomegranate-1203,1
bjorn420x,poindexter2291,1
black_truth,0rganicmach1ne,1
black_truth,mysterymeati,1
black_truth,philosophyno9878,1
black_truth,widesmiles,1
blackbirddy,borzoidesignsok,1
blackdragon1400,bubbaboof_,1
blacknight841,bubbaboof_,1
blacknight841,schurz0104,1
blacknight841,significant_lime4361,1
blackreaper709,viscountbuggus,1
blacksheep10954,autisticsuperpower,1
bladess,he11hog,1
bladess,morikhane,1
blairquynh,majestic_balance1887,1
blinkymjf,actualwillingness556,1
blinkymjf,admiralbumhat,1
blinkymjf,indigo_grove,1
blinkymjf,kinmanana,1
blinkymjf,marstinson,1
blinkymjf,more-nefariousness32,1
blinkymjf,poster69420911,1
blinkymjf,snoopeanuts6597,1
blinkymjf,spinachnpotatoes,1
blinkymjf,suhkandis,1
blinkymjf,thatlooksright,2
blinkymjf,totemfire,1
bloodguard,bubbaboof_,1
bloodguard,heisenbugx,1
bloodhearts,brickbeard1999,2
bloodhearts,jmcgil4684,1
bloodnaix,snoopeanuts6597,1
bloomingk,amusedt,2
bloomingk,r40k,1
blortug,7annes,1
blortug,altruistic-ad-159,1
blortug,b0dzilla,1
blortug,badno3598,1
blortug,birdie907,1
blortug,confusionproof9487,1
blortug,far_young_2666,1
blortug,lord-snoopyano,1
blortug,shahtootahmed,1
blortug,thatlooksright,1
blortug,xerxesfortune,1
bluedragon82,klassik1800,1
bluefox5,actualwillingness556,1
bluefox5,confusionproof9487,1
bluefox5,fouryearbeard,2
bluefox5,smurfpants84,1
blueguerilla,indigo_grove,1
blueguerilla,razerjoe,1
blueguerilla,sea-pomegranate-1203,1
blueguerilla,thereduntodeath,1
bluesilver_girl,myzmyz1995,1
bluesky86010,actualwillingness556,1
bluesky86010,externalmuffin9790,1
bluesky86010,intelligent-ad6158,1
bluesky86010,irrish84,1
bluntrauma420,intelligent-wish47,1
bluntrauma420,testlopsided1928,1
bmrtt,ascendevise,1
bmrtt,careless-end1596,1
bmrtt,inamanicpanic420,1
bmrtt,individual-arrival86,1
bmrtt,ksayiru,1
bmrtt,miniandtimmy,1
bmrtt,ok-comedian4437,1
bmrtt,thedarkgrenadex,1
bmrtt,themoraf,1
bmrtt,wishheartx,1
bmrtt,xdmanxd99,2
bmrtt,zos_ginabruno,1
bobby_digital81,autisticsuperpower,1
bobby_rocket,veskifins,1
bobneumann77,ok-comedian4437,1
bodopc,halt-halt-halt,1
bodopc,mcaber87,5
bodopc,ok-comedian4437,1
bogtick,-alkosh,1
bogtick,anonymous-6461,1
bogtick,defiantway8893,1
bogtick,miniandtimmy,1
bogtick,whitishrogue,1
bogtick,xstrong1,1
bombayblue,autisticsuperpower,1
bombayblue,lone_wolf1580,2
bombayblue,medical_character_28,1
bonestogo,buildingairships,1
bonestogo,bwonkatonks,1
bonestogo,dobpinklertiktok,1
boobaskadoo,emergency-pop4541,1
boobaskadoo,ksayiru,1
boobaskadoo,zenmyst,1
boobrew2018,poindexter2291,1
boofaceleemz,neanderthology,1
borgchupacabras,benicek,1
borgchupacabras,dinozavr,1
borgchupacabras,dragonshark514,1
borgchupacabras,horker_stew,1
borgchupacabras,jcorv58,1
borgchupacabras,lilli_puff,1
borgchupacabras,nonliving4dentity69,1
borgchupacabras,nyarlathotep7777,1
borgchupacabras,slenderfuchsbau,1
borgchupacabras,trin_itty_bitty,1
borgchupacabras,vetitiscientia,1
born505,ok-comedian4437,1
borzoidesignsok,blackbirddy,1
borzoidesignsok,brakenbonez,1
borzoidesignsok,emotional_orchid6202,1
borzoidesignsok,entitymatanzas,1
borzoidesignsok,escapethefirmament,1
borzoidesignsok,every-sheepherder594,1
borzoidesignsok,marauding_llama,1
borzoidesignsok,taleof2cities_,1
borzoidesignsok,yogurtclosetfair5742,1
borzoidesignsok,zafecornet,1
botanical_director,cla_1989,1
botanical_director,darklordofthesmiths,1
botanical_director,kg4nbx,1
botanical_director,nayrael,1
botanical_director,sybillaprophetis,1
br0d30,adventw0lf,2
br0d30,brsola,1
br0d30,ksayiru,1
br0d30,proton-testiq,1
br0d30,sowercrowd,1
br0d30,then-ad7196,1
br0d30,thingwithchlorophyll,1
br0d30,yallabre,3
br4nfry3,agitated-ad6744,1
br4nfry3,impossible_air9129,1
br4nfry3,square_music1695,1
bradford_pear,bmrtt,1
brainwise95,rabbit_games,2
brainwise95,tommy_nightmare,1
brakenbonez,borzoidesignsok,2
brakenbonez,lizardslayer,1
branis_merrien,veskifins,2
brassmoose,the_dwemer_automaton,1
brave_camera4629,that_cause3694,1
brazenbeef,skibiditoilet4206969,1
brenawyn,br4nfry3,1
brenawyn,sea-pomegranate-1203,1
brettoel,ok-comedian4437,1
brettoel,spoqster,1
briargrey,alertelection5806,1
brickbeard1999,andizzzzi,1
brickbeard1999,bloodhearts,1
brickbeard1999,dotcomcto,1
brickbeard1999,grockr,1
brickbeard1999,mattdaveys,2
brickbeard1999,meowkatcaptain,1
brickbeard1999,ok-comedian4437,1
brickbeard1999,ok_lake_4092,2
broad_eagle_4137,bonestogo,1
broad_eagle_4137,buttlipps,1
broad_eagle_4137,eggnogthot,1
broadestcupid,gnuchanos-yt,1
brockcocola,earthwormada,1
brokenarrow326,syngethereddragon,1
brokenarrow326,the_dwemer_automaton,1
broodingbutterfly,bonestogo,1
broodingbutterfly,dragonshark514,2
brrrofski,free-classroom-6155,1
brrrofski,miniandtimmy,1
brucew_1939,hand-of-sithis,1
bryanofrivia,shahtootahmed,1
bthrzerox,calialpha,1
btolputt,ok-comedian4437,1
bubbaboof_,drfriendless,1
bubbaboof_,liflopam97,1
bubbaboof_,wise_owl5404,1
bubbaboof_,wishheartx,1
bugsyeyes,erza961,2
bugsyeyes,taleof2cities_,1
buildingairships,bonestogo,1
buildingairships,gstreamz,1
buildingairships,then-ad7196,1
buildingairships,vetitiscientia,1
bunniewormy,zos_ginabruno,1
bushidobeatdown,brainwise95,1
buttlipps,jnu77,1
buttlipps,nscftype,2
buttonskill,floatinbrownie,1
buzzed247,actualwillingness556,1
bwonkatonks,bonestogo,1
bybloshex,ok-comedian4437,1
byron_cavendish,last-pomegranate-772,1
bziscancer,the_dandalorian_,1
c4ef_73,actualwillingness556,1
c4t4ly5t,pyratefantom,1
caim2821,bubbaboof_,1
cakeriel,alienliegh,1
cakeriel,cannotthonk96,1
cakeriel,dawgyashwhite,1
cakeriel,doknowharm17,2
cakeriel,fodspeed,1
cakeriel,hand-of-sithis,1
cakeriel,jolly-put-9634,2
cakeriel,kingofwerewolfs,1
cakeriel,rynnb1983,2
cakeriel,satellite-2348,1
cakeriel,thehortatoar2,1
calamity-mouser-5261,friendly-shoe5042,1
caldiina,indigo_grove,1
calialpha,bubbaboof_,1
calialpha,indigo_grove,1
calialpha,miniandtimmy,1
calialpha,nyarlathotep7777,2
calialpha,xstrong1,1
callmesociopathic,fairyazure__,1
callmesociopathic,johnjsal,1
callmesociopathic,major-breadfruit2486,1
callmesociopathic,oxobvan,1
callmesociopathic,whitishrogue,1
calotron,ok-comedian4437,1
camronjames,powerful-access-8203,1
camthalion87,xerxesfortune,1
canadon1,fallentemplarr,2
candid_top_5386,darklordofthesmiths,1
candid_top_5386,mwgrover,1
candlematerial7301,alexrescuedotcom,1
candlematerial7301,cool-importance7218,1
candlematerial7301,impossible_air9129,1
candlematerial7301,shaun_527,1
cannotthonk96,asdafdaf,1
cannotthonk96,bprn2017,1
cannotthonk96,cornbeeflt,1
cannotthonk96,fun-explanation7233,1
cannotthonk96,gnuchanos-yt,1
cannotthonk96,ksayiru,1
cannotthonk96,ok-comedian4437,1
capnconcon,autisticsuperpower,1
captain_chocolate,arkham1010,1
captain_seaweaver,charliesam04,1
captainhmbarclay,botanical_director,1
captainraj,massypiocata,1
captfatz,actualwillingness556,1
captfatz,hardlander,2
captfatz,whitishrogue,1
carboxes,spoqster,1
carcarius,amoraivory,1
carcarius,bubbaboof_,1
carcarius,indigo_grove,1
careless-end1596,altruistic-good3704,1
cat_voidvoid,unbatroy,1
cathayraht,lord-snoopyano,1
caulk_blocker,buttlipps,1
cautious_catch4021,sohn_jmith,1
ccnetminder,ok-comedian4437,1
ce-nex,zos_ginabruno,1
cemenotar,brickbeard1999,1
cemenotar,yuriohime,3
cephalonmatt,bziscancer,1
cerebrite,alienliegh,1
cerebrite,bprn2017,1
cerebrite,kaulf,1
cerebrite,thewineguy2020,1
cerebrite,veterinariancold8214,1
ch4p3l,neanderthology,1
chabhamblade,poindexter2291,1
chacaceiro,ok-comedian4437,1
chamllw,moon-reacher,1
changuitashadow,borzoidesignsok,1
changuitashadow,indigo_grove,1
changuitashadow,moon-reacher,1
changuitashadow,then-ad7196,1
changuitashadow,zsquared8080,1
chaos_cowboy,miniandtimmy,1
chaosincarnate1856,externalmuffin9790,1
charliebman,ok-comedian4437,1
charliebman,significant_lime4361,1
charliesam04,captain_seaweaver,1
chatory,ahumblechad,1
chaytel_solverre,essentrails,1
cheap_operation6399,bubbaboof_,1
cheap_operation6399,sad-patient-3456,1
cheatermccheat,fixgood6833,1
cheese_ai,bloodnaix,1
chesterlikeschess,amoraivory,1
chesterlikeschess,defiantway8893,1
chesterlikeschess,destindil,1
chesterlikeschess,dragonshark514,1
chesterlikeschess,humancheesecake2137,1
chesterlikeschess,kinnekted,2
chesterlikeschess,taleof2cities_,1
chesterlikeschess,that_zen_this_tao,1
chesterlikeschess,thewineguy2020,2
chesterlikeschess,xbrrrr,1
chewster023,thedarkgrenadex,1
chi_bearhawks,chesterlikeschess,1
chicken-thief,no_story3990,1
chopchopchoo,hand-of-sithis,1
chronic_smith,dodochicky,1
chronic_smith,thedarkgrenadex,1
chuushahime,emilguss,1
cillachandlergaming,erdinger_dunkel,2
cillachandlergaming,inamanicpanic420,1
cillachandlergaming,kard420,1
cillachandlergaming,luzion,1
cinderblockss,ksayiru,1
cinderblockss,spoqster,1
cinnadots,bubbaboof_,1
cjame158,ok-comedian4437,1
cla_1989,angnos,1
cla_1989,ayakaba,1
cla_1989,basedegg666,1
cla_1989,borzoidesignsok,1
cla_1989,botanical_director,1
cla_1989,bprn2017,1
cla_1989,cannotthonk96,1
cla_1989,escapethefirmament,1
cla_1989,nyarlathotep7777,1
cla_1989,ok-comedian4437,1
clairelenia,suhkandis,1
classic-mongoose-485,ayakaba,2
classic-mongoose-485,evatornado,1
classic-mongoose-485,friendly-shoe5042,1
classic-mongoose-485,gooberdaisy,1
classic-mongoose-485,indigo_grove,1
classic-mongoose-485,odd-interaction7514,1
classic-mongoose-485,pandaxehd,1
classic-mongoose-485,russellvt,2
classic-mongoose-485,uggyy,1
claymorex97,reasonable-student60,1
clean-conclusion-999,then-ad7196,1
clockwork-armadillo,badno3598,1
clockwork_city,sothasilshusband,1
clockwork_city,spoqster,1
clockworkvee,morteux,1
clockworkvee,or0b0ur0s,1
clockworkvee,sea-pomegranate-1203,1
clockworkvee,unbatroy,1
cloista,whitewolf1214,1
cloud_n0ne,veskifins,1
cmdr-savagemidnight,square_music1695,1
cmdr_expendible,killerclownfish,1
cmdr_expendible,thekfdcase,1
cmdrjemison,blinkymjf,1
cmdrjemison,totemfire,1
cmdrunk420,bubbaboof_,1
cmdrunk420,forwardinthelight,1
cmdrunk420,idr3yi,1
cmdrunk420,poindexter2291,1
cmdrunk420,purpleslippehz90,1
cmdrunk420,rough-implement-5724,1
cmdrunk420,trassethetarrasque,2
cocoblind,agitated-ad6744,1
code65536,zos_brianwheeler,1
coding_panda,adrenalineanxiety,1
coding_panda,lion-essrampant,1
coerfroid,indigo_grove,1
coerfroid,panzerapolloofficial,1
coloniacroisant,deranfan,1
colovianhastur,beacon2001,1
colovianhastur,fixgood6833,1
combfoot,indigo_grove,1
comfortablestretch63,more-nefariousness32,1
common-independent-9,autisticsuperpower,1
common-independent-9,fallentemplarr,1
common-juggernaut276,massypiocata,1
commonfutures,mysterymeati,1
complete-fee5785,eso_onlinesetbuild,1
comprehensivebike212,mermaidofmaelstrom,1
comradeswitch,emilguss,1
comradeswitch,gloatingswine,1
comradeswitch,ikeezzo,1
comradeswitch,jonesmcbuttons,1
comradeswitch,that_cause3694,1
concept_realistic,inamanicpanic420,1
concept_realistic,indigo_grove,1
concept_realistic,kawauso21,1
concept_realistic,miniandtimmy,1
confident-silver-336,presentslide7908,2
confident_bicycle125,bengamey_974,1
confusionproof9487,bluefox5,1
confusionproof9487,even_ad342,1
confusionproof9487,tidezen,1
confusionproof9487,whitishrogue,1
connect-ant-2081,katzeye007,1
connect-ant-2081,themoraf,1
conninator2000,oneberry5348,2
constant_hotel_2279,inamanicpanic420,1
constantcasual,ardalev,2
constantcasual,illustrious_twist846,3
constantcasual,mysterymeati,1
consultingcutie,mwgrover,1
consultingcutie,thedollarstoredoctor,1
cookicuts,emergency-pop4541,1
cool-importance7218,alexrescuedotcom,1
cool-importance7218,thewineguy2020,1
cool_dragonfruit_478,damightytant,1
cool_dragonfruit_478,sea-pomegranate-1203,1
cool_dragonfruit_478,sybillaprophetis,1
cool_dragonfruit_478,thereduntodeath,1
corgi388,suhkandis,1
cornbeeflt,oxobvan,1
cornbeeflt,thereduntodeath,1
cosmo_nova,logansclaw53188,1
cosmo_nova,ticklemitten,1
cosmo_nova,veskifins,1
countershift,unbatroy,1
court_jester13,mermaidofmaelstrom,2
cow_best,br4nfry3,1
cow_best,busy-tone-,1
cow_best,ktopalescent,1
cow_best,shahtootahmed,1
cow_best,shaun_527,1
cow_best,shinryoku-ichi,1
cow_best,stage_strange291,1
cow_best,that_cause3694,1
cowman3202,anon-sage,2
cowman3202,dearthnadir75,1
cowwhisperer69,humancheesecake2137,1
cr4p,uncle-fester-ink,1
cradonwar,mixmasterace,1
cradonwar,trickadorable9764,1
crapador_dali,hidemyid,1
crapador_dali,rusticals303,1
creative_lawyer_4748,marty5697,1
creedfeed,johnjsal,1
creepy-ghost,deranfan,1
crewarookie,bloodhearts,1
crewarookie,ok-comedian4437,1
crimsomphx,mccalli,1
crimsonfangknight,bubbaboof_,1
crimsonfangknight,horker_stew,1
cripplemesideways,firetail_taevarth,1
crit-a-cola,andovars_ghost,1
crit-a-cola,extensioncourse,1
critical-bee-6623,horker_stew,1
croce11,inblurfather,1
crosknight,lunarsugar,1
crotique,sad-patient-3456,1
crow_2v,zos_ginabruno,1
crumgeon,jnu77,1
crumgeon,nerevanin,1
crumgeon,oshea_is_ok,1
crumgeon,rageofthesoul,1
crypt_toad,wishheartx,1
crystallinecrow,indigo_grove,1
crystallinecrow,massypiocata,1
crystallinecrow,miniinimini,1
crystallinecrow,sea-pomegranate-1203,1
csrworks,shaun_527,1
ctbellart,tattooedpink,1
ctbellart,wishheartx,1
cubickittens,shaun_527,1
curley1018,autisticsuperpower,1
curmudgeonintaupe,max_ya_jesus,1
curmudgeonintaupe,xstrong1,1
currentbias,busy-tone-,1
currentbias,hollow-drop,1
currentbias,inboxdollarwifi,1
currentbias,medwynd,1
currentbias,neotempest,1
currentbias,tinkermelle,1
cute_guest1445,lunarsugar,1
cyanpancake,eso_bill_slavicsek,1
cyanpancake,themoraf,1
cyanpancake,zos_ginabruno,2
cyanpancake,zos_jasonbarnes,1
cyanpancake,zos_philipdraven,1
cynedyr,indigo_grove,1
cynical_feline,tempozz,1
cynical_feline,western_charity_6911,1
d1z,bjgrem01,1
d3ad_plant,veskifins,1
d4rthj4rj4r,mrkebuky,1
dactrior,embarrassedpianist59,1
daha1972,destindil,1
daha1972,paularizer,1
daily_distractionyt,actualwillingness556,1
daily_distractionyt,miniandtimmy,1
dajog1,vetitiscientia,1
dalferious,inamanicpanic420,1
dalferious,sajiri,1
dalferious,spoqster,1
damightytant,sybillaprophetis,1
damolitioneed,ok-comedian4437,1
damtagrey,actualwillingness556,1
damtagrey,indigo_grove,1
damtagrey,veskifins,1
danielsinclair32,the_dwemer_automaton,1
dannybell03,veskifins,1
danstarthefirst,ask-me-about-my-cats,1
danstarthefirst,badesign,1
danstarthefirst,l0rdskullz,1
danstarthefirst,whitishrogue,1
darandapanda,fixgood6833,1
darandapanda,indigo_grove,1
darandapanda,marty5697,1
darandapanda,thatlooksright,1
darkling-rae,sybillaprophetis,1
darkling_antiquarian,rabbit_games,1
darklordofthesmiths,botanical_director,2
darklordofthesmiths,confusionproof9487,1
darklordofthesmiths,ebret1,1
darklordofthesmiths,jolly-put-9634,1
darklordofthesmiths,marstinson,1
darklordofthesmiths,proton-testiq,1
darklordofthesmiths,t3vvyw,1
darkmaidenlight,sybillaprophetis,1
darkseidis_,hiimdizz,1
darkseidis_,r40k,2
darkseidis_,skyreckoning,1
darkstarog,ok-comedian4437,1
darkwolf_nightfang,ksayiru,1
darkwolf_nightfang,marty5697,1
darkwolf_nightfang,ok-comedian4437,1
darkworldkingsbk,lokienstein,1
darkworldkingsbk,sad-patient-3456,1
darkworldkingsbk,the_dwemer_automaton,1
darkworldkingsbk,whitewolf1214,1
darkworldkingsbk,xdmanxd99,1
darkworldkingsbk,xianyde,1
darrelc,ala5656,2
darrelc,archmikem,1
darrelc,dragonshark514,1
darrelc,humancheesecake2137,1
darrelc,nachujminazwakurwa,1
darrelc,neverjamtoday,1
darrelc,shaun_527,1
darrelc,spoqster,2
dart223,quirky-chocolate-594,1
darth_n1hilus,ok-comedian4437,1
darth_package,bmrtt,1
darthkobma,shaun_527,1
dasasza,ok-comedian4437,1
dastermonjon,spoqster,1
dathyni,gnuchanos-yt,1
dathyni,miniinimini,1
dathyni,poindexter2291,2
dathyni,ruskiiiiiiiii,2
dathyni,the_dwemer_automaton,1
dathyni,vetitiscientia,2
datmaggicjuice,br0d30,1
datpinkflamingo,lunarsugar,1
dave22201,ok-comedian4437,1
davemoedee,degonyteeso,1
dawgyashwhite,abelthorne,2
dawgyashwhite,sidewaves,1
daymanic,unbatroy,1
dazedandfloating,ahmungdihtung,1
dazedandfloating,colovianhastur,1
dazedandfloating,connect-ant-2081,1
dazedandfloating,far_young_2666,2
dazedandfloating,fixgood6833,1
dazedandfloating,hellboyquintex,1
dazedandfloating,horker_stew,1
dazedandfloating,key-garbage-9286,1
dazedandfloating,medical_character_28,1
dazedandfloating,nayrael,1
dazedandfloating,nerevanin,1
dazedandfloating,nimblenibbler,1
dazedandfloating,objectiveok9996,1
dazedandfloating,randomhornydemon,1
dazedandfloating,shaun_527,1
dazedandfloating,suhkandis,1
dazedandfloating,theanalystcurator321,1
dazedandfloating,themoraf,2
dazedandfloating,utdelt,1
dazedandfloating,whitishrogue,1
deadlocked02,fun-explanation7233,1
dearcastiel,shadowrain2,1
dearcastiel,tom_major-tom,1
dearthnadir75,cowman3202,1
dearthnadir75,xianyde,1
decrepittomb,mediadavid,1
decrepittomb,miniinimini,1
decrepittomb,washout77,1
decrepittomb,zos_ginabruno,1
deeking__,zos_ginabruno,1
deez-zathras,sea-pomegranate-1203,1
defiantway8893,___gay__,1
defiantway8893,trassethetarrasque,1
defiantway8893,xaroin,1
defiantway8893,yuriohime,1
degonyteeso,ktopalescent,1
degonyteeso,meewaj,1
degonyteeso,veryberrywaffles,2
dekafox,heisenbugx,1
demoneye629,howellq,1
demoneye629,hyperioxes,1
demonslayer901,ok-comedian4437,1
dentrius,zos_kevin,1
denverralphy,autisticsuperpower,1
denverralphy,forever-in-famous,1
denverralphy,thedarkgrenadex,1
denverralphy,velementss,1
denverralphy,xstrong1,1
denverralphy,zos_ginabruno,1
deo14,miniinimini,1
deo14,n7-o,1
der_nanamuskat,actualwillingness556,1
deranfan,thewineguy2020,1
dercashee,rabbit_games,1
derleisemitderlaute,fallentemplarr,1
deservedhell,agitated-ad6744,1
desperate-swimmer690,bubbaboof_,1
destindil,chesterlikeschess,1
destindil,fixgood6833,1
destindil,googlemyahoo75,1
destindil,greedy_whereas6879,1
destindil,indigo_grove,1
destindil,miniinimini,1
destindil,oklisten1874,1
destindil,thewineguy2020,1
destindil,xstrong1,1
destindil,zos__susan,1
destindil,zos_ginabruno,1
destindil,zos_kevin,1
destindil,zos_nickgiacomini,1
dewdlebobs,badno3598,1
dextaur,zos_ginabruno,1
di9girl,hinermad,2
di9girl,ikollokii,1
di9girl,sea-pomegranate-1203,2
diabl33ta,sad-patient-3456,1
dialingash38,buttlipps,1
diccuss,andovars_ghost,1
diccuss,fab_lewis,1
diccuss,lexifer452,1
diccuss,massypiocata,1
diccuss,no_story3990,1
diccuss,zos_kevin,1
digitijs,nandodecolonoscopy,1
diligent-wallaby19,middle-earth_oetel,1
diligent-wallaby19,sirkalevi,1
dinozavr,apricottraditional56,1
dinozavr,fixgood6833,1
dinozavr,kiwiiuwuu,1
dinozavr,lntaw1397,1
dinozavr,massypiocata,1
dinozavr,pyratefantom,1
dinozavr,reasonable-student60,1
dinozavr,thingwithchlorophyll,1
dinozavr,velementss,1
dinozavr,zenmyst,4
diodiablo702,zos_ginabruno,1
direct-landscape-450,gaybrahammasblow,1
direwolvesva,indigo_grove,1
dirtbelgian0,major-breadfruit2486,1
dirtylumpofcoal,archmikem,1
disastrous_coat_5486,miniinimini,1
disastrous_coat_5486,sven_re,1
disastrous_job_5805,sock_acc,1
disastrous_leg2172,stage_strange291,1
discokittie,glitteringsystem7929,1
discokittie,oneberry5348,2
discokittie,sionnabhan,2
diseasedsouls,gwuhu,1
diseasedsouls,skabassj,1
disky00,zos_ginabruno,1
dismal-low6333,sybillaprophetis,1
diyer1122,bubbaboof_,1
dizzy_drips,gstary,1
dizzy_emu1089,laticia_1990,1
dizzy_emu1089,rusticals303,1
dizzy_emu1089,skyreckoning,2
dizzy_emu1089,thedollarstoredoctor,3
dknight0404,badno3598,1
dobpinklertiktok,bonestogo,2
dobpinklertiktok,hand-of-sithis,2
dobpinklertiktok,im_chris2,2
dobpinklertiktok,seshprinny,1
doctor_sauce,hidemyid,1
dodochicky,jessithy,1
dodochicky,largeseaworthiness1,1
doknowharm17,cakeriel,1
dom_gar,bubbaboof_,1
domidude,possible_cell2584,2
domidude,virulentfuzz,2
domingusapingus,ascendevise,1
domingusapingus,presentaccountant58,1
donfarmzy,arigemleo,1
donglefree,ksayiru,1
donmuerte,aveidti,1
donmuerte,northener1907,1
donmuerte,relevant_device9042,2
donmuerte,wishheartx,1
dontyawishyouwereme,the_dick_slinger,1
doright36,caw_the_crow,1
doright36,grzechoooo,1
dotcomcto,brickbeard1999,1
doublesoupverified,tommy_nightmare,1
dr_dontrespect,kirkus23,1
dr_dontrespect,regular-resort-857,1
dr_shadow15,unbatroy,1
dr_shadow15,whitishrogue,1
draculesti_hatter,whaleshark__1,2
drafo7,bloodhearts,1
draftdodgerdon8647,badno3598,1
draftdodgerdon8647,indigo_grove,1
draftdodgerdon8647,individual-arrival86,1
draftdodgerdon8647,snoopeanuts6597,1
dragon_knight1999,actualwillingness556,1
dragonburnpaper,indigo_grove,1
dragonshark514,-sloth_king-,1
dragonshark514,adventurous-end-1369,1
dragonshark514,amurderingcat,1
dragonshark514,axent_gray,1
dragonshark514,botanical_director,1
dragonshark514,broodingbutterfly,1
dragonshark514,brsola,1
dragonshark514,chesterlikeschess,1
dragonshark514,duckthatlikesbread,1
dragonshark514,fallentemplarr,1
dragonshark514,guidanceobjective506,2
dragonshark514,jolly-put-9634,1
dragonshark514,klassik1800,2
dragonshark514,lord-snoopyano,1
dragonshark514,material_bet_2246,1
dragonshark514,mwgrover,1
dragonshark514,nas-aratat,1
dragonshark514,nwccraddock,1
dragonshark514,nyxistaken,1
dragonshark514,okhorse1322,1
dragonshark514,panzerapolloofficial,1
dragonshark514,proton-testiq,1
dragonshark514,shad_77381,1
dragonshark514,suhkandis,1
dragonshark514,sybillaprophetis,1
dragonshark514,thatponypony,1
dragonshark514,the_dwemer_automaton,1
dragonshark514,tng56230,1
dragonshark514,woeler,1
dragonshark514,wolvenomega,1
dragonshark514,zenmyst,1
dragonwhimsy,zos_ginabruno,2
dralvok,fearless_common_4587,1
dralvok,zos_ginabruno,3
dralvok,zos_jasonbarnes,1
dramber0,pis4phil,1
dread-azazel,greedy_whereas6879,1
dread-azazel,last-pomegranate-772,1
dreadfoxx_x,whitishrogue,1
dreadlordabaddon,unbatroy,1
dreamingaboutspace,bubbaboof_,1
dreamingaboutspace,danstarthefirst,1
dreamingaboutspace,kirkus23,1
dreamingknight235,indigo_grove,1
dreamsofpickle,mermaidofmaelstrom,1
dreamsofpickle,sea-pomegranate-1203,1
dreven-ns,zos_ginabruno,1
drezziii,fragonus,1
drezziii,indigo_grove,1
drezziii,likethewind96,1
drezziii,mermaidofmaelstrom,2
drezziii,ravernel,1
drfriendless,bubbaboof_,1
drfriendless,majike03,1
drift3r01,emergency-pop4541,1
drift3r01,pazinchan,1
drift3r01,vlaaiissuperieur,1
drkhunter1986,bubbaboof_,1
droma-1701,thingwithchlorophyll,1
drtoohigh,ok-comedian4437,1
drunkieowl,badno3598,1
drunkieowl,beneficial_guess_714,1
drunkieowl,inamanicpanic420,1
dry_term_7998,actualwillingness556,1
dsebulsk,ok-comedian4437,1
dsriker,veskifins,1
dten135,blortug,1
ducklinsenmayer,whitishrogue,1
dudebroman13,jadops,1
due-resource-4391,bmrtt,1
due-resource-4391,klassik1800,1
due-resource-4391,lwh,1
due-will-3403,darth_package,1
duece09,botanical_director,1
dumbandnumb,jcw28,2
dunlain98,fengfungfong,1
dunlain98,unbatroy,1
dunmerry,reasonable-student60,1
dunmerry,totemfire,1
dutch-flowers,archmikem,1
dutch-flowers,thewineguy2020,1
dutchbeard0,fixgood6833,1
earthwormada,archmikem,1
earthwormada,eso_bill_slavicsek,1
earthwormada,oklisten1874,1
earthwormada,suddendepact,1
earthwormada,thetenz,1
earthwormada,zos_ginabruno,2
eats-you-alive,0sc24,2
eats-you-alive,_didds_,1
eats-you-alive,amoraivory,1
eats-you-alive,dearcastiel,1
eats-you-alive,floognoodle,2
eats-you-alive,fluid_lengthiness_98,1
eats-you-alive,g00b3rb0y,1
eats-you-alive,greedy_whereas6879,1
eats-you-alive,grumpf_der_sack,1
eats-you-alive,kingpengu22,1
eats-you-alive,majestic_balance1887,1
eats-you-alive,mcaber87,1
eats-you-alive,medwynd,1
eats-you-alive,miniinimini,2
eats-you-alive,noganddog,1
eats-you-alive,oh-no-thank-you,1
eats-you-alive,oneberry5348,2
eats-you-alive,oxobvan,1
eats-you-alive,pandaxehd,1
eats-you-alive,poindexter2291,1
eats-you-alive,rymork,1
eats-you-alive,salientdred,1
eats-you-alive,thedollarstoredoctor,4
eats-you-alive,yrauvir,1
eats-you-alive,zaldr,1
eats_the_rocks,sea-pomegranate-1203,1
eatyourvegetal,bubbaboof_,1
eatyourvegetal,elemancerzzei,1
eatyourvegetal,greedy_whereas6879,1
eatyourvegetal,kirkus23,1
eatyourvegetal,nandodecolonoscopy,1
eatyourvegetal,rarglar,1
ebret1,exh4lted,1
ebret1,majike03,1
econopotamus,individual-arrival86,1
econopotamus,schurz0104,1
ecstatic-violinist99,whitewolf1214,1
edudley909,ok-comedian4437,1
efalien92,cornbeeflt,1
efalien92,ksayiru,2
efalien92,magicseaturtle,2
efalien92,nyarlathotep7777,1
efalien92,pretend-detail-148,1
efalien92,proton-testiq,1
efalien92,schntgaispork,1
effective-brain4980,r40k,1
effective-brain4980,sicirca,1
eggnogthot,voyagermyu,1
ehornbaker,bbcguild,1
eirodan,fixgood6833,1
eirodan,hellboyquintex,3
ekmars,hamokk,1
elcoyote_ab,jolly-put-9634,1
elderscrollsonline-modteam,acanadianmaple,1
elderscrollsonline-modteam,ikollokii,1
elderscrollsonline-modteam,inboxdollarwifi,1
elderscrollsonline-modteam,major-breadfruit2486,1
elderscrollsonline-modteam,miserable-league-670,1
elderscrollsonline-modteam,only_aerie3384,1
elderscrollsonline-modteam,oshea_is_ok,1
elderscrollsonline-modteam,square_music1695,1
elderscrollsonline-modteam,tyberiuss97,1
elderscrollsonline-modteam,vastiaobra,1
eldhari,mysterymeati,1
eldhari,purpleslippehz90,1
eldikku,inboxdollarwifi,1
electrical_one7665,shaun_527,1
electrical_storm9,thismyotheracc,1
electricallaw1,actualwillingness556,1
electricallaw1,illustrious_twist846,1
electricallaw1,massypiocata,1
electricmeow,ksayiru,2
electricmeow,randomvaultdweller,1
electronic_file2947,bubbaboof_,2
electronic_file2947,ok-comedian4437,1
electronic_file2947,xstrong1,1
electrostatichotwave,max_ya_jesus,1
electrostatichotwave,ryithian,1
electrostatichotwave,taleof2cities_,1
electrostatichotwave,zaldr,1
elegant-alfalfa1382,bubbaboof_,1
elemancerzzei,inblurfather,1
elementastic,pianozealousideal699,1
elementastic,whaleshark__1,3
elfo_sovietico,_skunk,1
elitexmidas,destindil,1
elkavasseur,bubbaboof_,1
elnikoman,totemfire,1
elpadrote,angnos,1
elpadrote,bluefox5,1
elvenstrider,ok-comedian4437,1
elvira_skrabani,emergency-pop4541,1
elvira_skrabani,thewineguy2020,1
elyssae,thedollarstoredoctor,1
elyssarfeiniel,actualwillingness556,1
elyssarfeiniel,brsola,1
elyssarfeiniel,buttlipps,1
elyssarfeiniel,fun-explanation7233,1
embarrassedpianist59,bubbaboof_,1
embarrassedpianist59,darandapanda,1
embarrassedpianist59,dragonshark514,1
embarrassedpianist59,fixgood6833,1
embarrassedpianist59,huntressthewizard,1
embarrassedpianist59,ksian,1
embarrassedpianist59,themoraf,1
embeddedmonk20,impossible_air9129,1
emergency_ad7555,actualwillingness556,1
emergency_pudding298,more-nefariousness32,1
emilguss,actualwillingness556,1
emilguss,ok-comedian4437,1
emotional_moment_656,the_dwemer_automaton,1
emotional_orchid6202,borzoidesignsok,1
emperorxerro,eatyourvegetal,1
employaltruistic647,miniandtimmy,1
employaltruistic647,ok-comedian4437,1
empresslizzie,zos_ginabruno,1
ender_wiggins18,unbatroy,1
engineeringdefiant60,humancheesecake2137,1
engineeringexciting1,thereduntodeath,1
enjayjones,imaginaryanteater101,1
enjayjones,tryh4rdcookie,1
enquest,bloodhearts,1
enseminator,gstreamz,1
entertainmenthot2160,sea-pomegranate-1203,1
entitymatanzas,andovars_ghost,2
entitymatanzas,borzoidesignsok,2
entitymatanzas,ksayiru,1
entitymatanzas,wise_owl5404,1
entranceunique1457,common-independent-9,1
enver_gortie,autisticsuperpower,1
enver_gortie,cmdr_tauri,1
enver_gortie,inboxdollarwifi,1
enver_gortie,indigo_grove,1
enver_gortie,jessithy,1
enver_gortie,joyousblueduck,1
enver_gortie,ksayiru,1
enver_gortie,pambimbo,1
environmental_hat508,nwccraddock,1
environmental_hat508,odd-sprinkles-8971,1
epleofuri,ok-comedian4437,1
erdinger_dunkel,cillachandlergaming,2
erdinger_dunkel,thamoose7,1
erickson9160,zos_ginabruno,2
eris_21,ksayiru,1
ermine_esc,oxobvan,1
erratic_error,fixgood6833,1
erza961,bugsyeyes,2
escapethefirmament,borzoidesignsok,1
eske159,inblurfather,1
eso_bill_slavicsek,dralvok,1
eso_bill_slavicsek,empresslizzie,1
eso_bill_slavicsek,harvestbrook,1
eso_bill_slavicsek,housenaevius,1
eso_bill_slavicsek,nakalololo,1
eso_bill_slavicsek,number_one_aigis_fan,2
eso_bill_slavicsek,organic-budget-227,1
eso_bill_slavicsek,rockwithamedicinecup,5
eso_bill_slavicsek,suddendepact,1
eso_bill_slavicsek,venusamari,1
eso_bill_slavicsek,vivyer,1
eso_bill_slavicsek,wanderingthespian,1
eso_bill_slavicsek,winefficient9710,1
eso_bill_slavicsek,zoro_messatsu,1
eso_onlinesetbuild,thewineguy2020,1
esonerdy,brickbeard1999,1
essentrails,indigo_grove,1
essentrails,medwynd,1
essentrails,spoqster,1
estella_osoka,mwgrover,1
ethana40,spoqster,1
ethanklown,ok-comedian4437,1
ethanklown,winter_low4661,1
etherserra,veskifins,1
evancalgary,_didds_,1
evancalgary,actualwillingness556,2
evancalgary,fouryearbeard,1
evancalgary,lootchic,1
evancalgary,miniandtimmy,1
evancalgary,then-ad7196,1
evatornado,mickhaggs,1
eve-76,ok-comedian4437,1
every-sheepherder594,borzoidesignsok,1
every-sheepherder594,thewineguy2020,1
everyoneheresamoron,actualwillingness556,1
everyoneheresamoron,sea-pomegranate-1203,1
everyoneheresamoron,sybillaprophetis,1
everyoneheresamoron,then-ad7196,1
everyoneheresamoron,thingwithchlorophyll,1
evincerewow,whitishrogue,1
excaliburdagreat,fixgood6833,1
excellent-light-4654,zos_ginabruno,1
excellent-wash7412,gnuchanos-yt,1
excellent_film_3827,wishheartx,1
exerciseexisting7319,material_bet_2246,1
exh4lted,ebret1,1
exh4lted,mwgrover,1
exotic-shallot-5101,horker_stew,1
exotic-shape-4104,aznrecluse,1
exotic-shape-4104,nonliving4dentity69,1
exotic-shape-4104,ok-cable-8003,1
exotic-shape-4104,pelanora,2
exotic-shape-4104,replybot5000,1
exotic-shape-4104,the_dwemer_automaton,1
expensive-finance538,ok-comedian4437,1
expensive_pick5812,actualwillingness556,1
extensioncourse,massypiocata,1
external_soup668,clockwork_city,1
external_soup668,curmudgeonintaupe,1
external_soup668,oldworldblues10,1
externalmuffin9790,actualwillingness556,2
externalmuffin9790,agram87,1
externalmuffin9790,kinnekted,1
extra-illustrator-43,miniandtimmy,2
eyehunter47,veskifins,1
ezi0_shadowblade,asphodelmercenary,1
ezilopp,artistic_north_4208,1
ezmawloc,cornbeeflt,1
ezmawloc,rabbit_games,1
ezmawloc,shad_77381,1
fab_lewis,oh-no-thank-you,2
fab_lewis,undeadsabbath,1
faenrik,ksayiru,1
fairyazure__,callmesociopathic,1
fali_1981,moistwave,1
fallentemplarr,canadon1,1
fallentemplarr,dragonshark514,1
falling-waters,grzechoooo,1
falling-waters,r40k,1
false-neighborhood-4,veskifins,1
fannin82,actualwillingness556,1
fannin82,artistic_north_4208,1
fannin82,impossible_air9129,1
fantastic-mango4799,bonestogo,1
fantastic_resolve364,monster3gamez,1
fantastic_resolve364,neotempest,1
far_temperature9567,cornbeeflt,1
far_young_2666,dazedandfloating,1
far_young_2666,lunarsugar,1
far_young_2666,the_dwemer_automaton,1
farscry,taisynn,1
fatty_fat_cat,whitewolf1214,1
faytoto,andovars_ghost,1
fearless_common_4587,zos_ginabruno,1
fearless_common_4587,zos_jasonbarnes,1
fearless_eye_6644,ok-comedian4437,1
fearofbeingaverage,klassik1800,1
featherlove1978,seeswithbrain,1
featherw0lf,or0b0ur0s,1
fengfungfong,aflarge,1
fengfungfong,allck1,1
fengfungfong,bengamey_974,1
fengfungfong,fallentemplarr,1
fengfungfong,ktopalescent,1
fengfungfong,mxhmoud,1
fengfungfong,particular-swim2461,1
fengfungfong,simplelengthiness246,1
fengfungfong,spoqster,1
fengfungfong,sybillaprophetis,1
fengfungfong,thewineguy2020,1
fengfungfong,trickadorable9764,1
fengfungfong,western_charity_6911,2
fengfungfong,wishheartx,1
fengfungfong,xadas67,1
fengfungfong,xerxesfortune,1
fengfungfong,xurigan,1
festegios,bonestogo,1
festegios,entitymatanzas,1
festegios,indigo_grove,1
festegios,lonepirate,1
festegios,mademperormike,1
festegios,mmoplayer97,1
festegios,mwgrover,1
festegios,poindexter2291,1
festegios,techwolf_lupindo,1
festegios,whitishrogue,1
festegios,wolvenomega,1
festegios,zos_brianwheeler,1
feverandchill,uggyy,1
few-play1502,unbatroy,1
few_session_9540,zos_ginabruno,1
fiery_khat,veskifins,1
final_internal_3016,intelligent-wish47,1
finaldeath,brickbeard1999,1
finarin,randomvaultdweller,1
findingsevere7149,fixgood6833,1
findingsevere7149,north-imagination275,1
findingsevere7149,rathivis,1
finesesarcasm,bubbaboof_,1
fiosachde,andovars_ghost,1
fireflyry,alvehyanna,1
firetail_taevarth,bonestogo,1
firetail_taevarth,br4nfry3,1
firetail_taevarth,cripplemesideways,1
firetail_taevarth,graysonpowergamer,1
firetail_taevarth,jash0822,1
firetail_taevarth,proton-testiq,1
firetail_taevarth,thereduntodeath,1
firetraineraaron,sensitive_piglet3943,1
firetraineraaron,taleof2cities_,1
firetraineraaron,thismyotheracc,1
fit-watercress-5184,mtgorgonzola,1
fit_quit_8890,myrillya,1
fitcredit5685,northrustic,1
fixgood6833,ahmungdihtung,1
fixgood6833,beacon2001,4
fixgood6833,dinozavr,1
fixgood6833,embarrassedpianist59,1
fixgood6833,erratic_error,1
fixgood6833,hellboyquintex,1
fixgood6833,liquid_snape,1
fixgood6833,nyarlathotep7777,2
fixgood6833,pour_me_another_,1
fixgood6833,sannhetsvir,2
fixgood6833,theanalystcurator321,3
fixgood6833,thewineguy2020,2
fixgood6833,upbeat_scholar_159,1
fizl99,ricardo99xx,2
fizl99,sea-pomegranate-1203,1
fkm196,zos_kevin,1
flashyzipp,altruistic-good3704,1
flashyzipp,bubbaboof_,1
flimsy_reading_9430,zos_ginabruno,1
floatinbrownie,dotcomcto,1
floognoodle,eats-you-alive,2
floognoodle,zos_ginabruno,1
fluffwit,altruistic-good3704,1
fluffwit,hidemyid,1
fluffwit,individual-arrival86,1
fluffwit,neotempest,1
fluffwit,oxobvan,1
fluffwit,therealmulli,1
fluid_lengthiness_98,court_jester13,1
fluid_lengthiness_98,eats-you-alive,1
fluid_lengthiness_98,mermaidofmaelstrom,1
fluid_lengthiness_98,zos_ginabruno,1
flyingtired,mwgrover,1
fodspeed,badno3598,1
fodspeed,indigo_grove,1
fodspeed,oxobvan,1
foreign_mongoose7519,poindexter2291,1
foreign_mongoose7519,the-noob-smoke,1
forest_hobo,indigo_grove,1
forest_hobo,thewineguy2020,1
forest_hobo,veskifins,1
forest_hobo,whitishrogue,1
forethought-47,cmdr_tauri,1
forethought-47,even_ad342,1
forethought-47,sol_west,1
forethought-47,tommy_nightmare,1
forever-in-famous,autisticsuperpower,1
forever-in-famous,biggusdickusofficial,2
forever-in-famous,denverralphy,2
forever-in-famous,ksayiru,1
forever-in-famous,lone_wolf1580,1
foreverlost417,agitated-ad6744,2
forthe2ndbreakfast,archmikem,1
forwardinthelight,cmdrunk420,1
forwardinthelight,enver_gortie,1
fouryearbeard,bluefox5,2
fouryearbeard,elpadrote,1
fouryearbeard,idr3yi,1
fouryearbeard,j1nxster,1
fouryearbeard,then-ad7196,1
foxxymoxxy02,lwh,1
foxxymoxxy02,strict-pair-6518,1
fps916,unbatroy,1
fract_l,miniandtimmy,1
fragonus,actualwillingness556,1
fragonus,drezziii,1
fragonus,indigo_grove,1
fragonus,mermaidofmaelstrom,1
fragonus,starkerealm,1
fragonus,unbatroy,1
fransludge,thingwithchlorophyll,1
fransludge,veskifins,1
free-classroom-6155,ktopalescent,1
free-classroom-6155,then-ad7196,1
free_sheepherder4895,ok-comedian4437,1
freewayzero,ikeezzo,2
freewayzero,lilli_puff,3
frequent_car8717,zos_ginabruno,1
friedcatleg13,sock_acc,1
friendly-shoe5042,greedy_whereas6879,2
frogsonalog,slayerofdemons96,1
fromheretoelsweyr,lexifer452,1
fromswedenwithhate,lunarsugar,1
fuckiceyallpussies,majestic_balance1887,1
fullautophx,adventuretime888,1
fullautophx,suhkandis,1
fun_jellyfish_4884,motor_interaction_20,1
fuzzynova33,poindexter2291,1
fxck-exe,whitishrogue,1
fyrixx,brockcocola,1
fyrixx,loopymercutio,1
g00b3rb0y,-anby,1
g00b3rb0y,eats-you-alive,1
g00b3rb0y,marstinson,1
g00b3rb0y,standard_brilliant17,1
g00b3rb0y,unbatroy,1
g00b3rb0y,yodiddlycorncob,1
g0ds_demon,zsquared8080,1
g0k4r,ruskiiiiiiiii,1
g0k4r,skinnycheeks,1
g0k4r,zos_ginabruno,1
galactic_octo,neanderthology,1
galegone,significant_lime4361,1
galegone,sock_acc,1
gamer_logged,eats-you-alive,1
gamer_logged,tx12001,1
ganhedd0,altruistic-good3704,1
ganhedd0,velementss,1
ganmor_denlay,bubbaboof_,1
garbowulf5oh,jadechipmunk,1
garbowulf5oh,unbatroy,1
gardeeboo,asdafdaf,1
gardeeboo,inamanicpanic420,1
gardeeboo,mwgrover,1
gardeeboo,shad_77381,1
garett-telvanni,trickadorable9764,1
gaybrahammasblow,indigo_grove,1
gaybrahammasblow,ok-comedian4437,1
gaybrahammasblow,the_dwemer_automaton,1
gelini0789,dragonshark514,1
gelini0789,medwynd,1
gelini0789,sea-pomegranate-1203,2
general_hijalti,thewineguy2020,1
genxrules69,actualwillingness556,1
genxrules69,archmikem,1
georgeology101,impossible_air9129,1
georgespelvin-,sukeban_x,1
ghostb5,_didds_,1
ghoststrife,inblurfather,1
ghoststrife,ok-comedian4437,1
ghoststrife,poster69420911,2
ghz33,ok-comedian4437,1
gibby1210,lunarsugar,1
gildedburd,zos_kevin,1
gillababe,utdelt,1
gimlithemilfhunter69,thegorrambatguy,2
gingerscubes,moon-reacher,1
glad-examination-381,dragon_knight1999,1
glazeddonutgloryhole,impossible_air9129,1
glctrx,fixgood6833,1
glittering_chart3261,darklordofthesmiths,1
glittering_leek8142,bubbaboof_,1
glittering_water3645,ksayiru,1
glitteringsystem7929,lunarsugar,1
gloatingswine,a_strange_old_man,1
gloatingswine,alertelection5806,1
gloatingswine,alexrescuedotcom,1
gloatingswine,amoraivory,1
gloatingswine,amusedt,2
gloatingswine,basedegg666,1
gloatingswine,bprn2017,1
gloatingswine,confusionproof9487,1
gloatingswine,inamanicpanic420,1
gloatingswine,johnjsal,1
gloatingswine,mysterymeati,1
gloatingswine,poindexter2291,2
gloatingswine,rath_brained,1
gloatingswine,sea-pomegranate-1203,1
gloatingswine,solid_government_251,1
gloatingswine,the_dwemer_automaton,1
gloatingswine,totemfire,1
gloatingswine,upbeat_scholar_159,1
gloatingswine,whaleshark__1,1
global_expression_37,impossible_air9129,1
global_expression_37,veskifins,1
gloomy-monk-8588,thingwithchlorophyll,1
gnome_soup31,actualwillingness556,2
gnome_soup31,stage_strange291,1
gnomulus,major-breadfruit2486,1
gnuchanos-yt,anonymousmagcat21,1
gnuchanos-yt,beneficial_eye5991,1
gnuchanos-yt,cannotthonk96,1
gnuchanos-yt,excellent-wash7412,1
gnuchanos-yt,missdimples55,1
gnuchanos-yt,sothasilshusband,2
gnuchanos-yt,talespinnereu,1
gnuchanos-yt,wolfram_and_hart,1
goblin-lunch,actualwillingness556,3
goblin-lunch,not-that_girl,1
goblin-lunch,notenseyar,2
goblin-lunch,slayerofdemons96,1
goblin-lunch,tattooedpink,2
goblin-lunch,thewineguy2020,2
goblin_big_boss,luciuslaodicean,1
goblinmouth,ikeezzo,1
goboltz,johnjsal,1
goboltz,ok-comedian4437,1
goboltz,panzerapolloofficial,1
goboltz,tryh4rdcookie,1
gold_dog908,cornbeeflt,1
gold_dog908,johnjsal,1
gold_dog908,noganddog,1
gold_dog908,orgaaniset,2
gold_dog908,pyratefantom,1
gold_dog908,vlaaiissuperieur,1
gooberdaisy,amusedt,1
gooberdaisy,medwynd,1
gooberdaisy,middle-earth_oetel,1
gooberdaisy,thereduntodeath,1
good-bread-4791,shaun_527,1
good_panic_9668,veskifins,1
googlemyahoo75,agitated-ad6744,1
googlemyahoo75,fun-explanation7233,1
googlemyahoo75,greedy_whereas6879,1
googlemyahoo75,ok-comedian4437,1
gooning_bard,firetail_taevarth,1
goosesneak,ksayiru,1
goosesneak,thekfdcase,1
gothmog149,halt-halt-halt,1
gothmog149,mmoplayer97,1
gothmog149,mysterymeati,1
gothmog149,relevant_device9042,2
gr1m420x,miniandtimmy,1
grady_vuckovic,actualwillingness556,1
grady_vuckovic,fragonus,1
graelorn,bubbaboof_,1
grandbridge123,veskifins,1
grandmaster_flexy,bubbaboof_,1
granular_quality,ok-comedian4437,1
grayfarron,significant_smile652,1
grayfarron,yodiddlycorncob,1
grazztjay,storminvoidbringr588,1
greasytengu,actualwillingness556,1
greasytengu,wantondevious,1
greedy_whereas6879,chesterlikeschess,1
greedy_whereas6879,friendly-shoe5042,1
greedy_whereas6879,like_shae_buttah,1
greedy_whereas6879,marty5697,1
greedy_whereas6879,pandaxehd,1
green-assist-7909,whitewolf1214,1
greinaut,actualwillingness556,1
greyn7,bengamey_974,2
greyn7,marstinson,1
greyn7,mcaber87,1
greyn7,yfssfs,1
grindcoredancer,beacon2001,1
grindcoredancer,bladess,1
grindcoredancer,bubbaboof_,1
grindcoredancer,fixgood6833,1
grindcoredancer,ksayiru,1
grindcoredancer,mixmasterace,1
grindcoredancer,morikhane,1
grindcoredancer,obtuse-angel,1
grivet,altruistic-good3704,1
grizzle91,waxiestdinosaur,1
grockr,brickbeard1999,1
groland_thunderheart,zos_ginabruno,1
groovytony-,ok-comedian4437,1
grouchy-abrocoma5082,indigo_grove,1
grumpf_der_sack,eats-you-alive,1
grzechoooo,ballbustersicko,1
grzechoooo,bprn2017,1
grzechoooo,doright36,1
grzechoooo,marauding_llama,1
gstary,vetitiscientia,1
gstary,waxiestdinosaur,1
gstreamz,lordalrik,1
gstreamz,lwh,1
gstreamz,obtuse-angel,1
gstreamz,why_so_loud,1
guccirocket,escapethefirmament,1
guccirocket,readittrashpanda,1
gugalipa,festegios,1
guidanceobjective506,dragonshark514,1
guidanceobjective506,rattlez,2
guidanceobjective506,significant_lime4361,1
guillotine20,-sloth_king-,1
guillotine20,massypiocata,1
gunzgoboom,bubbaboof_,1
gwuhu,actualwillingness556,1
gxwt,bubbaboof_,1
gxwt,shapeshift13yt,1
h-ster,snoopeanuts6597,1
hachiko_chan,moon-reacher,1
hachiko_chan,taleof2cities_,1
hahlows,veskifins,1
halfdragoness,inamanicpanic420,1
halfdragoness,orcvader,2
halt-halt-halt,bodopc,1
halt-halt-halt,miniandtimmy,1
hammersandwich,greedy_whereas6879,1
hamokk,badno3598,1
hand-of-sithis,-nevrose-,1
hand-of-sithis,psnenters1st,1
hand-of-sithis,reapwell,1
hand-of-sithis,the_dwemer_automaton,1
hand-of-sithis,tommy-vr,1
hand-of-sithis,western_charity_6911,1
happy_llama,ok-comedian4437,1
hardlander,actualwillingness556,2
hardlander,captfatz,2
hardlander,inamanicpanic420,1
hardlander,thetenz,1
harleysylum,inamanicpanic420,1
harry_balsanga,changuitashadow,1
harry_balsanga,fixgood6833,2
harry_balsanga,hm_not_sure_yet,1
harry_balsanga,medwynd,1
harry_balsanga,mrluflu,1
harry_balsanga,slip9419,1
harry_balsanga,spoqster,1
haruka_3000,veskifins,1
harvestbrook,zos_ginabruno,1
hazel_raaa,kinnekted,3
hazel_raaa,ksayiru,1
hazel_raaa,max_ya_jesus,1
hazel_raaa,ok_inevitable_1992,1
hazel_raaa,other-tip2408,1
hazel_raaa,sea-pomegranate-1203,1
he11hog,bladess,1
he11hog,last-pomegranate-772,1
he11hog,tropnevadnivek,2
heatherlavender,inerasablestains,1
hecata22,zos_ginabruno,1
heccharaa,ktopalescent,1
hefty-distance837,actualwillingness556,1
hefty-distance837,cannotthonk96,1
hefty-distance837,miserable-league-670,4
heisenbugx,bubbaboof_,1
heisenbugx,menien,1
helengenie,odd-interaction7514,1
hellboyquintex,dazedandfloating,1
hellboyquintex,eirodan,2
hellboyquintex,jasdac,1
hello_hangnail,veskifins,1
heretofore2,lord-snoopyano,1
hexidtrix,snoopeanuts6597,1
hidemyid,altruistic-good3704,1
hides_in_corner,mwgrover,1
hides_in_corner,sock_acc,1
hides_in_corner,wishheartx,1
hiimdizz,blairquynh,1
hiimdizz,bloodhearts,1
hiimdizz,darkseidis_,1
hiimdizz,myzmyz1995,1
hiimdizz,ok-comedian4437,1
hinermad,0n1mu5ha,1
hinermad,_didds_,1
hinermad,di9girl,2
hinermad,itz_nova_rae,1
hinermad,superdrew91,1
hm_not_sure_yet,embarrassedpianist59,1
hokusschmokus,miniandtimmy,1
hollow-drop,electricallaw1,1
hoopaorgilgamesh,drift3r01,1
hoopaorgilgamesh,inamanicpanic420,1
hoopaorgilgamesh,kinnekted,2
hoopaorgilgamesh,then-ad7196,1
horridstrife,eatyourvegetal,1
horrorpastry,fixgood6833,1
hot-stage-2174,madhouse5625,1
hot_cuddleccino,sybillaprophetis,1
hot_strawberry11,fixgood6833,1
hot_strawberry11,myzmyz1995,1
hotspotonline,lunarsugar,1
house_of_rahl,inamanicpanic420,1
house_of_rahl,t3vvyw,1
housenaevius,eso_bill_slavicsek,1
howellq,actualwillingness556,1
howellq,demoneye629,1
howellq,inamanicpanic420,1
howellq,over-training-7708,1
howellq,square_music1695,1
howellq,thesisizer,1
huelebichx,_unit_wjp,1
huge-application2038,tankinatorfr,1
huge_abies_3858,spoqster,1
hulloitsicy,eso_bill_slavicsek,1
hulloitsicy,zos_ginabruno,3
hulloitsicy,zos_nickgiacomini,1
hulloitsicy,zos_philipdraven,1
humancheesecake2137,absalom98,1
humancheesecake2137,darrelc,1
huntressthewizard,embarrassedpianist59,1
huntressthewizard,lunarsugar,1
huskeyest,jimmy2sticks,1
hybrideffect,ok-comedian4437,1
hyhym,zos_ginabruno,1
hyperioxes,ahumblechad,1
hyperioxes,alexrescuedotcom,1
hyperioxes,demoneye629,1
hyperioxes,fluffwit,1
hyperioxes,rabbit_games,1
hyperioxes,simplelengthiness246,2
hyperioxes,square_music1695,1
hyperioxes,thelaughingmannofred,2
i_jiggity_i,snoopeanuts6597,1
i_stihlreign,tourniquet88,1
i_stihlreign,zos_ginabruno,4
ialbertol,mwgrover,1
iamakhajiit,actualwillingness556,1
iamblackwing,zos_ginabruno,1
iamlotusflower,dalferious,1
iamlotusflower,snoopeanuts6597,1
ianix_ishiku,andizzzzi,1
ianix_ishiku,guidanceobjective506,1
iconic_c,whitewolf1214,1
icy_community_3683,menien,1
icy_community_3683,solid_government_251,3
icy_community_3683,veskifins,1
icy_reserve5888,jolly-put-9634,1
icy_reserve5888,ktopalescent,1
idiotplatypus,cla_1989,1
idr3yi,actualwillingness556,1
idr3yi,bubbaboof_,1
idr3yi,fouryearbeard,1
idr3yi,miniinimini,1
idr3yi,zos_ginabruno,1
idr3yi,zos_jessicafolsom,1
ikeezzo,actualwillingness556,1
ikeezzo,b0dzilla,1
ikeezzo,eris_21,1
ikeezzo,fouryearbeard,1
ikeezzo,freewayzero,2
ikeezzo,goblinmouth,1
ikeezzo,idr3yi,1
ikeezzo,iuppiterr,1
ikeezzo,ksayiru,1
ikeezzo,laticia_1990,1
ikeezzo,medwynd,1
ikeezzo,sidewaves,1
ikeezzo,sock_acc,1
ikollokii,abelthorne,1
ikollokii,arcxain,1
ikollokii,talespinnereu,2
illnastyone,nyarlathotep7777,1
illustrious_twist846,amusedt,3
illustrious_twist846,ardalev,2
illustrious_twist846,brsola,1
illustrious_twist846,constantcasual,2
illustrious_twist846,electricallaw1,1
illustrious_twist846,massypiocata,1
illustrious_twist846,princeofdon,1
im_chris2,dobpinklertiktok,2
im_chris2,mysterymeati,1
im_chris2,sol_west,2
image77,bubbaboof_,1
imlostbutthatsokay,thewineguy2020,1
immediate-attempt-32,mronlinetoughguy,1
immediate_belt_5370,ebret1,1
immediate_belt_5370,mrkebuky,1
immediate_belt_5370,mwgrover,1
immortal_jaz,imaginaryanteater101,1
imnottherobot2,abelthorne,2
imnottherobot2,marstinson,1
imp-ofthe-perverse,vlaaiissuperieur,1
imperialdeo,fixgood6833,1
impossible_air9129,georgeology101,1
impossible_air9129,global_expression_37,1
impossible_air9129,indigo_grove,1
impossible_air9129,prestigious-focus-93,1
impossible_air9129,probablygoblins,1
impossible_air9129,thecraftybear,1
impossible_air9129,trixie1143,1
impossible_air9129,xaantara,1
impossible_air9129,zenk2018,1
impossiblemousse6089,bubbaboof_,1
impulsikk,ok-comedian4437,1
in9e,evatornado,1
in9e,gloatingswine,1
in9e,miniandtimmy,1
in9e,mwgrover,1
in9e,oneberry5348,1
in9e,razerjoe,1
in9e,spoqster,2
in9e,square_music1695,1
in9e,tankinatorfr,1
in9e,thekarkara,1
in9e,then-ad7196,1
in9e,thewineguy2020,3
in9e,veskifins,1
inam223,orcvader,1
inamanicpanic420,sukeban_x,1
inblurfather,ok-comedian4437,1
independentpainter87,eso_merciless,1
independentpainter87,nikla436,1
independentpainter87,raisedbyamoose,1
indigo_grove,adventurous-end-1369,5
indigo_grove,baronvonkeyser,1
indigo_grove,blinkymjf,1
indigo_grove,changuitashadow,1
indigo_grove,darandapanda,1
indigo_grove,dragonburnpaper,1
indigo_grove,dreamingknight235,1
indigo_grove,essentrails,1
indigo_grove,gaybrahammasblow,1
indigo_grove,impossible_air9129,1
indigo_grove,jasdac,1
indigo_grove,k33ncutter,1
indigo_grove,killerclownfish,1
indigo_grove,loud-hold-513,1
indigo_grove,marauding_llama,1
indigo_grove,mendrak,1
indigo_grove,middle-earth_oetel,1
indigo_grove,mtgorgonzola,1
indigo_grove,ok_profile1864,1
indigo_grove,opusatrumet,1
indigo_grove,russellvt,1
indigo_grove,rymork,1
indigo_grove,spoqster,1
indigo_grove,syzygialchaos,1
indigo_grove,taleof2cities_,1
indigo_grove,thebigdaddio,2
individual-arrival86,adwhole9713,1
individual-arrival86,afxmac,3
individual-arrival86,amberxluff,1
individual-arrival86,amusedt,1
individual-arrival86,archaicscrivener,1
individual-arrival86,bmrtt,2
individual-arrival86,econopotamus,1
individual-arrival86,jad11mumbler,1
individual-arrival86,lion-essrampant,4
individual-arrival86,luciuslaodicean,1
individual-arrival86,miniinimini,2
individual-arrival86,old-blueberry-6041,1
individual-arrival86,purpleimmediate5010,1
individual-arrival86,rosh_jogers,1
individual-arrival86,ryithian,1
individual-arrival86,shiloh_sharps,1
individual-arrival86,skabassj,1
individual-arrival86,then-ad7196,1
individual-arrival86,uncle-fester-ink,4
individual-voice4116,oh-no-thank-you,1
individual_donut7745,due-resource-4391,1
individual_donut7745,mwgrover,1
inerasablestains,dr_dontrespect,1
inerasablestains,lunarsugar,1
inevitable_sea3595,shahtootahmed,1
inexorably_lost,im_chris2,1
infinitedarkside-,thereduntodeath,1
infinitedarkside-,veskifins,1
ink_spores,unbatroy,1
inko21,ok-comedian4437,1
insulinjunky,ok-comedian4437,1
intelligent-ad6158,bluesky86010,2
intelligent-factor35,logansclaw53188,1
intelligent-wish47,fodspeed,1
intelligent-wish47,jolly-put-9634,1
intelligent-wish47,whitishrogue,1
intootterspace,zos_ginabruno,1
inuship,fallentemplarr,1
inuship,wishheartx,1
iphacles,bubbaboof_,1
ipreferanothername,brickbeard1999,1
irenicusss,whitewolf1214,1
ireniicus,mrsloppypants,1
ireniicus,skinnycheeks,1
ireppas,bubbaboof_,1
iridescentluminosity,bubbaboof_,1
irish_oneli,pis4phil,1
irish_oneli,shahtootahmed,1
irish_oneli,snoopeanuts6597,1
ironhat29,bmrtt,1
ironhat29,conninator2000,1
irovetti,ksayiru,1
irovetti,ktopalescent,1
irovetti,menien,1
irrish84,actualwillingness556,1
irusgg,indigo_grove,1
isthiskismet,bubbaboof_,1
ithaqua10,medical_character_28,2
ithaqua10,mrluflu,1
its_a_mad_w0rld,spoqster,1
itsbingle,rabbit_games,1
itsbingle,shad_77381,2
itsukoun,miniinimini,1
itsukoun,specialistconcept423,1
itsukoun,thekfdcase,1
ittbituni,veskifins,1
itz_nova_rae,hinermad,1
iuppiterr,callmesociopathic,1
iuppiterr,cinnadots,1
iuppiterr,humancheesecake2137,1
iuppiterr,swimming_expert7480,3
izanarys,zos_ginabruno,3
j1nxster,___gay__,1
j1nxster,fouryearbeard,1
j1nxster,less-bench-9380,1
j3zdazzl3,zos_ginabruno,1
j_sulli,sanreup,1
jack55555,forever-in-famous,1
jack55555,venusamari,1
jackloco84,firetraineraaron,1
jackyneutral,ksayiru,1
jad11mumbler,bubbaboof_,1
jad11mumbler,fluffwit,1
jad11mumbler,indigo_grove,1
jad11mumbler,kingdarius89,1
jad11mumbler,largeseaworthiness1,1
jad11mumbler,nyarlathotep7777,1
jad11mumbler,sybillaprophetis,1
jad11mumbler,tinderror404,1
jad11mumbler,vowly122,1
jaddman,emperorxerro,1
jaddman,motor_interaction_20,1
jaddman,ok-comedian4437,1
jadechipmunk,bubbaboof_,1
jadechipmunk,shaun_527,1
jadops,borzoidesignsok,1
jadops,mwgrover,2
jaffadxg,benandgone,1
jameson71,aggressive_rope_4201,1
jameson71,anonymousmagcat21,1
jameson71,benelliboss,2
jameson71,indigo_grove,1
jameson71,kinmanana,1
jameson71,lindycrush,2
jameson71,lion-essrampant,2
jameson71,morgaiths,1
jameson71,shalliar,1
jameson71,tavalus,4
jamie8130,zos_ginabruno,1
jarrybohnson,simplysalamander,1
jarrybohnson,substantial-pack-105,1
jasdac,hellboyquintex,1
jasdac,swimming_expert7480,1
jasdac,valenstark,1
jasdac,zoro_messatsu,1
jash0822,actualwillingness556,1
jash0822,shinryoku-ichi,1
jawn_jimmy,veskifins,1
jazxix,aromatic-werewolf495,1
jazzypringle,embarrassedpianist59,1
jcorv58,indigo_grove,1
jcorv58,shaun_527,1
jcorv58,sybillaprophetis,1
jcw28,bmrtt,1
jedidotflow,ok-comedian4437,1
jellamma,a_strange_old_man,1
jellamma,chesterlikeschess,1
jellamma,significant_lime4361,1
jellocrze,sea-pomegranate-1203,1
jer-bear-81,xstrong1,1
jeritsw,zos_ginabruno,1
jerkstik,andizzzzi,1
jermais,jasdac,1
jessithy,indigo_grove,1
jewbacca1991,fixgood6833,1
jewrusalem,luciuslaodicean,1
ji_e,mmoplayer97,2
ji_e,uncle-fester-ink,4
jigglymilksack,autisticsuperpower,1
jigglypuff3912,zos_ginabruno,1
jim-pip,zos_ginabruno,1
jimusmc,hamokk,1
jimusmc,thecraftybear,1
jinkxgizmo,cowman3202,1
jmcgil4684,bloodhearts,1
jnr13,theshawn_slater,1
jnu77,material_bet_2246,1
joechillrust,miniandtimmy,1
joehumphs,zos__susan,1
joehumphs,zos_ginabruno,1
joeylock,pour_me_another_,1
johniebloodlust,mindless-rub-5850,1
johnjsal,ambitious-day7527,1
johnjsal,apricottraditional56,1
johnjsal,creedfeed,1
johnjsal,supachenko82,2
johnjsal,the_edenprime,6
johnnyteoss,attractivepigeons,1
johnnyteoss,whitishrogue,1
johnvito123,western_charity_6911,1
jolly-put-9634,_didds_,1
jolly-put-9634,asdafdaf,1
jolly-put-9634,cakeriel,1
jolly-put-9634,indigo_grove,1
jolly-put-9634,not-that_girl,1
jolly-put-9634,oxobvan,1
jolly-put-9634,personalityblur,1
jolly-put-9634,seravajan,1
jolly-put-9634,tdfolts,1
jonesmcbuttons,popsiklstiks,1
jonesmcbuttons,r3dxzy,1
jonesmcbuttons,taleof2cities_,1
jorgesarrada,fixgood6833,1
jorgesarrada,thedollarstoredoctor,1
jovial_impairment,hammersandwich,1
jovial_impairment,nograpefruit1269,1
joyousblueduck,biggusdickusofficial,2
joyousblueduck,enver_gortie,2
joyousblueduck,mysterymeati,1
joyousblueduck,vaultdweller501,1
js_rich,bubbaboof_,1
jt-1963,bubbaboof_,1
judicatorprime,bloodhearts,1
juicyfill,additional-design-44,1
julytoday,fixgood6833,1
julytoday,suhkandis,1
junipertwist,sybillaprophetis,1
just_one_glitch,rarglar,1
justanothertiandi,reasonable-student60,1
justanothertiandi,syngethereddragon,1
jzargho_,oshea_is_ok,1
k33ncutter,indigo_grove,2
k33ncutter,penthesilean,1
kaelhoel,indigo_grove,1
kaisernick27,oxobvan,1
kalam0n,then-ad7196,1
kalamari__,marty5697,1
kaleodis,the_dwemer_automaton,1
kaltengeist,zos_ginabruno,1
kaonwarden,andizzzzi,1
kaotyk525,square_music1695,1
kaotyk525,sybillaprophetis,1
kaptazkikor,indigo_grove,1
kaptazkikor,no_story3990,1
kaptazkikor,nyarlathotep7777,4
kaptazkikor,ricardo99xx,1
kaptazkikor,totemfire,1
kard420,ksayiru,1
karmapathetic,fixgood6833,1
karmapathetic,massypiocata,1
karmapathetic,sea-pomegranate-1203,1
karmapathetic,thingwithchlorophyll,1
karmapathetic,tidezen,1
karthanis86,marauding_llama,1
karthanis86,xerxesfortune,1
katzeye007,amusedt,1
kaulf,cerebrite,2
kawauso21,ascendevise,1
kawauso21,concept_realistic,1
kawauso21,myrillya,2
kay_wall,lamentablefool,1
kay_wall,pis4phil,1
kay_wall,thedollarstoredoctor,1
kazadure,thedollarstoredoctor,1
kedgie,indigo_grove,1
kedgie,sea-pomegranate-1203,1
kedgie,thedollarstoredoctor,1
kendrickmaynard,more-nefariousness32,1
ketulu84,mwgrover,1
key-garbage-9286,themoraf,1
key-garbage-9286,zos_finn,1
kg4nbx,botanical_director,1
khamu1,broad_eagle_4137,1
khamu1,dragonshark514,1
khamu1,miniinimini,1
khamu1,zos_ginabruno,1
khassilah,logansclaw53188,1
kheszi,bubbaboof_,1
kian-tremayne,loopymercutio,1
kick2crash,ok-comedian4437,1
killerclownfish,indigo_grove,1
kimchismoosh,logansclaw53188,1
kimchismoosh,lunarsugar,1
kind-hero,zos_ginabruno,1
king-corona-killer,bubbaboof_,1
king_kvnt,actualwillingness556,1
king_kvnt,bubbaboof_,1
king_kvnt,fit-watercress-5184,1
king_kvnt,last-pomegranate-772,1
king_kvnt,mtgorgonzola,1
king_kvnt,whitishrogue,1
king_kvnt,xstrong1,1
kingdarius89,jad11mumbler,1
kingdarius89,ok-comedian4437,1
kingknux,khamu1,1
kingofthegutter,max7238,2
kingofwerewolfs,bprn2017,1
kingpengu22,andizzzzi,1
kingpengu22,eats-you-alive,1
kingpengu22,ksayiru,1
kingsirdrmr,bubbaboof_,1
kinmanana,ok-competition172,1
kinnekted,1cav11m,1
kinnekted,admiralbumhat,1
kinnekted,bonestogo,1
kinnekted,chesterlikeschess,3
kinnekted,elpadrote,1
kinnekted,externalmuffin9790,1
kinnekted,gloatingswine,1
kinnekted,hazel_raaa,2
kinnekted,hoopaorgilgamesh,2
kinnekted,medwynd,1
kinnekted,plowursis,1
kinnekted,red_angel33,1
kinnekted,unbatroy,1
kisharspiritual,actualwillingness556,1
kisharspiritual,impossible_air9129,1
kite42,darklordofthesmiths,1
kite42,miserable-league-670,1
kite42,pelanora,1
kiwi_tea,altruistic-good3704,1
kiwi_tea,zos_brianwheeler,1
kiwiiuwuu,sidewaves,1
kiwiiuwuu,special_jackfruit_40,1
kiwiiuwuu,wanderingstorm,2
kkolonelkkoyote,bprn2017,1
klassik1800,dragonshark514,1
klassik1800,thebigdaddio,1
klatusham,unbatroy,1
klutzy-chest-7204,shinryoku-ichi,1
kn1ms,meewaj,2
knightsinsanity,then-ad7196,1
knows-many-things,external_soup668,1
knowyourtroll,majestic-destiny,1
knoxthefox216,indigo_grove,1
koalifications88,vetitiscientia,1
kontrol92a,razerjoe,1
koolaider,lickmyknee,1
koolaider,zos_kevin,1
kortekk,zos_ginabruno,1
kosmic_kate,applicable_elixir,1
kozierj,stunning-split3016,1
kraai33,actualwillingness556,1
kraai33,arkham1010,1
kraai33,sowercrowd,1
kraai33,t3vvyw,2
kraenar,actualwillingness556,1
kreuzart,sea-pomegranate-1203,1
kristikkc,indigo_grove,1
krystx1984,bonestogo,1
ks0nyc,autisticsuperpower,1
ksayiru,_whiskeychris_,1
ksayiru,ats_throwaway,1
ksayiru,bmrtt,2
ksayiru,efalien92,1
ksayiru,laticia_1990,1
ksayiru,medwynd,1
ksayiru,omgitsmurmrgh,1
ksayiru,relationshipeconomy,1
ksayiru,stuntman06,1
ksayiru,t3vvyw,1
ksayiru,the_dwemer_automaton,1
ksayiru,veskifins,1
ksian,embarrassedpianist59,1
ksirtoscabella,irovetti,1
ksirtoscabella,menien,1
ktopalescent,calamity-mouser-5261,1
ktopalescent,destindil,1
ktopalescent,fengfungfong,1
ktopalescent,hammersandwich,1
ktopalescent,heccharaa,1
ktopalescent,irovetti,1
ktopalescent,last-pomegranate-772,1
ktopalescent,rich_evans_chortle,1
ktopalescent,virulentfuzz,1
ktsb,ok-comedian4437,1
ktsb,sirius-moonlite,1
kucingputih,bubbaboof_,1
kurosu93,amoraivory,1
kurosu93,miniinimini,1
kurosu93,t3vvyw,1
kursiel,thegrognard,1
kuwabara03,johnjsal,1
l0rdskullz,actualwillingness556,1
lady_fresh,veskifins,1
ladybarclay,anglosaxonbrat,1
ladybarclay,thekfdcase,1
lakeprize2569,aggressive-law-1086,1
lamentablefool,emperorxerro,1
lanebrainn,indigo_grove,1
lanebrainn,ok-comedian4437,1
lanky-ad-7594,actualwillingness556,1
lapipadelmono,unbatroy,1
large-course-8029,noread3988,1
largeseaworthiness1,asdafdaf,1
largeseaworthiness1,dodochicky,1
largeseaworthiness1,jessithy,1
largeseaworthiness1,maitsukas,1
largeseaworthiness1,shiloh_sharps,1
laser_velociraptor,fun-explanation7233,1
laser_velociraptor,peli_evenstar,1
last-pomegranate-772,actualwillingness556,2
last-pomegranate-772,amoraivory,1
last-pomegranate-772,dread-azazel,1
last-pomegranate-772,he11hog,1
last-pomegranate-772,ktopalescent,1
last-pomegranate-772,lord-snoopyano,1
last-pomegranate-772,meewaj,1
last-pomegranate-772,miniandtimmy,1
last-pomegranate-772,mysterymeati,1
last-pomegranate-772,oh-no-thank-you,1
last-pomegranate-772,ok-comedian4437,1
last-pomegranate-772,rageeatapnut,1
last-pomegranate-772,sock_acc,1
last-pomegranate-772,suhkandis,1
last-pomegranate-772,the_dwemer_automaton,1
last-pomegranate-772,theanalystcurator321,1
last-pomegranate-772,totemfire,1
last-pomegranate-772,veryberrywaffles,1
last-pomegranate-772,xaroin,1
latent_buzzard,0n1mu5ha,1
laticia_1990,altruistic-good3704,1
laticia_1990,drezziii,1
laticia_1990,ksayiru,1
laticia_1990,mermaidofmaelstrom,1
laticia_1990,rusticals303,1
lazershark1313,ok-comedian4437,1
lazy_jygg,thereduntodeath,1
lazyconfetti,alvehyanna,2
lctdmf,xurigan,1
leaderofcatarmy,ktopalescent,1
leave_eye607,cowman3202,1
leaveeemeeealonee,danstarthefirst,1
leaveeemeeealonee,klassik1800,1
ledabshadow,shaun_527,1
ledabshadow,trickadorable9764,1
ledabshadow,veskifins,1
legitimate_log_1356,miniandtimmy,1
leiflaurel,zos_ginabruno,1
lekkerstesnoepje,sajiri,1
leporiwitch,indigo_grove,1
lerchaddams,ambitious-day7527,1
lerchaddams,snoopeanuts6597,1
leromantiksexe,xerxesfortune,1
less-bench-9380,bonestogo,1
lessercircle,actualwillingness556,1
lessercircle,irovetti,1
lessercircle,ktopalescent,1
lessercircle,menien,1
lessercircle,perfecltyok,1
lessercircle,upbeat_scholar_159,1
lessercircle,veterinariancold8214,2
lessercircle,virulentfuzz,1
leteney,zos_ginabruno,1
letinmore,whitewolf1214,1
lettersinuncertainty,logansclaw53188,1
level-leek4060,humancheesecake2137,1
levelreference7903,zos_ginabruno,1
lexifer452,altruistic-good3704,1
lexifer452,anengineerandacat,1
lexifer452,diccuss,2
lexifer452,mwgrover,1
lexifer452,redkynabyss,1
lexifer452,sangerssequence,1
lexiuscoda,marty5697,1
lexxx_appeal,veskifins,1
liber8r69,alexius6th,1
libertinob,fixgood6833,1
librarianatrix,lunarsugar,1
lickmyknee,fkm196,1
lickmyknee,frogsonalog,1
life_asparagus_5906,yallabre,1
liflopam97,bubbaboof_,1
like_shae_buttah,greedy_whereas6879,1
like_shae_buttah,nograpefruit1269,1
like_shae_buttah,ok-comedian4437,1
like_shae_buttah,t3vvyw,1
like_shae_buttah,the_dwemer_automaton,1
likethewind96,actualwillingness556,1
likethewind96,drezziii,2
lilli_puff,amusedt,1
lilli_puff,bmrtt,1
lilli_puff,brrrofski,1
lilli_puff,freewayzero,3
lilli_puff,key-garbage-9286,1
lilli_puff,req4adream99,1
lilli_puff,rottingsextoy,1
lilli_puff,skabassj,1
lilli_puff,thedollarstoredoctor,1
lilli_puff,whitishrogue,1
lilli_puff,zos__susan,1
lilskarekrow,replybot5000,1
lilskarekrow,spoqster,1
limited_opsec,solid_government_251,1
lindajinmonterey,not-that_girl,1
lindycrush,jameson71,2
lindycrush,mr_mo0n,1
lion-essrampant,coding_panda,1
lion-essrampant,individual-arrival86,3
lion-essrampant,jameson71,2
lion-essrampant,moon-reacher,1
lion-essrampant,nachujminazwakurwa,2
lion-essrampant,pyratefantom,1
lion-essrampant,spoqster,1
lion-essrampant,unbatroy,1
lion-essrampant,whitishrogue,1
lionhatz,rymork,1
lionheart51st,bprn2017,1
liquid_snape,fixgood6833,1
little_grimmy_reap,hot-stage-2174,1
livid_anything3371,bubbaboof_,1
lizardslayer,brakenbonez,1
lntaw1397,dinozavr,1
local-reference-8571,bubbaboof_,1
locavega,miniinimini,1
locke1018,bubbaboof_,1
logansclaw53188,cosmo_nova,1
logansclaw53188,khassilah,1
logansclaw53188,lettersinuncertainty,1
logansclaw53188,pour_me_another_,1
logansclaw53188,spencyn,1
logansclaw53188,toomanypxls,1
logical-big-1050,ksayiru,1
lokienstein,massypiocata,1
loltehwut,actualwillingness556,1
loltehwut,arkham1010,1
loltehwut,baronvonkeyser,1
loltehwut,fit-watercress-5184,1
lone_wolf1580,autisticsuperpower,1
lone_wolf1580,bombayblue,1
lone_wolf1580,capnconcon,1
lone_wolf1580,pambimbo,1
lone_wolf1580,stage_strange291,1
lonely-thought-1163,zos_brianwheeler,1
lonelykevin21,philosophyno9878,1
lonepirate,zos_ginabruno,1
longjumping_spot7410,wishheartx,1
loopymercutio,anonymousmagcat21,1
loopymercutio,kian-tremayne,1
loopymercutio,thedarkgrenadex,1
loopymercutio,themoraf,1
loose-donut3133,dotcomcto,1
lootandlogic,ginguraffe,1
lootandlogic,radiantturtle,2
lootingdaroom,shapeshift13yt,1
lord-snoopyano,blortug,1
lord-snoopyano,cathayraht,1
lord-snoopyano,dragonshark514,1
lord-snoopyano,last-pomegranate-772,1
lord-snoopyano,salreth,1
lordalrik,gstreamz,1
lordalrik,mrinfuse1,1
lordalrik,ok-comedian4437,1
lordalrik,veskifins,1
lordjudgedoom,_taugrim_,1
lordjudgedoom,actualwillingness556,1
lordjudgedoom,thelaughingmannofred,1
lordmeganium,lunarsugar,1
lorenzosbarbiejunk,bonestogo,1
lorenzosbarbiejunk,tankinatorfr,1
lorenzosbarbiejunk,the_dwemer_automaton,1
losara-,actualwillingness556,1
losara-,prfanty,1
lostbastille,logansclaw53188,1
lostbastille,marstinson,1
lostininternetz,charliesam04,1
lostpentimento,bubbaboof_,1
lostsoulinspace2,miniandtimmy,1
loud-hold-513,bubbaboof_,1
loud-hold-513,indigo_grove,1
loud_tale9984,emergency-pop4541,1
loud_tale9984,sea-pomegranate-1203,1
louisab75,apricottraditional56,2
louisab75,ascendevise,1
louisab75,horker_stew,1
louisab75,indigo_grove,1
louisab75,mwgrover,1
louisab75,oh-no-thank-you,1
louisab75,shahtootahmed,1
louisab75,tankinatorfr,1
louisab75,trickadorable9764,1
louisab75,veskifins,2
lovlend,veskifins,1
low-cauliflower-7061,the_dwemer_automaton,1
low-environment,nyarlathotep7777,1
low-environment,ok-comedian4437,1
low_ad_5255,bubbaboof_,1
low_concert_261,-nevrose-,1
lower_jelly_6751,skinnycheeks,1
lowkey-juan,miniandtimmy,1
lowkey-juan,ok-comedian4437,1
lts55,andizzzzi,1
lubunc,zos_ginabruno,1
lucasraholan,botanical_director,1
lucaumbriel,daha1972,1
luciuslaodicean,individual-arrival86,2
luciuslaodicean,jolly-put-9634,1
luciuslaodicean,marty5697,1
luciuslaodicean,suitable-mud-3239,1
luciuslaodicean,sybillaprophetis,1
luckyrestaurant7744,miniinimini,1
lukoscreyden,zos_ginabruno,1
lullabybattlecry,impossible_air9129,1
lululilikoi,actualwillingness556,1
lulumach12,veskifins,1
lunarsugar,cute_guest1445,1
lunarsugar,far_young_2666,1
lunarsugar,fun-explanation7233,1
lunarsugar,glitteringsystem7929,1
lunarsugar,hotspotonline,1
lunarsugar,huntressthewizard,1
lunarsugar,inerasablestains,1
lunarsugar,lordmeganium,1
lunarsugar,medwynd,1
lunarsugar,mendrak,1
lunarsugar,monkeyboy808,1
lunarsugar,objectiveok9996,1
lunarsugar,odd-sprinkles-8971,1
lunarsugar,themoraf,1
lunarsugar,thereduntodeath,1
lunarsugar,twodimensionalblue,1
lunarsugar,utdelt,1
lunarsugar,veskifins,1
luvacupacof,cowman3202,1
luxorris,halt-halt-halt,1
luzion,sybillaprophetis,1
lwh,alexrescuedotcom,2
lwh,borzoidesignsok,1
lwh,due-resource-4391,1
lwh,foxxymoxxy02,1
lwh,gstreamz,1
lwh,majestic-destiny,1
lwh,moistwave,1
lwh,poindexter2291,1
lwh,tattooedpink,1
lwh,whitishrogue,1
lxspll,ok-comedian4437,1
lynkhart,thereduntodeath,1
lyricamoon03,autisticsuperpower,1
m1shaaa,zos_ginabruno,1
m_kropnix,mysterymeati,1
m_kropnix,swimming_expert7480,3
m_kropnix,zos_ginabruno,1
maccadacca_gaming,bubbaboof_,1
machinemaker726,altruistic-good3704,1
mademperormike,zos_ginabruno,1
madhouse5625,ascendevise,2
madhouse5625,hot-stage-2174,1
mafiacat115,zos_ginabruno,1
magicseaturtle,amaterasugoddess,1
magicseaturtle,careless-end1596,1
magicseaturtle,cornbeeflt,1
magicseaturtle,efalien92,1
magicseaturtle,hand-of-sithis,1
magicseaturtle,nwccraddock,1
magicseaturtle,sol_west,1
magicseaturtle,tommy-vr,1
magicseaturtle,whaleshark__1,1
magicseaturtle,xdmanxd99,1
magnumbane,mysterymeati,1
magnumbane,viestepod,1
maisha-iris,zos_ginabruno,1
maitsukas,diligent-wallaby19,1
maitsukas,ok-cable-8003,1
maitsukas,reasonable-student60,1
maitsukas,square_music1695,1
majestic-destiny,mwgrover,1
majestic-use-6414,wishheartx,1
majestic_balance1887,brickbeard1999,1
majestic_balance1887,eats-you-alive,1
majestic_balance1887,fuckiceyallpussies,1
majestic_balance1887,mindless-rub-5850,1
majestic_balance1887,miniinimini,7
majestic_balance1887,nomis_ttam,1
majestic_balance1887,ok_lake_4092,2
majestic_balance1887,shad_77381,1
majike03,ebret1,1
majike03,thereduntodeath,1
malachi0629,the_dwemer_automaton,1
maleficent-tip-9654,actualwillingness556,1
maleficent-tip-9654,autisticsuperpower,1
malleusmaior,vetitiscientia,1
mandingo-buttpirate,humancheesecake2137,1
mandingo-buttpirate,mysterymeati,1
mandragorane,zos_ginabruno,1
mangopeyote,nograpefruit1269,1
maninthebox21,t3vvyw,1
manlikeboris25,actualwillingness556,1
mannimarco_rising,anonymousmagcat21,1
mannimarco_rising,bubbaboof_,1
mannimarco_rising,wishheartx,1
manonthejohn,ok-comedian4437,1
mapplinator,adventw0lf,1
mapplinator,defiantway8893,1
marauding_llama,agitated-ad6744,1
marauding_llama,borzoidesignsok,1
marauding_llama,bubbaboof_,1
marauding_llama,indigo_grove,1
marauding_llama,mwgrover,1
marauding_llama,r40k,1
marauding_llama,spoqster,1
marauding_llama,sybillaprophetis,1
marauding_llama,thewineguy2020,1
marcitron31,shahtootahmed,1
mareeptypebeat,palwajoko,1
marius87,thedollarstoredoctor,1
mariusdarkblade,sea-pomegranate-1203,1
marledor1994,zos_ginabruno,1
marstinson,-sloth_king-,1
marstinson,acbongo,1
marstinson,amusedt,3
marstinson,andovars_ghost,1
marstinson,bcl2d,1
marstinson,blinkymjf,1
marstinson,botanical_director,1
marstinson,brsola,1
marstinson,caw_the_crow,1
marstinson,g00b3rb0y,1
marstinson,greyn7,1
marstinson,ikollokii,1
marstinson,imnottherobot2,1
marstinson,inboxdollarwifi,1
marstinson,indigo_grove,1
marstinson,jolly-put-9634,1
marstinson,lostbastille,1
marstinson,marty5697,1
marstinson,massypiocata,1
marstinson,max_ya_jesus,1
marstinson,ohrocksteady,1
marstinson,oskistudios,1
marstinson,pyratefantom,1
marstinson,quirky-chocolate-594,1
marstinson,rabbit_games,1
marstinson,solid_government_251,1
marstinson,sowercrowd,1
marstinson,strupy,1
marstinson,tempestm,2
marstinson,that_cause3694,1
marstinson,thedarkgrenadex,1
marstinson,thingwithchlorophyll,1
marstinson,tryh4rdcookie,1
marstinson,twisted_marvel,1
marstinson,vridgley,1
marstinson,zenmyst,1
martiusdecimus,badno3598,1
martiusdecimus,thereduntodeath,1
master_smasher,miniandtimmy,1
masterfil21,thebigdaddio,1
masterofserpents,attractivepigeons,1
masterofserpents,comradeswitch,1
masterofserpents,harry_balsanga,1
mathayus,veskifins,1
matochik,actualwillingness556,1
matochik,nobackground80,1
mattdaveys,brickbeard1999,2
matthewkvatch,nyarlathotep7777,1
mauvais__oeil,miniandtimmy,1
max7238,bubbaboof_,1
max7238,kingofthegutter,2
max7238,trumpetsnangels,1
maximus_rex,aromatic-werewolf495,1
maximus_rex,bubbaboof_,1
mcaber87,bodopc,4
mcaber87,eats-you-alive,1
mcaber87,greyn7,1
mcaber87,johnjsal,1
mcaber87,kard420,1
mcaber87,marty5697,1
mcaber87,mordred101,1
mcaber87,oklisten1874,2
mcaber87,taleof2cities_,1
mccalli,zos_ginabruno,2
mccalli,zos_nickgiacomini,1
mccalli,zos_philipdraven,1
mcmasterx,zos_ginabruno,1
mean-feeling-9996,zos_ginabruno,1
mediadavid,zos_ginabruno,2
medical_character_28,adventuretime888,1
medical_character_28,fixgood6833,1
medical_character_28,ithaqua10,2
medical_character_28,narangren,1
medical_character_28,odd-interaction7514,1
medical_character_28,ok-comedian4437,1
medical_character_28,randomhornydemon,1
medical_character_28,thealp,1
medicipoison,tattooedpink,1
mediocre-celery-5518,proton-testiq,1
medium_banana4074,solid_government_251,1
medrish,blortug,1
medwynd,absalom98,1
medwynd,actualwillingness556,1
medwynd,essentrails,1
medwynd,gelini0789,1
medwynd,harry_balsanga,1
medwynd,jcw28,1
medwynd,ksayiru,2
medwynd,lunarsugar,1
medwynd,morfeurs,1
medwynd,mwgrover,1
medwynd,neonjodie99,1
medwynd,sea-pomegranate-1203,1
medwynd,spoqster,2
medwynd,stormborn_rage,1
medwynd,themoraf,1
medwynd,then-ad7196,1
medwynd,tiny_environment_649,1
meewaj,kn1ms,1
meewaj,ravenmisfit23,1
meewaj,schiffy94,1
meewaj,taleof2cities_,1
mehilyk,lunarsugar,1
mehra_mora55,fun-explanation7233,1
mehra_mora55,kinmanana,1
mehra_mora55,nayrael,1
mehra_mora55,zos_ginabruno,1
mehra_mora55,zos_jasonbarnes,2
melonsinspace,beneficial_guess_714,1
mendrak,gooberdaisy,1
mendrak,lunarsugar,1
mendrak,mwgrover,1
menien,gildedburd,1
menien,heisenbugx,1
menien,jimmy2sticks,1
menien,ksirtoscabella,1
menien,solid_government_251,1
meowing-to-the-stars,pandaxehd,2
meowkatcaptain,brickbeard1999,1
meowmeow808,aromatic-werewolf495,1
meowmeow808,oxobvan,1
meowmeowcatmeyow,inamanicpanic420,1
mermaidofmaelstrom,comprehensivebike212,1
mermaidofmaelstrom,court_jester13,1
mermaidofmaelstrom,drezziii,1
mermaidofmaelstrom,laticia_1990,1
messagemiserable,majestic_balance1887,1
mickbeer,zos_ginabruno,1
mickhaggs,greedy_whereas6879,1
middle-earth_oetel,indigo_grove,1
mightobvious,ok-comedian4437,1
mikeyboy2188,actualwillingness556,1
mikeyboy2188,skibiditoilet4206969,1
mikeyboy2188,sybillaprophetis,1
mina_u290,mwgrover,1
mindless-rub-5850,aesirreddit,1
mindless-rub-5850,onakonda,2
mindless-rub-5850,sea-pomegranate-1203,1
mindless-rub-5850,the_dandalorian_,2
mindoftheswarm,thereduntodeath,1
mindtop4772,indigo_grove,1
miniandtimmy,actualwillingness556,2
miniandtimmy,extra-illustrator-43,1
miniandtimmy,gold_dog908,1
miniandtimmy,lowkey-juan,1
miniandtimmy,master_smasher,1
miniandtimmy,monchota,1
miniandtimmy,orgaaniset,1
miniandtimmy,qlurp,1
miniinimini,angnos,2
miniinimini,archmikem,1
miniinimini,disastrous_coat_5486,1
miniinimini,eats-you-alive,2
miniinimini,fuzzynova33,1
miniinimini,gloatingswine,1
miniinimini,idr3yi,1
miniinimini,individual-arrival86,1
miniinimini,itsukoun,1
miniinimini,majestic_balance1887,5
miniinimini,max_ya_jesus,1
miniinimini,number_one_aigis_fan,1
miniinimini,only_aerie3384,1
miniinimini,poindexter2291,3
miniinimini,sleazykinglothric,3
miniinimini,snoopeanuts6597,1
miniinimini,tankinatorfr,1
miniinimini,theanalystcurator321,3
miniinimini,themoraf,1
miniinimini,vridgley,1
miniinimini,zos_ginabruno,3
minngeilo,johnjsal,1
minngeilo,pozitivegarbage,1
minorthreat4182,ok-comedian4437,1
minute_engineer2355,then-ad7196,1
miraculousn,snoopeanuts6597,1
miraculousn,sybillaprophetis,1
miraculousn,thewineguy2020,1
miro_the_dragon,fluffwit,1
miro_the_dragon,gloatingswine,1
miro_the_dragon,skabassj,1
miro_the_dragon,sock_acc,1
miro_the_dragon,solid_government_251,1
miro_the_dragon,square_music1695,1
miro_the_dragon,suitable-mud-3239,1
miserable-league-670,alexrescuedotcom,1
miserable-league-670,hefty-distance837,4
miserable-league-670,kite42,2
miserable-league-670,thezarkingphoton,1
miserable-nail-7919,mwgrover,1
miserable_alfalfa_52,actualwillingness556,1
missdimples55,7annes,1
missdimples55,_waffle_man,1
missdimples55,gnuchanos-yt,1
misseducation69,fairyazure__,1
mistressdeathmoth,unbatroy,1
misunderstood36,spoqster,2
misunderstood36,veskifins,1
mixmasterace,cradonwar,1
mixmasterace,grindcoredancer,1
mixweak3392,inblurfather,1
mixweak3392,key-garbage-9286,1
mixweak3392,wannabeacademicbigpp,1
mixweak3392,zos_finn,1
mixweak3392,zos_ginabruno,1
mmh0k,fallentemplarr,1
mmh0k,veskifins,1
mmh0k,wishheartx,1
modularmode,essentrails,1
moist_horror,wishheartx,1
moistwave,ascendevise,1
moistwave,fali_1981,1
mojo001999,botanical_director,1
mojo001999,mwgrover,1
molderingsanctum,marstinson,1
mollisvox1,fixgood6833,1
monchota,actualwillingness556,1
monchota,gold_dog908,1
monchota,miniandtimmy,2
monk3yment,kontrol92a,1
monk3yment,thatlooksright,1
monk3yment,thewineguy2020,1
monkeyboy808,lunarsugar,2
monkeyboy808,mwgrover,1
monkeyboy808,veskifins,1
monkishsubset,itz_nova_rae,1
monster3gamez,fun-explanation7233,1
moon-reacher,chamllw,1
moon-reacher,changuitashadow,1
moon-reacher,gnuchanos-yt,1
moon-reacher,hachiko_chan,1
moon-reacher,marty5697,1
moon-reacher,oakberry,1
moon-reacher,sea-pomegranate-1203,1
moon-reacher,sistereinstein,1
moon-reacher,stage_strange291,1
moon-reacher,suhkandis,1
moon-reacher,vestus65,1
mooseyoss,bubbaboof_,1
moosy_loosy,aflarge,1
moppo_,lunarsugar,1
mordred101,ok-comedian4437,1
more-nefariousness32,blinkymjf,1
more-nefariousness32,emergency_pudding298,1
more-nefariousness32,kendrickmaynard,1
morfeurs,dragonshark514,1
morfeurs,horker_stew,1
morgaiths,nyarlathotep7777,1
morteux,unbatroy,1
most-based,ok-comedian4437,1
motawa1988,barabearcat,1
motawa1988,lordjudgedoom,1
motawa1988,theparadoxigm,1
motcher41,mermaidofmaelstrom,1
motor_interaction_20,bubbaboof_,1
motor_interaction_20,fun_jellyfish_4884,1
motor_interaction_20,greedy_whereas6879,1
motor_interaction_20,jaddman,1
motor_interaction_20,norgaldir,1
motor_interaction_20,tactikalkitty,1
motorbreather,archben,1
mountainserve,xerxesfortune,1
mouse3476,sea-pomegranate-1203,1
mr_mo0n,asphodelmercenary,1
mr_mo0n,greedy_whereas6879,1
mr_mo0n,lindycrush,1
mr_mo0n,red_angel33,1
mr_vanato,fizl99,1
mrbrush,oh-no-thank-you,1
mrbrush,oxobvan,1
mrbrush,the_dwemer_automaton,1
mrgrimderp,mermaidofmaelstrom,1
mrinfuse1,lordalrik,2
mrinfuse1,painterearly86,1
mrkebuky,particular-swim2461,1
mrluflu,ayakaba,1
mrluflu,fixgood6833,1
mrmustache0502,borzoidesignsok,1
mronlinetoughguy,notenseyar,1
mrplace,zenmyst,1
mrrian603f,thalestris_aella,1
mrrian603f,trickadorable9764,1
mrsloppypants,zos_ginabruno,1
mrsloppypants,zos_nickgiacomini,1
mrsninetales,zos_finn,1
mrstalfos,veskifins,1
msattrtand,inamanicpanic420,1
msattrtand,the_dwemer_automaton,1
msattrtand,zos_ginabruno,1
mshornets,actualwillingness556,1
mshornets,currentbias,1
mshornets,sneakysoap,1
mstee1302,utdelt,1
mtgorgonzola,actualwillingness556,1
mtgorgonzola,agitated-ad6744,1
mtgorgonzola,amoraivory,1
mtgorgonzola,busy-tone-,1
mtgorgonzola,humancheesecake2137,1
mtgorgonzola,indigo_grove,1
mtgorgonzola,marty5697,1
mudcrabkidnapper,alexrescuedotcom,1
mudcrabkidnapper,greedy_whereas6879,1
mudcrabkidnapper,miniinimini,1
mudcrabkidnapper,that_zen_this_tao,1
mudcrabkidnapper,thedollarstoredoctor,1
mullucka,actualwillingness556,1
mwgrover,jolly-put-9634,1
mwgrover,medwynd,1
mwgrover,stage_strange291,1
mxhmoud,fengfungfong,1
myceliumbase,miniandtimmy,1
myrillya,bluntrauma420,1
myrillya,kawauso21,1
myrillya,oneberry5348,1
myrillya,the_dandalorian_,1
mysterymeati,actualwillingness556,1
mysterymeati,altruistic-good3704,1
mysterymeati,arenta,1
mysterymeati,asdafdaf,1
mysterymeati,autisticsuperpower,1
mysterymeati,br4nfry3,1
mysterymeati,brrrofski,1
mysterymeati,constantcasual,1
mysterymeati,fluffwit,1
mysterymeati,free-classroom-6155,1
mysterymeati,heccharaa,1
mysterymeati,im_chris2,1
mysterymeati,joyousblueduck,1
mysterymeati,ksayiru,1
mysterymeati,m_kropnix,1
mysterymeati,most-based,1
mysterymeati,motor_interaction_20,1
mysterymeati,ok-comedian4437,1
mysterymeati,orgaaniset,3
mysterymeati,pazinchan,1
mysterymeati,pelanora,1
mysterymeati,proton-testiq,1
mysterymeati,relevant_device9042,1
mysterymeati,spanish_peanuts,1
mysterymeati,swimming_expert7480,4
mysterymeati,tharthritis,1
mysterymeati,thedollarstoredoctor,1
mysterymeati,unbatroy,1
mysterymeati,utdelt,1
mysterymeati,yallabre,2
mysterymeati,zos_ginabruno,1
mystrasun,whitishrogue,1
mythicaldawn,wishheartx,1
myusernname,actualwillingness556,1
mywarchild,zos_ginabruno,1
myzmyz1995,majestic_balance1887,1
myzmyz1995,radiantturtle,1
myzmyz1995,sleeper-of-rlyeh,1
n7-o,marty5697,1
n7-o,shaun_527,1
n7-o,thingwithchlorophyll,1
n_thomas74,mwgrover,1
n_thomas74,rabbit_games,2
n_thomas74,swimming_expert7480,1
n_thomas74,the_dwemer_automaton,1
n_thomas74,thewineguy2020,1
nachujminazwakurwa,ardalev,1
nachujminazwakurwa,darrelc,2
nachujminazwakurwa,lion-essrampant,1
nachujminazwakurwa,spoqster,2
nakalololo,mccalli,1
nakalololo,zos_ginabruno,9
nakalololo,zos_jburba,1
nandodecolonoscopy,eatyourvegetal,1
nandodecolonoscopy,inblurfather,1
nandodecolonoscopy,radvent,1
narangren,medical_character_28,1
narrowsupermarket,zos_ginabruno,1
nas-aratat,starkerealm,1
nash_felldancer,skinnycheeks,2
nash_felldancer,taleof2cities_,1
natsuki_kruger,lazyconfetti,1
natsuki_kruger,radiantturtle,1
nayrael,ahmungdihtung,1
nayrael,botanical_director,1
nayrael,caw_the_crow,1
nayrael,fixgood6833,1
nayrael,medical_character_28,1
neanderthology,alvehyanna,1
neanderthology,boofaceleemz,1
neanderthology,sciencebitch89,1
neat_champion2407,hot-stage-2174,1
nebula_stargazer,miniinimini,1
nebula_stargazer,supershutze,1
neemarita,lunarsugar,1
neifary,zos_ginabruno,1
neitherappearance316,jnu77,1
neitherappearance316,nerevanin,1
nekohtdecat,bonestogo,1
nekohtdecat,suhkandis,1
neonjodie99,actualwillingness556,1
neonjodie99,ksayiru,1
neotempest,currentbias,1
nerevanin,crumgeon,2
nerevanin,fixgood6833,1
nerevanin,neitherappearance316,1
nerevanin,significant_lime4361,1
nerevanin,strumpetsvileprogeny,1
ness_bound,fallentemplarr,1
ness_bound,themoraf,1
netsage,ok-comedian4437,1
neuroticpixels,zos_ginabruno,1
neverjamtoday,darrelc,1
neverjamtoday,spoqster,1
new-mongoose7382,miniandtimmy,1
new_celebration906,brsola,1
new_celebration906,veskifins,1
nexerous,zos_ginabruno,1
nibiryu,actualwillingness556,1
nick_bruiser,ok-comedian4437,1
nickfirzen,zos_finn,2
nickfirzen,zos_jasonbarnes,2
nickfirzen,zos_nickgiacomini,1
nickflig,zos_ginabruno,1
nicktendo1988,yodiddlycorncob,1
nidus-zealot,ok-comedian4437,1
nightlord70,lunarsugar,1
nikitaonline17,themoraf,1
nikla436,neanderthology,1
nikosquared,zos_ginabruno,1
nimblenibbler,dazedandfloating,1
niozero,fixgood6833,1
niozero,veskifins,1
nitasu987,embarrassedpianist59,1
nitasu987,eso_bill_slavicsek,1
nitasu987,fixgood6833,1
nitasu987,the_dwemer_automaton,1
nitasu987,zos_brianwheeler,1
nitasu987,zos_ginabruno,2
nitasu987,zos_jasonbarnes,1
nivosus,radiantturtle,1
no-candidate-8867,indigo_grove,1
no-source-7974,emergency-pop4541,1
no_eggplant_8141,greedy_whereas6879,1
no_enthusiasm_2557,veskifins,1
no_landscape_7223,actualwillingness556,1
no_occasion_4519,vlaaiissuperieur,1
no_occasion_4519,xerxesfortune,1
no_report_4781,bubbaboof_,1
no_story3990,abelthorne,1
no_story3990,anonymousmagcat21,2
no_story3990,chicken-thief,1
nobackground80,actualwillingness556,1
nobackground80,novel-alarm5313,1
noganddog,thedollarstoredoctor,1
nograpefruit1269,jovial_impairment,1
nograpefruit1269,like_shae_buttah,1
nograpefruit1269,professorkittyhawk,1
noisepilot,whitewolf1214,1
nomis_ttam,majestic_balance1887,1
nomis_ttam,myzmyz1995,1
nomorefuckingpants,destindil,1
nonliving4dentity69,unbatroy,1
nonnny_,_its_lunar_,1
noodlesnpeanut,sybillaprophetis,1
noread3988,large-course-8029,1
noread3988,ok-comedian4437,1
norgaldir,motor_interaction_20,1
north-imagination275,fixgood6833,1
north-imagination275,medical_character_28,1
north-research2574,ok-comedian4437,1
north_room666,mwgrover,1
northener1907,donmuerte,1
northener1907,marty5697,1
northrustic,fitcredit5685,1
northrustic,suddendepact,2
not-that_girl,0n1mu5ha,1
not-that_girl,curley1018,1
not-that_girl,n7-o,1
not-that_girl,pretend-detail-148,1
not-that_girl,sea-pomegranate-1203,1
not-that_girl,thereduntodeath,1
not_nsfw_throwaway,fixgood6833,1
notenoughcaffeine_,pretend-detail-148,1
notenseyar,enjayjones,1
notenseyar,fun-explanation7233,1
notenseyar,goblin-lunch,1
notenseyar,morfeurs,1
notenseyar,mwgrover,1
noticemearkay,badno3598,1
noticemearkay,zos_ginabruno,1
novacgal,kinmanana,1
novacgal,significant_lime4361,1
novacgal,tattooedpink,1
novel-alarm5313,actualwillingness556,1
nrcoleman,indigo_grove,1
nscftype,buttlipps,2
number_one_aigis_fan,zos__susan,1
number_one_aigis_fan,zos_ginabruno,4
nyarlathotep7777,actualwillingness556,1
nyarlathotep7777,borgchupacabras,2
nyarlathotep7777,bprn2017,1
nyarlathotep7777,bubbaboof_,1
nyarlathotep7777,calialpha,3
nyarlathotep7777,cannotthonk96,2
nyarlathotep7777,cla_1989,2
nyarlathotep7777,dragonshark514,1
nyarlathotep7777,dreamingknight235,1
nyarlathotep7777,efalien92,2
nyarlathotep7777,fairyazure__,1
nyarlathotep7777,fixgood6833,4
nyarlathotep7777,illnastyone,1
nyarlathotep7777,jad11mumbler,1
nyarlathotep7777,kaptazkikor,4
nyarlathotep7777,low-environment,2
nyarlathotep7777,menien,1
nyarlathotep7777,morgaiths,1
nyarlathotep7777,obtuse-angel,1
nyarlathotep7777,ok-comedian4437,1
nyarlathotep7777,oklisten1874,1
nyarlathotep7777,rusketty,1
nyarlathotep7777,swimming_expert7480,1
nyarlathotep7777,thebewlaybrothers,1
nyarlathotep7777,vanima_permai,1
nyxistaken,aznrecluse,1
nyxistaken,valenstark,1
o00hope00o,dragonshark514,1
oakberry,moon-reacher,1
oakleyasher,zos_ginabruno,1
oakleyman23,klassik1800,1
oath2order,brickbeard1999,1
oath2order,ethanklown,1
oath2order,orgaaniset,1
objectiveok9996,dazedandfloating,1
objectiveok9996,lunarsugar,1
obliviousfoo,actualwillingness556,1
obtuse-angel,alexrescuedotcom,1
obtuse-angel,darklordofthesmiths,1
obtuse-angel,fengfungfong,1
obtuse-angel,gstreamz,1
obtuse-angel,unfair_solution_3330,1
obtuse-angel,vlaaiissuperieur,1
odaphii,zos_ginabruno,1
odd-interaction7514,fixgood6833,1
odd-interaction7514,hellboyquintex,1
odd-interaction7514,indigo_grove,1
odd-interaction7514,medical_character_28,1
odd-interaction7514,middle-earth_oetel,1
odd-interaction7514,mwgrover,1
odd-interaction7514,veskifins,1
odd-sprinkles-8971,environmental_hat508,1
odd-sprinkles-8971,lunarsugar,3
odinwotnr,zos_ginabruno,1
odyssey67,karthanis86,1
odyssey67,leromantiksexe,1
officialscootem,lunarsugar,1
oh-no-thank-you,fab_lewis,1
oh-no-thank-you,last-pomegranate-772,1
oh-no-thank-you,prestigioustap6532,1
oh-no-thank-you,schlubadubdub,1
oh-no-thank-you,shinybac0n,1
oh-no-thank-you,taleof2cities_,1
ohiodude,ok-comedian4437,1
ohrocksteady,marstinson,1
ohrocksteady,red_angel33,2
oida420oaschal1030,ms95376,1
oida420oaschal1030,sol_west,1
ok-asparagus5992,zos_brianwheeler,2
ok-asparagus5992,zos_nickgiacomini,1
ok-blacksmith-3807,borzoidesignsok,1
ok-competition172,kinmanana,1
ok-faithlessness5117,bubbaboof_,1
ok-run8539,sad-patient-3456,1
ok-run8539,veskifins,1
ok-till-5630,brickbeard1999,1
ok_adhesiveness2709,shaun_527,1
ok_balance_5418,thingwithchlorophyll,1
ok_inevitable_1992,ksayiru,1
ok_lake_4092,brickbeard1999,3
ok_lake_4092,majestic_balance1887,3
ok_pitch4338,schurz0104,1
ok_profile1864,indigo_grove,1
okeebc,jolly-put-9634,1
okhorse1322,round-investigator67,1
okhorse1322,zos_ginabruno,1
oklisten1874,bubbaboof_,1
oklisten1874,busy-tone-,1
oklisten1874,essentrails,1
oklisten1874,lord-snoopyano,1
oklisten1874,marauding_llama,1
oklisten1874,mcaber87,1
oklisten1874,ok-comedian4437,1
oklisten1874,taleof2cities_,2
oklisten1874,themoraf,1
oklisten1874,zos_kevin,1
old-blueberry-6041,individual-arrival86,1
old-display4601,asdafdaf,1
oldsincerity,significant_lime4361,1
oldworldblues10,logansclaw53188,1
oldworldblues10,unbatroy,1
omgitskae,erratic_error,1
omgitskae,then-ad7196,1
omgitsmurmrgh,ksayiru,1
omnipotentlntrovert,airbornerunaway,1
omnipotentlntrovert,ardalev,1
onakonda,mindless-rub-5850,2
oneberry5348,bmrtt,1
oneberry5348,conninator2000,4
oneberry5348,discokittie,1
oneberry5348,eats-you-alive,1
oneberry5348,far_young_2666,1
oneberry5348,graysonpowergamer,1
oneberry5348,inerasablestains,1
oneberry5348,misunderstood36,1
oneberry5348,or0b0ur0s,2
oneberry5348,playful-ad1550,2
oneberry5348,req4adream99,1
oneberry5348,sionnabhan,2
oneberry5348,sohn_jmith,2
oneberry5348,thedollarstoredoctor,1
oneberry5348,tinderror404,1
oneberry5348,veskifins,2
oneberry5348,wild_control162,1
onefinerug,actualwillingness556,1
onefinerug,cornbeeflt,1
onemorepotion,indigo_grove,1
only-principle5896,bubbaboof_,1
onyxianrosethorn,attractivepigeons,1
onyxxx_13,gstreamz,1
opal-bee,lunarsugar,1
operationexpress8794,major-breadfruit2486,1
optimusscrime,spoqster,1
opusatrumet,indigo_grove,1
or0b0ur0s,agitated-ad6744,1
or0b0ur0s,ardalev,2
or0b0ur0s,featherw0lf,1
or0b0ur0s,marty5697,1
or0b0ur0s,oneberry5348,2
or0b0ur0s,traum-los,1
or0b0ur0s,veskifins,2
orbitalgoo,theanalystcurator321,1
orblitzer,zos_ginabruno,1
orcvader,halfdragoness,1
orcvader,inam223,1
orcvader,inamanicpanic420,1
orgaaniset,actualwillingness556,1
orgaaniset,ethanklown,1
orgaaniset,gold_dog908,3
orgaaniset,miniandtimmy,1
orgaaniset,mysterymeati,4
orgaaniset,slayerofdemons96,1
orgaaniset,wishheartx,1
orgaaniset,zooeiivj,2
organic-budget-227,eso_bill_slavicsek,2
organic-budget-227,zos_ginabruno,1
orions_starz,altruistic-good3704,1
orions_starz,sowercrowd,1
orions_starz,the_dwemer_automaton,1
orions_starz,veskifins,1
oscuro1632,bubbaboof_,1
oskistudios,thingwithchlorophyll,1
other-tip2408,actualwillingness556,1
other-tip2408,hazel_raaa,1
other-tip2408,kard420,1
other-tip2408,zentheprotogen,2
other_breath_2630,the_dwemer_automaton,1
otherwise_gas7419,bubbaboof_,1
otherwise_gas7419,far-author8404,1
otherwise_gas7419,ksayiru,1
otherwise_gas7419,marty5697,1
otherwise_gas7419,mmoplayer97,1
otherwise_gas7419,ok-comedian4437,1
otherwise_gas7419,shaun_527,1
otherwise_gas7419,taleof2cities_,1
otisgraves666,significant_lime4361,1
outdoortrack76,jessithy,1
outrageous-cycle7626,altruistic-good3704,1
outrageous-cycle7626,jimmy2sticks,1
oven_issi,zos_ginabruno,1
over-training-7708,howellq,1
over-training-7708,logansclaw53188,2
over-training-7708,renderdge,1
over-training-7708,wolvenomega,1
overall-pattern-809,likethewind96,1
own_ad_9380,johnjsal,1
own_dog9167,bubbaboof_,1
ozzie_bloke,shahtootahmed,1
padumbs,zos_brianwheeler,2
padumbs,zos_ginabruno,1
padumbs,zos_nickgiacomini,1
paff_,most-based,1
painterearly86,ok-comedian4437,1
paintingavailable160,the_dandalorian_,1
palmdiggity888,ok-comedian4437,1
palwajoko,blairquynh,1
palwajoko,nomis_ttam,1
palwajoko,yummymario64,1
pambimbo,actualwillingness556,1
pambimbo,autisticsuperpower,1
pandaxehd,dearcastiel,1
pandaxehd,foreverlost417,1
pandaxehd,greedy_whereas6879,2
pandaxehd,indigo_grove,1
pandaxehd,meowing-to-the-stars,1
pandaxehd,poindexter2291,1
pandaxehd,rdkateran,1
pandaxehd,snoopeanuts6597,1
pandaxehd,solid_government_251,1
pandaxehd,swimming_expert7480,1
pandaxehd,taleof2cities_,1
pandaxehd,the_dandalorian_,1
pandaxehd,vintagebill1337,1
pandaxehd,zaldr,2
pandaxehd,zos_kevin,1
panzerapolloofficial,dragonshark514,1
panzerkavalier,ok-comedian4437,1
papaslatch,zos_ginabruno,1
papermage,motor_interaction_20,1
paradisewandering,proton-testiq,1
paralyzert9,zos_ginabruno,2
paranoidelephpant,nograpefruit1269,1
pareto_optimal99,-nevrose-,1
parking-tomato7994,everyoneheresamoron,1
particular-card-6160,indigo_grove,1
particular-swim2461,bprn2017,1
particular-swim2461,mwgrover,1
particular-swim2461,western_charity_6911,1
particular-swim2461,wise_owl5404,2
patherek,zos_brianwheeler,2
patientx1981,spoqster,1
paularizer,daha1972,1
paularizer,sacrednym,1
pawg-of-war,actualwillingness556,1
pelanora,7thfleettraveller,1
pelanora,ala5656,2
pelanora,allck1,1
pelanora,bengamey_974,1
pelanora,bugsyeyes,1
pelanora,caw_the_crow,1
pelanora,dralvok,1
pelanora,exotic-shape-4104,2
pelanora,johnjsal,1
pelanora,karnakite,1
pelanora,lunarsugar,1
pelanora,mysterymeati,1
pelanora,ok-comedian4437,1
pelanora,randomhornydemon,1
pelanora,skyreckoning,1
pelanora,taleof2cities_,3
pelanora,thedefa1t,1
pelanora,themoraf,1
pelanora,zos_ginabruno,2
peli_evenstar,laser_velociraptor,1
penthesilean,ala5656,1
penthesilean,indigo_grove,1
penthesilean,k33ncutter,2
penthesilean,lootandlogic,1
penthesilean,medwynd,1
penthesilean,oklisten1874,1
perca_fluviatilis,badno3598,2
perfecltyok,inamanicpanic420,1
perfecltyok,lessercircle,2
perfecltyok,western_charity_6911,1
personalityblur,jolly-put-9634,1
phantronix,inamanicpanic420,1
philosophyno9878,ok-comedian4437,1
phronesis197,mrgrimderp,1
phronesis197,sea-pomegranate-1203,1
phronesis197,stage_strange291,1
physical-ad-5039,max_ya_jesus,1
pianozealousideal699,sven_re,1
pidgeypower,actualwillingness556,1
piemikey2,suhkandis,1
pighilljimster,vlaaiissuperieur,1
pihwlooc,ok-comedian4437,1
pinedude128,basedegg666,1
pinedude128,inamanicpanic420,1
pinedude128,the_dwemer_automaton,1
pinkeye69uk,agitated-ad6744,1
planarascendance,rageeatapnut,3
planarascendance,zos_ginabruno,1
planetcaravan,actualwillingness556,1
plant-theif,morfeurs,1
plastic-skill-9258,venusamari,1
plasticelfears,lunarsugar,1
plasticelfears,veskifins,1
plasticwoodpecker916,sea-pomegranate-1203,1
plasticwoodpecker916,whitewolf1214,1
playful-ad1550,inblurfather,1
playful-ad1550,oneberry5348,1
plebbit-user,b_riann,1
plebbit-user,ok-comedian4437,1
plebbit-user,zos_ginabruno,1
plowursis,br4nfry3,1
plowursis,kinnekted,1
pm_me_ur_credditcard,loose-donut3133,1
pm_me_your_stomachs,actualwillingness556,1
pm_me_your_stomachs,indigo_grove,1
pmmeiamlonley,ok-comedian4437,1
po10cysa,bubbaboof_,1
poindexter2291,boobrew2018,1
poindexter2291,cmdrunk420,2
poindexter2291,dathyni,2
poindexter2291,earthwormada,1
poindexter2291,fuzzynova33,1
poindexter2291,gloatingswine,1
poindexter2291,lwh,1
poindexter2291,pandaxehd,1
poindexter2291,psepete,1
poindexter2291,razerjoe,1
poindexter2291,rough-implement-5724,1
poindexter2291,sirkalevi,1
poindexter2291,snootomatoes34,1
poindexter2291,t3vvyw,1
poindexter2291,taleof2cities_,1
poindexter2291,the_dwemer_automaton,1
poindexter2291,throwaway1045820872,1
poindexter2291,wfbo_chitaki,1
poindexter2291,whoknows2319,2
poindexter2291,wolvenomega,4
poindexter2291,zos_ginabruno,1
polarwaves,ksayiru,1
polarwaves,sidewaves,1
polarwaves,the_dwemer_automaton,1
popsiklstiks,jonesmcbuttons,1
popular-hornet-6294,inblurfather,1
portudork,utdelt,1
possible_cell2584,domidude,1
possible_cell2584,free-classroom-6155,1
possible_cell2584,humancheesecake2137,1
possible_cell2584,ktopalescent,1
possible_cell2584,lessercircle,1
possible_cell2584,relevant_device9042,1
possible_cell2584,tx12001,1
possible_cell2584,virulentfuzz,1
poster69420911,blinkymjf,1
poster69420911,eatyourvegetal,1
poster69420911,ghoststrife,2
poster69420911,ikeezzo,1
poster69420911,monchota,1
potatostabbins,thereduntodeath,1
pour_me_another_,amurica1138,1
pour_me_another_,darandapanda,1
pour_me_another_,itz_nova_rae,1
pour_me_another_,joeylock,1
pour_me_another_,logansclaw53188,1
pour_me_another_,northener1907,1
pour_me_another_,ok-comedian4437,1
pour_me_another_,queenquackin,1
pour_me_another_,sothasilshusband,2
pour_me_another_,spoqster,1
pour_me_another_,thewineguy2020,1
powerful-access-8203,spoqster,1
powerful-access-8203,thereduntodeath,1
powerful-access-8203,wishheartx,1
poweruplevelup916,xdmanxd99,1
pozitivegarbage,embarrassedpianist59,1
pozitivegarbage,fixgood6833,1
pozitivegarbage,minngeilo,1
pozitivegarbage,the_dandalorian_,1
pozitivegarbage,the_dwemer_automaton,1
practical_dog3454,actualwillingness556,1
praisebee_,bubbaboof_,1
prequelsfan12345,fixgood6833,1
presentaccountant58,domingusapingus,1
presentslide7908,confident-silver-336,2
presentslide7908,gnuchanos-yt,1
presentslide7908,spoqster,1
presentslide7908,velementss,1
prestigious-focus-93,impossible_air9129,1
prestigioustap6532,oh-no-thank-you,1
pretend-detail-148,abelthorne,1
pretend-detail-148,aff2rm,1
pretend-detail-148,efalien92,1
pretend-detail-148,not-that_girl,1
pretend-detail-148,ronin_uchiha,1
pretend-detail-148,schntgaispork,1
pretend-detail-148,snoo56329,1
pretend-detail-148,specialist-one-4294,1
pretend-detail-148,uruburudurudu,2
pretend-detail-148,zestyclose_ad_64,1
prfanty,cowman3202,1
prfanty,miniandtimmy,1
prfanty,zos_ginabruno,1
princeofdon,amusedt,1
princeofdon,darklordofthesmiths,1
princess_know-it-all,unbatroy,1
princesspenguin117,fixgood6833,1
probablygoblins,impossible_air9129,1
professorkittyhawk,greedy_whereas6879,1
professorkittyhawk,nograpefruit1269,2
prophetofphil,oxobvan,1
propopori,tommy_nightmare,1
proud-idea-4260,shahtootahmed,1
psepete,poindexter2291,1
psnenters1st,hand-of-sithis,1
psychedeliccabbage,mmoplayer97,1
psychedeliccabbage,wynngwynn,1
psychological-unit82,ok-comedian4437,1
psychoschmidt,indigo_grove,1
psychoschmidt,jessithy,1
ptoir,neanderthology,1
publicsure869,sybillaprophetis,1
pup_femur,imaginaryanteater101,1
pup_pup_pass,bengamey_974,1
pup_pup_pass,sirkalevi,1
purpleimmediate5010,individual-arrival86,1
purpleimmediate5010,more-nefariousness32,1
purpleimmediate5010,uranus_opposition,1
purpleprosepoet,sukeban_x,1
pyraalchemist,sybillaprophetis,1
pyratefantom,gold_dog908,1
pyratefantom,marstinson,1
qicke,sock_acc,1
qiqjoe,veskifins,1
qlurp,actualwillingness556,1
qrahe,veryberrywaffles,1
quatro_leches,bubbaboof_,1
quatro_leches,poster69420911,1
queenquackin,pour_me_another_,1
queenspadekelly,indigo_grove,1
queenvell,sea-pomegranate-1203,1
queenvell,shaun_527,1
queenvell,veskifins,1
queercaliphate,b0dzilla,1
queercaliphate,bmrtt,1
queercaliphate,cannotthonk96,1
queercaliphate,the_dick_slinger,1
queues-as-tank,hand-of-sithis,1
quiet-bookkeeper2242,hot-stage-2174,1
quinber,sol_west,1
quirky-chocolate-594,-sloth_king-,1
quirky-chocolate-594,brsola,1
quirky-chocolate-594,caw_the_crow,1
quirky-chocolate-594,max_ya_jesus,1
quirky-chocolate-594,zos_ginabruno,1
quokkanerd,impossible_air9129,1
quokkanerd,xerxesfortune,1
r3dxzy,jonesmcbuttons,1
r40k,darkseidis_,1
r40k,effective-brain4980,1
r40k,inblurfather,1
r40k,marauding_llama,1
r4b1drabb1t,vaultdweller501,1
rabbit_games,brainwise95,1
rabbit_games,hyperioxes,2
radiantturtle,lootandlogic,1
radiantturtle,slayerofdemons96,1
radvent,ok-comedian4437,1
rageeatapnut,planarascendance,3
ragelore004,ktopalescent,1
rageofthesoul,crumgeon,1
raimonzi,shahtootahmed,1
rainbownthedark,darklordofthesmiths,1
raisedbyamoose,independentpainter87,1
raisedbyamoose,thesmalliceburg,1
raisedbyamoose,vok250,1
raistlarn,far_young_2666,1
ralinor,indigo_grove,1
ralinor,kaelhoel,1
ralthos,blortug,1
ramblerdodge,shahtootahmed,1
randeth,oh-no-thank-you,1
random96503,ok-comedian4437,1
randomdudewithideas,ok-comedian4437,1
randomhornydemon,-sloth_king-,1
randomhornydemon,caw_the_crow,1
randomhornydemon,fixgood6833,1
randomhornydemon,indigo_grove,1
randomhornydemon,marauding_llama,1
randomhornydemon,medical_character_28,1
randomhornydemon,miserable-league-670,1
randomhornydemon,pis4phil,1
randomhornydemon,snoopeanuts6597,1
randomhornydemon,spoqster,1
randomhornydemon,thereduntodeath,1
randomhornydemon,wishheartx,1
randomhornydemon,yodiddlycorncob,1
randomhornydemon,zos_ginabruno,1
randomvaultdweller,br0d30,1
randomvaultdweller,electricmeow,2
randomvaultdweller,ksayiru,2
randomvaultdweller,the_dick_slinger,1
rapscallywagon,indigo_grove,1
rarglar,kirkus23,1
raritypalm0404,subject-cabinet6480,1
ratchetxiv,snoopeanuts6597,1
rath_brained,brickbeard1999,1
rath_brained,inamanicpanic420,1
rathivis,zos_ginabruno,1
rattlez,guidanceobjective506,1
rattlez,t3vvyw,2
rauparma,unbatroy,1
ravenmisfit23,meewaj,1
ravernel,mermaidofmaelstrom,1
razael89,spoqster,1
razerjoe,abelthorne,1
rbrumble,miniandtimmy,1
rdkateran,dearcastiel,1
readittrashpanda,saladfingers994,1
readittrashpanda,taleof2cities_,1
real_dado500,upbeat_scholar_159,1
real_kazakiboom,miniandtimmy,1
realsokoro,yummymario64,1
reaper0507,zos_ginabruno,1
reaper26,sybillaprophetis,1
reapwell,hand-of-sithis,1
reasonable-student60,amaterasugoddess,1
reasonable-student60,spinachnpotatoes,1
recremen,zos_ginabruno,1
red_angel33,actualwillingness556,1
red_angel33,agitated-ad6744,1
red_angel33,amoraivory,1
red_angel33,kinnekted,1
red_angel33,ohrocksteady,3
red_angel33,the_dandalorian_,1
redditappslowaf,actualwillingness556,1
reddituser411976,lakeprize2569,1
redhammer1441,arenta,1
redhammer1441,ok-comedian4437,1
redkynabyss,actualwillingness556,1
redkynabyss,fixgood6833,1
redkynabyss,indigo_grove,1
redsaidmeme-demption,autisticsuperpower,1
redsaidmeme-demption,reasonable-student60,1
redtasario,spoqster,1
regular-resort-857,dr_dontrespect,1
regular-resort-857,motor_interaction_20,1
rei_romano420,bubbaboof_,1
reiign,ok-comedian4437,1
reinieren,sybillaprophetis,1
relationshipeconomy,ksayiru,1
relative-nerve-4514,ok-comedian4437,1
relevant_device9042,alexrescuedotcom,1
relevant_device9042,constant_hotel_2279,1
relevant_device9042,donmuerte,2
relevant_device9042,enver_gortie,1
relevant_device9042,fengfungfong,1
relevant_device9042,gothmog149,4
relevant_device9042,mysterymeati,2
relevant_device9042,possible_cell2584,1
relevant_device9042,roterrabe,2
relevant_device9042,teyyannn,1
relevant_device9042,the_dwemer_automaton,1
relevant_device9042,xstrong1,1
relevant_device9042,zos_ginabruno,1
relikern,bubbaboof_,1
remarkable-daikon436,mwgrover,1
remarkable_major7710,indigo_grove,1
remote_barracuda3996,veskifins,1
renderdge,over-training-7708,2
renwickzabelin,logansclaw53188,1
replybot5000,andovars_ghost,1
replybot5000,indigo_grove,1
replybot5000,miro_the_dragon,1
replybot5000,mwgrover,1
replybot5000,saladfingers994,4
replybot5000,sock_acc,1
replybot5000,veryberrywaffles,1
repressedmemes,bubbaboof_,1
repulsive_ostrich_52,thiscocaineninja,1
req4adream99,lilli_puff,1
req4adream99,shapeshift13yt,1
requirementroyal8666,fixgood6833,1
residentfull6265,key-garbage-9286,1
retiredsweat,ok-comedian4437,1
revolutionaryclue922,ksayiru,1
ricardo99xx,fizl99,1
ricardo99xx,mwgrover,1
rich_evans_chortle,ktopalescent,3
rich_evans_chortle,virulentfuzz,1
richiesaidohyea,spoqster,1
rinbeastie,_ressa,1
rindavid,fouryearbeard,1
ringbearer90,ok-comedian4437,1
ringod-123,goboltz,1
ringod-123,ok-comedian4437,1
ripzcritical,dotcomcto,1
rngezzus,sybillaprophetis,1
rngezzus,theanalystcurator321,1
robearbil,eatyourvegetal,1
robisvi,utdelt,1
rocketenthusiast,actualwillingness556,1
rockwithamedicinecup,zos_brianwheeler,1
rockwithamedicinecup,zos_ginabruno,9
rockwithamedicinecup,zos_jasonbarnes,1
rodeo670,veskifins,1
roguechampion,sock_acc,1
romanaroundtheplace,pis4phil,1
romcomreject,hellboyquintex,1
ronin_uchiha,pretend-detail-148,1
rookie_fox,zos_ginabruno,1
rosh_jogers,individual-arrival86,2
roterrabe,relevant_device9042,1
rottingsextoy,lilli_puff,1
rottingsextoy,sybillaprophetis,1
rottingsextoy,thereduntodeath,1
rough-implement-5724,blinkymjf,1
rough-implement-5724,fapstronautsama,1
rough-implement-5724,poindexter2291,1
rough-implement-5724,the_dwemer_automaton,2
round-investigator67,lilli_puff,1
round-investigator67,myzmyz1995,1
round-investigator67,ruskiiiiiiiii,1
round-investigator67,zos_ginabruno,5
routineorange4921,strict-pair-6518,1
rsdeciomurro,the_dwemer_automaton,1
ruby257,bonestogo,1
runandblunt1691,veskifins,1
runninginthefamily,zos_finn,1
runninginthefamily,zos_ginabruno,1
rusketty,ok-comedian4437,1
ruskiiiiiiiii,betterlatethannevur,1
ruskiiiiiiiii,dathyni,1
ruskiiiiiiiii,zos_brianwheeler,1
ruskiiiiiiiii,zos_ginabruno,1
russellvt,classic-mongoose-485,1
russellvt,indigo_grove,2
rusticals303,altruistic-good3704,1
rusticals303,autisticsuperpower,1
rusticals303,crapador_dali,1
rusticals303,laticia_1990,1
rusticals303,valuable_ad2280,1
rusticals303,veskifins,1
rusticals303,zos_ginabruno,1
ryithian,adventw0lf,2
ryithian,bprn2017,1
ryithian,cannotthonk96,1
ryithian,electrostatichotwave,1
ryithian,individual-arrival86,1
ryithian,wrongun25,1
rylo151,ok-comedian4437,1
rymork,eats-you-alive,1
rymork,spoqster,1
rynnb1983,badno3598,1
rynnb1983,cakeriel,2
rynnb1983,veskifins,1
s4ndfire,middle-earth_oetel,1
sabababa_blacksheep,fixgood6833,1
sacrednym,efalien92,1
sacrednym,hyperioxes,1
sailoresmeraude,actualwillingness556,1
sajiri,sybillaprophetis,1
saladfingers994,even_ad342,1
saladfingers994,replybot5000,4
saladfingers994,shaneb966666,1
saladfingers994,twistednightblade,1
salamanticormorant,ktopalescent,1
salamanticormorant,oh-no-thank-you,1
salientdred,eats-you-alive,1
salreth,bubbaboof_,1
salreth,lord-snoopyano,1
salty-nea,inamanicpanic420,1
samuel_l_blackson,bmrtt,1
sanadanobushige,fixgood6833,1
sangerssequence,altruistic-good3704,1
sangerssequence,zos_ginabruno,1
sannhetsvir,fixgood6833,2
sanreup,inamanicpanic420,1
sanreup,relevant_device9042,1
saphi93,zsquared8080,1
sarashana,fun-explanation7233,1
sarashana,kirkus23,1
sarspazzard,ok-comedian4437,1
saruthesage,bubbaboof_,1
satellite-2348,sybillaprophetis,1
sbr32,bubbaboof_,1
schiffy94,actualwillingness556,1
schiffy94,blortug,1
schiffy94,irish_oneli,1
schiffy94,locke1018,1
schiffy94,medwynd,1
schiffy94,meewaj,1
schiffy94,ok-comedian4437,1
schlubadubdub,oh-no-thank-you,1
schntgaispork,actualwillingness556,1
schntgaispork,beyond92,1
schntgaispork,msattrtand,1
schntgaispork,pretend-detail-148,1
schntgaispork,t3vvyw,1
schntgaispork,thingwithchlorophyll,1
schntgaispork,yallabre,2
sciencebitch89,neanderthology,1
scochrancpslo,schntgaispork,1
scullingpointers,mwgrover,1
se7enfeet,actualwillingness556,1
sea-pomegranate-1203,moon-reacher,1
sea-pomegranate-1203,thamoose7,1
sealclubberfan,123ajbb,1
sealclubberfan,marty5697,1
sealclubberfan,razerjoe,1
seattire,thatlooksright,1
sebiny,ascendevise,1
sebiny,yuichiro-akuhei,2
sedopolomut,bubbaboof_,1
seeswithbrain,bluefox5,1
seeswithbrain,significant_lime4361,1
self_of_steam,adventurous-end-1369,1
seminolegirl1992,eso_bill_slavicsek,1
semperphi60,-nevrose-,1
sensitive_piglet3943,firetraineraaron,1
sensitivedrama5459,bubbaboof_,1
sentence-inside,indigo_grove,1
sentence-inside,pis4phil,1
sephoratheexplorer,mwgrover,1
seravajan,abelthorne,10
seravajan,jolly-put-9634,1
seravajan,marstinson,1
seravajan,oxobvan,1
seravajan,strupy,1
sergeace,sybillaprophetis,1
serifan,ok-comedian4437,1
servanious,zos_ginabruno,1
seshprinny,dobpinklertiktok,1
settra_rulez,abelthorne,1
sgtvincecarter,spoqster,1
shad_77381,itsbingle,1
shad_77381,majestic_balance1887,1
shadelily,actualwillingness556,1
shadelily,artentics,1
shadow3777,whitewolf1214,1
shadowrain2,dearcastiel,1
shahtootahmed,blortug,1
shahtootahmed,cow_best,1
shahtootahmed,inevitable_sea3595,1
shahtootahmed,irish_oneli,1
shahtootahmed,ozzie_bloke,1
shahtootahmed,ramblerdodge,1
shalliar,foxxymoxxy02,1
shalliar,themoraf,1
shananigan48,bubbaboof_,1
shaneb966666,saladfingers994,1
shaniq_,marstinson,1
shapeshift13yt,gxwt,3
shapeshift13yt,req4adream99,1
shapeshift13yt,skirkfan1010,1
shargonathi,razerjoe,1
shaun_527,nograpefruit1269,1
shaun_527,unbatroy,1
sheephound,zos_kevin,1
sheisabadmamajama,bubbaboof_,1
sheriffofbulbingham,badno3598,1
shermanbiggs,miniandtimmy,1
shiloh_sharps,archmikem,1
shiloh_sharps,gnuchanos-yt,1
shiloh_sharps,individual-arrival86,1
shingetsumoon,spoqster,1
shinryoku-ichi,anonymousmagcat21,1
shinryoku-ichi,blinkymjf,1
shinryoku-ichi,cow_best,1
shinryoku-ichi,jash0822,1
shinryoku-ichi,rocketenthusiast,1
shinybac0n,oh-no-thank-you,1
shinzakuro,aramatheis,1
shinzakuro,bubbaboof_,1
shinzakuro,irovetti,1
shinzakuro,ktopalescent,1
shinzakuro,local-reference-8571,1
shmity7272,zos_ginabruno,1
shootyoureyeout,fixgood6833,1
shootyoureyeout,ok-comedian4437,1
shot_intention_2495,poindexter2291,1
shrooms60,aveidti,1
sianic12,brickbeard1999,1
sibre2001,aromatic-werewolf495,1
sicirca,effective-brain4980,2
sidewaves,-nevrose-,1
sidewaves,adventuretime888,1
sidewaves,alexius6th,1
sidewaves,chatory,1
sidewaves,dawgyashwhite,1
sidewaves,ikeezzo,1
sidewaves,kiwiiuwuu,1
sidewaves,massypiocata,1
sidewaves,polarwaves,1
sidewaves,thedarkgrenadex,1
significant-limit-91,fixgood6833,1
significant-use6339,miniandtimmy,1
significant_lime4361,charliebman,1
significant_lime4361,jellamma,1
significant_lime4361,seeswithbrain,1
significant_lime4361,sirkalevi,1
significant_lime4361,skabassj,1
significant_lime4361,thetenz,1
significant_lime4361,voyagermyu,1
significant_lime4361,zsquared8080,1
significant_smile652,grayfarron,1
significant_smile652,mwgrover,1
silentsolitude90,indigo_grove,1
silver_heathen,lunarsugar,1
silverleaf_unicorn,veskifins,1
simplelengthiness246,hyperioxes,3
simplysalamander,mordred101,1
simplysalamander,ok-comedian4437,1
simplysickened,anonymousmagcat21,1
sionnabhan,discokittie,1
sionnabhan,oneberry5348,2
sir_moleo,square_music1695,1
sir_quackberry,careless-end1596,1
sirius-moonlite,ktsb,1
sirkalevi,bluefox5,1
sirkalevi,diligent-wallaby19,1
sirkalevi,dragonshark514,1
sirkalevi,eggnogthot,1
sirkalevi,indigo_grove,1
sirkalevi,last-pomegranate-772,1
sirkalevi,poindexter2291,1
sirkalevi,significant_lime4361,1
sirkalevi,tyberiuss97,1
sirlongus,dunmerry,1
sirpuddius,whitishrogue,1
skabassj,amaterasugoddess,1
skabassj,diseasedsouls,1
skabassj,hides_in_corner,1
skabassj,inamanicpanic420,1
skabassj,individual-arrival86,1
skabassj,johnjsal,1
skabassj,kay_wall,1
skabassj,ktopalescent,1
skabassj,significant_lime4361,1
skabassj,the_dandalorian_,1
skabassj,the_dwemer_automaton,1
skabassj,veryberrywaffles,1
skabassj,voyagermyu,1
skabassj,wrongun25,1
skarabray,botanical_director,1
skibiditoilet4206969,actualwillingness556,3
skinnycheeks,msattrtand,1
skinnycheeks,zos_brianwheeler,4
skinnycheeks,zos_ginabruno,2
skinnycheeks,zos_nickgiacomini,1
skinnycheeks,zos_philipdraven,1
skinnydavesfw,veskifins,1
skinpizza86,ok-comedian4437,1
skirkfan1010,actualwillingness556,1
skirkfan1010,externalmuffin9790,1
skirkfan1010,shapeshift13yt,1
skolr19,fallentemplarr,1
skyreckoning,andizzzzi,1
skyreckoning,badno3598,1
skyreckoning,beneficial-assist849,1
skyreckoning,bubbaboof_,1
skyreckoning,darkseidis_,2
skyreckoning,dizzy_emu1089,1
skyreckoning,pelanora,1
skyreckoning,theblacksheep123,1
skyreckoning,thedollarstoredoctor,1
slade21xx,hidemyid,1
slayerofdemons96,frogsonalog,1
slayerofdemons96,goblin-lunch,1
slayerofdemons96,ok-comedian4437,1
slayerofdemons96,orgaaniset,1
slayerofdemons96,wishheartx,1
sleazykinglothric,altruistic-good3704,1
sleazykinglothric,cowman3202,1
sleazykinglothric,crypt_toad,1
sleazykinglothric,miniinimini,2
sleazykinglothric,sidewaves,1
sleazykinglothric,thewineguy2020,1
sleazykinglothric,utdelt,1
sleeper-of-rlyeh,myzmyz1995,1
slenderfuchsbau,borgchupacabras,1
slenderfuchsbau,miniandtimmy,1
slghtlystpd,illustrious_twist846,1
slip9419,indigo_grove,1
slymcfadden001,zos_ginabruno,1
smallmalexia3,gardeeboo,1
smaxx,miniinimini,1
smaxx,zos_ginabruno,1
smb75,ikollokii,1
smoothblueberry9507,indigo_grove,1
smorlokdelok,klassik1800,1
smurfpants84,0n1mu5ha,1
smuttley05,ksayiru,1
snakethatheals,mwgrover,1
sneakysoap,mwgrover,1
snoo56329,pretend-detail-148,1
snoo56329,totemfire,1
snoopeanuts6597,draftdodgerdon8647,1
snoopeanuts6597,h-ster,1
snoopeanuts6597,piemikey2,1
snootomatoes34,denverralphy,1
snootomatoes34,morfeurs,1
snootomatoes34,poindexter2291,2
snowcrackerz,ok-comedian4437,1
snowflake37wao,ok-comedian4437,1
snuukki,ok-comedian4437,1
sock_acc,galegone,1
sock_acc,the_dandalorian_,1
sock_acc,usual_crab4043,1
sohn_jmith,123ajbb,1
sohn_jmith,cautious_catch4021,1
sohn_jmith,oneberry5348,2
sol_west,im_chris2,2
sol_west,magicseaturtle,1
sol_west,quinber,1
sol_west,taleof2cities_,1
sol_west,whitishrogue,1
sola_dosis,ok-comedian4437,1
solaphobe,bubbaboof_,1
solid-beast,zos_ginabruno,1
solid_government_251,abelthorne,1
solid_government_251,icy_community_3683,2
someonewhoisawesomer,ok-comedian4437,1
someraginggamer,inamanicpanic420,1
someraginggamer,sybillaprophetis,1
someraginggamer,totemfire,1
somethingpowerful,veskifins,1
sometimeslibby,heisenbugx,1
song_the_stringer,veskifins,1
sonnytherobot,bonestogo,1
sorry-eggplant-2563,veskifins,1
sothasilshusband,gnuchanos-yt,2
sothasilshusband,pour_me_another_,1
sothasilshusband,whitishrogue,1
southern_courage_770,proton-testiq,1
spacemountaincookie,actualwillingness556,1
spamella-anne,aramatheis,1
spamella-anne,marauding_llama,1
spanish_peanuts,ok-comedian4437,1
spannerfrew,actualwillingness556,1
spannerfrew,sad-patient-3456,1
spannerfrew,thingwithchlorophyll,1
sparesalamander,anonymous-6461,1
spatularo,ok-comedian4437,1
special_fishing_2337,actualwillingness556,1
special_grapefroot,indigo_grove,1
special_jackfruit_40,kiwiiuwuu,1
specialist-one-4294,pretend-detail-148,1
specialist-one-4294,sybillaprophetis,1
specialistconcept423,itsukoun,2
spencyn,logansclaw53188,1
spicyturnip617,cornbeeflt,1
spicyturnip617,fyrixx,1
spicyturnip617,ksayiru,1
spicyturnip617,pazinchan,1
spicyturnip617,wkrae,1
spinachnpotatoes,0n1mu5ha,1
spinachnpotatoes,blinkymjf,1
spinachnpotatoes,kinmanana,1
spinachnpotatoes,kiwiiuwuu,1
spinachnpotatoes,maitsukas,1
spinachnpotatoes,marstinson,1
spinachnpotatoes,solid_government_251,1
spinachnpotatoes,veskifins,1
spir0rion,badno3598,2
spite-even,not-that_girl,1
spliv316,beacon2001,1
spookyhaunted7734,jessithy,1
spoqster,7thfleettraveller,2
spoqster,bubbaboof_,1
spoqster,carboxes,1
spoqster,darrelc,1
spoqster,in9e,1
spoqster,nachujminazwakurwa,2
spoqster,zsquared8080,1
standard_brilliant17,snoopeanuts6597,1
starborn-wanderer,0n1mu5ha,1
starkerealm,meewaj,1
starkerealm,nas-aratat,2
starkerealm,plant-theif,1
starkerealm,ravernel,1
starkerealm,xhedgehuggerx,1
starkerealm,zos_kevin,1
starszia,logansclaw53188,1
starszia,sea-pomegranate-1203,1
status-tumbleweed-84,actualwillingness556,1
status-tumbleweed-84,admiralbumhat,1
status-tumbleweed-84,bubbaboof_,1
status-tumbleweed-84,darandapanda,1
status-tumbleweed-84,fixgood6833,1
status-tumbleweed-84,johnjsal,1
status-tumbleweed-84,marty5697,1
status-tumbleweed-84,ok-comedian4437,1
status-tumbleweed-84,the_dandalorian_,1
status-tumbleweed-84,thedarkgrenadex,1
status-tumbleweed-84,thewineguy2020,1
status-tumbleweed-84,totemfire,1
stavebrokenstaff,significant_lime4361,1
stayinyourhouse,zos_ginabruno,1
steampvnch,thewineguy2020,1
steelkrom,sad-patient-3456,1
steinillac,thatlooksright,1
steinillac,the_dwemer_automaton,2
stfrancia,-z-3-r-0-,1
stfrancia,attractivepigeons,1
stgerris,spoqster,1
stonedcaterpill4r,velementss,1
stoneybongmcdopedoom,veskifins,1
stormborn_rage,gelini0789,1
stormborn_rage,medwynd,1
storminvoidbringr588,mwgrover,1
straight-fox-9388,eats-you-alive,1
straight-fox-9388,mareeptypebeat,1
straight-fox-9388,mcaber87,1
straight-fox-9388,ok-comedian4437,1
straight-fox-9388,oneberry5348,1
straight-fox-9388,slayerofdemons96,1
straight-fox-9388,thodasthemage,3
strawberry_sheep,fouryearbeard,1
strawberry_sheep,jash0822,1
strawberry_sheep,radiantturtle,1
street-baker,genxrules69,1
street_glove_5737,zos__susan,1
street_glove_5737,zos_ginabruno,1
strict-pair-6518,foxxymoxxy02,2
strict-pair-6518,hand-of-sithis,2
strict-pair-6518,inamanicpanic420,1
strict-pair-6518,katzeye007,1
strict-pair-6518,ksayiru,1
strict-pair-6518,sven_re,1
strupy,seravajan,1
stuartx13,fixgood6833,1
stunning-split3016,arkham1010,1
stuntman06,ksayiru,2
stuntman06,proton-testiq,1
stuntman06,the_dwemer_automaton,1
stuntman06,vlaaiissuperieur,1
stupiduselesshuman,tankinatorfr,1
stylepolice,bubbaboof_,1
subconscioussunflowa,aesirreddit,1
subject-cabinet6480,radiantturtle,1
substantial-pack-105,jarrybohnson,2
substantialsoup1696,rattlez,1
subtl3ty7,bubbaboof_,1
successstory066,ok-comedian4437,1
suddendepact,material_bet_2246,1
suddendepact,northrustic,2
suddendepact,zos_ginabruno,1
suffragette,thereduntodeath,1
sugarycyanide,mwgrover,1
suhkandis,clairelenia,1
suitable-mud-3239,luciuslaodicean,1
sukeban_x,_ulith,1
sukeban_x,autisticsuperpower,1
sukeban_x,brainwise95,1
sukeban_x,inamanicpanic420,1
sukeban_x,ksayiru,1
sukeban_x,purpleprosepoet,1
sukeban_x,the_dandalorian_,1
summertechnical1066,humancheesecake2137,1
supachenko82,crumgeon,1
supachenko82,jnu77,1
supachenko82,johnjsal,2
supachenko82,ksayiru,1
supachenko82,mwgrover,1
super_plastic5069,calialpha,1
super_plastic5069,thewineguy2020,1
superbindependence85,zos_ginabruno,1
superdrew91,sea-pomegranate-1203,1
superh3r01n3,cowman3202,1
supermarketlost7854,mwgrover,1
supershutze,gildedburd,1
supershutze,sajiri,1
supershutze,themoraf,1
supersmashy,impossible_air9129,1
supremegcx,indigo_grove,1
sven_re,0n1mu5ha,1
sven_re,alexrescuedotcom,1
sven_re,disastrous_coat_5486,1
sven_re,pianozealousideal699,1
sven_re,thatlooksright,1
swimming_expert7480,asphodelmercenary,3
swimming_expert7480,bubbaboof_,2
swimming_expert7480,eatyourvegetal,1
swimming_expert7480,fixgood6833,3
swimming_expert7480,iuppiterr,2
swimming_expert7480,local-reference-8571,1
swimming_expert7480,m_kropnix,2
swimming_expert7480,medical_character_28,1
swimming_expert7480,mysterymeati,5
swimming_expert7480,nyarlathotep7777,1
swimming_expert7480,pandaxehd,1
swimming_expert7480,rarglar,1
swimming_expert7480,thekfdcase,1
swimming_expert7480,viscountbuggus,1
swoopy_doopy,blinkymjf,1
swoopy_doopy,whitewolf1214,1
swordos,ok-comedian4437,1
sybillaprophetis,damightytant,1
sybillaprophetis,everyoneheresamoron,1
sybillaprophetis,rngezzus,1
sybillaprophetis,rottingsextoy,1
syngethereddragon,andovars_ghost,2
syngethereddragon,brokenarrow326,1
syngethereddragon,darklordofthesmiths,1
syngethereddragon,justanothertiandi,1
syngethereddragon,the_dwemer_automaton,1
sypher001,ok-comedian4437,1
syuryp,actualwillingness556,1
syzygialchaos,bubbaboof_,1
syzygialchaos,hefty-distance837,1
syzygialchaos,indigo_grove,1
t-980,unbatroy,1
t3vvyw,asher030,1
t3vvyw,cmdr_tauri,1
t3vvyw,confusionproof9487,1
t3vvyw,constant_hotel_2279,1
t3vvyw,cornbeeflt,1
t3vvyw,darklordofthesmiths,1
t3vvyw,inamanicpanic420,1
t3vvyw,johnjsal,1
t3vvyw,kraai33,3
t3vvyw,ksayiru,2
t3vvyw,kurosu93,1
t3vvyw,maninthebox21,1
t3vvyw,pazinchan,1
t3vvyw,poindexter2291,1
t3vvyw,rabbit_games,2
t3vvyw,rattlez,2
t3vvyw,rough-implement-5724,1
t3vvyw,schntgaispork,2
t3vvyw,sol_west,1
t3vvyw,the_dwemer_automaton,3
t3vvyw,tsavinski,2
t3vvyw,wkrae,2
t3vvyw,zos_ginabruno,1
tacos_an_shrooms,major-breadfruit2486,1
tacos_an_shrooms,the_dandalorian_,1
tactikalkitty,bubbaboof_,1
tactikalkitty,motor_interaction_20,1
taisynn,farscry,1
taiyat,indigo_grove,1
takeitalll,rocketenthusiast,1
takelodeon,veskifins,1
talden7887,veskifins,1
taleof2cities_,-alkosh,1
taleof2cities_,acanadianmaple,2
taleof2cities_,accomplished_sky3283,1
taleof2cities_,admiralbumhat,1
taleof2cities_,adventw0lf,1
taleof2cities_,alexrescuedotcom,1
taleof2cities_,applicable_elixir,1
taleof2cities_,blacknight841,1
taleof2cities_,borzoidesignsok,1
taleof2cities_,bprn2017,1
taleof2cities_,bugsyeyes,1
taleof2cities_,dearcastiel,1
taleof2cities_,dralvok,1
taleof2cities_,firetraineraaron,1
taleof2cities_,gloatingswine,2
taleof2cities_,gstreamz,1
taleof2cities_,guillotine20,1
taleof2cities_,hachiko_chan,1
taleof2cities_,hidemyid,1
taleof2cities_,indigo_grove,1
taleof2cities_,jonesmcbuttons,1
taleof2cities_,karnakite,1
taleof2cities_,katzeye007,1
taleof2cities_,kinmanana,1
taleof2cities_,lootchic,1
taleof2cities_,mcaber87,1
taleof2cities_,meewaj,2
taleof2cities_,moon-reacher,1
taleof2cities_,motawa1988,1
taleof2cities_,mysterymeati,1
taleof2cities_,nash_felldancer,1
taleof2cities_,nerevanin,1
taleof2cities_,oh-no-thank-you,1
taleof2cities_,ok-cable-8003,1
taleof2cities_,oklisten1874,2
taleof2cities_,pelanora,2
taleof2cities_,pis4phil,1
taleof2cities_,poindexter2291,1
taleof2cities_,polarwaves,1
taleof2cities_,razerjoe,1
taleof2cities_,readittrashpanda,1
taleof2cities_,saladfingers994,1
taleof2cities_,samuel_l_blackson,1
taleof2cities_,sol_west,1
taleof2cities_,testlopsided1928,1
taleof2cities_,thatdangboye,1
taleof2cities_,the_dandalorian_,2
taleof2cities_,the_dick_slinger,1
taleof2cities_,therealmulli,2
taleof2cities_,trickadorable9764,1
taleof2cities_,tryh4rdcookie,1
taleof2cities_,tyberiuss97,1
taleof2cities_,vastiaobra,1
taleof2cities_,vridgley,1
taleof2cities_,xhedgehuggerx,1
taleof2cities_,xstrong1,2
talespinnereu,___gay__,1
talespinnereu,alertelection5806,1
talespinnereu,gnuchanos-yt,1
talespinnereu,ikollokii,3
talespinnereu,the_dwemer_automaton,1
talkdirtypls,venusamari,1
tallulah1149,thereduntodeath,1
tamaldelimon,mwgrover,1
tamaldelimon,ok-comedian4437,1
tankinatorfr,azeuru-jp,1
tankinatorfr,traum-los,1
tannissar,ok-comedian4437,1
tar-nuine,ok-comedian4437,1
tarponpet,zos_ginabruno,1
tarrek1313,ok-comedian4437,1
tattooedpink,lunarsugar,1
tattooedpink,novacgal,1
tavalus,baronvonkeyser,1
tavalus,indigo_grove,1
tavalus,jameson71,4
td904,lickmyknee,1
tdfolts,jolly-put-9634,1
technical-cow-2494,mmoplayer97,1
technical_ad579,ok-comedian4437,1
technical_arm5716,zos_ginabruno,1
techwolf_lupindo,festegios,1
techwolf_lupindo,skinnycheeks,1
ted_meister,bprn2017,1
ted_striker1,nograpefruit1269,1
teikadunmora,impossible_air9129,1
telle74,shaun_527,1
tempestm,absalom98,1
tempestm,brrrofski,1
tempestm,marstinson,2
tempestm,mr_mo0n,1
tempozz,square_music1695,1
terhiop,zos_ginabruno,1
terrible1fi,ok-comedian4437,1
terrible1fi,zos_finn,1
terrible1fi,zos_ginabruno,1
terror_possum,proton-testiq,1
testlopsided1928,jnu77,1
testlopsided1928,tropnevadnivek,1
tethilia,badno3598,1
tethilia,wishheartx,1
texas_rose_86,therealdutchh,1
tgdnk,ok-comedian4437,1
th3c4tg0d,marauding_llama,1
th3f1nd3r0fth3s0urce,fixgood6833,1
thalestris_aella,unbatroy,1
thamoose7,cillachandlergaming,1
thamoose7,kard420,1
thamoose7,sea-pomegranate-1203,1
tharthritis,mysterymeati,1
that_cause3694,marstinson,1
that_zen_this_tao,alexrescuedotcom,1
that_zen_this_tao,googlemyahoo75,1
that_zen_this_tao,massypiocata,1
that_zen_this_tao,mudcrabkidnapper,1
that_zen_this_tao,strict-pair-6518,1
thatlooksright,anonymousmagcat21,1
thatlooksright,blinkymjf,1
thatlooksright,darandapanda,1
thatlooksright,monk3yment,1
thatlooksright,mrluflu,1
thatlooksright,sven_re,2
thatlooksright,vlaaiissuperieur,1
thatonecheeseguy,the_dwemer_automaton,1
thatponypony,altruistic-good3704,1
thatponypony,dragonshark514,1
the-divinehammer,veskifins,1
the-grandma,karnakite,1
the-grandma,okhorse1322,1
the-grandma,zos_ginabruno,1
the-noob-smoke,simplysalamander,1
the-spellwright,trickadorable9764,1
the_dandalorian_,aromatic-werewolf495,1
the_dandalorian_,aurishalcion,1
the_dandalorian_,bziscancer,1
the_dandalorian_,cmdr_tauri,1
the_dandalorian_,mindless-rub-5850,2
the_dandalorian_,oxobvan,1
the_dandalorian_,red_angel33,1
the_dandalorian_,skabassj,1
the_dandalorian_,sock_acc,1
the_dandalorian_,sowercrowd,1
the_dandalorian_,stage_strange291,1
the_dandalorian_,tacos_an_shrooms,1
the_dandalorian_,taleof2cities_,1
the_dandalorian_,the_dwemer_automaton,3
the_dandalorian_,theshawn_slater,1
the_dandalorian_,veryberrywaffles,1
the_dick_slinger,actualwillingness556,1
the_dick_slinger,br0d30,1
the_dick_slinger,randomvaultdweller,1
the_dick_slinger,td904,1
the_edenprime,johnjsal,5
the_walking_mila,_didds_,2
thealp,medical_character_28,1
theanalystcurator321,alzandur,1
theanalystcurator321,brickbeard1999,1
theanalystcurator321,fixgood6833,4
theanalystcurator321,miniinimini,1
theanalystcurator321,waxiestdinosaur,1
theangyldarkest,mwgrover,1
theatrain33,lord-snoopyano,1
thebewlaybrothers,actualwillingness556,1
thebewlaybrothers,nyarlathotep7777,1
thebigdaddio,actualwillingness556,1
thebigdaddio,bprn2017,1
thebigdaddio,indigo_grove,2
thebigdaddio,klassik1800,1
thebigdaddio,sea-pomegranate-1203,1
theblacksheep123,ok-comedian4437,1
theconfusedarab,fixgood6833,1
thecraftybear,cornbeeflt,1
thecraftybear,fodspeed,1
thecraftybear,impossible_air9129,1
thecraftybear,skyreckoning,1
thecraftybear,thereduntodeath,1
thecraftybear,unbatroy,1
thecraftybear,wishheartx,1
thedarkgrenadex,ats_throwaway,1
thedarkgrenadex,bmrtt,1
thedarkgrenadex,denverralphy,1
thedarkgrenadex,sidewaves,1
thedefa1t,ok-comedian4437,1
thedollarstoredoctor,consultingcutie,1
thedollarstoredoctor,dizzy_emu1089,2
thedollarstoredoctor,eats-you-alive,3
thedollarstoredoctor,jorgesarrada,1
thedollarstoredoctor,marius87,1
thedollarstoredoctor,whitishrogue,1
thegaminglibrarian,sea-pomegranate-1203,1
thegaminglibrarian,suhkandis,1
thegorrambatguy,far-author8404,1
thegorrambatguy,gimlithemilfhunter69,1
thegreatgatsby21,possible_cell2584,1
thegreatgatsby21,turtleneckless001,1
thegrognard,cowman3202,1
thegrognard,tankinatorfr,1
thegrognard,veskifins,1
thehomiehandler,agitated-ad6744,1
thehomiehandler,classic-mongoose-485,1
thehortatoar2,cakeriel,2
thekarkara,grumpf_der_sack,1
thekfdcase,accomplished_sky3283,1
thekfdcase,actualwillingness556,1
thekfdcase,danstarthefirst,1
thekfdcase,inamanicpanic420,1
thekfdcase,itsukoun,1
thekfdcase,ksayiru,2
thekfdcase,ladybarclay,1
thekfdcase,losara-,1
thekfdcase,mauvais__oeil,1
thekfdcase,oklisten1874,1
thekfdcase,pandaxehd,1
thekfdcase,plebbit-user,1
thekfdcase,poster69420911,1
thekfdcase,redkynabyss,1
thekfdcase,shaun_527,1
thekfdcase,tempestm,1
thekfdcase,wayiitm,1
thekfdcase,wrongun25,1
thelaughingmannofred,bloomingk,1
thelaughingmannofred,hyperioxes,1
thelmessiah,rattlez,1
thelmessiah,substantialsoup1696,1
themichaelscott,autisticsuperpower,1
themightybucket,mwgrover,1
themightybucket,the_dwemer_automaton,1
themightybucket,tinkermelle,1
themoraf,cyanpancake,1
themoraf,exotic-shape-4104,1
themoraf,key-garbage-9286,1
themoraf,taleof2cities_,1
themoraf,zos_ginabruno,5
themoraf,zos_jasonbarnes,2
then_bodybuilder3629,yallabre,3
theparadoxigm,ksayiru,1
theparadoxigm,motawa1988,1
thepolari3ear,the_dwemer_automaton,2
therealdutchh,shaun_527,1
therealjonsnuh,logansclaw53188,1
therealladygp,ok-comedian4437,1
therealmulli,fluffwit,1
therealmulli,hyperioxes,1
therealmulli,taleof2cities_,2
therealzejfi,xstrong1,1
thereduntodeath,fixgood6833,1
thereduntodeath,lazy_jygg,1
thereduntodeath,powerful-access-8203,1
thereduntodeath,randomhornydemon,1
thereduntodeath,warm-zone-8259,1
theshawn_slater,actualwillingness556,1
theshawn_slater,adventw0lf,1
theshawn_slater,lunarsugar,1
theshawn_slater,miniandtimmy,1
theshawn_slater,pis4phil,1
theshawn_slater,the_dandalorian_,1
theshawn_slater,the_dwemer_automaton,1
theshawn_slater,wrongun25,1
theshillingvillain,destindil,1
thesisizer,howellq,1
thesmalliceburg,raisedbyamoose,1
thesmalliceburg,sacrednym,1
thesmalliceburg,the_dwemer_automaton,1
thesmalliceburg,themoraf,1
thesmalliceburg,why_so_loud,1
thespacewhale,emperorxerro,1
thetenz,earthwormada,1
thetenz,whitishrogue,1
thetrojanwhore,bubbaboof_,1
theweinerthief,ok-comedian4437,1
thewineguy2020,chesterlikeschess,1
thewineguy2020,complete-fee5785,1
thewineguy2020,eso_onlinesetbuild,1
thewineguy2020,fixgood6833,2
thewineguy2020,goblin-lunch,1
thewineguy2020,imlostbutthatsokay,1
thewineguy2020,in9e,2
thewineguy2020,indigo_grove,2
thewineguy2020,marauding_llama,1
thewineguy2020,mwgrover,1
thewineguy2020,razerjoe,1
thewineguy2020,spoqster,1
thewineguy2020,status-tumbleweed-84,1
thewineguy2020,zsquared8080,1
thexmarauder,logansclaw53188,1
thexmarauder,razerjoe,1
thezarkingphoton,miserable-league-670,1
thick-dk-boi,actualwillingness556,1
thick-dk-boi,wrongun25,1
thingwithchlorophyll,adventurous-end-1369,1
thingwithchlorophyll,mmh0k,1
thingwithchlorophyll,oskistudios,1
thingwithchlorophyll,sock_acc,1
thiscocaineninja,court_jester13,1
thiscocaineninja,horker_stew,1
thiscocaineninja,intelligent-wish47,1
thisismonty,veskifins,1
thismyotheracc,-sloth_king-,1
thismyotheracc,actualwillingness556,3
thismyotheracc,brrrofski,1
thismyotheracc,electrical_storm9,1
thismyotheracc,fairyazure__,1
thismyotheracc,firetraineraaron,1
thismyotheracc,jonesmcbuttons,1
thismyotheracc,mermaidofmaelstrom,1
thismyotheracc,mudcrabkidnapper,1
thismyotheracc,no_occasion_4519,1
thismyotheracc,veterinariancold8214,1
thismyotheracc,vlaaiissuperieur,1
thismyotheracc,yallabre,1
thmeky,tommy_nightmare,1
thodasthemage,arenta,1
thodasthemage,embarrassedpianist59,1
thodasthemage,fixgood6833,1
thodasthemage,grzechoooo,1
thodasthemage,straight-fox-9388,2
thrawsunfan,vridgley,1
throwaway1045820872,poindexter2291,1
throwaway945account,zos_ginabruno,2
throwawayadvice1800,ok-comedian4437,1
throwthepsaway,not-that_girl,1
ticcitmaster,sea-pomegranate-1203,1
ticklemitten,cosmo_nova,1
ticklemitten,elyssarfeiniel,1
ticklemitten,kraai33,1
tidezen,beneficial-assist849,1
tidezen,confusionproof9487,1
tidezen,karmapathetic,1
tidezen,morikhane,1
tidezen,throwawayadvice1800,1
timid-sammy-1995,ermine_esc,1
tinderror404,ok-comedian4437,1
tinderror404,zos_ginabruno,1
tinkermelle,darklordofthesmiths,1
tinkermelle,gardeeboo,1
tinkermelle,karnakite,1
tinkermelle,luzion,1
tinkermelle,marstinson,1
tinkermelle,or0b0ur0s,1
tinkermelle,spoqster,1
tinkermelle,themightybucket,1
tinkermelle,xhedgehuggerx,1
tiny_environment_649,classic-mongoose-485,1
tinyflamingo2147,ok-comedian4437,1
tipinternational3462,own_dog9167,1
tipinternational3462,zenmyst,1
tiredandboredreddit,poindexter2291,1
titanfodder279,mermaidofmaelstrom,1
tng56230,zos_ginabruno,1
tng56230,zos_nickgiacomini,1
tnt3149_,mmoplayer97,1
tnt3149_,oxobvan,1
togglerecap,zos_ginabruno,1
tom_major-tom,dearcastiel,1
tommy-vr,hand-of-sithis,2
tommy-vr,magicseaturtle,1
tonto151,fallentemplarr,1
tonto151,zafecornet,1
toomanypxls,borzoidesignsok,1
toomanypxls,logansclaw53188,2
topgunshotgun45,amoraivory,1
torbpjorn,mermaidofmaelstrom,1
torbpjorn,zsquared8080,1
tough-astronaut2558,mixweak3392,1
tough-astronaut2558,ok-comedian4437,1
tough-astronaut2558,simplysalamander,1
tough_grab8187,xavijon_,1
tourniquet88,zos_ginabruno,4
toymasamune,oldsincerity,1
toymasamune,thetenz,1
traditional-rain8901,zos_ginabruno,1
trassethetarrasque,cmdrunk420,2
trassethetarrasque,defiantway8893,1
trassethetarrasque,powerful-access-8203,1
traum-los,tankinatorfr,1
triangles_arent_real,actualwillingness556,1
trickadorable9764,-aylish-,1
trickadorable9764,indigo_grove,1
trickadorable9764,massypiocata,1
trickadorable9764,middle-earth_oetel,1
trickadorable9764,rageeatapnut,1
trickadorable9764,unbatroy,1
trickadorable9764,xstrong1,1
trin_itty_bitty,mmoplayer97,1
tripembarrassed3840,zos_ginabruno,1
trips-over-tail,individual-arrival86,1
trixie1143,impossible_air9129,2
trollsvans,purpleslippehz90,1
tropnevadnivek,he11hog,2
trumpetsnangels,jt-1963,1
trumpetsnangels,max7238,1
tryh4rdcookie,taleof2cities_,1
tsavinski,t3vvyw,1
tsavinski,voyagermyu,3
turahk,alexandur,1
turahk,ok-comedian4437,1
turbocummies69,ksayiru,1
turbocummies69,nwccraddock,1
turbulent-dentist-77,actualwillingness556,1
turbulent_day8344,fixgood6833,1
turtleneckless001,amusedt,1
turtleneckless001,free-classroom-6155,1
turtleneckless001,relevant_device9042,1
twisted_marvel,cowman3202,1
twisted_marvel,karnakite,1
twisted_marvel,major-breadfruit2486,1
twisted_marvel,marstinson,2
twisted_marvel,suhkandis,1
twisted_marvel,sybillaprophetis,1
twistednightblade,saladfingers994,1
twister1000000,inamanicpanic420,1
twistypoet,heisenbugx,1
twodimensionalblue,lunarsugar,1
tx12001,bengamey_974,1
tx12001,irish_oneli,1
tx12001,ktopalescent,1
tx12001,pis4phil,1
tyberiuss97,xstrong1,1
tyrannafabulous,oshea_is_ok,1
udhelibor,beneficial_eye5991,1
udhelibor,fragonus,1
udhelibor,thewineguy2020,2
udhelibor,wgui2021,1
udhelibor,zos_ginabruno,1
ugandawanda5656,miniandtimmy,1
uggyy,feverandchill,1
uggyy,middle-earth_oetel,1
ukrainianpixelcamo,mwgrover,1
ulfrpsion,the_dwemer_automaton,1
unbornseed,sad-patient-3456,1
unbornseed,veskifins,1
uncle-fester-ink,individual-arrival86,5
uncle-fester-ink,ji_e,4
uncle-fester-ink,mermaidofmaelstrom,1
undeadmanwaltzing,nyxistaken,1
undeadsabbath,ksayiru,1
undeadsabbath,the_dandalorian_,1
unfair_solution_3330,archmikem,1
unfair_solution_3330,likethewind96,1
unfair_solution_3330,obtuse-angel,1
unfair_solution_3330,taleof2cities_,1
uniqueconference9130,fixgood6833,1
unreal-1,essentrails,1
untrimmedbagel,ok-comedian4437,1
unusual_mistake3204,mwgrover,1
upbeat_scholar_159,fixgood6833,1
upbeat_scholar_159,ktopalescent,1
upbeat_scholar_159,thebigdaddio,1
uranus_opposition,bonestogo,1
urielseptimiv,snoopeanuts6597,1
uruburudurudu,borzoidesignsok,1
uruburudurudu,marauding_llama,1
uruburudurudu,pretend-detail-148,2
uruburudurudu,wrongun25,1
usual_crab4043,cmdrjemison,1
usual_crab4043,sock_acc,2
uvvmail,empresslizzie,1
v3x_abyss,autisticsuperpower,1
v3x_abyss,fixgood6833,1
vaelthune,ok-comedian4437,1
valenstark,jasdac,1
valenstark,johnjsal,1
valenstark,kinmanana,1
valenstark,nwccraddock,1
valenstark,nyxistaken,1
valenstark,significant_lime4361,1
valenstark,spoqster,1
valenstark,thereduntodeath,1
valenstark,thingwithchlorophyll,1
valuable_ad2280,altruistic-good3704,1
vanima_permai,nyarlathotep7777,1
vanima_permai,ok-comedian4437,1
vanunanotechnician,zos_ginabruno,1
varabil,ksayiru,1
varabil,ok-comedian4437,1
vastiaobra,taleof2cities_,1
vastimagination8239,andovars_ghost,1
vaultdweller501,actualwillingness556,1
vaultdweller501,autisticsuperpower,1
vaultdweller501,r4b1drabb1t,1
vaxxish,spoqster,1
vctnr,poindexter2291,1
vecnashand1976,moon-reacher,1
vegetable_moment9574,indigo_grove,1
vegetable_moment9574,thekfdcase,1
vegetable_sample_,impossible_air9129,1
vehiclefew5165,bubbaboof_,1
veiledvailvale,zos_ginabruno,1
velementss,ganhedd0,1
velementss,presentslide7908,1
velementss,stonedcaterpill4r,1
venomstrike31,eats-you-alive,1
venriculair,ksayiru,1
venusamari,autisticsuperpower,1
venusamari,joyousblueduck,1
venusamari,pambimbo,1
venusamari,plastic-skill-9258,1
venusamari,then-ad7196,1
venusamari,zos_ginabruno,2
verity_not_levity,motawa1988,1
verminkween,irovetti,1
verminkween,sea-pomegranate-1203,1
veryberrywaffles,4rolyat,2
veryberrywaffles,degonyteeso,2
verz_the_game,ok-comedian4437,1
veskifins,branis_merrien,1
veskifins,hahlows,1
veskifins,in9e,1
veskifins,indyvaultdweller,1
veskifins,lunarsugar,1
veskifins,mmh0k,1
veskifins,niozero,1
veskifins,or0b0ur0s,1
veskifins,rusticals303,1
veskifins,silverleaf_unicorn,1
vestus65,moon-reacher,1
vestus65,mwgrover,1
vestus65,strumpetsvileprogeny,1
vestus65,zos_ginabruno,1
veterinariancold8214,lessercircle,2
vetitiscientia,dajog1,1
vetitiscientia,dathyni,1
viestepod,unbatroy,1
viktorkeen,ok-comedian4437,1
vintagebill1337,ethanklown,1
vintagebill1337,marauding_llama,1
violas_blade,irish_oneli,1
virulentfuzz,ktopalescent,1
virulentfuzz,rich_evans_chortle,1
visagan_k,sowercrowd,1
viscountbuggus,fixgood6833,1
vivyer,zos_ginabruno,1
vlaaiissuperieur,no_occasion_4519,1
vladvash,fengfungfong,1
voiddragonpriest,indigo_grove,1
vok250,bluesilver_girl,1
vok250,independentpainter87,1
voltage_joe,alarm-particular,1
vonatar-74,ok-comedian4437,1
vowly122,ok-comedian4437,1
voyagermyu,hand-of-sithis,1
voyagermyu,significant_lime4361,1
voyagermyu,tsavinski,3
vozahlaas,thatlooksright,1
vridgley,marstinson,1
vridgley,miniinimini,1
vridgley,tyberiuss97,1
vyvonea,mwgrover,1
vyvonea,sea-pomegranate-1203,1
wakarat,bubbaboof_,1
walterwhitesmom5,cmdr_tauri,1
wanderingstorm,kiwiiuwuu,2
wanderingthespian,eso_bill_slavicsek,1
wanderingthespian,zos_ginabruno,1
wannabeacademicbigpp,bubbaboof_,1
wannabeacademicbigpp,zos_finn,1
wannabeacademicbigpp,zos_ginabruno,1
wantondevious,greasytengu,1
wantondevious,schiffy94,1
warcrown11,azeuru-jp,1
warcrown11,emperorxerro,1
warcrown11,only_aerie3384,1
warcrown11,zombievariant,1
warfrost14,accomplished_sky3283,2
warfrost14,utdelt,1
warm-zone-8259,thereduntodeath,1
washout77,agitated-ad6744,1
washout77,dragonshark514,1
washout77,yallabre,1
washout77,zos_ginabruno,1
waub,oxobvan,1
waxiestdinosaur,theanalystcurator321,1
wayiitm,miniandtimmy,1
wayward_wayfinder,indigo_grove,1
webot7,ok-comedian4437,1
weiivice,mermaidofmaelstrom,1
weimsean,bellehades,1
weimsean,hamokk,1
werewolf524,zos_kevin,1
wes315,the_dwemer_automaton,1
western_charity_6911,fengfungfong,1
western_charity_6911,hand-of-sithis,2
western_charity_6911,mwgrover,1
westrough7738,klassik1800,1
wfbo_chitaki,poindexter2291,1
wgui2021,badno3598,1
whaleshark__1,draculesti_hatter,1
whaleshark__1,elementastic,2
whatsaroni,andovars_ghost,1
whatsaroni,jolly-put-9634,1
whatsaroni,marty5697,1
whatsaroni,ssgj_luke,1
whatsaroni,thereduntodeath,1
whatsaroni,thingwithchlorophyll,1
whenplansfail,hand-of-sithis,1
whiskeyj4ck717,mwgrover,1
whiterazorblade,anonymous-6461,1
whitishrogue,actualwillingness556,2
whitishrogue,anonymousmagcat21,1
whitishrogue,arya_ren,1
whitishrogue,festegios,1
whitishrogue,gnuchanos-yt,1
whitishrogue,miserable-league-670,1
whitishrogue,oxobvan,1
whitishrogue,sol_west,2
whitishrogue,sothasilshusband,1
whitishrogue,thedollarstoredoctor,1
whitishrogue,themoraf,1
whoamercy,miserable-league-670,1
whoamercy,snoopeanuts6597,1
whoamercy,spoqster,1
whoamercy,sybillaprophetis,1
whoknows2319,cornbeeflt,1
whoknows2319,poindexter2291,2
why_so_loud,cornbeeflt,1
why_so_loud,dearcastiel,1
why_so_loud,gstreamz,2
wickwire7,veskifins,1
widesmiles,bubbaboof_,1
wild_control162,alarm-particular,1
wild_control162,bubbaboof_,1
wildfox9t,shad_77381,1
winefficient9710,zos_ginabruno,1
winter-sprinkles-384,veskifins,1
winter_low4661,altruistic-good3704,1
winter_low4661,ethanklown,2
wise_owl5404,amoraivory,1
wise_owl5404,amusedt,5
wise_owl5404,andovars_ghost,3
wise_owl5404,bubbaboof_,1
wise_owl5404,entitymatanzas,2
wise_owl5404,eso_onlinesetbuild,1
wise_owl5404,marauding_llama,1
wise_owl5404,palwajoko,1
wise_owl5404,particular-swim2461,1
witchkraftrs,heccharaa,1
wizardgand,klassik1800,1
wkrae,ksayiru,1
wkrae,middle-earth_oetel,1
wkrae,nyarlathotep7777,1
wkrae,spicyturnip617,1
wkrae,t3vvyw,1
woeler,agitated-ad6744,1
woeler,altruistic-good3704,1
woeler,fun-explanation7233,1
woeler,zos_ginabruno,1
wolf_under_the_sky,ikollokii,1
wolf_under_the_sky,whaleshark__1,1
wolfenx109,hm_not_sure_yet,1
wolfenx109,zoro_messatsu,1
wolfguard-halfdan,sybillaprophetis,1
wolflordval,mcaber87,1
wolfram_and_hart,gnuchanos-yt,1
wolfstano,suhkandis,1
wolfstano,theanalystcurator321,1
wolvenomega,dragonshark514,1
wolvenomega,festegios,1
wolvenomega,hecata22,2
wolvenomega,logansclaw53188,1
wolvenomega,over-training-7708,1
wolvenomega,poindexter2291,5
wolvenomega,round-investigator67,1
wolvenomega,suitable-mud-3239,1
wolvenomega,zos_ginabruno,1
wolvenomega,zos_jburba,1
womannimarco,bprn2017,1
womannimarco,callmesociopathic,1
wompatinger,meewaj,1
wonderful_bed_5854,ok-comedian4437,1
wonderful_bed_5854,veskifins,1
wonderfulvanilla9676,actualwillingness556,1
worikre,major-breadfruit2486,1
wrongun25,anonymousmagcat21,1
wrongun25,thick-dk-boi,1
wsblovesdiddy,actualwillingness556,2
wudookid,zos_ginabruno,1
wulfband,impossible_air9129,1
wynngwynn,adventurous-end-1369,1
wynngwynn,carcarius,1
wynngwynn,jigglymilksack,1
wynngwynn,nyarlathotep7777,1
wynngwynn,psychedeliccabbage,1
wynngwynn,spoqster,1
wynngwynn,thedollarstoredoctor,1
wynngwynn,zealousideal-bar1657,1
wystanh,fun-explanation7233,1
x13x13,jolly-put-9634,1
x13x13,tryh4rdcookie,1
xaantara,impossible_air9129,1
xadas67,fengfungfong,1
xaroin,defiantway8893,1
xaroin,fun-explanation7233,1
xavijon_,emergency-pop4541,1
xavijon_,tough_grab8187,1
xblngch,jimmy2sticks,1
xblngch,significant_lime4361,1
xboxloud1,zos_ginabruno,1
xbrrrr,agitated-ad6744,1
xbrrrr,chesterlikeschess,2
xbrrrr,miniandtimmy,1
xdaedran,johnjsal,1
xdmanxd99,ardalev,1
xdmanxd99,asphodelmercenary,1
xdmanxd99,autisticsuperpower,1
xdmanxd99,bmrtt,1
xdmanxd99,cornbeeflt,1
xdmanxd99,ktopalescent,1
xdmanxd99,magicseaturtle,1
xdmanxd99,poweruplevelup916,1
xdmanxd99,pyratefantom,1
xdmanxd99,rbrumble,1
xdmanxd99,sad-patient-3456,1
xenomorph-cthulhu,bprn2017,1
xenomorph-cthulhu,taleof2cities_,1
xerofortune,actualwillingness556,1
xerxesfortune,blortug,1
xerxesfortune,karthanis86,1
xhedgehuggerx,0n1mu5ha,1
xhedgehuggerx,that_cause3694,1
xhedgehuggerx,then-ad7196,1
xianyde,agitated-ad6744,1
xianyde,massypiocata,1
xianyde,veskifins,1
xkakapantsx,sea-pomegranate-1203,1
xlkpandaxlk,veskifins,1
xmrvoidx,inamanicpanic420,1
xpherseus,meewaj,1
xpherseus,suhkandis,1
xrainydayz,cornbeeflt,1
xstar_screamx,mermaidofmaelstrom,1
xstrong1,anonymousmagcat21,1
xstrong1,ayakaba,2
xstrong1,ksayiru,1
xstrong1,taleof2cities_,1
xstrong1,tyberiuss97,2
xstrong1,zos_finn,1
xstrong1,zos_ginabruno,1
xurigan,hyperioxes,1
xxvirus_08xx,bubbaboof_,1
yaddadimean,ksayiru,1
yallabre,br0d30,3
yallabre,mysterymeati,1
yallabre,schntgaispork,1
yallabre,then_bodybuilder3629,1
yffresbloodmoon,sybillaprophetis,1
yfssfs,greyn7,1
yodiddlycorncob,ascendevise,1
yodiddlycorncob,blinkymjf,1
yodiddlycorncob,ok-comedian4437,1
yodiddlycorncob,randomhornydemon,1
yodiddlycorncob,tryh4rdcookie,1
yodiddlycorncob,veskifins,1
yogurtclosetfair5742,borzoidesignsok,1
yogurtstickvevo,veskifins,1
yorinsan,bubbaboof_,1
yosidy,mwgrover,1
young_trash3,medical_character_28,1
yourfavoritedummy,actualwillingness556,3
yourfavoritedummy,bubbaboof_,1
yourfavoritedummy,ktopalescent,1
yourfavoritedummy,shaun_527,1
yrauvir,eats-you-alive,1
yrauvir,status-tumbleweed-84,1
yuichiro-akuhei,sebiny,2
yummymario64,ok-comedian4437,1
yummymario64,realsokoro,1
yummymario64,simplysalamander,1
yunoka,-z-3-r-0-,1
yunoka,elvenstrider,1
yunoka,ok-comedian4437,1
yuriohime,cemenotar,2
yuriohime,defiantway8893,2
zach_small,sybillaprophetis,1
zafecornet,tonto151,1
zaldr,amusedt,1
zaldr,electrostatichotwave,1
zaldr,greedy_whereas6879,1
zaldr,pandaxehd,1
zarggg,unbatroy,1
zaynecarrick1,the-grandma,1
zeal0telite,miniinimini,1
zealousideal-bar1657,dragonshark514,1
zealousideal-bar1657,indigo_grove,1
zealousideal-bar1657,sergeace,1
zealousideal-bar1657,veskifins,1
zealousideal_fish_74,veskifins,1
zefederalist,martiusdecimus,1
zenk2018,impossible_air9129,1
zenmyst,dinozavr,5
zenmyst,marstinson,1
zenmyst,tipinternational3462,1
zentheprotogen,other-tip2408,1
zeph621,mermaidofmaelstrom,1
zephiran23,amusedt,1
zerkolukk,nayrael,1
zeromayhem,major-breadfruit2486,1
zestyclose_ad_64,pretend-detail-148,1
zionvon,indigo_grove,1
zoegrace1,embarrassedpianist59,1
zombievariant,aramatheis,1
zombievariant,indigo_grove,1
zombievariant,warcrown11,1
zooeiivj,bubbaboof_,1
zooeiivj,nwccraddock,1
zooeiivj,orgaaniset,2
zoro_messatsu,embarrassedpianist59,1
zoro_messatsu,eso_bill_slavicsek,1
zoro_messatsu,fixgood6833,1
zoro_messatsu,jasdac,1
zoro_messatsu,nayrael,1
zoro_messatsu,zos_ginabruno,1
zoro_messatsu,zos_jasonbarnes,1
zos__susan,angnos,1
zos__susan,bbcguild,1
zos__susan,lilli_puff,1
zos__susan,nakalololo,1
zos__susan,number_one_aigis_fan,1
zos__susan,tourniquet88,1
zos__susan,zos_ginabruno,1
zos_brianwheeler,erickson9160,1
zos_brianwheeler,frequent_car8717,2
zos_brianwheeler,grumpyoldorc,1
zos_brianwheeler,izanarys,1
zos_brianwheeler,khamu1,1
zos_brianwheeler,lukoscreyden,1
zos_brianwheeler,mediadavid,1
zos_brianwheeler,nitasu987,1
zos_brianwheeler,ok-asparagus5992,1
zos_brianwheeler,rockwithamedicinecup,1
zos_brianwheeler,skinnycheeks,3
zos_brianwheeler,venusamari,1
zos_finn,angnos,1
zos_finn,dragonwhimsy,1
zos_finn,floognoodle,1
zos_finn,kaltengeist,1
zos_finn,lukoscreyden,1
zos_finn,neifary,1
zos_finn,noticemearkay,1
zos_finn,rockwithamedicinecup,1
zos_finn,runninginthefamily,1
zos_finn,staubfinger2934,1
zos_finn,terrible1fi,1
zos_finn,themoraf,1
zos_finn,vanunanotechnician,1
zos_finn,wannabeacademicbigpp,1
zos_finn,washout77,1
zos_finn,xstrong1,1
zos_ginabruno,embarrassedpianist59,1
zos_ginabruno,miniinimini,1
zos_ginabruno,paralyzert9,3
zos_ginabruno,round-investigator67,2
zos_ginabruno,unbatroy,1
zos_ginabruno,zos_jasonbarnes,1
zos_jasonbarnes,alliaxandromeda,1
zos_jasonbarnes,cyanpancake,2
zos_jasonbarnes,dextaur,1
zos_jasonbarnes,dragonwhimsy,1
zos_jasonbarnes,dralvok,1
zos_jasonbarnes,fearless_common_4587,1
zos_jasonbarnes,floognoodle,1
zos_jasonbarnes,grumpyoldorc,1
zos_jasonbarnes,lukoscreyden,1
zos_jasonbarnes,m1shaaa,1
zos_jasonbarnes,mediadavid,1
zos_jasonbarnes,mehra_mora55,1
zos_jasonbarnes,nakalololo,1
zos_jasonbarnes,narrowsupermarket,1
zos_jasonbarnes,nitasu987,1
zos_jasonbarnes,noticemearkay,1
zos_jasonbarnes,okhorse1322,1
zos_jasonbarnes,rockwithamedicinecup,2
zos_jasonbarnes,solid-beast,1
zos_jasonbarnes,suddendepact,1
zos_jasonbarnes,veiledvailvale,1
zos_jasonbarnes,woeler,1
zos_jasonbarnes,zos__susan,1
zos_jburba,duckthatlikesbread,1
zos_jburba,tourniquet88,1
zos_jburba,wolvenomega,1
zos_jessicafolsom,idr3yi,1
zos_nickgiacomini,mccalli,1
zos_nickgiacomini,miniinimini,1
zos_nickgiacomini,mrsloppypants,1
zos_nickgiacomini,skinnycheeks,3
zos_nickgiacomini,tng56230,1
zos_philipdraven,denverralphy,1
zos_philipdraven,erickson9160,1
zos_philipdraven,mccalli,1
zos_philipdraven,number_one_aigis_fan,1
zos_philipdraven,skinnycheeks,1
zos_philipdraven,zos_finn,1
zsquared8080,middle-earth_oetel,1
zsquared8080,significant_lime4361,1
zsquared8080,spoqster,1
zultonpowerslkaxia,badno3598,1
zultonpowerslkaxia,theanalystcurator321,1
zweibeinmensch,artistic_north_4208,1
zyglakk,autisticsuperpower,1
zyglakk,ksayiru,1
zyglakk,veskifins,1
