Source,Target,Weight
---2-0-2-0---,chron_soss,1
---thefiercedeity---,dangerous-cobbler-11,2
---thefiercedeity---,many-assignment6216,1
---thefiercedeity---,number1spideyfan,1
---thefiercedeity---,rubixkubezz,1
-bigman39,belle_fleures,1
-rin_nohara-,el-zengy-el-mo3geza,1
-rin_nohara-,notveryai,1
-shadow8769-,maxxorale,1
000817,flashjamer,1
000817,ze_awesome_hobo,1
00cubic,few_transition_1771,1
0e0uwu,rubixkubezz,1
0really-now0,newbeeperson,1
0rexus,andrew62000,1
0shawdad0,dontbesorrybeashamed,1
1of1000,villadsor,1
20pesos__,marmoolack,1
20pesos__,moist-border2227,1
2311megaton_yt,flashjamer,1
383throwawayv2,eastern_practice_668,1
3moreads,martibarimaff,1
4862skrrt2684,heyharryjohn,1
4862skrrt2684,kohana55,1
4862skrrt2684,sirhc9er,1
4_fortytwo_2,dontbesorrybeashamed,1
59kills,rubixkubezz,1
5hjsdnujhdfu8nubi,voidlord4450,1
8din,tieordinary1735,1
_-rainbow-_,leocookiexd,1
____person____,islenski,1
_archilyte_,bakedsouls,1
_brightbuddy,critical_worry_8245,1
_demii_,el-zengy-el-mo3geza,1
_ekoz_,sleyvin,1
_herus_,mountain_day_2178,1
_lordcreepy_,masterpeem,1
_moosleech,alex4744818w,1
_moosleech,shadyman_,1
_nightmarekinggrimm_,alertscience1625,2
_pinelapples,jair_r,1
_pinelapples,zimbot_,1
_rizzukuhimdoriya_,generalpublicwc,3
_seidverk,zestyclose_edge1027,1
_virtualcosmos_,obfuscatedchaos,1
_virtualcosmos_,ozzysmall123,1
_virtualcosmos_,rx1542,1
a-random-writer,alfa_centauri03,1
a_nice_egg,flashjamer,1
a_random_poster04,gensolink,1
a_uniqueusername444,rubixkubezz,1
a_wild_bellossom,narcissistichedonism,1
aafinthe3rd,bakedsouls,1
aarongavin,iamheretoarrestyou,1
aaslayer,flashjamer,1
aawful_aardvark,dinopraso,1
aawful_aardvark,rubixkubezz,1
abadassunicorn,staplez67,1
abbe44,witty-refrigerator84,1
abject_balance9148,advanced-figure2072,1
abject_extension4545,rubixkubezz,1
ablankstory,rubixkubezz,1
abn-daraa,el-zengy-el-mo3geza,1
abod_sniper,consistent_phase822,1
abovvv12,affectionate_okra298,1
abrogno,cheap-tennis4196,1
academic_song5404,rubixkubezz,1
acceptable-inside306,el-zengy-el-mo3geza,2
acceptable_ant_2094,magicxdash,1
acceptable_name7099,f-d-l,1
acceptablehead6969,historicalkey6666,1
accomplished_cost859,rubixkubezz,1
accordingheron1601,atazaxia,1
ace_oniii,osoba_talentu,1
ace_oniii,rickymac666,1
ace_oniii,undertaleyellowfan,1
ace_oniii,ysvirusss,1
acepowderkeg,martibarimaff,1
acererak09,exciting-wave-3204,1
acererak09,generalpublicwc,1
acererak09,mymindcrashed,1
acererak09,nayr_knl,1
acererak09,smileforworlds,1
acrobatic-reality-32,martibarimaff,1
actual-article-4011,zestyclose_edge1027,1
actual_lengthiness_3,kohana55,1
actually_a_dogeboi,leocookiexd,1
ad51603,opalescentshrooms,1
adamex_x,el-zengy-el-mo3geza,1
adamg3691,albatros_7,1
adamg3691,aloqqq,1
adamg3691,tieordinary1735,1
additional_chip_4158,changeittowhat,2
additional_claim_718,queenoftheremote40,3
adeckz,tabak23,1
adevilfox,deadly-dave,1
admiral_wingslow,albatros_7,1
admiral_wingslow,itsalwayssegsfault,1
admiral_wingslow,saddairyproduct,1
adriolear,cassydd,1
adshot6385,harperhunii,1
advanced-figure2072,krishthecrusher2010,2
advanced-figure2072,mulberrydeep,1
aeitum,dueexit3162,1
affectionate-foot802,masterpeem,2
affectionate-foot802,thissuxxors,2
affectionatetrade335,rubixkubezz,1
aflyingmonkey3,rubixkubezz,1
after-pepper-4803,rubixkubezz,1
agata_moon,nondescript_redditor,1
agata_moon,talann,1
aggressive_ant6395,islenski,1
aggressive_side3031,t-tsukiknight,1
aharano,flashjamer,1
ahare115,no-start-6254,1
ahintoflime,neros_cromwell,1
aidankingofcats,furthestpoint,1
aidankingofcats,moist-border2227,1
ajjpro0315,fabiuzz69,1
ak-50_ocelot,rubixkubezz,1
akagamibarto,rubixkubezz,1
akoofixtall,adventurous-pool5861,1
akoofixtall,itsalwayssegsfault,1
akoofixtall,m4cksfx,1
alarmed-biscotti-295,el-zengy-el-mo3geza,1
alarmed_ask3211,rubixkubezz,1
albatros_7,m4cksfx,1
alderan922,nondescript_redditor,1
alertscience1625,_nightmarekinggrimm_,1
alertscience1625,drabbitzgo,1
alertscience1625,lordstickvonscribble,1
alertscience1625,ribcabin,1
alertscience1625,spherical_squirrel,1
alertscience1625,vispen-fillian,1
alewalls,finallancer,1
alex-46,dontbesorrybeashamed,1
alex4744818w,_moosleech,1
alex4744818w,saladpast,1
alex_8259,helicophell,2
alexibou,kernel-enchilada,1
alexraeu,gummybeargamer87,1
alexxx567,rubixkubezz,1
alf_alfred,natsuki_lover_447,1
alfa_centauri03,icycompetition7477,1
aliayyaz90,pitiful_caterpillar8,1
alien_az,scarl8,1
allanbik,benemeno,1
allbid,ok_doctor4812,1
allenwl,mossylungs,1
allubros,tpasmall,1
aloqqq,adamg3691,1
aloqqq,iisaishaii,2
aloqqq,ill-individual2105,1
alphaapostle20,rubixkubezz,1
alphathe7,rit0_yuuki,2
alphonseharry,rage_against_the_atm,1
alroh11,few_translator1755,1
alternative-ad9951,thehollowprincess,1
alternative_goat300,dew4you,1
althoughenjoyment,dontbesorrybeashamed,1
altoid27,no-start-6254,1
altoid_lover,naphrym,1
altruistic_dress_832,raweon_,1
alvintruther123,iisaishaii,1
amalgaint,consistent_phase822,1
amalgammamama,soldierofthesun,1
amateur-cannibal,superluigi231,1
ambitious-cat-5678,vk4502b,1
amine11_bss,tsunamilover,1
amirotzar,few_translator1755,1
amongthesussyamongus,consistent_phase822,2
amusementodyssey,kohana55,1
anarbiterofthehead,juni128981,1
anaveragehumanperson,boombanbam,1
ancrete,luca52_,1
ancrete,mdgt_pope,1
and_i_know_it,brilliant_bee4116,1
andreuus_,mrgunslingerman,1
andrew62000,doodletrees,1
andromedagalaxy29,flashjamer,1
angelellipsis,shbaek,1
animalepton,ace_oniii,1
animalepton,jair_r,1
animalepton,low_writing3599,1
animalepton,masterofpikmin,1
animalepton,moonhold3r,2
animalepton,sqw1rex,1
animalepton,straight-emu-3675,1
anime_kirby,ozzysmall123,1
anmgi,newbeeperson,1
anonymousiguana_,martibarimaff,1
antgodd1,ok_luck5842,1
antique-anybody-1600,martibarimaff,1
antisocialnetwork77,rubixkubezz,1
anxious-sir4869,masterpeem,1
any-jello3381,rubixkubezz,1
any_koala_5328,redtyro,1
anythingbackground89,flashjamer,1
apexpredator3752,lightningmcquinn5,1
apostleofcats,golarion,1
apprehensive_menu_54,mk_dagger,1
aqajusthefirst,elgunthee,2
arbitrageme,masterpeem,1
arcadeler,el-zengy-el-mo3geza,1
arcadeler,notveryai,1
arcadeler,whenpigfly666,1
arcan_unknown,wanderingstatistics,1
arcana10fortune,zestyclose_league413,1
arcana10fortune,zeto12,1
arcanaofapocrypha,finallancer,1
arcanaofapocrypha,free_pangolin_3750,1
arceus03,no-start-6254,1
aredditoronhisown,masterpeem,1
areyouheretokillmeee,herakiinos,1
argentiumlake,ozzysmall123,1
aridross,gregoryflame,1
armin-lakatos,dragonwrath404,1
arrowsh0t,dragons4laifu,1
arthaerus,gensolink,1
artistic_corner6461,zima2k,2
artistno6625,adriolear,2
artistrei,grunktrey,1
asamiichii,rubixkubezz,1
ascendedviking7,el-zengy-el-mo3geza,1
ascetic465,masterpeem,1
ashelylil,kuva194,1
asleep-essay4386,bro0183,1
asleep-essay4386,maus_enjoyer1945,4
asleep-essay4386,no_midnight_6278,1
asleep_life_3310,calad_bolg,1
assistflaky3472,attackhamster42,1
astra_mainn,belle_fleures,1
astridpalumbo,iamheretoarrestyou,1
astridpalumbo,incine_akechi,1
asukurra,flashjamer,1
atazaxia,i_walk_the_backrooms,1
athingweveallupvoted,rubixkubezz,1
atlas985,bkvbreddit,1
atomictem,masterpeem,1
atsilv_uwasv,swaggy-g,1
attackhamster42,islenski,1
automatic-plankton10,helicophell,1
automoderator,a_random_poster04,1
automoderator,alertscience1625,1
automoderator,bushidopirate,1
automoderator,capital-exercise9197,1
automoderator,cianbazaes,1
automoderator,cordak_blaster,1
automoderator,duspi,1
automoderator,far_asparagus817,1
automoderator,homemaranha-,1
automoderator,hoplep,1
automoderator,jamiesaber,1
automoderator,krios104,1
automoderator,laserfrog5000,1
automoderator,multiplayer_yt,1
automoderator,narcissistichedonism,1
automoderator,nnexios,1
automoderator,ok_weather2441,1
automoderator,originalassumption93,1
automoderator,popular-ad-6421,1
automoderator,rodnozza12,1
automoderator,salty_juggernaut309,1
automoderator,shurane,1
automoderator,sirkthulhu,1
automoderator,slarckhammer,1
automoderator,staplez67,1
automoderator,truchasgl,1
automoderator,visible-complaint473,1
automoderator,willow_historical,1
avadakedabr,avalonian09,1
avalonian09,golnor,1
avalonian09,leocookiexd,1
avalonian09,needlehater,1
average_sk_player,jgiblett,1
average_sk_player,thedarkestnips,1
aveugleman,ehwthn,1
aveugleman,planet_xplorer,2
away-adeptness-6633,martibarimaff,1
awesomegamer919,---thefiercedeity---,1
awesomegamer919,electroshockgamer,1
awesomegamer919,talann,1
awesomepanda9379,masterpeem,1
awokentitans,rubixkubezz,1
axcartboi,catvan333,1
axceolotl,loun_raccoon,1
axndl,s_blueyes42,1
azur23,consistent_phase822,1
azureflames20,helicophell,1
b0bthepenguin,ill-individual2105,1
b3sut,frankiethed,1
background-brick7374,thissuxxors,1
background-sea4590,no-start-6254,1
background_ad5513,additionalbug4084,1
background_cat_341,chanceashgisme,1
backyardpianist,alertscience1625,1
bakedsouls,catsiannyandor,1
bakedsouls,empty-contest-559,1
bakedsouls,hollow_knick,1
bakedsouls,semicolon2112,1
bakedsouls,solugad,1
bakedsouls,some_other__time___,1
bakedsouls,substantial_balls,3
bakedsouls,the_holy_buno,1
baldbrayden,bt--72_74,1
baldbrayden,tonierbean576,1
banana_bot_11,masterpeem,1
banana_hammocke,mikesneer,1
bananabrother77,penz_12,2
barabariisback,raweon_,1
barkeaterdimir,dontbesorrybeashamed,1
barkeaterdimir,iamheretoarrestyou,2
baron777,davek142,1
baron777,xdakiop,1
barry_wilkinson,asamiichii,1
barry_wilkinson,g_hunter,1
baru_urab_gure,empspange,1
basta85,chanceashgisme,1
batatheus,organizedbonfire,1
baxtermega,mammoth-store740,1
bayakoo,dunno_about_this,1
bayakoo,nopileosx2,1
bazzajh,maelkann,1
bbib666,peodm_,1
bbkkoommaacchhii,prettylittlenoob,1
bc650736,night_rooster85,1
bc650736,ozzysmall123,1
beamtrigger,donat_dace,1
beamtrigger,eastern_practice_668,1
beamtrigger,newbeeperson,1
beastmode7953,iguanacatgirl,1
beautiful-vacation39,dunno_about_this,1
beefycheesyglory,goinglimpinthebrain,1
beerchimy,exestos,1
beginningcomb8992,competitive_two_2541,1
beginningcomb8992,radiance-reddit,1
belle_fleures,matt111199,3
beneficial_ball9893,dontbesorrybeashamed,1
benicg,power_limiter500,1
benj_n,purple-grape-8457,1
bepislord69,nalagma,1
bepislord69,tms-meister,1
bersekker,dontbesorrybeashamed,1
best-ad3658,adventurous-pool5861,1
bestcazin,ehwthn,1
bestcazin,helicophell,1
bibbloboppity,martibarimaff,1
big_egg444,consistent_phase822,1
big_egg444,dudleydraws,3
big_egg444,planet_xplorer,1
big_sea_39,mmohon,1
bigapplebreeze,mysteryman9274,1
bigapplebreeze,organizedbonfire,1
bigbossguyman,meianmari,1
bigbossofhellhimself,alertscience1625,1
biggishbread,flashjamer,1
bilalthepro,masterpeem,1
billiammaillib321,beautiful_law_4857,1
billiammaillib321,shadyman_,1
bilnkblonk,el-zengy-el-mo3geza,1
bilski1ski,---thefiercedeity---,1
bimmyschmendrix,zviyeri,1
bingoviini,mk_dagger,1
bingoviini,nugget12384,1
bingusmccready,call_me_koala,1
bingusmccready,m4cksfx,1
biotechnix,chickuuuwasme,1
bircka,isogash,1
birdok2203,few_transition_1771,1
birzal,masterpeem,1
bizarrestarz,avalonian09,1
blackfog,rubixkubezz,1
blackholecole,cankledankl,1
blastedt,netheri,1
blauli,late-philosophy-203,1
blaze32-,beautiful_law_4857,1
blobbro,eliot064,1
bloodvayne,rubixkubezz,1
blue_bird950,fishthatdreamsofsalt,1
blue_bird950,idrinkwaterymilk,1
bobcatlower9933,thissuxxors,1
bobr_from_hell,shadyman_,1
bobthetim,organizedbonfire,1
bogz_dev,ordinary_witness3225,1
boindill,late-philosophy-203,1
boisterile,any-jello3381,1
boisterile,joeltheconner,1
boisterile,kira_kua,1
bojarzin,noktu707,1
boltgamr,kabukiaxolot,1
boobeamtrap,quailaggravating8028,2
boombanbam,smeeizme,1
bootychomper23,rubixkubezz,1
borderkepaar,practical-ebb7327,1
borderkepaar,random6474849,2
bordowa,secure-inevitable-58,1
bordowa,sparsespartan,4
boringuwuzumaki,psubraty,1
born-eye-9053,gummybeargamer87,1
born-eye-9053,mulberrydeep,1
born_housing2165,bakedsouls,1
branyk2,late-philosophy-203,1
brauliog1,chickuuuwasme,1
breakerofmodpacks,few_translator1755,1
breaksknees,el-zengy-el-mo3geza,1
brettosai,wrong-fig-5696,1
brickwallbill,chaoticlight2,1
brilliant-credit-168,el-zengy-el-mo3geza,1
brilliant_ad_6072,avalonian09,1
brilliant_bee4116,muttonchopmac,1
brilliant_bee4116,thelimontree92,1
brilliant_bus360,moist-border2227,1
brillissim0,few_translator1755,1
bro0183,asleep-essay4386,1
bro0183,generalpublicwc,1
bro0183,helicophell,1
bro0183,masterpeem,1
bro0183,maus_enjoyer1945,1
bro0183,shiny_xnaut,1
bro0183,vounrtsch,1
broad_collection1314,el-zengy-el-mo3geza,1
broadkast,several_chocolate576,1
brokenbanette,leocookiexd,1
brooksmcredstone,el-zengy-el-mo3geza,1
bruhhh_bama,rubixkubezz,1
bt--72_74,baldbrayden,1
budgiegryphon,jimmylovescheese123,1
budweener,nitrochaji240,1
bugdebugger77,s1lks0ng1,1
bumblebeeno2870,funboyherethere_,1
bunbunzeroone,few_translator1755,1
bunion_unions,good-diver5047,1
buriedlaina,historicalkey6666,1
burrito357,ozzysmall123,1
bushidopirate,wild-atmosphere2134,1
buttsecks42069,additionalbug4084,1
byeguyssry,martibarimaff,1
c00lfrog,no-start-6254,1
c4mbo,ultimatetoa,1
cainnicorel,adventurous-pool5861,1
calad_bolg,kernel-enchilada,1
calaxi,benj_n,1
call_me_koala,docmisterio,1
call_me_koala,jorgemtzb,1
call_me_koala,raakone2,1
canahedo,lightningmcquinn5,1
candy_warlock,isogash,1
cankledankl,jstar338,2
cankledankl,privatizitaet,1
canofbeans909,tsunamilover,1
canofdarkfruit27,tarponpet,1
canofdarkfruit27,voidlord4450,2
canofdarkfruit27,xokoknight2,1
capital-exercise9197,no-start-6254,1
capitanonox,ozzysmall123,1
captainbloodstone,few_translator1755,1
carbine234,rubixkubezz,1
carbon1923,dio_adorno,1
caregiver-winter,raweon_,1
cartonfl3sh,ozzysmall123,1
cassydd,adriolear,1
castieljt,kernel-enchilada,1
castlecroquet,few_translator1755,1
casual_casually,rubixkubezz,1
casual_pikachu-,rubixkubezz,1
casuallycompetes,krios104,1
catatafeesh1,few_translator1755,1
catcellnailstar,docmisterio,1
caterpillarpure1960,rubixkubezz,1
catsiannyandor,bakedsouls,1
catskinson,gouletf,1
catskinson,sekhriat,1
catullus314159,bakedsouls,1
catvan333,axcartboi,1
catvan333,mailcs1206,1
catvan333,mountain_day_2178,1
cclinex,the_real_mantis-lord,1
ccsick,rubixkubezz,1
cedarsageandsilicone,shiny_xnaut,1
celerysuper2958,late-philosophy-203,1
celerysuper2958,shabba182,1
celestial-squid,arcanaofapocrypha,1
celestial-squid,finallancer,1
cephmind,zestyclose_league413,1
certain_oddities,hbreckel,1
chaemyerelis,salt-task-7961,1
chamomileriver,thissuxxors,1
champion_chrome,seawardweb77858,2
championshiplast3208,mdgt_pope,1
chanceashgisme,background_cat_341,1
chanceashgisme,basta85,1
chanceashgisme,key_light_391,1
chanceupon_147,sandwichcute,2
changeittowhat,additional_chip_4158,1
changeittowhat,torturedneurons,1
chaos9001,tsunamilover,1
chaos_forge,semicolon2112,2
chaosdigger656,harperhunii,1
chaotic214,rubixkubezz,1
chaoticlight2,no-start-6254,1
chaoticlight2,notthatevilsalad,1
charisma-entertainer,avalonian09,1
charlesormr_pickle,martibarimaff,2
chasingvertigo,lightningmcquinn5,1
cheap-tennis4196,rubixkubezz,1
chello-fish,gregoryflame,1
chemicalcomposure,adventurous-pool5861,1
chemicaltale9021,maximumstrategy5929,1
cherrybluessom,zestyclose_league413,1
chickuuuwasme,diodon,1
chickuuuwasme,ohbyerly,1
chickuuuwasme,rubixkubezz,1
chickuuuwasme,winterkills45,1
chiefhunter1,rubixkubezz,1
chiefy1234,rubixkubezz,1
chillytides42,iisaishaii,1
chimney-head,solairxi,1
chingshih,ozzysmall123,1
chingshih,worldeater10,1
chkmcnugge6,koanuzu,1
chris_0x184b,eastern_practice_668,1
chris_0x184b,groundbreakingbag164,1
chris_cupid,iamheretoarrestyou,1
chrisjd,righteouswraith,1
chron_soss,rekculkcats,1
chubbowhale,korrigan_goblin,1
chumfamine,kernel-enchilada,1
circumcisedcats,holyknightprime,1
circumcisedcats,ipuppygameri,2
civilerkobold,dynmads,1
ck1ing,few_transition_1771,1
ck1ing,ghostb5,1
ck1ing,noktu707,1
classic_yam_1613,helicophell,1
classiccarson,iamheretoarrestyou,1
cleaner900playz,masterpeem,1
clementinetech,dueexit3162,1
clingledomber,mk_dagger,1
clive_bobbins,historicalkey6666,4
clkiscool,righteouswraith,1
cloistered_around,sandwichcute,2
cloud_motion,free_pangolin_3750,2
cloud_motion,quibbloboy,1
clover_deltarune,direct_customer_757,1
cmdr_bobeh,gakillthem,1
cmwcaelen2,complex-fault-1917,1
cobolt-8,hey_uhh_what,1
cocoatrice,maxxorale,1
cocoatrice,rubixkubezz,1
cocotim,martibarimaff,1
cocotim,needlehater,1
cold-raise9912,no-start-6254,1
comfortable_coyote70,chickuuuwasme,1
comfortable_oven8341,rubixkubezz,1
comfortablejob8581,rubixkubezz,1
comical_username25,leather-revolution35,1
commander_appo25,ozzysmall123,1
common-complaint2315,suitable_pomelo6918,1
communicationok3766,hornypicklegrinder,1
communicationok3766,mechanictypical9725,1
competitive-employ65,notveryai,1
competitive_storm442,notveryai,1
competitive_two_2541,radiance-reddit,1
complete_raspberry_1,flashjamer,1
complex-fault-1917,not-one-of-yall,1
complex-fault-1917,ok-celebration9123,1
complex-resolve6422,single_reading4103,1
confusedlunacy,theman2y0u,1
confusedlunacy,zimbot_,1
conget,academic_song5404,1
conget,alexxx567,1
connectionforward,masterpeem,1
connorlego42069,kernel-enchilada,1
conscious_ad_7131,docmisterio,1
conscious_self_4465,noxmiasma,1
consequencehuman4626,adventurous-pool5861,1
considerationfew8399,rubixkubezz,1
consistent_phase822,-gawdlee,1
consistent_phase822,abod_sniper,1
consistent_phase822,alertscience1625,1
consistent_phase822,alex4744818w,1
consistent_phase822,amalgaint,1
consistent_phase822,amongthesussyamongus,1
consistent_phase822,benemeno,1
consistent_phase822,big_egg444,1
consistent_phase822,bigearsbaloroth,1
consistent_phase822,bkvbreddit,1
consistent_phase822,canofbeans909,1
consistent_phase822,dagomarb,1
consistent_phase822,deadly-dave,1
consistent_phase822,dueexit3162,1
consistent_phase822,efficient-material41,1
consistent_phase822,fabiuzz69,1
consistent_phase822,few_translator1755,1
consistent_phase822,fortyfive_00,1
consistent_phase822,foxy_draws_,1
consistent_phase822,futurecautious8923,1
consistent_phase822,gilvic11,1
consistent_phase822,grenaexist,1
consistent_phase822,gummybeargamer87,1
consistent_phase822,historicalkey6666,1
consistent_phase822,hollow_kilo,1
consistent_phase822,idrinkwaterymilk,1
consistent_phase822,imanatid,1
consistent_phase822,islenski,1
consistent_phase822,jimmerseiber89,1
consistent_phase822,juan123rw,1
consistent_phase822,kamikazy64,1
consistent_phase822,kojuke,1
consistent_phase822,korobooshi,1
consistent_phase822,kuntrehpandah,1
consistent_phase822,lauu____raa,1
consistent_phase822,martibarimaff,1
consistent_phase822,meianmari,1
consistent_phase822,moist-border2227,1
consistent_phase822,montoya_aiden,1
consistent_phase822,moonhold3r,1
consistent_phase822,nipe7,1
consistent_phase822,no_midnight_6278,1
consistent_phase822,no_shoulder_6928,1
consistent_phase822,nosrebna,1
consistent_phase822,ohmygod34,1
consistent_phase822,omalleythealleycat1,1
consistent_phase822,otherconstruction742,1
consistent_phase822,ower25,1
consistent_phase822,owlsings,1
consistent_phase822,ozzysmall123,1
consistent_phase822,phdmom09,1
consistent_phase822,rubixkubezz,1
consistent_phase822,sagethegod1,1
consistent_phase822,sanio_99,1
consistent_phase822,scarl8,1
consistent_phase822,seamexpression,1
consistent_phase822,signal-ad-1393,1
consistent_phase822,single_reading4103,1
consistent_phase822,skur11,1
consistent_phase822,spadesuit,1
consistent_phase822,squrrll,1
consistent_phase822,stinky__person,1
consistent_phase822,sufficientad2242,1
consistent_phase822,the-best_pyro,1
consistent_phase822,the_raven_born,1
consistent_phase822,the_recital,1
consistent_phase822,thedemr,1
consistent_phase822,themysticone97,1
consistent_phase822,tough_ad_7685,1
consistent_phase822,various_ad3080,2
consistent_phase822,witty-refrigerator84,1
consistent_phase822,yellow_phosphor,1
consistent_phase822,z3r0th0ughtz,1
constructionwarm8933,donat_dace,1
consumer_of_lem0ns,rubixkubezz,1
contributionitchy850,rubixkubezz,1
cooki75,goldenreddituser,1
cooki75,snoopets5219,1
cooki75,titaniumgoldalloyman,1
cooler_coooool_boi,rubixkubezz,1
coopsawesome,godnoob666,1
cordak_blaster,avalonian09,1
cordak_blaster,no_shoulder_6928,1
cordak_blaster,training_assistant27,1
corporalquacker,mk_dagger,1
coseromevo,thedemr,1
cosmicentity4,czs-genesis,1
costomojin,rubixkubezz,1
cr1ms4ne,flashjamer,1
crayfish_audio,rubixkubezz,1
craytona,exciting-wave-3204,2
crazyburitto,rubixkubezz,1
crazyfanficfan,gregoryflame,1
crazymantislady,rubixkubezz,1
creative-finger5965,martibarimaff,1
creepermaster79,a_nice_egg,1
creepermaster79,proza-x,1
creepyclay,latter_dark,1
critter_97,just_sprinkles_461,1
critter_97,lermisv4,1
croaker715,rubixkubezz,1
crooked_cricket,dontbesorrybeashamed,1
crownlexicon,juggett,1
crstaltrip,opalescentshrooms,1
crtykwod,usual-vermicelli-867,1
crump-__-,sara_snowshoe,1
crusaderiii,noxmiasma,1
cryon1cks,masterpeem,1
cryptidcandies,scriftyy,1
cse_chad,doodle_donkey,1
cse_chad,eravar1,1
csharpminor_fanclub,harperhunii,1
csharpminor_fanclub,sweaty-assumption184,1
cspedden,ts826848,4
cultural-unit4502,donat_dace,2
cultural-unit4502,islenski,1
cultural-unit4502,robodex001,1
cultural_fig_6342,no-start-6254,1
cute-percentage-6660,talann,1
cwbrowning3,cocoatrice,1
cyaegha114514,scriftyy,1
cybersorcerer1,itscolornotcolour,2
cyclopse_zhivago,rubixkubezz,1
cydude5,ozzysmall123,1
cyrus106,luke-hw,1
czs-genesis,harperhunii,2
czs-genesis,raweon_,1
d-alonsosariego,beastmode7953,1
d1gininja,darkiceflame,1
dablord69420,el-zengy-el-mo3geza,1
dabturell,voxel_blue_bird,1
damagemaximo,groundbreakingbag164,1
damagemaximo,masterpeem,2
damian1674,alvintruther123,1
damian1674,notveryai,1
dan_rivojr,electricalpizza7027,1
dandroid126,rubixkubezz,1
dangerous-cobbler-11,---thefiercedeity---,2
dangerous-cobbler-11,ultimatetoa,1
danhelton,rubixkubezz,1
danielheiger,no-start-6254,1
danny_dankvito,a-random-writer,1
danny_dankvito,hey_uhh_what,1
danny_dankvito,manjorno316,1
dansalinas,rubixkubezz,1
daracaex,dontbesorrybeashamed,1
dargonfeet,martibarimaff,1
darkcomet222,masterpeem,1
darkecstatic8863,few_transition_1771,1
darkecstatic8863,martibarimaff,1
darkiceflame,flamescales29,1
darkiceflame,jinastator,1
darkin_shadecloak,haribo7258,1
darkken2,advanced-figure2072,1
darkken2,kernel-enchilada,1
darmakius,el-zengy-el-mo3geza,1
darn_nincompoop,plagit,1
darth_snickers,f-d-l,1
daspaintrain,tiamatruneaid,1
dassmorthem26,rubixkubezz,1
dastebon,el-zengy-el-mo3geza,2
dastebon,gross_grasss,1
datwarlocktho,moist-border2227,1
davek142,baron777,1
david_clawmark,rubixkubezz,1
davidmadeitx,tiemdujardin,1
daydream_machine,el-zengy-el-mo3geza,1
dbrody6,odd-cartographer6264,1
dccr,sirkthulhu,1
dead-end-slime,dr0pmic,1
deadly-dave,icy_office_1785,1
decayedwolf1987,rubixkubezz,1
decenttechnician2225,doctorlower1978,1
decenttechnician2225,verylargestarfish,1
dedeclick07,wild-atmosphere2134,2
deebyddeebys,masterpeem,1
deep_resident2986,opalescentshrooms,1
deepneighborhood5,machinetraining9598,1
deezkazuhanuts,martibarimaff,1
deezkazuhanuts,masterpeem,1
defiant_heretic,dunno_about_this,1
defiant_heretic,lordmemorys,1
defiant_heretic,ramdog,1
degeneratus_02,dry-cartographer-312,1
degeneratus_02,moconnors,1
deirdrecitrine,avalonian09,1
delayedchoice,no-start-6254,2
delicious-ad2195,far_asparagus817,1
delightmine,scriftyy,1
delune108,masterpeem,1
demonicknight84,righteouswraith,1
depressive_player,rubixkubezz,1
desagono,martibarimaff,1
designer-yak8250,sharp-somewhere4730,1
desperate-bad-1912,night_rooster85,1
devilx-nailsea,mk_dagger,1
devlord1o1,late-philosophy-203,1
devramabyss,the_evil_jake,1
devreckas,cankledankl,1
dewanshu404,ozzysmall123,1
dhunhd,spamton_g_spamton87,1
diabloacosta,juggett,1
diabolicalcountbleck,arcadeler,1
diagonal_kris,wooperfrompokemon194,1
dick_man_69,rubixkubezz,1
difficult_price8011,joe_says_no,1
difficult_price8011,randomcaveofmonsters,1
digmother318,vividcourage1844,1
dillysdirtcircus,opalescentshrooms,1
dimitriskas,rit0_yuuki,1
dingushanglebort,few_translator1755,1
dinmammapizza,rubixkubezz,1
dinokickflip,mhs2fann,1
dinokickflip,mk_dagger,1
dinopraso,aawful_aardvark,1
dinopraso,doombonerdude69,1
dinopraso,hmmmmwillthiswork,1
dinopraso,posivius,1
dinopraso,wild-chef-522,1
dio_adorno,alex4744818w,1
diodon,healther_19,1
dipropyltryptamanic,rit0_yuuki,1
direct_customer_757,moist-border2227,1
dirtman34,squrrll,1
disastrous-end-1290,dccr,1
discordiuum,rubixkubezz,1
dismal-pie7437,mountain_day_2178,1
dismal-pie7437,no-start-6254,1
disregardable,catskinson,1
disregardable,mhs2fann,1
disregardable,newredspyder,1
distinct-office-609,additionalbug4084,1
divinity566,andrew62000,1
dmknght,nayr_knl,1
docmisterio,catcellnailstar,1
docmisterio,startbackground5769,1
docmisterio,yylow30,1
docsauce13,flashjamer,1
doge6654533,silkingthesong1337,8
donat_dace,beamtrigger,1
donat_dace,goolguy21,1
donat_dace,sqwirlfucker57,1
donat_dace,strugglehistorical62,1
dondodonpompadon,donat_dace,1
dontbesorrybeashamed,bersekker,1
dontbesorrybeashamed,sirsupercaide,1
doodle_donkey,dunno_about_this,1
doodlemonkey,fabiuzz69,1
doodletrees,andrew62000,1
doombonerdude69,dinopraso,1
doombonerdude69,scattershotsoothsay,1
doombonerdude69,ultimatetoa,1
doomlord01,rubixkubezz,1
doschy,martibarimaff,1
double-fox586,empty-contest-559,2
doubtersinshambles,tsunamilover,1
doughnutsignificant9,generalpublicwc,2
dqvdqv,abadassunicorn,1
dr0pmic,organizedbonfire,1
dr_enacramore,cyaegha114514,1
dr_latency345,duckymuk123,1
dr_latency345,no_somewhere_2610,1
drabbitzgo,alertscience1625,2
draconic_legends,eleganos,1
drago_uchiha,rubixkubezz,1
dragon6x_games,admiral_wingslow,1
dragon6x_games,nerdwrapper,1
dragons4laifu,rickyrich5,1
drahkir9,moist-border2227,1
drakonia127,waytothedawn63,1
drallyphd,thedarkestnips,1
dreamcoregames,rubixkubezz,1
dreamfinderepcot16,rubixkubezz,1
dreamfinderepcot16,scriftyy,1
dreamingoracle,masterpeem,1
dreyeon,mediocre_bedroom8701,1
dry-cartographer-312,degeneratus_02,1
dry-patient-2781,mk_dagger,1
dry-resist-2594,dueexit3162,1
dshadow456,organizedbonfire,1
dsjaha,ill-individual2105,1
duckymuk123,phoenixmatrix,1
dudleydraws,big_egg444,5
due_painting238,doodlemonkey,1
dull_understanding_6,felinart,1
dulledegde,practical-ebb7327,1
dumb_siniy,joungsteryoey,1
dumb_siniy,kirosh2,1
dumb_siniy,martibarimaff,1
dumpylump69,flashjamer,1
dumpylump69,martibarimaff,1
dunkanbulk,rubixkubezz,1
dynmads,adventurous-pool5861,1
dynmads,civilerkobold,1
dynmads,hey_uhh_what,1
dynmads,ill-individual2105,1
dynmads,late-philosophy-203,8
dynmads,shiny_xnaut,1
dynmads,womblue,1
eagleno2222,islenski,1
earthboundskyfree,hoboforeternity,1
earthly-echo,szundercover1,1
eastern_practice_668,kelarflame,1
eatmydick99,rubixkubezz,1
eazy_soulz,rubixkubezz,1
echon07,violentdiplomat,1
ecstatic-sun-7528,ace_oniii,1
educational-one-4576,silverfire12,1
educational-sun5839,birdok2203,1
educational-sun5839,wrong-inspector5777,1
educational_camel124,grunktrey,1
educational_tart_659,few_translator1755,1
edweard,rubixkubezz,1
effective_scholar_90,spod6666,1
efficient-classic943,few_translator1755,1
efficient-custard-72,bigbossofhellhimself,1
efficient-material41,consistent_phase822,1
efficient-speed-1059,notveryai,1
efficient_ad_8480,flashjamer,1
efficient_ant_7279,kernel-enchilada,1
ehwthn,bestcazin,1
ehwthn,sanslicker42,1
eightfoldabyss,righteouswraith,2
eightfoldabyss,the-purple-chicken72,1
einherjarx,dontbesorrybeashamed,1
einherjarx,labyrinthine777,2
einsink,bobthetim,1
eisenblume,rubixkubezz,1
eivaan,kohana55,1
ejjisa707,few_transition_1771,1
ejjisa707,newbeeperson,1
ekmanch,s1lks0ng1,1
eksposivo23,practical-ebb7327,1
el-zengy-el-mo3geza,acceptable-inside306,2
el-zengy-el-mo3geza,ascendedviking7,1
el-zengy-el-mo3geza,dastebon,2
el-zengy-el-mo3geza,gensolink,1
el-zengy-el-mo3geza,iaminfamy,2
el-zengy-el-mo3geza,nuryadiy,1
el-zengy-el-mo3geza,richinaru,2
el_mr64,koanuzu,1
el_sanafiry,ozzysmall123,1
elcuervo32,galactus1701,1
elcuervo32,underachievingentity,1
elderbug_the_mighty,rubixkubezz,1
electric-molasses,rage_against_the_atm,2
electricalpizza7027,few_transition_1771,1
electricalpizza7027,ozzysmall123,1
electronic_job0,yeetmore0,1
electroshockgamer,awesomegamer919,1
eleganos,beastmode7953,1
eleganos,dinokickflip,1
elgunthee,aqajusthefirst,2
eliot064,plane-spite2604,1
elisabetsobeck,adventurous-pool5861,1
elisabetsobeck,few_translator1755,1
elkbowy,rubixkubezz,1
elkkitchen9062,tarponpet,1
elpelopolla,el-zengy-el-mo3geza,1
eltioenroca,jimkbeesley,3
eltioenroca,ordinary_witness3225,1
embarrassed-bowl-230,rubixkubezz,1
embarrassed_rough311,moist-border2227,1
emmafrostie,mountain_day_2178,1
emmaj95,historicalkey6666,1
emotional_you_5269,moist-border2227,2
emotional_you_5269,snoolentils6995,1
empspange,weird_effort2764,1
empty-contest-559,achintya_t2010,1
empty-contest-559,anitoon,1
empty-contest-559,bakedsouls,1
empty-contest-559,double-fox586,1
empty-contest-559,krios104,2
empty-contest-559,recent_log3779,3
empty-contest-559,themysticone97,1
en--__--passant,night_rooster85,1
en--__--passant,wooperfrompokemon194,1
ender401,kbx7001,1
ender401,scriftyy,1
ender401,straight-emu-3675,1
engineeringbrave5564,eto_oooo,1
enragedjuror,martibarimaff,1
enryu-x,maxxorale,1
entertainmentfast522,single_reading4103,1
entertainmenttrick58,the_punnier_guy,1
ephemerallia,sqwirlfucker57,1
equivalent-wooden,mk_dagger,1
equivalent_bank_5845,few_translator1755,1
eravar1,cse_chad,1
eravar1,mdgt_pope,1
erik_nimblehands,finallancer,2
erik_nimblehands,punkhooligan,1
erik_nimblehands,thevoidwatches,1
erl-x,laplaceuniverse,1
erl-x,turbulent-grab-8352,1
eronamanthiuser,hoboforeternity,1
ertai_87,brilliant_bee4116,1
establishmentsad7567,lmisterioxol,1
ester1sk,martibarimaff,1
ester1sk,wrong-fig-5696,1
esther_fpqc,voxel_blue_bird,1
estrangedkayote,kuntrehpandah,1
estrangedkayote,therobbu,1
eternal_being,ok_luck5842,1
ethereal-shroom,martibarimaff,1
euphoric-fill-5295,dueexit3162,1
evil_jambino,rubixkubezz,1
eviloverlord1989,masterpeem,1
evilsj,not_pukicho,1
exciting-wave-3204,acererak09,1
exciting-wave-3204,craytona,1
exciting-wave-3204,harmonic_gear,1
exciting-wave-3204,jmscstl,2
exciting-wave-3204,justsumfur,2
exciting-wave-3204,lovressia,1
exciting-wave-3204,old_cardiologist7060,1
exciting-wave-3204,theangerball,1
exciting_car1863,islenski,1
excitinghistory,flashjamer,1
exeledus,kind-explanation8988,1
exeledus,mr_massacre9000,1
exeledus,scriftyy,1
expandingfladgelie,randomcaveofmonsters,1
expensive_outcome259,relysti,1
expert-hold-8073,generalpublicwc,1
expressfan7426,rubixkubezz,1
extensionawkward546,few_transition_1771,1
eyecsharp,nosecurity7265,1
ez_ildor,ozzysmall123,1
f-d-l,electricalpizza7027,1
f14min6l377uc3,desperate-bad-1912,1
fabiuzz69,turbulent-advisor627,1
fabulous-spot-8040,ozzysmall123,1
fabulous_owl_1791,no-start-6254,1
facetimepolice,martibarimaff,1
factually_accurate_1,scaredbun-official,1
fade2black244,martibarimaff,1
fade_nb,double_sonic,1
failbender,no-start-6254,1
fair_ad7252,docmisterio,1
fair_ad7252,nukesnipe,2
fakedavinci,dumpylump69,1
falconpunch1989,mejis,1
falconpunch1989,thedarkestnips,1
fallinghoglin,ozzysmall123,1
false-temporary-5592,flashjamer,1
falzum,docmisterio,1
fancy_chips,few_transition_1771,1
fancy_chips,jstar338,1
fancy_giraffe_7897,albatros_7,1
fandal0,drakonia127,1
fantasma_s_m,farmiddleprogressive,1
fantastic-bear-5615,sillysanyle,1
fantastic-newspaper3,viinavasara,1
far-guidance7724,guygrimnus,1
far_asparagus817,delicious-ad2195,1
far_asparagus817,ze_awesome_hobo,1
far_young_2666,meganbiggs,2
farad4y,fireflyswarm,1
farad4y,flashjamer,1
farmiddleprogressive,ace_oniii,1
fast-question9376,dueexit3162,1
faultyvoodoo,rubixkubezz,1
fazz100,rubixkubezz,1
fdy_12,sephjnr,1
fearless-ad4744,gliesedragon,1
fearless-ad4744,the_gifted_atheist,1
fearless_ad4454,dagomarb,1
federalwarthog5542,rgpisgood,1
feederpiet,zealousideal_side987,1
femboy_enjoyer_,halfman-halfmoth,2
femmesme,breadroot,1
fevergrow,shlog,1
few_transition_1771,thexenomof,1
ffxivfanboi,snookdogg,1
fiddlefriend,deadly-dave,1
figpuckers,islenski,1
final_ad2869,rubixkubezz,1
finallancer,anarbiterofthehead,1
finallancer,erik_nimblehands,1
finallancer,juni128981,1
finallancer,seijiina,1
fine-investigator699,alex4744818w,1
finitoylargo,breadroot,1
fireball_q2,rubixkubezz,1
fireflyswarm,farad4y,1
fireresistant,newbeeperson,1
firewolf_ufficiale,practical-ebb7327,1
firewood010,el-zengy-el-mo3geza,1
fishthatdreamsofsalt,dragon6x_games,1
fishthatdreamsofsalt,el-zengy-el-mo3geza,1
fit_significance_372,donat_dace,1
fizzys_solution,dontbesorrybeashamed,1
flacoferrando,tostitokingofdragons,6
flagelant_one,adventurous-pool5861,1
flame_dragon725,adventurous-pool5861,1
flamescales29,dumpylump69,1
flamescales29,flashjamer,2
flashjamer,complete_raspberry_1,1
flashjamer,false-temporary-5592,1
flashjamer,flamescales29,1
flashjamer,handsomegengar,1
flashjamer,lord_zarcnas_21,1
flashjamer,night25th,1
flashjamer,yeetusbonkus,1
flingsmashswit2,mk_dagger,1
flipyousucket,no-start-6254,1
flourishingblots,juggett,1
fluffymuffineater,rubixkubezz,1
fluxchar,rubixkubezz,1
fly_guy25,nyan-binary-uwu,1
flying-houdini,maxxorale,1
flyingfish222,flashjamer,1
foolofagamgee,maidenless_eldenlord,1
foolofagamgee,zyrosushi,1
foreveryoung1108,rekculkcats,1
forhardminer,rubixkubezz,1
forikorder,mk_dagger,1
forrest_hunt,ill-individual2105,1
forrest_hunt,the_fancy_tophat,1
fortune_silver,sephjnr,1
four_foxes,fabiuzz69,1
foxstens,dueexit3162,1
foxxof9,iamheretoarrestyou,1
foxy_draws_,consistent_phase822,1
frankiethed,not-kunt-tulgar,1
franklesby,flashjamer,1
franklesby,iwanttolink,1
franklynotthatsmart,consistent_phase822,1
fraytrain999,efficient-classic943,1
frazzleflib,lucasrg111,1
frazzleflib,masterpeem,1
free_pangolin_3750,celestial-squid,1
free_pangolin_3750,cloud_motion,1
frelin87,flashjamer,1
frenzied_anarchist,ozzysmall123,1
freundmaximus,thissuxxors,1
friendlysympathy3478,just4browse,1
friendlysympathy3478,small-wafer1729,2
fringeytclluvu,few_translator1755,1
froggiesmokinweed,el-zengy-el-mo3geza,1
frontindividual4188,flashjamer,1
frostieesnow,supersocialman,1
frosty_sweet_6678,adventurous-pool5861,1
frostythesnowpickle,no-start-6254,1
fudgedhobnobs,adventurous-pool5861,1
fudgedhobnobs,isogash,1
funboyherethere_,jtsg12,1
funboyherethere_,notgarcher,1
funkymonk04,theoriginalmachtkoma,1
fuocomega_7,secretyguy,1
fuocomega_7,training_assistant27,1
furthestpoint,aidankingofcats,1
future_living8007,double_sonic,1
future_living8007,flashjamer,1
futurecautious8923,consistent_phase822,1
fvinii,martibarimaff,1
fvucy,lughrevenge23,1
fyru_hawk,no-start-6254,1
g00fyg33k,ozzysmall123,1
g_hunter,rubixkubezz,1
gagamer06,noxmiasma,1
gakillthem,cmdr_bobeh,1
galactus1701,rubixkubezz,1
galaxy1876,noah_the_helldiver,1
galmenz,el-zengy-el-mo3geza,1
gameknight22007,kirosh2,1
gamer_48_666,nosrebna,2
gamermanzendrelax,islenski,1
gamern8,wushumaninjapan,1
gammellamm,dunno_about_this,1
garbage-at-life,supersocialman,1
gardinerexpressway,mart1n192,1
garmygarms,masterpeem,1
garper,makenaize,2
gaymerguy47,rubixkubezz,1
gaymerguy47,tpasmall,1
gearworks,green-ad5244,2
gen0s667,mk_dagger,1
generalpublicwc,_rizzukuhimdoriya_,2
generalpublicwc,bro0183,1
generalpublicwc,doughnutsignificant9,1
generalpublicwc,medical_efficiency20,2
generalpublicwc,mulberrydeep,1
generalpublicwc,sand-sky-stars,2
generalpublicwc,traditional-citron21,1
generalpublicwc,ukindom,1
genericvessel,therealbobhale,1
generoustrillionaire,tostitokingofdragons,3
gensolink,el-zengy-el-mo3geza,1
geometronics,anmgi,1
geometronics,dontbesorrybeashamed,1
germi5060,nice_violinist7547,1
gfrohman,ace_oniii,1
gfrohman,meganbiggs,1
ghostb5,boindill,1
ghostb5,late-philosophy-203,1
ghostb5,shadyman_,1
gibmoneyforme,ok_chair4701,1
girlsdeadmonzter,opalescentshrooms,1
girlsonsoysauce,organizedbonfire,1
girose,kankunation,1
girose,shadyman_,1
gliesedragon,fearless-ad4744,1
glitchplayz7172,dontbesorrybeashamed,1
glittering-whatever,rubixkubezz,1
glitteringbandicoot2,newbeeperson,1
glitteringbandicoot2,smobey,1
global-photograph716,worried4lot,1
glueejoyer,el-zengy-el-mo3geza,1
godnoob666,gregoryflame,1
godspace__,rekculkcats,1
goinglimpinthebrain,martibarimaff,1
golarion,civilerkobold,1
golarion,kurokuma11,1
goldenreddituser,cooki75,1
golnor,avalonian09,1
golnor,odd-cartographer6264,1
golnor,ok_seat5436,1
golnor,unkown3383,1
golnor,wtfquesstumveux,1
gomugomunooooooo,top_cup_8396,1
good-diver5047,rubixkubezz,1
goodtofufriday,harperhunii,1
goodusernamefor,plastic_dingo_400,1
goolguy21,donat_dace,1
gorbfan19,ozzysmall123,1
gorillakilla40,mk_dagger,1
gorudu,muttonchopmac,2
gouletf,catskinson,1
goutheincubus,el-zengy-el-mo3geza,1
gr7me,talann,1
grainnss,martibarimaff,1
graveslayer726,adventurous-pool5861,1
gravitysuitsamus,rubixkubezz,1
grayoneverything,rubixkubezz,1
green-ad5244,gearworks,1
green-ad5244,iotah,2
gregoryflame,el-zengy-el-mo3geza,1
gregoryflame,leocookiexd,1
grey00001,sleepyfellow03,1
grime_fandango_,martibarimaff,1
grimgrincorpseborn,thesmartdog_275,1
grimthemad,duckymuk123,1
grimwalker-0016,adventurous-pool5861,1
gripping_touch,masterpeem,1
gross_grasss,dastebon,1
gross_grasss,few_translator1755,1
groundbreakingbag164,chris_0x184b,1
groundbreakingbag164,eastern_practice_668,1
groundbreakingbag164,hollow_knightpro,1
groundbreakingbag164,masterpeem,1
groundbreakingbag164,serious_ad_1037,1
grunktrey,mdgt_pope,2
gsoddy,lightningmcquinn5,1
gswindasz23,rubixkubezz,1
gu4rdi4ns,el-zengy-el-mo3geza,1
guix25,historicalkey6666,1
gummybeargamer87,helenituss,1
gummybeargamer87,qwerty1418,1
gumpers08,big_egg444,1
gumpers08,flashjamer,1
gumpers08,thissuxxors,1
gundam197,rubixkubezz,1
gustav01v,quillbolt_h,1
guygrimnus,far-guidance7724,1
guygrimnus,ze_awesome_hobo,1
guywithglasses487,harperhunii,2
hageanfq,rubixkubezz,1
hahayouthoughtwrong,jeritoburrito,2
halfman-halfmoth,dunno_about_this,1
halfman-halfmoth,femboy_enjoyer_,2
hallowed-plague,empspange,1
hammond_yt,el-zengy-el-mo3geza,1
hammpter,few_translator1755,1
handsomegengar,flashjamer,2
handsomegengar,franklesby,1
handsomegengar,gregoryflame,1
handsomegengar,mk_dagger,1
handsomegengar,night25th,2
hanleas,dokudoki,1
happy_monke,wtfquesstumveux,2
happy_puppy32,arrowsh0t,1
happy_puppy32,realnyxoy,1
haptiqblack,luke-hw,1
hariainm,random_bread106,1
haribo7258,riftcode,1
haribo7258,yatterer,1
harmonic_gear,exciting-wave-3204,1
harmonic_gear,moguki_,1
harperhunii,adshot6385,1
harperhunii,czs-genesis,1
harperhunii,raweon_,1
hausmeistermito-o,redditpaslan,1
havok7447,lightningmcquinn5,1
hayn0002,lez0fire,1
hbreckel,adventurous-pool5861,1
hcx_winchester,moist-border2227,1
healther_19,el-zengy-el-mo3geza,1
hearthstxned,jorlmn,1
heartofthepeople,-eggmab,1
hedgehogenyojer,rubixkubezz,1
hedgewizardly,milanm4,1
heftysliceofdough,night_rooster85,1
heightimpressive691,muntaacas,1
helenituss,gummybeargamer87,1
helicophell,alex_8259,2
helicophell,bestcazin,1
helicophell,degeneratus_02,1
helicophell,masterpeem,1
helicophell,pale_entrepreneur_12,1
helicophell,randomcaveofmonsters,1
helicophell,rio_walker,1
helicophell,the_real_mantis-lord,1
helicophell,theslayerofsnails,1
helicophell,tieordinary1735,1
helloimmatree,z3r0th0ughtz,1
helpfulechidna6551,octoforcez,1
henkotron,le-yn,1
herakiinos,merrygifmas,1
herakiinos,moist-border2227,1
herakiinos,paxtian,2
hermesme,itscolornotcolour,1
hermesme,randomredditacc25,1
herr-trigger86,lone-frequency,1
hertzmanfried,cordak_blaster,1
hesstrucksback,themysticone97,1
hexadecimales,bugdebugger77,1
hey_uhh_what,communicationok3766,1
hey_uhh_what,dynmads,1
heyharryjohn,kohana55,1
hiltypointly,justarando5,1
historical-donut1536,lordmemorys,1
historical-donut1536,thebensta,1
historical_volume806,single_reading4103,1
historical_volume806,toastygascy,1
historicalkey6666,clive_bobbins,3
historicalkey6666,emmaj95,1
hitoshinji,rubixkubezz,1
hl00s,el-zengy-el-mo3geza,1
hmmmmwillthiswork,ok-bluejay-4218,1
hmmmmwillthiswork,rubixkubezz,1
hmmmmwillthiswork,scriftyy,1
hmz459,kohana55,1
hobfannr42,rubixkubezz,1
hoboforeternity,not_pukicho,1
hoboforeternity,passtheboofplz,1
holiday_laugh_8476,adriolear,1
hollow_kilo,consistent_phase822,1
hollow_knick,bakedsouls,1
hollow_knightpro,flashjamer,1
hollow_knightpro,groundbreakingbag164,1
hollow_knightpro,martibarimaff,1
hollow_knightpro,ozzysmall123,1
hollowcap456,ok_luck5842,1
hollowknight-modteam,bananabrother77,1
hollowknight-modteam,calm_vehicle_3902,1
hollowknight-modteam,cervicalprancer,1
hollowknight-modteam,dipropyltryptamanic,1
hollowknight-modteam,dunno_about_this,1
hollowknight-modteam,educational_pool4718,1
hollowknight-modteam,elraposo_,1
hollowknight-modteam,endereclipse01,1
hollowknight-modteam,ezriffs,1
hollowknight-modteam,iamheretoarrestyou,1
hollowknight-modteam,icy-caterpillar-2115,1
hollowknight-modteam,mrxaviertr,1
hollowknight-modteam,nicklovin96,1
hollowknight-modteam,quietrain,1
hollowknight-modteam,r_dois,1
hollowknight-modteam,rmonsuave,1
hollowknight-modteam,skur11,1
hollowknight-modteam,vt_west,1
holyduckturtle,flashjamer,1
holyknightprime,goldenreddituser,1
homicidal_duck,einsink,1
honeybeesorceress,ozzysmall123,1
hoodman1987,subnautic_radiowaves,1
hoplep,automoderator,1
hoplep,sufficientad2242,2
hornypicklegrinder,communicationok3766,2
hospitalfinal4209,tiamatruneaid,1
hot_soap,rubixkubezz,1
hudsonusesreddit,thommie02081,1
hugeali,akoofixtall,1
huinker,passtheboofplz,1
human_bean_4000,shlog,1
humble_fan_4631,ozzysmall123,1
hummusbaby67,mk_dagger,1
hunglikeanoose1,cmdr_bobeh,1
hungpongla,el-zengy-el-mo3geza,1
hungry_hero_o,kira_kua,1
hunty-bee,most-okay-novelist,1
hurricanex31,spoopyplankton,1
hylias_blade,donat_dace,1
hyperlethalrabbit,iisaishaii,1
hypodon,maxxorale,1
hypothetical-pebble,illustrious_grade608,1
hypotheticaltapeworm,repocin,1
hypotheticaltapeworm,zombifeynman,1
i-am-the-swarm,flashjamer,1
i_ama_borat,rubixkubezz,1
i_love_solar_flare,flashjamer,1
i_walk_the_backrooms,iisaishaii,1
iamananonymouscoward,random_bread106,1
iamdino0,jimkbeesley,1
iameclipse,workingcautious1270,1
iamheretoarrestyou,barkeaterdimir,1
iamheretoarrestyou,luke-hw,3
iamheretoarrestyou,ok-intention-4828,1
iaminfamy,el-zengy-el-mo3geza,3
iamnotcreative18,flashjamer,1
icef34r,several_chocolate576,1
icy-effective-5140,islenski,1
icy-fisherman-5234,nikita859,1
icy-organization-901,martibarimaff,1
icy-theme-6325,el-zengy-el-mo3geza,1
icy_assistance2150,dagomarb,1
icy_office_1785,deadly-dave,1
icy_percentag,jijonbreaker,1
icycompetition7477,alfa_centauri03,1
icycompetition7477,dontbesorrybeashamed,1
icyrow,gaymerguy47,1
idainaru_yokubo,ill-individual2105,1
idemahedo,randomcaveofmonsters,1
idemahedo,swaggy-g,1
idkwhy1madeaccount,grunktrey,1
idrawanthroad,martibarimaff,1
idrinkwaterymilk,blue_bird950,1
idrinkwaterymilk,jalepino_joe,1
idrinkwaterymilk,littletimmytom,1
idrinkwaterymilk,puppy_pikachu_lover1,1
idrinkwaterymilk,thepython11010,1
idshadow,complex-fault-1917,1
ienjoyfancyhats,mekelaxo,1
iguanacatgirl,helicophell,1
iisaishaii,aloqqq,1
iisaishaii,ill-individual2105,1
iisaishaii,jblitz200,1
ikarienator,el-zengy-el-mo3geza,1
ikeeel,lop333,1
ikill_eu,foreveryoung1108,1
ikineba,freundmaximus,1
ill-individual2105,iisaishaii,1
ill-individual2105,mdgt_pope,1
illbelate2that,nostalg1cmusician,1
illbelate2that,zombifeynman,1
illiteratejedi,rubixkubezz,1
illustrious-pair8826,flashjamer,1
illustrious-pair8826,mk_dagger,1
illustrious_grade608,funboyherethere_,1
illustrious_grade686,rubixkubezz,1
illvy,adventurous-pool5861,1
im_hero7,night25th,1
imaginary-week-5223,magecap0,2
imanatid,consistent_phase822,1
imhole,t-tsukiknight,1
imightbeahamster,killcode2,1
imnotskankhunt42,rubixkubezz,1
imnotskankhunt42,thedarkestnips,1
implodepumpkin,ienjoyfancyhats,1
important-task-5999,good-diver5047,1
important-task-5999,neko_3ric,1
important-task-5999,radiantdrone,1
important-task-5999,the_real_mantislords,1
impossible-scene5084,ozzysmall123,1
impossible_ad6595,zima2k,1
imwhateverimis,masterpeem,1
incine_akechi,astridpalumbo,1
incine_akechi,iamheretoarrestyou,1
incine_akechi,organizedbonfire,1
individual_bug7651,flashjamer,1
indostastica,vanekcsi,1
inevitable-muffin-77,ozzysmall123,1
inevitablecold9872,bigbossguyman,1
inevitablecold9872,meianmari,3
inevitablecold9872,wigglytuffalpha,1
infamous-ad7926,bc650736,1
ingolika,cspedden,1
ingramcb,vlaadii_,1
innuendo_81,mmohon,1
insanity_pills,cspedden,1
instructionguilty434,newbeeperson,1
intangiblematter,flashjamer,1
intelligent_hall_366,kernel-enchilada,1
interesting-note-722,noxmiasma,1
interesting_bar_8850,bayakoo,1
internalexcitement78,maxxorale,1
internationallie9409,harperhunii,1
inuk9,martibarimaff,1
invalidgas,martibarimaff,1
ionianbladedancer,devreckas,1
iotah,green-ad5244,2
ipanicknife,adventurous-pool5861,1
ipuppygameri,circumcisedcats,2
ipuppygameri,titaniumgoldalloyman,1
iron_onion,talann,1
isaac_from_tboi,rubixkubezz,1
ishthewall,iamheretoarrestyou,1
ishthewall,no-start-6254,1
islenski,exciting_car1863,1
islenski,rollingkaiserroll,1
isogash,hbreckel,1
isogash,late-philosophy-203,1
itmecrumbum,masterpeem,2
its_kylo,rubixkubezz,1
itsalwayssegsfault,admiral_wingslow,1
itsalwayssegsfault,ill-individual2105,1
itsalwayssegsfault,mk_dagger,2
itsalwayssegsfault,saddairyproduct,1
itscolornotcolour,aethyrium,1
itscolornotcolour,chumfamine,1
itscolornotcolour,dinopraso,1
itscolornotcolour,hermesme,1
itscolornotcolour,posivius,1
itscolornotcolour,uniquebutterflylady,1
itscolornotcolour,vk4502b,1
itsizumi,palibaner,1
itsjustdutchnow,dueexit3162,1
itub2000,thedarkestnips,1
itwinktherefore1am,rubixkubezz,1
itx_jammmn,rubixkubezz,1
ivorycrus,dunno_about_this,1
ivorydecaf,ozzysmall123,1
iwantausername4,shlog,1
iwantpuncake,hey_uhh_what,1
iwanttolink,franklesby,1
iwaseatingchicken,martibarimaff,1
iwilldevouryourtoes,few_transition_1771,1
izan_tm,shade788,2
izan_tm,sleepyfellow03,1
j0kerclash,masterpeem,1
jabroniisan,smokeysabo,1
jacek3k,rubixkubezz,1
jack-ass-4757,few_translator1755,1
jadedspacepirate,dontbesorrybeashamed,1
jahikoi,no-start-6254,2
jahikoi,opalescentshrooms,1
jaibamon,thissuxxors,1
jair_r,_pinelapples,1
jair_r,animalepton,1
jair_r,shot_psychology_2728,1
jair_r,suicidalboy4444,1
jak5-sly_15,local_shooty,1
jakovyerpenicz,tiny-refrigerator-98,1
jalepino_joe,idrinkwaterymilk,1
jalepino_joe,machinetraining9598,1
jammy2560,martibarimaff,1
jamothebest,xxnelsonsxx,1
jamstiffer,alertscience1625,1
janawham_blamiston,rubixkubezz,1
janettheman_,siks0ng,1
jared989898,tiemdujardin,1
jarjarpapi,empty-contest-559,1
jaume2000,islenski,1
jaykwellingfunk,docmisterio,1
jbcronic,rubixkubezz,1
jbctech7,mk_dagger,1
jblitz200,iisaishaii,1
jblitz200,mountain_day_2178,1
jblitz200,ozzysmall123,1
jbyrdab,empspange,1
jbyrdab,itsalwayssegsfault,1
jeggu2,swordfishaltruistic4,1
jem_holograms,martibarimaff,1
jeritoburrito,cryon1cks,1
jeritoburrito,hahayouthoughtwrong,1
jetbaxter,exciting-wave-3204,1
jgiblett,thedarkestnips,1
jgiblett,zombifeynman,1
jhaand,adamg3691,1
jijonbreaker,cyaegha114514,1
jijonbreaker,ender401,1
jijonbreaker,lez0fire,1
jijonbreaker,opalescentshrooms,1
jimkbeesley,deadly-dave,1
jimkbeesley,eltioenroca,3
jimkbeesley,leocookiexd,1
jimkbeesley,shade788,4
jimmerseiber89,consistent_phase822,1
jimmylovescheese123,i_walk_the_backrooms,1
jimneverdiesathome,kankunation,1
jimneverdiesathome,mediocre_bedroom8701,1
jimneverdiesathome,mk_dagger,3
jimneverdiesathome,new_temporary2958,1
jimneverdiesathome,not-kunt-tulgar,1
jimneverdiesathome,thebensta,1
jinastator,flashjamer,1
jintheblue,kuntrehpandah,1
jivehawk,iamheretoarrestyou,1
jmscstl,exciting-wave-3204,3
jmstheking,zephyr_______,1
joan_of_spark,rubixkubezz,1
joe_says_no,ace_oniii,1
joe_says_no,iisaishaii,1
joeltheconner,rubixkubezz,1
joeydiazchin,harperhunii,1
joeysantander,revoran,1
joeythearm,ozzysmall123,1
jokerfaces2,mk_dagger,1
jonathangm__,no-start-6254,1
jondev1,villadsor,1
jorgemtzb,eleganos,1
jorlmn,ok-bluejay-4218,1
jormungandr470,rubixkubezz,1
joshieeemayyne,randomcaveofmonsters,1
joshy1227,dead-end-slime,1
josseppy64825,night_rooster85,1
joungsteryoey,ester1sk,1
joyce672,advanced-figure2072,1
jstar338,cankledankl,1
jstar338,least-thought8070,1
jstar338,scarface2010,1
jstar338,thissuxxors,1
jtsg12,funboyherethere_,1
jtsg12,necessary-wave-6076,1
juan123rw,thommie02081,1
juanetepete12,rubixkubezz,1
jubmille2000,rubixkubezz,1
judgearcadia,rubixkubezz,1
juggett,kernel-enchilada,1
juni128981,dokudoki,1
juni128981,finallancer,1
juni128981,mountain_day_2178,1
junior-buy-1875,flashjamer,1
junkham,dunno_about_this,1
junkham,pontiff_sullyy,1
just-bair,kernel-enchilada,1
just4browse,friendlysympathy3478,1
just4browse,masterpeem,1
just_ben2,kawhi21,1
just_sprinkles_461,critter_97,1
just_tangerine_5822,dontbesorrybeashamed,1
just_think_more,ronathan64,1
justarando5,hiltypointly,1
justicedrago,rubixkubezz,1
justjellenl,supersocialman,1
justos,cocoatrice,1
justsomebo2,rubixkubezz,1
justsumfur,docmisterio,1
justsumfur,exciting-wave-3204,2
jwwendell,adventurous-pool5861,1
jxckolantern,organizedbonfire,1
kabukiaxolot,ill-individual2105,1
kabukiaxolot,latdingo,1
kalb98,deezkazuhanuts,1
kalb98,masterpeem,1
kalnaur,opalescentshrooms,1
kamikazy64,consistent_phase822,1
kamken,el-zengy-el-mo3geza,1
kankunation,lone-frequency,1
kaskills,docmisterio,1
kaskills,technical_car3729,1
katra182,megamate9000,1
katsurap_yo,rubixkubezz,1
kawhi21,iamheretoarrestyou,1
kawhi21,kip_hackman_,1
kaydeejay1995,backyardpianist,1
kaysh99,rubixkubezz,1
kbx7001,ender401,1
kelarflame,eastern_practice_668,3
kenicolo,8din,1
kenjinuro,moonhold3r,1
kenway22,rubixkubezz,1
kenziethecuddler,kirosh2,1
kenziethecuddler,mdgt_pope,1
kernel-enchilada,rubixkubezz,1
kesimux,rekculkcats,1
ketela92,rubixkubezz,1
kevindomino,moonhold3r,1
kevinthedot,superspongerobert,1
kexxel,abadassunicorn,1
key_conference9989,rubixkubezz,1
key_light_391,background_cat_341,1
key_light_391,chanceashgisme,1
khoinguyenhoan7,dontbesorrybeashamed,1
kiblerandbits714,islenski,1
kidiacr,arcanaofapocrypha,1
kidiacr,ownneighborhood113,1
kidiacr,wtfquesstumveux,1
kihot12,s1lks0ng1,4
kill_the_worms,single_reading4103,1
killcode2,creative-finger5965,1
killcode2,joungsteryoey,1
kind-explanation8988,exeledus,2
king_joffreys_tits,martibarimaff,1
kingchris195,czs-genesis,1
kingchris195,tempt66,1
kingcool138,tcollins1876,2
kingptd,practical-ebb7327,1
kingsmorely,yarasin,1
kinoftheabyss,turbulent-advisor627,1
kip_hackman_,kawhi21,1
kira_kua,boisterile,1
kira_kua,hungry_hero_o,1
kira_kua,republiccute8573,1
kira_kua,rubixkubezz,1
kirbyatemasterchief,rubixkubezz,1
kirosh2,dumb_siniy,1
kirosh2,fishthatdreamsofsalt,1
kitchen-rope1546,canofbeans909,1
kitchen_mycologist87,dontbesorrybeashamed,1
kittentarentino,opalescentshrooms,1
kittentarentino,terminaljammer,1
kiwikubb,dagomarb,1
kiwikubb,nosecurity7265,2
kiy_hole,tieordinary1735,1
kjplayer,scarl8,1
kkadzy,sleepyfellow03,1
klepto__1258,rubixkubezz,1
kneef,winterkills45,1
knickersinaknit,avalonian09,1
koanuzu,power0fthetribe,1
koanuzu,worried4lot,1
kodak_v,duckymuk123,1
kodama274,dontbesorrybeashamed,1
kohana55,amusementodyssey,1
kohana55,sirhc9er,1
kohana55,thebagelsteindk,1
kojuke,consistent_phase822,1
komanyan_yt,islenski,1
kooky-ad-9293,mk_dagger,1
korobooshi,weedle616,1
korrigan_goblin,joeysantander,1
kostavichevinsten,rubixkubezz,1
krakatoa137,moist-border2227,1
krios104,empty-contest-559,1
krishthecrusher2010,advanced-figure2072,2
kristinkhaos,pitiful_caterpillar8,1
kronosgames,u_n_d_e_r_s_c_o_rr,1
krrgyup,noxmiasma,1
krumpins4winnuhs,truchasgl,1
ksawerxx,dueexit3162,1
ksawerxx,ok-bluejay-4218,1
ktten,vordeo,1
kuntrehpandah,jintheblue,1
kuntrehpandah,magical_churl,1
kurokuma11,adventurous-pool5861,1
kurwasaki12,ghostb5,1
kuva194,smeeizme,1
l3athx,ownneighborhood113,1
l4kesk4walker_f4nboy,rubixkubezz,1
labyrinthine777,einherjarx,2
lagomorphicalbrog,icycompetition7477,1
larrazabalr,alertscience1625,1
latdingo,kabukiaxolot,1
latdingo,mdgt_pope,2
late-philosophy-203,adventurous-pool5861,1
late-philosophy-203,dynmads,7
late-philosophy-203,ghostb5,1
latter-diet1127,rubixkubezz,1
latter_dark,gregoryflame,1
latter_dark,kuva194,1
lawleewer,no-start-6254,1
laxen99,kernel-enchilada,1
leading-apricot-8915,natsuki_lover_447,1
least-thought8070,few_transition_1771,1
leather-revolution35,moist-border2227,1
lee-bungalow,juggett,1
lee-bungalow,rubixkubezz,1
legitimate_expert712,dontbesorrybeashamed,1
lentor,no-start-6254,1
leonartu,double_sonic,1
lermisv4,critter_97,1
let-me-have-a-naame,few_translator1755,1
leterren,tiemdujardin,1
letouriste1,rubixkubezz,1
level_number_7343,ace_oniii,1
levoweal,far_asparagus817,1
levoweal,masterpeem,1
lez0fire,jijonbreaker,1
lgut5l,ysvirusss,1
lifelongmc,deep_resident2986,1
ligerdrag20,plastic_dingo_400,1
lightbuster31,david_clawmark,1
lightningmcquinn5,treestheyareus,1
lilelton,rubixkubezz,1
lilstoneey,opalescentshrooms,1
lisavip,ozzysmall123,1
lisavip,the_real_mantis-lord,1
lithiumbrigadebait,organizedbonfire,1
littlemrdoom,masterpeem,1
littletimmytom,blue_bird950,1
lkgv,no-start-6254,1
llkyonll,noxmiasma,1
lmisterioxol,radiance-reddit,1
local-refrigerator49,no-start-6254,1
local_shooty,elpelopolla,1
localjens,rubixkubezz,1
logalevaard,harperhunii,1
lologugus,strangerunited2421,1
lone-frequency,creative-finger5965,1
lone-frequency,eleganos,1
lone-frequency,few_translator1755,1
lone-frequency,kankunation,1
lone-frequency,martibarimaff,1
lone-frequency,training_assistant27,1
lone-frequency,v0ct0r,1
long_werewolf_2856,iamheretoarrestyou,1
lop333,moist-border2227,1
lord-heir,ablankstory,1
lord_norjam,ill-individual2105,1
lord_phoenix_ultama,martibarimaff,1
lord_zarcnas_21,flashjamer,1
lorddoom01,iisaishaii,1
lordmemorys,dunno_about_this,1
lordombro,el-zengy-el-mo3geza,1
lordstickvonscribble,alertscience1625,1
lordthomasblackwood,idemahedo,1
lostpretzels,ohthatsnotgood,1
lostpretzels,organizedbonfire,1
lotsoboss,martibarimaff,1
loun_raccoon,esther_fpqc,1
lovressia,exciting-wave-3204,1
low-contribution1929,yuuishida,1
low-possession-8414,martibarimaff,1
lower_cockroach2432,single_reading4103,1
lowman246,relevant_potato3516,1
luca52_,ancrete,1
lucasrg111,frazzleflib,2
lucky_duck789,thinkerofthings2,1
lucpoch_10,the2ndunchosenone,1
ludvikskp,mk_dagger,1
lughrevenge23,nebulavortexhm,1
lughrevenge23,the_actual_seer,1
luihgi,dumpylump69,1
luke-hw,iamheretoarrestyou,1
lulleximarissol,kernel-enchilada,1
luvatris,baron777,1
lycanthropy_06,rubixkubezz,1
lychee225,martibarimaff,1
lzharu,imaginary-week-5223,1
lzharu,ok_luck5842,1
m1dj37,martibarimaff,1
m4cksfx,albatros_7,1
m4cksfx,ojiji_bored,1
m4cksfx,psh454,1
m8bear,affectionate-foot802,1
machinetraining9598,islenski,1
macievelli,swordfishaltruistic4,1
macklin67,finallancer,1
mad_for_sum_reason,flashjamer,1
mad_for_sum_reason,softorganization3209,2
maddhattpatt,masterpeem,1
maelkann,olddansbiggestshoppr,1
magecap0,finallancer,1
magecap0,imaginary-week-5223,1
magical_churl,kuntrehpandah,1
magicmarshmallo,few_translator1755,1
magicxdash,rubixkubezz,1
magnuskraken,mk_dagger,1
maidenless_eldenlord,csharpminor_fanclub,1
maidenless_eldenlord,foolofagamgee,1
maidenless_eldenlord,joeydiazchin,1
mailcs1206,catvan333,2
mailcs1206,dontbesorrybeashamed,1
mailcs1206,silvershako,1
mainpeixefedido,el-zengy-el-mo3geza,1
majestic_fruit6786,mk_dagger,2
makeiks,rubixkubezz,1
makenaize,garper,3
malna1r,martibarimaff,1
mammoth-store740,baxtermega,1
mammoth-store740,turbulent-advisor627,1
managertasty5588,sudden-building4491,1
manjorno316,awesomegamer919,1
mannzis,ok-bluejay-4218,1
many-assignment6216,---thefiercedeity---,2
many-assignment6216,martibarimaff,1
many-assignment6216,poked_salad,1
maplesyrup2070,rubixkubezz,1
marketingown3547,ravensxlaws,1
marmoolack,20pesos__,2
maronmario,the_real_mantis-lord,1
maronmario,tms-meister,1
marshilyy,titaniumkneecap,1
mart1n192,parking-check5389,1
martibarimaff,acrobatic-reality-32,1
martibarimaff,bibbloboppity,1
martibarimaff,charlesormr_pickle,1
martibarimaff,darkecstatic8863,1
martibarimaff,dumb_siniy,1
martibarimaff,idrawanthroad,1
martibarimaff,jem_holograms,1
martibarimaff,m1dj37,1
martibarimaff,mitzulik,1
martibarimaff,tcollins1876,1
masbin420m,no_shoulder_6928,1
mashedpotato____,iamheretoarrestyou,1
maskofice42,sleyvin,1
masterfullyfoolish,ill-individual2105,1
masterhearts-xiii,rubixkubezz,1
masterofpikmin,animalepton,1
masteroogwayy2,adventurous-pool5861,1
masterpeem,affectionate-foot802,1
masterpeem,damagemaximo,1
masterpeem,dreamingoracle,1
masterpeem,groundbreakingbag164,1
masterpeem,itmecrumbum,1
masterpeem,littlemrdoom,1
masterpeem,maddhattpatt,1
masterpeem,newbeeperson,1
masterpeem,optimal-fruit5937,1
masterpeem,redactedblocked,1
masterpeem,sabyte,1
masterpeem,swaggy-g,1
masterpeem,viinavasara,1
masterpeem,wild-chef-522,1
mastervidsgamin,relysti,1
material_gwori,dueexit3162,1
mathematicianodd9347,additionalbug4084,1
mathematicianodd9347,adventurous-pool5861,1
mathewrios12,kernel-enchilada,1
mathfair1487,rubixkubezz,1
mathiparcero1539,rubixkubezz,1
mathnerd271828,maxxorale,1
matt111199,belle_fleures,2
matt111199,rubixkubezz,1
mattybro1,rubixkubezz,1
mattybro1,uncletacitus1,1
maus_enjoyer1945,asleep-essay4386,4
maus_enjoyer1945,mammoth-store740,1
maus_enjoyer1945,night25th,1
maus_enjoyer1945,no_midnight_6278,1
maus_enjoyer1945,ozzysmall123,1
maxhaydenchiz,maxxorale,1
maximusjacksamuss,flashjamer,1
mcdonaldsandwaffles,towboat421,1
mcgladi8tor,nnexios,1
mcnutty145,adventurous-pool5861,1
mdgt_pope,ancrete,1
mdgt_pope,grunktrey,1
mdgt_pope,ill-individual2105,1
mdgt_pope,kenziethecuddler,1
mdgt_pope,latdingo,1
mdgt_pope,randomcaveofmonsters,1
mdizzle40,rubixkubezz,1
mdizzle40,sarcasticallyevil,2
me4tacytehepa,leather-revolution35,1
me4tacytehepa,nonba,1
me4tacytehepa,righteouswraith,1
me4tacytehepa,tr0ll-craft,1
meacvstodia,iamheretoarrestyou,1
meacvstodia,rubixkubezz,1
meathirboy,dontbesorrybeashamed,1
mechanictypical9725,phoenixmatrix,1
medical_efficiency20,generalpublicwc,3
medical_efficiency20,no_midnight_6278,1
medical_efficiency20,organizedbonfire,1
mediocre_bedroom8701,healther_19,1
meditativemindz,rubixkubezz,1
medium-elevator-9302,kernel-enchilada,1
medium_entry_2111,ozzysmall123,1
mega-humanoid-robot,el-zengy-el-mo3geza,1
megalo-maniac538,organizedbonfire,1
megamate9000,ender401,1
megamate9000,netheri,1
meganbiggs,far_young_2666,2
meganbiggs,yesnt33111,1
meianmari,consistent_phase822,1
meianmari,nicky17_,1
meianmari,rubix20033,1
meianmari,wigglytuffalpha,1
mejis,falconpunch1989,2
mekelaxo,ienjoyfancyhats,1
mekelaxo,ill-individual2105,1
mekelaxo,rmonsuave,2
mekelaxo,swordfishaltruistic4,1
mekelaxo,whenpigfly666,1
melephs_hat,late-philosophy-203,1
meliofeuh,dueexit3162,1
melissa_unibi,dontbesorrybeashamed,1
memerwhoiseverywhere,martibarimaff,1
mental_blueberry4563,training_assistant27,1
merrygifmas,herakiinos,1
metroidjunkie,mk_dagger,1
metroidjunkie,noxmiasma,1
metroidjunkie,thultimatewierd,1
mhs2fann,disregardable,1
michael02895,rekculkcats,1
mierimau,ronathan64,1
mightyjor,dontbesorrybeashamed,1
mikesneer,abadassunicorn,1
mikey_robertoapwp,shiny_xnaut,1
milanm4,hushhush21,1
mingu_heaven,anitoon,1
minidon69,no_shoulder_6928,1
minniepitou018,rubixkubezz,1
mintykanesh,czs-genesis,1
mirzanary,idemahedo,1
mishar5k,rekiwylls,2
mishar5k,themaskedman2,1
miss_review,martibarimaff,1
mistagiz,alex4744818w,1
misterrai,moist-border2227,1
mitzulik,martibarimaff,1
mjc6387,wushumaninjapan,1
mk_dagger,apprehensive_menu_54,1
mk_dagger,illustrious-pair8826,1
mk_dagger,itsalwayssegsfault,1
mk_dagger,jimneverdiesathome,2
mk_dagger,majestic_fruit6786,2
mk_dagger,relevant_potato3516,1
mk_dagger,shenxvi,1
mk_dagger,sydfxs,1
mk_dagger,tan11,1
mk_dagger,training_assistant27,1
mk_dagger,verylargestarfish,1
mlg_blazer,altoid27,1
mlgwolf69,ultimatetoa,1
mmohon,cocoatrice,1
moconnors,no-start-6254,1
moconnors,tommy200401,1
moist-border2227,emotional_you_5269,2
mokujin42,dontbesorrybeashamed,1
mongy_grail,plastic_dingo_400,1
monikar2014,dontbesorrybeashamed,1
monikar2014,tarponpet,1
monkylog,tarponpet,1
moonestlight,kadoot,1
moonhold3r,animalepton,2
moonlyuwu,breaksknees,1
mossbruegg_minis,kernel-enchilada,1
mossbruegg_minis,rubixkubezz,1
mossylungs,adventurous-pool5861,1
most-okay-novelist,hunty-bee,1
most-okay-novelist,snookdogg,2
moth_007,kirosh2,1
motheromelet,el-zengy-el-mo3geza,1
motleyroo,dontbesorrybeashamed,1
mountain-toilet,consistent_phase822,1
movie2_1,kirosh2,1
mozoto,martibarimaff,1
mpm0,rubixkubezz,1
mr1120,peejayx,1
mr_kerbibble,rubixkubezz,1
mr_massacre9000,exeledus,2
mr_massacre9000,scriftyy,1
mr_mister2004,el-zengy-el-mo3geza,1
mrbigmclargehuge,sqw1rex,1
mrepman81,rubixkubezz,1
mrfa123rod_real,rubixkubezz,1
mrfalcon530,raweon_,1
mrfulla93,kuntrehpandah,1
mrgreenyeti,pitiful_caterpillar8,1
mrgunslingerman,kenziethecuddler,1
mrgunslingerman,tieordinary1735,1
mrmistermrister,necessary-wave-6076,1
mrmonkeyman79,maxxorale,1
mrrandomguys,sertorius777,1
mrrandomguys,smileforworlds,1
mrsmuckers,el-zengy-el-mo3geza,1
mrsneakyfox,sigfried_d,1
mrstealth1993,straw28,1
muddy-man,martibarimaff,1
mulberrydeep,acererak09,1
mulberrydeep,advanced-figure2072,2
mulberrydeep,alertscience1625,1
mulberrydeep,born-eye-9053,1
mulberrydeep,generalpublicwc,1
mulberrydeep,no_midnight_6278,1
mulberrydeep,themysticone97,1
multi-tunes,siks0ng,1
munnz06,leocookiexd,1
muntaacas,ultimatetoa,1
murky-contact-6377,martibarimaff,1
murky-departure6122,physical-top-879,1
murky-departure6122,redtyro,1
museickman,zima2k,1
muttonchopmac,brilliant_bee4116,1
muttonchopmac,call_me_koala,1
muttonchopmac,gorudu,1
mvdeeks,moconnors,1
mw9676,rubixkubezz,1
my_cat_vids,moguki_,1
myhf,nerdwrapper,1
mymain123,mashedpotato____,1
mymindcrashed,acererak09,1
mynoodles_mostmoist,iamheretoarrestyou,1
mystdream,no-height8596,1
mysterioso7,ingolika,1
mysteryman9274,bigapplebreeze,1
mysteryman9274,dr0pmic,1
mythical_mew,jblitz200,1
n9s8mping,tostitokingofdragons,4
nahte123456,scriftyy,1
naive-ad-4173,alertscience1625,1
nalagma,masterpeem,1
nalagma,old_manufacturer589,1
nalagma,tcollins1876,1
naluver,mk_dagger,1
naphrym,altoid_lover,1
naphrym,dunno_about_this,1
napstablooky2,toast6_,1
narcissistichedonism,opalescentshrooms,1
narrow-read4589,practical-ebb7327,1
naspolop69,thehollowprincess,1
natakablue,single_reading4103,1
national-equal4971,dueexit3162,1
national-equal4971,realistic_ratio_8670,1
national_read_3465,moist-border2227,1
natsuki_lover_447,idrinkwaterymilk,1
natural_freedom5719,t-tsukiknight,1
naturemations_2025,el-zengy-el-mo3geza,1
navydragons,bakedsouls,1
navydragons,ck1ing,1
navydragons,flashjamer,1
navydragons,mk_dagger,1
nayr_knl,acererak09,1
nebulavortexhm,lughrevenge23,1
necessary-wave-6076,hypothetical-pebble,1
necessary-wave-6076,jtsg12,1
needlehater,avalonian09,2
needlehater,cocotim,1
needlehater,sillysanyle,1
needlehater,spadesuit,1
needlehater,the_gifted_atheist,3
needlehater,yeetorbeyeeted420,1
neeson52,rubixkubezz,1
neither-ad7512,no_tonight_4517,2
neko_3ric,ozzysmall123,1
neojoker951,rubixkubezz,1
neoslayer,dagomarb,1
neptune_knight,martibarimaff,1
neptwo,ok-bluejay-4218,1
nerdwrapper,herr-trigger86,1
nerdwrapper,myhf,1
nether892,nuryadiy,1
nether892,zimbot_,1
netheraptr,adventurous-pool5861,1
netheri,megamate9000,1
nevermore-guy,flashjamer,1
neverquiteenough,hey_uhh_what,1
neversettle13,martibarimaff,1
new-fan1290,brotherprester,1
new_general3939,lyphegames,1
new_temporary2958,el-zengy-el-mo3geza,1
new_user_wapis,rubixkubezz,1
newaccountkonakona,adventurous-pool5861,1
newaccountkonakona,isogash,1
newbeeperson,anmgi,1
newbeeperson,martibarimaff,1
newbeeperson,masterpeem,1
newbeeperson,risingdeadman0,1
newbeeperson,smobey,1
newgameplusminus,smeeizme,1
newredspyder,confusedlunacy,1
newredspyder,disregardable,1
newtpsychological222,martibarimaff,1
nhojj_whyte,erl-x,1
nickewe,jimkbeesley,1
nickidemic,few_translator1755,1
nickkom97,tiemdujardin,1
nicky17_,few_translator1755,1
nicky17_,meianmari,1
night25th,brilliant_bee4116,1
night25th,flashjamer,1
night25th,frontindividual4188,1
night25th,handsomegengar,3
night25th,im_hero7,1
night25th,maus_enjoyer1945,1
night25th,maximusjacksamuss,1
night25th,tepid_inferno,1
nightcatcher716,zukkr_frvr,1
nightracoonschlatt,flashjamer,1
nightracoonschlatt,the_real_mantis-lord,1
nikage0,kernel-enchilada,1
nikita859,mongy_grail,1
nippius,akoofixtall,1
nito4ka_bs,ozzysmall123,1
nitrochaji240,killcode2,1
nnexios,few_translator1755,2
nnexios,klt95x,1
nnnn0nnn13,no-start-6254,1
no-height8596,laplaceuniverse,1
no-joke5510,finallancer,1
no-price-1293,tiemdujardin,1
no-relationship4084,meganbiggs,1
no-start-6254,ahare115,1
no-start-6254,delayedchoice,1
no-start-6254,dontbesorrybeashamed,1
no-start-6254,el-zengy-el-mo3geza,1
no-start-6254,jahikoi,1
no-start-6254,pohatu_toa_of_stone,1
no-start-6254,quinc4623,1
no-test9822,harperhunii,1
no-worker2343,flashjamer,1
no_county3304,zombifeynman,1
no_department1851,villadsor,1
no_help3669,brettosai,1
no_improvement_6663,martibarimaff,1
no_income3191,ozzysmall123,1
no_investment_1374,rubixkubezz,1
no_marionberry_4420,fabiuzz69,1
no_midnight_6278,consistent_phase822,1
no_somewhere_2610,dr_latency345,1
no_tax4450,additionalbug4084,1
no_tonight_4517,neither-ad7512,2
no_tonight_4517,thesilvaghost,1
no_turnover_9934,montoya_aiden,1
noah_the_helldiver,moist-border2227,1
nocturnemoney70,m8bear,1
nodlbohsek,rubixkubezz,1
noelletheroyal,t-tsukiknight,1
noireresteem,no-start-6254,1
noktu707,bojarzin,1
noktu707,ck1ing,2
nomindtothink_,deadly-dave,1
nonacrina,salt-task-7961,1
nonba,me4tacytehepa,1
nondescript_redditor,agata_moon,1
nondescript_redditor,empgoggles,1
nondescript_redditor,iron_onion,1
nondescript_redditor,ok-procedure5603,1
nondescript_redditor,talann,2
nooneishere57,rubixkubezz,1
nopileosx2,cspedden,1
noriaki_kakyoin_owo,alex4744818w,1
norogw2,no-start-6254,1
north-research2574,dontbesorrybeashamed,1
north-research2574,dr_latency345,1
nosecurity7265,eyecsharp,1
nosecurity7265,kiwikubb,1
nosrebna,gamer_48_666,2
nostalg1cmusician,illbelate2that,1
not-famous_memeguy,nikage0,1
not-kunt-tulgar,eleganos,1
not-kunt-tulgar,mk_dagger,1
not-kunt-tulgar,mountain_day_2178,1
not-one-of-yall,maxxorale,1
not_a_marshmallow,t-tsukiknight,1
not_pukicho,hoboforeternity,1
not_pukicho,rubixkubezz,1
not_pukicho,theeggoeffect,1
not_toji7,raweon_,1
notanurag,ok_luck5842,1
notcolorado73,meianmari,1
notgarcher,farad4y,1
notgarcher,rubixkubezz,1
notgarcher,scaredbun-official,1
notsoseriouselwood,rubixkubezz,1
notthatevilsalad,dismal-pie7437,1
notthatevilsalad,no-start-6254,1
notveryai,el-zengy-el-mo3geza,1
notveryai,moist-border2227,1
novel-snow6108,el-zengy-el-mo3geza,1
novelconcert755,vylmyl,1
noxmiasma,conscious_self_4465,1
noxmiasma,crusaderiii,1
noxmiasma,demonicknight84,1
noxmiasma,double_sonic,1
noxmiasma,llkyonll,1
noxmiasma,outside-cobbler353,1
noxmiasma,startbackground5769,1
noxmiasma,thevoidwatches,1
noxmiasma,venomousfrog_554,1
nroolz2,few_translator1755,1
nukesnipe,docmisterio,1
nukesnipe,fair_ad7252,2
nukesnipe,neverquiteenough,1
nulliai,ester1sk,1
number1spideyfan,---thefiercedeity---,2
numpostrophe,el-zengy-el-mo3geza,1
numpostrophe,thebensta,1
nurahx,adventurous-pool5861,1
nuryadiy,dondodonpompadon,1
nuryadiy,el-zengy-el-mo3geza,2
nuryadiy,expensive_outcome259,1
nuryadiy,nether892,1
nuryadiy,peodm_,1
nuryadiy,redundead40,1
nuryadiy,straight-emu-3675,1
nuryadiy,villadsor,1
nyan-binary-uwu,fly_guy25,1
nyan-binary-uwu,just_tangerine_5822,1
nyrfan112,muntaacas,1
nyukorin,no-start-6254,1
oathkindle,lilstoneey,1
oben98,rubixkubezz,1
obfuscatedchaos,_virtualcosmos_,1
octavianpl4ys-ttv,fabiuzz69,1
octaviathesoundqueen,icycompetition7477,1
octaviona,kernel-enchilada,1
odd-barracuda4931,juni128981,1
odd_mood_6950,cocoatrice,1
odravad,the_evil_jake,5
ofmegan,few_translator1755,1
ograyquaza,ozzysmall123,1
ohbyerly,el-zengy-el-mo3geza,1
oholandesvoador,dunno_about_this,1
ohthatsnotgood,lostpretzels,2
ojiji_bored,eleganos,1
ok-celebration9123,complex-fault-1917,1
ok-intention-4828,cyrus106,1
ok-procedure5603,kankunation,1
ok-procedure5603,talann,1
ok-resolve-8783,rubixkubezz,1
ok_chair4701,sillysanyle,1
ok_doctor4812,s0ulbrother,1
ok_seat5436,golnor,1
ok_weather2441,catvan333,1
okbrilliant563,flashjamer,1
okbrilliant563,mekelaxo,1
okbrilliant563,the_real_mantis-lord,1
okthanxby,olddansbiggestshoppr,1
okthanxby,solairxi,1
okthanxby,thedarkestnips,1
oktwentyfive,kernel-enchilada,1
old-style-3650,rekculkcats,1
old_atmosphere_651,rubixkubezz,1
old_cardiologist7060,exciting-wave-3204,1
old_cardiologist7060,few_transition_1771,1
old_manufacturer589,nalagma,1
olddansbiggestshoppr,bilski1ski,1
olorin_1990,cocoatrice,1
olorin_1990,maxxorale,1
olorin_1990,newbeeperson,1
oluscao,dueexit3162,1
omalleythealleycat1,consistent_phase822,1
omega-toad-7017,groundbreakingbag164,1
omega_shadow_mage,beastmode7953,1
omega_xyz,docmisterio,1
onagda,mk_dagger,1
onanimasterdark,martibarimaff,1
one-clock-6016,rubixkubezz,1
one-suggestion-885,cryptidcandies,1
one-tourist2752,rubixkubezz,1
oneofthecoolestdudes,no-start-6254,1
opalescentshrooms,dillysdirtcircus,1
opalescentshrooms,narcissistichedonism,1
opalescentshrooms,tristenspec,1
opening-ad-3199,el-zengy-el-mo3geza,1
optimal-fruit5937,masterpeem,1
ordinary_witness3225,over_celebration6233,1
ordinary_witness3225,the_real_mantis-lord,1
organic-serve-6246,dueexit3162,1
original-topic-6702,el-zengy-el-mo3geza,1
original-topic-6702,idrinkwaterymilk,1
ornery_lecture1274,ozzysmall123,1
osoba_talentu,ace_oniii,2
osoba_talentu,dragonwrath404,1
osoba_talentu,fabiuzz69,1
osoba_talentu,weedle616,1
otakuloid01,joeltheconner,1
otakuloid01,zeto12,1
otherversian-elite,kkadzy,1
outrageouslog2550,complex-fault-1917,1
outside-cobbler353,noxmiasma,1
outside_ad1020,el-zengy-el-mo3geza,1
outuvcontrol,rubixkubezz,1
over-gap5767,rubixkubezz,1
over-implement5014,aggressive_side3031,1
over-implement5014,t-tsukiknight,1
over_celebration6233,ordinary_witness3225,1
overlordkopi_2037,leocookiexd,1
own-leadership-5893,chingshih,1
ownneighborhood113,kidiacr,1
ownneighborhood113,l3athx,2
oxey405,voxel_blue_bird,1
oxo-fe,bugdebugger77,1
oxo-fe,silam39,1
oxo-fe,sopaipancho,1
oxo-fe,tabak23,1
oxob3333,martibarimaff,1
oylesineyiyom,martibarimaff,1
pain_monster,thissuxxors,1
pale_entrepreneur_12,movie2_1,1
pale_initiative2844,rubixkubezz,1
palibaner,the_real_mantis-lord,1
pallouis,rubixkubezz,1
pandaofages,belle_fleures,1
papyrus_semi,masterpeem,1
paracosm-aster,martibarimaff,1
paradocoftheheap,alvintruther123,1
parantani,rubixkubezz,1
paras_nimi,sleepyfellow03,1
parkerlowes,ozzysmall123,1
parking-check5389,swaggy-g,1
parking-onion-3552,dontbesorrybeashamed,1
parking-stable-2970,double_sonic,1
parking_magazine8185,el-zengy-el-mo3geza,1
parmaaseann,alertscience1625,1
parry_9000,ozzysmall123,1
particular-back-8294,waytothedawn63,2
particular_dingo_659,mk_dagger,1
passtheboofplz,hoboforeternity,1
paxtian,herakiinos,1
peejayx,flashjamer,1
pejman123,practical-ebb7327,1
pencomfortable2150,yylow30,1
penn57,weedle616,1
penningthrowaway,meathirboy,1
penz_12,bananabrother77,3
penz_12,no-start-6254,1
perf3ctlyimp3rf3ct,ozzysmall123,1
perfect_bluebird_703,flashjamer,1
personalsycophant,rx1542,1
personxl-spxce,finallancer,1
petalpotions,ozzysmall123,1
petr_lan,shadyman_,1
phasephyre,iamheretoarrestyou,1
phdmom09,consistent_phase822,1
phenns,opalescentshrooms,1
phihofo,flamescales29,1
philkid3,rubixkubezz,1
philledzone,birdok2203,1
phoenix2222,uselessscientist,1
phoenix_paravai10101,consistent_phase822,1
phoenix_paravai10101,docmisterio,1
phoenixmatrix,dontbesorrybeashamed,1
phoenyxs_angel,itscolornotcolour,1
phyphillosophy,lifelongmc,1
physical-top-879,murky-departure6122,1
pi621,masterpeem,1
piern1k,no-start-6254,1
pitiful_caterpillar8,aliayyaz90,1
pixel_muffet,ok-bluejay-4218,1
pixeltzofspook,secret_penguin-,1
pixelum_maximum,dueexit3162,1
pizzadash,few_translator1755,1
pizzatogo1208,ace_oniii,1
plagit,newbeeperson,1
plagit,safe_tea_27,1
plane-spite2604,icycompetition7477,1
plane-spite2604,pontuzz,1
plane-spite2604,supersocialman,1
planet_xplorer,aveugleman,2
planet_xplorer,big_egg444,2
planetbet,-pedrovalencia-,1
plasticmac,defiant_heretic,1
player_kk,changeittowhat,1
pohatu_toa_of_stone,no-start-6254,1
poisson18,zealousideal_side987,1
poked_salad,rubixkubezz,1
pokefan_dominic,adventurous-pool5861,1
pokemonrng,kip_hackman_,1
polipododo,mdgt_pope,1
pollito999,adventurous-pool5861,1
pollix533228,ok-bluejay-4218,1
poloizo,shadyman_,1
pomaranc386,zyrosushi,1
pomfypluffy,lentor,1
pontiff_sullyy,bayakoo,1
pontiff_sullyy,cse_chad,1
pontiff_sullyy,junkham,2
pontiff_sullyy,yarasin,1
ponto-au,thedarkestnips,1
pontuzz,manjorno316,1
pontuzz,plane-spite2604,1
poopoobuttholes,rubixkubezz,1
poppyoghouls,mk_dagger,1
popular_research6084,cocoatrice,1
popular_research6084,maxxorale,1
porkyboydelux,abadassunicorn,1
posivius,rubixkubezz,1
possible_barber_5835,catskinson,1
posthardcoreshoegaze,mrredditguy007,1
power0fthetribe,thissuxxors,1
powerful-set9659,martibarimaff,1
powerful_wishbone_22,jair_r,1
ppigga,verylargestarfish,1
pratzc07,---thefiercedeity---,1
predawnzulu2573,few_translator1755,1
preparationcrazy2637,harperhunii,1
prestigious-ad-2679,towboat421,2
prestigious-initial7,kingptd,1
pretend-serve5073,tieordinary1735,1
pretty_aardvark_7227,galaxy1876,1
pretty_aardvark_7227,righteouswraith,1
prettylittlenoob,few_translator1755,1
previouslingonberry4,rubixkubezz,1
pricey6381,alex4744818w,1
priler96,flashjamer,1
primary_crab687,dontbesorrybeashamed,1
privadevs,rubixkubezz,1
privatizitaet,cankledankl,1
privatizitaet,flashjamer,1
privatizitaet,newbeeperson,1
prodivir,dontbesorrybeashamed,1
professional_rush_95,communicationok3766,1
projectdystopia,nayr_knl,1
projectdystopia,spamtonscamerof1997,1
promethesussy,chumfamine,1
promethium-146,thebensta,2
proza-x,expensive_outcome259,1
proza-x,finallancer,1
proza-x,megamate9000,1
proza-x,mountain_day_2178,1
proza-x,spamton_g_spamton87,1
prsy______,historicalkey6666,1
psh454,sleepyfellow03,1
pstock59,lisavip,1
psubraty,boringuwuzumaki,1
psychological_fuel57,mountain_day_2178,1
psychologicalquit666,ok-bluejay-4218,1
pttgeorge,zojbo,3
punkhooligan,erik_nimblehands,1
punkhooligan,spamton_g_spamton87,1
puppy_pikachu_lover1,idrinkwaterymilk,1
pure-end2362,tarponpet,2
purekin21,tkmisere,1
purple_tailor_8270,dinokickflip,1
purplegrape99,rubixkubezz,1
puzzleheaded-meet513,newbeeperson,1
puzzleheaded_aide949,no-start-6254,1
puzzleheaded_bath255,hmz459,1
pwnyo,martibarimaff,1
pxlcrow,dew4you,1
pxlcrow,villadsor,1
pyroheartdave,double_sonic,1
qroztq,thexenomof,1
quailaggravating8028,boobeamtrap,1
quailaggravating8028,omega_xyz,1
quantam-law,flashjamer,1
quasarius,shadyman_,1
queasy_employment141,haribo7258,1
queenoftheremote40,additional_claim_718,4
quibbloboy,iron_onion,1
quibbloboy,wiggywamwamm,1
quillbolt_h,flashjamer,1
quinc4623,laplaceuniverse,1
quinc4623,no-start-6254,1
quintoriusbestboy,oxey405,1
quo-fide,rubixkubezz,1
qwerty1418,gummybeargamer87,1
qwerty1418,outside-cobbler353,1
qybz,el-zengy-el-mo3geza,1
r2radd2,dastebon,1
raakone2,muttonchopmac,1
radiance-reddit,lmisterioxol,1
radiantdrone,ozzysmall123,1
radiating_phoenix,slawfield-,1
radilee21,masterpeem,1
radsnakesnake,no-height8596,1
rafflesiaarnoldii,flashjamer,1
rafiki95,flashjamer,1
rage_against_the_atm,electric-molasses,1
rage_against_the_atm,mountain_day_2178,1
rage_against_the_atm,shortmeisterthe3rd,1
ragedayz,weird_effort2764,1
railgunrp,few_translator1755,1
rainydeerx3,rubixkubezz,1
ramdog,defiant_heretic,1
ramons9,el-zengy-el-mo3geza,1
random6474849,borderkepaar,1
random_bread106,jgiblett,1
random_bread106,zombifeynman,1
randomcaveofmonsters,difficult_price8011,1
randomcaveofmonsters,el-zengy-el-mo3geza,1
randomcaveofmonsters,helicophell,1
randomcaveofmonsters,idemahedo,1
randomguy9058,ordinary_witness3225,1
rankzero4x4,---thefiercedeity---,1
rastaba,adventurous-pool5861,1
ravensxlaws,marketingown3547,1
raweon_,harperhunii,1
razhork,hbreckel,1
razielashura,martibarimaff,1
rchasess,defiant_heretic,1
real_eigong,dontbesorrybeashamed,1
real_leader,rubixkubezz,1
realistic-cicada981,theblackding,1
realistic_ratio_8670,national-equal4971,1
realnyxoy,happy_puppy32,1
reborn_wraith,helicophell,1
recent_log3779,empty-contest-559,2
recent_outside_2547,el-zengy-el-mo3geza,1
red_cat231,leocookiexd,1
redactedblocked,masterpeem,1
reddit_account_10001,ill-individual2105,1
redditpaslan,ozzysmall123,1
redox_nephew,mhs2fann,1
redox_nephew,ozzysmall123,1
redtyro,any_koala_5328,1
redtyro,einsink,1
redtyro,moonhold3r,1
redtyro,murky-departure6122,2
redtyro,scriftyy,1
redtyro,spamtonscamerof1997,1
redundead40,nuryadiy,1
redundead40,tysiliogogogoch,1
redwizard_,masterpeem,1
reflectionofmirage,juggett,1
regular_reference419,adriolear,1
regular_reference419,sensitive_theme_5599,2
regulararmadillo21,dontbesorrybeashamed,1
rekiwylls,mishar5k,3
rekvizuals,islenski,1
rel_ortal,ze_awesome_hobo,1
relationoriginal318,alertscience1625,1
relevant_cabinet_265,fudgedhobnobs,1
relevant_potato3516,big_egg444,1
relevant_potato3516,collegemindless5439,1
relevant_potato3516,lowman246,1
relevant_potato3516,mk_dagger,3
relysti,scriftyy,1
remarkable-spot-1591,inevitablecold9872,1
remindmebot,toast6_,1
renkbruh,idemahedo,1
renuxity,el-zengy-el-mo3geza,1
repair_jolly,adventurous-pool5861,1
repocin,no_county3304,1
representativeyam390,scriftyy,1
republiccute8573,kira_kua,1
repugnant-conclusion,cocoatrice,1
repulsive-phrase-527,rubixkubezz,1
repulsive_editor_335,few_translator1755,1
reronin,alex4744818w,1
responsible_prune896,idrinkwaterymilk,1
revaninquisitor,rubixkubezz,1
revergopls,ill-individual2105,1
reversedsemicircle,-pedrovalencia-,1
reversedsemicircle,double_sonic,1
revolutionary-two357,el-zengy-el-mo3geza,1
revolutionary_tie793,rubixkubezz,1
revolutionarygreen41,no-start-6254,1
revoran,dontbesorrybeashamed,1
reyznightmarez,wushumaninjapan,1
rgmac1994,kawhi21,1
rgpisgood,opalescentshrooms,1
rhodehouse93,ghostb5,1
rhubarbrepulsive2574,estrangedkayote,1
ribcabin,alertscience1625,2
ricerocketrider,ill-individual2105,1
richinaru,el-zengy-el-mo3geza,3
rickymac666,ace_oniii,1
rickyrich5,adventurous-pool5861,1
riftcode,haribo7258,1
righteouswraith,chrisjd,1
righteouswraith,clkiscool,1
righteouswraith,dagomarb,1
righteouswraith,darkecstatic8863,1
righteouswraith,eightfoldabyss,1
righteouswraith,martibarimaff,1
righteouswraith,moist-border2227,1
righteouswraith,nonba,1
righteouswraith,squidmilkvii,1
righteouswraith,the-purple-chicken72,1
rightousstrike,kirosh2,1
riku8745,atazaxia,1
rimaarts,pitiful_caterpillar8,1
rio_walker,helicophell,1
rio_walker,masterpeem,1
rip_vin1,lmisterioxol,2
risingdeadman0,newbeeperson,1
rit0_yuuki,alphathe7,1
rivilen,moist-border2227,1
rkadts,rubixkubezz,1
rmonsuave,martibarimaff,1
rmonsuave,mekelaxo,2
rnn1407,noxmiasma,1
roadtops5,rubixkubezz,1
robiox_official,thehollowprincess,1
robodex001,cultural-unit4502,1
roleaccomplished4700,ozzysmall123,1
rollingkaiserroll,islenski,1
ronathan64,just_think_more,1
rorodar,rmonsuave,1
roscoe_p_trolltrain,villadsor,1
rosegrimdark,no_midnight_6278,1
rosegrimdark,villadsor,1
rp_361,rubixkubezz,1
rthegfasdwe,lightningmcquinn5,1
rubix20033,meianmari,1
rubixkubezz,thesmartdog_275,1
rukaven,rubixkubezz,1
rustywolf,solairxi,1
rx1542,martibarimaff,1
ryancreamer202,ozzysmall123,1
ryhonn,zestyclose_league413,1
s0ulbrother,danny_dankvito,1
s0ulbrother,ok_doctor4812,1
s0ulbrother,v0ct0r,1
s1lks0ng1,---thefiercedeity---,1
s1lks0ng1,belle_fleures,2
s1lks0ng1,falconpunch1989,1
s1lks0ng1,kihot12,3
s1lks0ng1,shilques,1
s1lks0ng1,winterkills45,3
s1llygirllexy,ninjayoda24,1
s4ilor_venus,rubixkubezz,1
s_blueyes42,axndl,1
s_blueyes42,dueexit3162,1
s_blueyes42,mikesneer,1
saberleaf,adventurous-pool5861,1
sabyte,masterpeem,2
saddairyproduct,admiral_wingslow,1
saddairyproduct,itsalwayssegsfault,1
sadman95,maxxorale,1
safe_tea_27,plagit,1
sagethegod1,consistent_phase822,1
saibaeterna,kohana55,1
sakurapanko,rubixkubezz,1
saladpast,alex4744818w,1
salebsmind,rubixkubezz,1
saltyvon,dontbesorrybeashamed,1
samurai_mac1,kernel-enchilada,1
sand-sky-stars,generalpublicwc,2
sandwichcute,chanceupon_147,1
sandwichcute,cloistered_around,1
sanio_99,consistent_phase822,1
sanslicker42,ck1ing,1
sansyboy144,dontbesorrybeashamed,1
sapphic_sharhea,masterpeem,1
sapszera,ozzysmall123,1
sara_snowshoe,crump-__-,1
sara_snowshoe,narcissistichedonism,1
sara_snowshoe,opalescentshrooms,1
sara_snowshoe,supercalifragicahfuq,1
sara_snowshoe,tarponpet,2
sara_snowshoe,unkown3383,1
sarcasticallyevil,mdizzle40,2
saturnspopulation,few_translator1755,1
savevideo,bilnkblonk,1
savevideo,brooksmcredstone,1
savevideo,dablord69420,1
savevideo,gu4rdi4ns,1
savevideo,hammond_yt,1
savevideo,mainpeixefedido,1
savevideo,motheromelet,1
savevideo,neoslayer,1
savevideo,qybz,1
savevideo,ramons9,1
savevideo,renuxity,1
savevideo,theastrothere,1
savevideo,udugal,1
saxtontheblade,moist-border2227,1
sayresth,noxmiasma,1
sbfms,glueejoyer,1
scaleoutrageous9426,ozzysmall123,1
scar-legitimate,kirosh2,1
scar-legitimate,ozzysmall123,1
scaredbun-official,el-zengy-el-mo3geza,1
scaredbun-official,gregoryflame,1
scaredbun-official,ozzysmall123,1
scarface2010,flashjamer,1
scarletsilver,few_translator1755,1
scarletsilver,phoenix_paravai10101,1
scarlettevera,girose,1
scattershotsoothsay,zxcymn,1
schmoolecka,chickuuuwasme,1
schmoolecka,sarcasticallyevil,1
schmoolecka,serious_ad_1037,1
scp-666-j,dumpylump69,1
scrafycross,no-start-6254,1
sdrawkcabnoitacirbul,martibarimaff,1
sdsalta145,mk_dagger,1
seagull_33,ozzysmall123,1
seasofblood,z3r0th0ughtz,1
seawardweb77858,champion_chrome,1
seawardweb77858,flashjamer,1
secret_penguin-,adventurous-pool5861,1
secretyguy,deepneighborhood5,1
secretyguy,fuocomega_7,2
secretyguy,ozzysmall123,1
secure-inevitable-58,rubixkubezz,1
seeinganabsolutewin,idrinkwaterymilk,1
seijiina,finallancer,1
sejcurdiesej,aidankingofcats,1
sellyme,organizedbonfire,1
semicolon2112,bakedsouls,2
semicolon2112,chaos_forge,1
sensitive_theme_5599,regular_reference419,2
separate_ad3112,islenski,1
sephjnr,scaredbun-official,1
serial_designation,psubraty,1
serious_software2716,martibarimaff,1
sertorius777,mrrandomguys,1
sertroll,swaggy-g,1
sesemebun,el-zengy-el-mo3geza,1
setting-general,thinkerofthings2,1
several_chocolate576,consistent_phase822,1
several_chocolate576,iwantausername4,1
severe_skin6932,scriftyy,1
sevii_21,ozzysmall123,1
sewer-dissent,t-tsukiknight,1
sexyfoodandfilms,few_translator1755,1
sgt_pepper_50,rubixkubezz,1
shabba182,celerysuper2958,1
shade788,avalonian09,1
shade788,jimkbeesley,3
shadovan,flashjamer,1
shadovan,halfman-halfmoth,1
shadovan,peodm_,1
shadowking78,mk_dagger,1
shadowking78,moist-border2227,1
shadowking78,ozzysmall123,1
shadowtwister8,murky-departure6122,1
shadyman_,ghostb5,1
shadyman_,sortofspaceduck,1
shamrockwizard,plastic_dingo_400,1
sharpbladeloser,mk_dagger,1
shaunsnj,the1sthook,1
shawnymcknight,juggett,1
sheekgeek21,few_translator1755,1
shenxvi,mk_dagger,1
sherbertbest,moist-border2227,1
shilques,s1lks0ng1,1
shindi67,brotherprester,1
shinianx,rubixkubezz,1
shiny_xnaut,dynmads,1
shiny_xnaut,shadyman_,1
shlog,---thefiercedeity---,1
shlog,ultimatetoa,1
shortmeisterthe3rd,rage_against_the_atm,1
shot_psychology_2728,jair_r,1
shot_psychology_2728,starkagent28,1
shreyas16062002,arrowsh0t,1
shurane,organizedbonfire,1
shutthefucupcake,sultanpeppah,1
shutthefucupcake,t-tsukiknight,2
significant_laugh811,dueexit3162,1
siks0ng,flashjamer,1
siks0ng,janettheman_,1
siks0ng,zephyr_______,3
silam39,c4mbo,1
silam39,oxo-fe,1
silent_mud1449,few_translator1755,1
silent_trigger_11,raweon_,1
silica_123,dontbesorrybeashamed,1
silkingthesong1337,arthaerus,1
silkingthesong1337,doge6654533,7
silkingthesong1337,el-zengy-el-mo3geza,1
silkingthesong1337,kirosh2,1
silkingthesong1337,martibarimaff,1
silkingthesong1337,newbeeperson,1
silly-barracuda-2729,moist-border2227,1
silly_ad_5067,thehollowprincess,1
sillysanyle,fantastic-bear-5615,1
silomat120,kernel-enchilada,1
silverfire12,jair_r,1
silvershako,mailcs1206,1
silviecat44,bilski1ski,1
silviecat44,falconpunch1989,1
silviecat44,kernel-enchilada,1
simpleraven,itsizumi,1
single_reading4103,andreuus_,1
single_reading4103,historical_volume806,1
singlepayernow69,mechanictypical9725,1
sirblack_,mhs2fann,1
sirblack_,salt-task-7961,1
sirblack_,sudden-building4491,1
sirblack_,wrong-inspector5777,1
sirhc9er,4862skrrt2684,1
sirhc9er,kohana55,1
sirkthulhu,automoderator,1
sirkthulhu,dccr,1
sirkthulhu,finallancer,1
sirsupercaide,dontbesorrybeashamed,2
siruthian_,wrong-inspector5777,2
skaasi,goinglimpinthebrain,1
skantaq,few_translator1755,1
skeptic1101,notthatevilsalad,1
skrillfury21,naturemations_2025,1
skur11,consistent_phase822,1
skuwarsgod,tori65216,1
slawfield-,dueexit3162,1
slayer-o-furries,mk_dagger,1
sleepyfellow03,gregoryflame,1
sleyvin,adeckz,1
slickvic706,rubixkubezz,1
slow_king1,opalescentshrooms,1
slurmsmackenzie-,tgiyb1,1
slyrebornyt,rubixkubezz,1
small-wafer1729,el-zengy-el-mo3geza,1
small-wafer1729,friendlysympathy3478,1
smartalec13,mk_dagger,1
smeeizme,majestic_fruit6786,1
smexypokemon,moist-border2227,1
smileforworlds,acererak09,1
smileythesmile,dastebon,1
smileythesmile,sephjnr,1
smileythesmile,vylmyl,1
smileythesmile,xiadmabsax,1
smobey,kadoot,1
smobey,maxxorale,1
smobey,newbeeperson,2
smobey,xokoknight2,1
smokeysabo,plasticmac,1
smokeysabo,tiamatruneaid,1
smythosinfo,generalpublicwc,1
sn4k3byt3s,cocoatrice,1
snacker6,tcollins1876,1
sneezy837,beastmode7953,1
snoburn,martibarimaff,1
snookdogg,most-okay-novelist,1
snoolentils6995,emotional_you_5269,1
snoopets5219,cooki75,1
softorganization3209,flashjamer,1
softorganization3209,mad_for_sum_reason,2
softspinach2269,few_translator1755,1
solairxi,falconpunch1989,1
solar9090,rubixkubezz,1
solugad,bakedsouls,2
somacreuz,moist-border2227,1
some_other__time___,bakedsouls,1
some_other__time___,dontbesorrybeashamed,1
some_pvz_fan,ozzysmall123,1
some_pvz_fan,scarface2010,1
someguy77755,kbx7001,1
somerandom_mirror,masterpeem,1
somethingofagirl,el-zengy-el-mo3geza,1
sono_qui,rubixkubezz,1
sooga_official,few_translator1755,1
sopaipancho,oxo-fe,1
sophrates_regina,idrinkwaterymilk,1
sorry-stranger7188,ill-individual2105,1
sortofspaceduck,shadyman_,2
soulsyrius,bobthetim,1
sour-pea,rubixkubezz,1
southern-wafer-6375,communicationok3766,1
soydanson,ozzysmall123,1
spamton_g_spamton87,iamheretoarrestyou,1
spamton_g_spamton87,proza-x,1
spamton_g_spamton87,punkhooligan,1
spare_bad_6558,masterpeem,1
sparrowinwhite,el-zengy-el-mo3geza,1
sparsespartan,belle_fleures,1
sparsespartan,bordowa,2
sparsespartan,rubixkubezz,1
spaz_jcj,adventurous-pool5861,1
specialist-bison-389,dagomarb,1
specialist_coffee229,thissuxxors,1
speedy_gjiza,rubixkubezz,1
spencer204,-eggmab,1
sphearikall,adventurous-pool5861,1
spherical_squirrel,lordstickvonscribble,1
spiderlucas16,organizedbonfire,1
spiritual_elk8406,bkvbreddit,1
spookyboooooo,notveryai,1
spoon_elemental,shadyman_,1
spoon_elemental,thebensta,1
spoopyplankton,juggett,1
spring_ornery,rubixkubezz,1
squashclear5687,shaunsnj,1
squid3011,mk_dagger,1
squidmilkvii,martibarimaff,1
sqw1rex,animalepton,1
sqw1rex,mrbigmclargehuge,1
sqwirlfucker57,additionalbug4084,1
sqwirlfucker57,donat_dace,1
sr_mittens91,adventurous-pool5861,1
sssarou,ozzysmall123,1
stabbyblowfish,ozzysmall123,1
stalethebread,---thefiercedeity---,1
starkagent28,shot_psychology_2728,1
startbackground5769,docmisterio,1
stavtastic,rubixkubezz,1
steralite,kernel-enchilada,1
stickopolis5959,martibarimaff,1
stickyhoovy,ozzysmall123,1
stoneskipping101,no_shoulder_6928,1
storm_vessel,ozzysmall123,1
stormlight13,xiadmabsax,1
stormpax,lightningmcquinn5,1
straight_somewhere52,ozzysmall123,1
straightupminosingit,arcan_unknown,1
straightupminosingit,lordstickvonscribble,1
strange_farmer7533,el-zengy-el-mo3geza,1
strangerunited2421,rubixkubezz,1
straw28,rubixkubezz,1
strugglehistorical62,donat_dace,2
strugglehistorical62,sqwirlfucker57,1
stubby_nyan,maxxorale,1
subject-many1162,belle_fleures,1
subnautic_radiowaves,kernel-enchilada,1
substantial-pen7719,nosrebna,1
substantial_balls,bakedsouls,4
successful_mud8596,few_transition_1771,1
suckzor,toughad3497,1
sudden-building4491,managertasty5588,1
sudden-building4491,yahya-13,1
sudden_hovercraft_56,collegemindless5439,1
suddenathlete7111,brilliant_bee4116,1
sudogiri,no-start-6254,1
sufficient_fuel7964,rubixkubezz,1
sufficientad2242,consistent_phase822,1
sufficientad2242,hoplep,2
suicidalboy4444,jair_r,1
suitable_pomelo6918,ozzysmall123,1
sultanpeppah,shutthefucupcake,1
summer_tea,no-start-6254,1
supercalifragicahfuq,sara_snowshoe,1
supercalifragicahfuq,unkown3383,1
supergiraffeman,exciting-wave-3204,1
superluigi231,amateur-cannibal,1
superluigi231,paxtian,1
superrayman001,finallancer,1
supershadow30,the_real_mantis-lord,1
supersocialman,frostieesnow,1
supersocialman,garbage-at-life,1
supersocialman,mk_dagger,1
supersocialman,plane-spite2604,1
supersocialman,scarlettevera,1
superspicycurry37,kernel-enchilada,1
superultrameganice,rubixkubezz,1
suspected_magic_user,few_translator1755,1
susufrus,frontindividual4188,1
susufrus,i_walk_the_backrooms,1
swaggy-g,masterpeem,1
sweaty-assumption184,csharpminor_fanclub,2
swordfishaltruistic4,few_translator1755,1
swr24,masterpeem,1
sydfxs,mk_dagger,1
syfy410,rubixkubezz,1
szundercover1,earthly-echo,1
szundercover1,scarl8,1
t-tsukiknight,shutthefucupcake,1
tabak23,adeckz,1
tabak23,huinker,1
tabarrok,late-philosophy-203,1
tacotuesday555,el-zengy-el-mo3geza,1
taffy553404,maxxorale,1
takedatfordata00,adventurous-pool5861,1
talann,dontbesorrybeashamed,1
talann,nondescript_redditor,1
talann,ok-procedure5603,1
talesfromtheepic6,plagit,1
talkingmice,islenski,1
tall-basis-4483,adventurous-pool5861,1
tamalemichael,sharp-somewhere4730,1
tambitoast,upbeat_cry_3902,1
tan11,mk_dagger,1
tangerinelopsided895,anitoon,1
tanglee11,rubixkubezz,1
tanuki_carre3858,grenaexist,1
taptrick,rubixkubezz,1
tarponpet,canofdarkfruit27,1
tarponpet,pure-end2362,1
tarponpet,sara_snowshoe,3
tcollins1876,kingcool138,1
tcollins1876,martibarimaff,2
teartheroof0ff,biotechnix,1
teartheroof0ff,icef34r,1
technical_car3729,docmisterio,1
technocolt,masterpeem,1
telfaradiddle,ozzysmall123,1
temporalvagrant,few_translator1755,1
tempt66,harperhunii,1
tempt66,kingchris195,1
tenebris_sol,martibarimaff,1
teo_many,multiplayer_yt,1
tepid_inferno,rubixkubezz,1
terminaljammer,kittentarentino,1
testing_100,kernel-enchilada,1
tfwyournamestaken,el-zengy-el-mo3geza,1
tgiyb1,just_tangerine_5822,1
thamanwthnoname,imnotokaywiththis_,1
that_ad7706,newbeeperson,1
that_dude404,rubixkubezz,1
thatfuckinggeniuskid,rel_ortal,1
thatfuckinggeniuskid,siks0ng,1
thatoneguyigeug,mountain_day_2178,1
thatonekidcreed,rubixkubezz,1
thatpancakescat,flashjamer,1
the-best_pyro,consistent_phase822,1
the-purple-chicken72,eightfoldabyss,1
the-purple-chicken72,nonba,1
the-purple-chicken72,righteouswraith,1
the1sthook,shaunsnj,1
the2ndunchosenone,lucpoch_10,1
the_actual_seer,lughrevenge23,2
the_chaotique_1,captinspike,1
the_evil_jake,devramabyss,1
the_evil_jake,odravad,5
the_fancy_tophat,forrest_hunt,1
the_gifted_atheist,fearless-ad4744,1
the_gifted_atheist,needlehater,3
the_holy_buno,bakedsouls,1
the_keke_,masterpeem,1
the_mind_goblin1,iamheretoarrestyou,1
the_morriganna,mountain_day_2178,1
the_phantom_cat,just_tangerine_5822,1
the_punnier_guy,gensolink,1
the_punnier_guy,thebensta,1
the_r0aring_knight,night_rooster85,1
the_real_cloakvessel,rubixkubezz,1
the_real_mantis-lord,flashjamer,1
the_real_mantis-lord,hollow_knightpro,1
the_real_mantislords,ozzysmall123,1
the_recital,consistent_phase822,1
the_toast_enjoyer,harperhunii,1
the_viatorem,flashjamer,1
theangerball,exciting-wave-3204,1
theanimelovers,spamtonscamerof1997,1
theastrothere,el-zengy-el-mo3geza,1
thebagelsteindk,kohana55,1
thebariobro,rubixkubezz,1
thebensta,el-zengy-el-mo3geza,1
thebensta,historical-donut1536,1
thebensta,numpostrophe,1
thebensta,promethium-146,1
thebensta,the_punnier_guy,1
thebishop8,scriftyy,1
theblackding,flashjamer,1
thecherrypi,representativeyam390,1
theclosetedcreature,idrinkwaterymilk,1
thecoopx,martibarimaff,1
thedarkestnips,falconpunch1989,1
thedarkestnips,itub2000,1
thedarkestnips,okthanxby,1
thedarkestnips,rubixkubezz,1
thedarkestnips,uselessscientist,2
thedude11117,kernel-enchilada,1
theeggoeffect,not_pukicho,1
theface86,martibarimaff,1
thegraciekiller,rubixkubezz,1
theheatisheated,adventurous-pool5861,1
thehelpfulwalnut,shade788,1
thehollowprincess,alternative-ad9951,1
theinkingskeleton,ozzysmall123,1
thelimontree92,brilliant_bee4116,2
thelimontree92,rit0_yuuki,1
theman2y0u,confusedlunacy,1
theman2y0u,vopik_pepega,1
themaskedman2,ok-procedure5603,1
themaskedman2,quinc4623,1
thenikola2020,adventurous-pool5861,1
theoiler,villadsor,1
theoiler,zukkr_frvr,1
theoriginalmachtkoma,rubixkubezz,1
thepeacefuloneagain,rubixkubezz,1
theperturbedpotato,dueexit3162,1
thepurpleplatypus123,average_sk_player,1
thepython11010,responsible_prune896,1
therealbobhale,bakedsouls,1
therealbobhale,ozzysmall123,1
therealebonyandivory,flashjamer,1
therobbu,budweener,1
therobbu,masterpeem,1
therosecat6_11,rubixkubezz,1
thescoulisis,el-zengy-el-mo3geza,1
theseekerofchaos,notgarcher,1
thesilvaghost,no_tonight_4517,1
theslayerofsnails,degeneratus_02,1
thesmartdog_275,rubixkubezz,1
thesquarefish01,lordstickvonscribble,1
thesteelscizor88,kingptd,1
thetabo,maxxorale,1
thetantalus,dueexit3162,1
thethief9812,dontbesorrybeashamed,1
theultimatefinalman,mk_dagger,1
theurbanenigma,docmisterio,1
thevoidwatches,cryptidcandies,1
thevoidwatches,noxmiasma,1
thewhatinwhere,ace_oniii,1
thexenomof,few_transition_1771,2
thinkerofthings2,odd_mood_6950,1
this_technology2852,additionalbug4084,1
thisoneloadingboy,ozzysmall123,1
thissuxxors,affectionate-foot802,1
thissuxxors,freundmaximus,1
thissuxxors,gumpers08,1
thissuxxors,jaibamon,1
thommie02081,hudsonusesreddit,1
thommie02081,juan123rw,1
throw_away782670407,el-zengy-el-mo3geza,1
throwaway-3d-2b,ojiji_bored,1
throwaway02062004,realnyxoy,1
thultimatewierd,supersocialman,1
tiamatruneaid,dunno_about_this,1
tiemdujardin,davidmadeitx,1
tiemdujardin,jared989898,1
tiemdujardin,nickkom97,1
tieordinary1735,iisaishaii,1
tieordinary1735,ill-individual2105,1
tight-beginning-2698,lmisterioxol,1
timbosqueezie,raweon_,1
timothy_timbo,rubixkubezz,1
tinmaddog1990,freundmaximus,1
tinytiger1234,shade788,1
titaniumgoldalloyman,david_clawmark,1
titaniumkneecap,consistent-plane7729,1
titaniumkneecap,rubixkubezz,1
tklxd,tsunamilover,1
tkmisere,winterkills45,1
tms-meister,masterpeem,1
tnecniw,rubixkubezz,1
toast6_,napstablooky2,1
tocobellking,maxxorale,1
token_thai_person,no-start-6254,1
tom_nook64,few_translator1755,1
tomkid88,thissuxxors,1
tomlja,eastern_practice_668,1
tommy200401,notveryai,1
tomnook5085,murky-departure6122,1
tonierbean576,baldbrayden,1
tonyseraph2,moist-border2227,1
toofarapart,napstablooky2,1
top_accident9161,ghostb5,1
top_cup_8396,gomugomunooooooo,1
top_toaster,el-zengy-el-mo3geza,1
top_toaster,rubixkubezz,1
topdungdefenderfan,islenski,1
toranjanuclear,rubixkubezz,1
tori65216,bimmyschmendrix,1
torstiss,ordinary_witness3225,1
torturedneurons,late-philosophy-203,1
tostitokingofdragons,flacoferrando,5
tostitokingofdragons,generoustrillionaire,3
tostitokingofdragons,n9s8mping,3
totallynotgab,beepbeeplikeasheep,1
totallynotparakeet,mk_dagger,1
tough_ad_7685,consistent_phase822,1
towboat421,prestigious-ad-2679,1
tpasmall,rubixkubezz,1
tr0ll-craft,me4tacytehepa,1
tr0ll-craft,moist-border2227,1
tracelupo,masterpeem,1
traditional-citron21,generalpublicwc,1
training_assistant27,flashjamer,1
training_assistant27,mental_blueberry4563,1
training_assistant27,mk_dagger,1
trashleythebiggay,ill-individual2105,1
treestheyareus,lightningmcquinn5,1
trindachi,ghostb5,1
tripolarknight,alex4744818w,1
tristenspec,opalescentshrooms,1
truchasgl,grunktrey,1
trueender,mountain_day_2178,1
tryimpossible7332,hbreckel,1
ts826848,cspedden,5
ts826848,ringfantastic3261,1
tsunamilover,ultimo293,1
ttv-battyprincess,whenpigfly666,1
turbulent-advisor627,eris_mango,1
turbulent-advisor627,fabiuzz69,2
turbulent-advisor627,kinoftheabyss,2
turbulent-advisor627,mammoth-store740,1
turbulent-advisor627,sharp-somewhere4730,1
turbulent-advisor627,signal-ad-1393,1
turbulent-advisor627,squrrll,1
turbulent-grab-8352,erl-x,2
turbulent_study_8650,kohana55,1
turdbait122603,few_transition_1771,1
twoscentedcandles,rubixkubezz,1
typoking7,dontbesorrybeashamed,1
tyrantrex6604,cheap-tennis4196,1
tyrelius_dragmire,few_transition_1771,1
tysiliogogogoch,redundead40,1
u_n_d_e_r_s_c_o_rr,kronosgames,1
udugal,el-zengy-el-mo3geza,1
ugly_dog_,clkiscool,1
ukindom,generalpublicwc,1
ultimatestredditor,rkadts,1
ultimatetoa,dangerous-cobbler-11,1
ultimatetoa,muntaacas,1
ultimatetoa,rubixkubezz,1
ultimo293,tsunamilover,1
un_change_able,the_real_mantis-lord,1
unambiguous_script,dunno_about_this,1
uncletacitus1,asamiichii,1
uncletacitus1,mattybro1,2
uncletacitus1,rubixkubezz,2
uncletacitus1,villadsor,1
undeadbluemage,ozzysmall123,1
underachievingentity,rubixkubezz,1
underhive_art,ozzysmall123,1
undertaleyellowfan,ace_oniii,1
unfair_investment782,practical-ebb7327,1
unga_bunga_1987,seawardweb77858,1
unhappy-cup-1274,secure-inevitable-58,1
uniquebutterflylady,itscolornotcolour,1
uniquebutterflylady,kernel-enchilada,1
universalistic,adventurous-pool5861,1
unkown3383,sara_snowshoe,1
unkown3383,supercalifragicahfuq,1
unlashedlel,rubixkubezz,1
unlikely_log_5503,startbackground5769,1
unofficialmipha,joeythearm,1
unofficialmipha,ozzysmall123,1
urtoryu,dumb_siniy,1
urtoryu,xiadmabsax,1
uselessscientist,thedarkestnips,2
usual-vermicelli-867,dastebon,1
usual-vermicelli-867,el-zengy-el-mo3geza,2
usual-vermicelli-867,vanekcsi,1
v0ct0r,adventurous-pool5861,1
v0ct0r,mk_dagger,1
vaggos13579,empspange,1
vanekcsi,el-zengy-el-mo3geza,1
varifor,siks0ng,1
various_ad3080,consistent_phase822,2
venan220,rubixkubezz,1
venomousfrog_554,iisaishaii,1
venomousfrog_554,ill-individual2105,1
venomthecapybara,avalonian09,1
verylargestarfish,mk_dagger,1
veterinariancold8214,adventurous-pool5861,1
vibincockroach,toughad3497,1
victinitotodilepro,masterpeem,1
victorgwx,danny_dankvito,1
viinavasara,flashjamer,1
viinavasara,masterpeem,1
viinavasara,no-start-6254,1
viktor-arcane,el-zengy-el-mo3geza,1
vinnzclortho,adventurous-pool5861,1
violentdiplomat,dismal-pie7437,1
vismal1,wushumaninjapan,1
vispen-fillian,alertscience1625,2
visual-woodpecker708,dontbesorrybeashamed,1
vividcourage1844,killcode2,1
vizdrom97,few_translator1755,1
vk4502b,rubixkubezz,1
vlaadii_,docmisterio,1
voidlord4450,canofdarkfruit27,2
voivode71,rubixkubezz,1
vokn,rekculkcats,1
volt-phoenix,flashjamer,1
vopik_pepega,theman2y0u,1
vordeo,ktten,1
vordeo,lb_vv,1
vounrtsch,bro0183,1
vounrtsch,masterpeem,1
vounrtsch,tms-meister,1
vrazel106,rubixkubezz,1
vuk8342,maxxorale,1
vulpinefox7,martibarimaff,1
vylmyl,gregoryflame,1
wacky_does_art,adventurous-pool5861,1
waddup_dude,many-assignment6216,1
wagustin,goldenreddituser,1
wakkiau,avalonian09,1
wallabypractical5258,diagonal_kris,1
wallmakerrelict,docmisterio,1
waltbailey,martibarimaff,1
waltbailey,ozzysmall123,1
wanderingstatistics,mountain_day_2178,1
wanderingstatistics,night_rooster85,1
wastezookeepergame87,complex-fault-1917,1
waytothedawn63,far_asparagus817,1
waytothedawn63,maximumstrategy5929,1
waytothedawn63,ozzysmall123,1
waytothedawn63,particular-back-8294,2
waytothedawn63,sizzledebizzle,1
wcrow1,rubixkubezz,1
weakinspector5102,tori65216,1
weemewon,traditional-diver284,1
weird_effort2764,bingusmccready,1
weird_effort2764,lone-frequency,1
welfedad,xerozel,1
werewolfad13,kira_kua,1
westernentertainer20,no-start-6254,1
whenpigfly666,flashjamer,1
whimsical-wallaby,cocoatrice,1
wiatraqu,moist-border2227,1
wide_sherbert_7593,alertscience1625,1
wigglytuffalpha,meianmari,1
wiggywamwamm,dontbesorrybeashamed,1
wiggywamwamm,worthlessprole,3
wikicek,rubixkubezz,1
wild-atmosphere2134,bushidopirate,1
wild-atmosphere2134,dedeclick07,1
wild-atmosphere2134,dinopraso,1
wild-chef-522,masterpeem,2
willfken,martibarimaff,1
winrevair,rubixkubezz,2
winterkills45,rubixkubezz,1
winterkills45,s1lks0ng1,2
winterkills45,tkmisere,1
wipefusens,tepid_inferno,1
wiskunde_wizard,complex-resolve6422,1
wisley185,adventurous-pool5861,1
witty-refrigerator84,abbe44,1
witty-refrigerator84,consistent_phase822,1
wolfgang784,notveryai,1
wolfgang784,swaggy-g,1
wolviesaurus,few_transition_1771,1
womblue,ck1ing,1
wooperfrompokemon194,en--__--passant,1
workingcautious1270,dagomarb,1
workingcautious1270,not_pukicho,1
worldeater10,ludvikskp,1
worried4lot,global-photograph716,1
worried4lot,koanuzu,1
worthlessprole,wiggywamwamm,3
writebrick0nmybrick,_archilyte_,1
wrong-fig-5696,docmisterio,1
wrong-inspector5777,sirblack_,2
wrong-inspector5777,siruthian_,1
wsads420,few_translator1755,1
wtfquesstumveux,golnor,1
wtfquesstumveux,happy_monke,1
wushumaninjapan,flourishingblots,1
wushumaninjapan,xdaveedx,1
xaerkwtf,rubixkubezz,1
xarkkal,practical-ebb7327,1
xdakiop,baron777,2
xdaveedx,wushumaninjapan,1
xenomorph-null,dontbesorrybeashamed,1
xerozel,zviyeri,1
xiadmabsax,healther_19,1
xiaorct,plastic_dingo_400,1
xluky,rubixkubezz,1
xokoknight2,smobey,1
xrrnak,flashjamer,1
xsinam,bepislord69,1
xtagtv,advanced-figure2072,1
xuan_2501,i_walk_the_backrooms,1
xxnelsonsxx,adventurous-pool5861,1
xxnelsonsxx,bakedsouls,1
xxnelsonsxx,el-zengy-el-mo3geza,1
xxnelsonsxx,jamothebest,1
xxx_zeratul_xxx,practical-ebb7327,1
yahya-13,sudden-building4491,2
yarasin,dunno_about_this,1
yatterer,haribo7258,1
yeeeeeteth,ok_seat5436,1
yeetorbeyeeted420,needlehater,1
yeetusbonkus,flashjamer,1
yesnt33111,meganbiggs,2
yolk852,dontbesorrybeashamed,1
yorokobi_to_itami,islenski,1
yourfakerealdad,juggett,1
ypertatos,rubixkubezz,1
ysvirusss,ace_oniii,2
yydbgeorge,rubixkubezz,1
yylow30,docmisterio,1
yylow30,pencomfortable2150,1
z3r0diro,rubixkubezz,1
z3r0th0ughtz,seasofblood,1
za_boss,gorbfan19,1
zachywacky0,randomcaveofmonsters,1
zagaaaa2,dueexit3162,1
zapirate_2020,aliayyaz90,1
ze_awesome_hobo,dumpylump69,1
ze_awesome_hobo,far_asparagus817,2
ze_awesome_hobo,mad_for_sum_reason,1
zeldamaster736,notveryai,1
zelman,dontbesorrybeashamed,1
zephyr_______,reddit_account_10001,1
zephyr_______,siks0ng,2
zeroescapealways,plasticmac,1
zeruul_,phoenixmatrix,1
zestyclose_edge1027,_seidverk,1
zestyclose_edge1027,alex4744818w,1
zestyclose_league413,cherrybluessom,1
zestyclose_tap_9282,thebagelsteindk,1
zeto12,rubixkubezz,1
zifzitheinferno,kkadzy,1
zima2k,artistic_corner6461,2
zima2k,impossible_ad6595,1
zima2k,museickman,1
zirkhanobie,dontbesorrybeashamed,1
zojbo,pttgeorge,2
zombifeynman,hypotheticaltapeworm,1
zombifeynman,random_bread106,1
zpd710,mk_dagger,1
zviyeri,ozzysmall123,1
zxchew,galaxy1876,1
zxcymn,depressive_player,1
zyrosushi,raweon_,1
