Source,Target,Weight
-_-nomaidens-_-,certain-nerve-9761,1
-gui-,gumby_p,1
-gui-,samandre14,1
-mast,no-examination9266,1
-soggy-potato-,designer_band2416,1
-soggy-potato-,irradiated_gnome,2
-titan-reign-,fragrant-lynx-3559,1
-xenomorph-79,ladymariagg,1
0317zkykjhaa,typical_stop4677,1
115_zombie_slayer,fabiofn16,1
1cysn1p3r,chlorophyllmatic,1
1dollardadaxe,powerful-craft7075,1
28smalls,impressive-sun-9332,1
2injuries4heatstroke,choosingpoorlyftw,2
3rdmachina,artorias_erebus679,1
3rdmachina,batsmen222,1
3rdmachina,cartus_killer,1
3rdmachina,celtic_crown,2
3rdmachina,cloudykuma,1
3rdmachina,cuzcril,1
3rdmachina,jolly-case-7190,1
3rdmachina,malefictekx,1
3rdmachina,mikeymikesh,1
3rdmachina,negativelymagnetic,1
3rdmachina,no-examination9266,1
3rdmachina,pale_sentence9909,1
3rdmachina,phoenix0fredd,3
3rdmachina,pitiful_ad_4472,1
3rdmachina,regkat,2
3rdmachina,samandre14,1
3rdmachina,superalloyberserker,1
3rdmachina,terrible-author-325,1
3rdmachina,the_austrian_artist,1
3rdmachina,the_fucking_doctor,1
3rdmachina,thegodskin,1
3rdmachina,vendriklamar,2
3rdmachina,xx_xfubarx_xx,1
3rdmachina,zxplatinum,1
3xslide,toast0117,1
402playboi,acceptablelock951,1
402playboi,cisco-nintendoswitch,1
402playboi,duelmastr23,1
402playboi,jdl03,1
402playboi,smeth_killbirds,1
402playboi,tonyroh100876,1
4thduck,crazynick5586,1
4thduck,ketizke,1
5255clone,crazynick5586,1
5255clone,samandre14,1
_afterburner0_,download_pal,1
_afterburner0_,leosnake0577,1
_c_o_,duelmastr23,1
_cognitio_,professional_boss438,1
_cognitio_,xx_xfubarx_xx,1
_dank_souls,mrali11,1
_heathcliff_,fun-emotion3660,1
_hoodieproxy_,smeth_killbirds,1
_idekbro,larrymoudes,1
_iome,duelmastr23,1
_iome,shawnthemaster,1
_iome,typical_stop4677,1
_r0h1th_,crazynick5586,2
_r0h1th_,flyinrhyno,1
_r0h1th_,saltytrex_,5
_snoot_loops_,mrali11,1
a_b_b_o,terrible-author-325,1
a_b_b_o,typical_stop4677,1
a_depression69,juche__necromancer,1
a_joan_baez_tattoo,gronstalker12,1
a_town_called_malus,ill-muscle945,1
aaquin,fluid_chair8351,1
abrams_warthog,cuzcril,1
abrams_warthog,dragon1472,1
abrams_warthog,mrali11,1
abrams_warthog,no_barber4339,1
abrams_warthog,saltytrex_,1
abramswatson,baron_von_d,1
abramswatson,big-examination8554,2
abramswatson,fragrant-lynx-3559,1
abramswatson,igniscorazon,2
abramswatson,sabahorn,1
absoium,instancenew9305,1
absolute011,wonderful_cress_4652,1
abyss_watcher_,hyperfixed,1
abyssalmidir,whittyhippo,1
abyssazaur,agitated-ticket8812,1
abyssazaur,drumtome2,1
abyssazaur,pelethar,1
abyssazaur,turbulent_relative70,1
acceptable-bid8861,luffykent,1
acceptable-tooth-105,calazor0,1
acceptable-tooth-105,salomon341,1
acceptablelock951,hamlerhead,2
acceptablelock951,smeth_killbirds,1
acceptablelock951,tactical_waifu_sim,1
accomplished-emu1883,theswansays,1
accomplished_pea5717,instancenew9305,1
accomplished_pea5717,malefictekx,1
accomplished_pea5717,routine-king7599,1
accomplished_pea5717,yakuzashibe,1
accomplished_pool922,dm_your_thicc_ass,2
accomplished_pool922,flamebaited,1
accomplishedlove6169,acceptablelock951,1
accomplishedlove6169,shawnthemaster,1
accomplishedlove6169,superalloyberserker,1
accomplishedpath5172,emerald_digger,1
accomplishedpath5172,malefictekx,1
accomplishedsource84,humbleconversation42,1
accomplishedsource84,ok-detail4461,4
achira_boy_95,certain-nerve-9761,1
acquaintence64,shawnthemaster,1
acrobatic-macaron-81,pale_sentence9909,1
acrobatic-stock-1721,no-examination9266,1
acrobatic-stock-1721,professional_boss438,1
activekindnessliving,pale_sentence9909,1
adamjeff,aerodynamicbeats,1
adamjeff,juche__necromancer,1
adamjeff,no-examination9266,1
additional-egg-5018,no-examination9266,1
adinternational5277,anonnnnn462,1
adinternational5277,brez800,2
adinternational5277,criminallyloony,1
adinternational5277,fine_cut1542,1
adinternational5277,garynevilleisared,1
adinternational5277,hyperfixed,1
adinternational5277,mccuish,1
adinternational5277,objectivepair2707,2
adinternational5277,psychological_lab203,1
adinternational5277,tomirahew,1
adoninator,no-examination9266,1
adoninator,pale_sentence9909,1
adventurous-abies154,smeth_killbirds,1
adventurous-score157,tonyroh100876,1
adware12345,no-examination9266,1
aeonjuscomall,professional_boss438,1
aerodynamicbeats,artofizanagi,1
aerodynamicbeats,pitiful_ad_4472,1
aesircomplex,maralde63,1
aflyingsqueegee,pitiful_ad_4472,1
afro_cal,chicoovejagamepl,2
afro_cal,darkprince_007,1
afro_cal,iggloovortex,1
afterglow882,iamspareuserperson,1
afterglow882,pitiful_ad_4472,1
afterglow882,samandre14,1
ag_9029,pitiful_ad_4472,1
agarwaen323,dekutree13,1
agarwaen323,ricebeanus,1
agarwaen323,terrible-author-325,1
aggravating-dot132,malefictekx,1
aggressive_ad7524,celtic_crown,1
aggressive_row_9677,no-examination9266,1
aggressivefeckless,mrali11,1
agile_resource94,malefictekx,1
agilerefuse7986,keepforgettingname6,1
agitated-ticket8812,fragrant-lynx-3559,1
agitated-ticket8812,logical_leader8724,1
agitated-ticket8812,nearby-drawing-249,1
agitated-ticket8812,ok-detail4461,3
agitated-ticket8812,tomirahew,2
agitated-ticket8812,wrong_papaya_8445,1
agitated_dependent54,celtic_crown,3
aguzy,ghost_of_skalitz,1
ahorrlbletime,nordicsleeve98,1
airmanprobie,pitiful_ad_4472,1
airmanprobie,prady87,1
alarming-damage2192,dm_your_thicc_ass,1
alarming_version_865,smrkto,1
alba7or,mulan_solo,1
albibas,fabiofn16,1
albibas,l11l1,1
albibas,nordicsleeve98,1
albireo_9989,pitiful_ad_4472,1
alejandr0t,thexhoonter,1
alela_7789,atomicgearworks1,1
alela_7789,methodadmirable4220,1
alela_7789,sanz_sarcasm,1
alela_7789,suspicious_area_7160,1
alela_7789,thatguyindoom,1
alert-principle-2726,adinternational5277,1
alert-principle-2726,afro_cal,1
alert-principle-2726,aguzy,1
alert-principle-2726,chicoovejagamepl,1
alert-principle-2726,iggloovortex,1
alert-principle-2726,ill-muscle945,1
alert-principle-2726,jumpth,1
alert-principle-2726,professional_boss438,1
alert-rain-9103,theswansays,1
alexshin1,acceptablelock951,1
alexshin1,professional_boss438,1
alexvictor97,typical_stop4677,1
alexw1495,pitiful_ad_4472,1
alexw1495,professional_boss438,1
alexw1495,shawnthemaster,1
alexzas,duelmastr23,1
alita87,mrali11,3
allahuakbar10101,spiritedamphibian114,1
almondahmannalex,andrease03,1
alraky,rude-rule-2727,1
alternative_life1,pitiful_ad_4472,1
altruistic-duty3997,no-examination9266,1
altruistic-tip-4304,nordicsleeve98,1
altruistic-tip-4304,superalloyberserker,1
aluminumgoliath,bttm_in_training,3
americanwitness,terrible-author-325,1
amirali_p_,kiwizoomerr,1
ammie_ferreria,souzeh,1
ammie_ferreria,superalloyberserker,1
amopro,big-examination8554,1
amopro,fragrant-lynx-3559,1
amopro,smrkto,1
amouraxnostagia78,artofizanagi,1
anaishagamestudio,duelmastr23,1
anchors26,familiar_amoeba_8212,1
anderson135267890104,pale_sentence9909,1
andiox,machoogabacho,1
andrealombax,duelmastr23,1
andrealombax,superalloyberserker,1
andrease03,darh1407,1
andrease03,quintilius36,1
androjen31,juche__necromancer,1
andumssssssssss,mulan_solo,1
andymuzik,anti_social-media,1
anexistinglad,embarrassed_trade988,1
angel_dusts20,pitiful_ad_4472,1
angsty_apocolypse,igniscorazon,1
angusdwilliams,professional_boss438,1
animatedluminescence,fluid-tap5115,1
annoying_person42069,kiwizoomerr,1
anntss,baldsweatywraith,1
annual_principle_832,crazynick5586,1
anome97,acceptable-tooth-105,1
anome97,autistic_giraffe2022,1
anome97,baronloyd,1
anome97,certain-nerve-9761,1
anome97,hausmeistermito-o,1
anome97,itzgbby,1
anome97,konskydusic,1
anome97,pr0j3ct_02,1
anome97,professional-law-852,1
anonnnnn462,atomicgearworks1,1
anonnnnn462,averagejun,1
anonnnnn462,fragrant-lynx-3559,1
anonnnnn462,mulan_solo,1
anonnnnn462,objectivepair2707,1
anonnnnn462,system-neither,1
anonssr,dragon1472,1
anonymousestory,shawnthemaster,1
another_saint,malefictekx,1
anti-fanny,bttm_in_training,1
anti-fanny,doublesummon,1
anti-fanny,kh_ram,1
anti-fanny,rxmkha,2
anti_social-media,andymuzik,1
antiqueboysenberry22,pitiful_ad_4472,1
antsinmyeyesjohnson8,pale_sentence9909,1
any_secret4784,hyperfixed,1
anywheregeneral7764,anome97,1
apocalypse_0415,professional_boss438,1
apocalypse_0415,theswansays,1
app1elele,theswansays,1
apprehensivecloud202,bigaids1400,1
appropriate_hat_6844,_r0h1th_,1
appropriate_hat_6844,crazynick5586,2
appropriate_hat_6844,ikwarriors,1
appropriate_hat_6844,samandre14,1
archer2902,rivalempire,1
archive_keeper37,xx_xfubarx_xx,1
arionei,sovelissfiremane,1
arkansas-orthodox,fun-emotion3660,2
arosonom,catobsession7808,1
arosonom,mrali11,1
arrathem,xx_xfubarx_xx,1
arrivederci_gorlami,smeth_killbirds,1
artofizanagi,hyperfixed,1
artofizanagi,sentenza_mpr,1
artorias_erebus679,cartus_killer,1
artoriasabyssking,professional_boss438,1
asetrisk,adinternational5277,1
ashamed-victory-4245,cyberkrevel,1
ashamed-victory-4245,endswithnu,1
ashamed-victory-4245,minimum-platform518,1
ashamed-victory-4245,pfannkuchenw,1
ashamed-victory-4245,zejety,2
ashamed-web-3495,autistic_giraffe2022,1
ashamed-web-3495,averagejun,1
ashamed-web-3495,broserk42,1
ashamed-web-3495,forwardgoldforever,1
ashamed-web-3495,fragrant-lynx-3559,1
ashamed-web-3495,sioluishere,1
ashamed-web-3495,so_rainy,3
ashenknightreborn,professional_boss438,1
ashenknightreborn,smeth_killbirds,1
ashimaru-q,malefictekx,1
ashura_eidolon,k1ng_of_revenge13,1
ashylarry25,fabiofn16,2
ashylarry25,fun-emotion3660,1
ashylarry25,kiwizoomerr,1
ashylarry25,xx_xfubarx_xx,3
asleep-ad7059,kh_ram,1
aspiringadonis,pitiful_ad_4472,2
assignmentvisual5594,cartus_killer,1
assignmentvisual5594,xx_xfubarx_xx,1
assistanthot265,mrali11,1
astewisk,crazynick5586,1
atomicgearworks1,anonnnnn462,1
atomicgearworks1,colefield,1
atomicgearworks1,conscious_tap297,1
atomicgearworks1,knight_aeterna,1
atomicgearworks1,ralseifan,1
atomicgearworks1,samandre14,1
atomicgearworks1,sol_sin_eri-aku,1
attackinggin,forrneus,1
attractedtoghosts,tablesuspicious7182,1
auntarie,zsouls,1
aurafrost,herr-trigger86,1
authoruk,bttm_in_training,1
autistic_giraffe2022,fragrant-lynx-3559,1
autistic_giraffe2022,lexglad,1
automoderator,acceptablelock951,1
automoderator,accomplished_pool922,1
automoderator,dm_your_thicc_ass,1
automoderator,fabiofn16,1
automoderator,fun-emotion3660,1
automoderator,giltcityusa,1
automoderator,kh_ram,1
automoderator,negativelymagnetic,1
automoderator,pleasant-hat-6334,1
automoderator,rxmkha,1
automoderator,slight_ad_5074,1
automoderator,souzeh,1
automoderator,xx_xfubarx_xx,1
avalondarkttar,abramswatson,1
avalondarkttar,pelethar,1
avalondarkttar,ultraphoenix95,1
averagehoarder,boobatitty,1
averagehoarder,duelmastr23,1
averagejun,anonnnnn462,1
averagejun,ashamed-web-3495,1
averagejun,baronloyd,2
averagejun,humbleconversation42,1
averagejun,i3mmarr,1
averagejun,irradiated_gnome,1
averagejun,kh_ram,1
averagejun,leosnake0577,1
averagejun,malefictekx,2
averagejun,momentofzehn,1
averagejun,mrali11,2
averagejun,no-examination9266,1
averagejun,pale_sentence9909,1
averagejun,pitiful_ad_4472,1
averagejun,stronkzer,1
averagejun,waled7rocky,1
aware-news-1344,download_pal,1
awesomeness0104,stronkzer,1
awolfx9,anome97,1
awolfx9,instancenew9305,1
axle69,malefictekx,2
aydashtee,averagejun,1
aydashtee,crazynick5586,2
aydashtee,malefictekx,1
aydashtee,shawnthemaster,1
aye_okami,ancientsquirrel8651,1
aye_okami,malefictekx,1
aymj,samandre14,1
aymj,shadeliquid,1
ayoissathroway,pitiful_ad_4472,1
ayoubkun94,lroy4116,1
ayy223,xx_xfubarx_xx,1
azatras,greatandmightykevins,1
azatras,humbleconversation42,1
azdata_security,stronkzer,1
azrioael,app1elele,1
azzavhar,pleasant-hat-6334,1
b-kong,distinct-office-609,1
b00b_saib0t,a_joan_baez_tattoo,1
b00b_saib0t,stronkzer,1
b_e_e_p_b_o_o_p,no-examination9266,1
bachoonk,efficient_rhubarb_88,1
baconbacksunday,ruafaolgaiscioch,1
balanceshanging,acceptablelock951,1
balanceshanging,cuba_pants,1
balanceshanging,dooshcauqian,1
balanceshanging,mysterious-bet4832,1
balanceshanging,no-examination9266,1
balanceshanging,pale_sentence9909,1
balanceshanging,ravinglt0,1
balanceshanging,shakezilla86,2
baldsweatywraith,calazor0,1
baldsweatywraith,wide_falcon_7901,1
ballingalot,otherwisemei0,1
balor51,justgavinbennett,1
balor51,smeth_killbirds,1
balsco,igniscorazon,1
ban_the_undead1,duelmastr23,1
ban_the_undead1,pitiful_ad_4472,1
bananamelonjuice,artofizanagi,1
banxy85,ill-muscle945,1
banxy85,lexrios,2
banxy85,okweekend6198,1
baron_von_d,abramswatson,1
baron_von_d,radiant-fig-9458,1
baronblue012,pale_sentence9909,1
baronloyd,averagejun,2
baronloyd,fluid_chair8351,1
baronloyd,tablesuspicious7182,1
baronloyd,terrible-author-325,2
bas_thc,smrkto,1
bassguru82,download_pal,1
bassguru82,rohanxi,1
bassistheplace246,typical_stop4677,1
batsmen222,winklevanderlinde,1
bayl0z,chicoovejagamepl,2
bayl0z,duelmastr23,1
bearchr01,no-examination9266,1
beautiful_film2563,cartus_killer,1
beautiful_film2563,no-examination9266,1
beeboycubed,westcoastmcdowellian,1
beerbearbomb,distinct-office-609,1
beginnernaught,shawnthemaster,1
beginning-analyst393,bassguru82,1
beginning-analyst393,fluid_chair8351,2
beginning-analyst393,rude-rule-2727,1
beginning-analyst393,sandman4999,1
beginning-analyst393,the_austrian_artist,1
begun101,pale_sentence9909,1
bella-wthhybl,stronkzer,1
bellefrog,malefictekx,2
bellmonk,kiwizoomerr,1
beneficial-tank-7396,3rdmachina,1
benjvida,no-examination9266,1
beobe714,superalloyberserker,1
beptobismolbutbetter,duelmastr23,1
beptobismolbutbetter,no-examination9266,1
beranir,fabiofn16,2
bertgil423,hyperfixed,1
best-consequence-68,superalloyberserker,1
better-object6578,nordicsleeve98,1
bewarethebeam,fabiofn16,1
beyney,acceptablelock951,1
beyondbaste,celtic_crown,1
biaesplosa666,pale_sentence9909,1
big-examination8554,abramswatson,1
big-examination8554,amopro,1
big-examination8554,fragrant-lynx-3559,1
big_foundation_362,no-examination9266,1
bigaids1400,cardsonthetable02,2
bigaids1400,chemicalmedia6106,2
bigaids1400,glittering-rabbit899,1
bigaids1400,maythesunalwaysshine,1
bigaids1400,monke_enjoyer,2
bigaids1400,phigene,1
bigaids1400,previous-act7323,1
bigaids1400,sharp_government_350,2
bigaids1400,specific-parfait-795,1
bigaids1400,turbulent_pin_9392,2
bigaids1400,zamasu2020,1
bigballsnosack,fragrant-lynx-3559,1
bigballsnosack,professional_boss438,1
bigboi_meatbag,crazynick5586,1
bigboi_meatbag,rambo_calrissian1923,1
bigdaeh,crazynick5586,1
bigrayiii420,sad_clue1018,1
biker_overheaven,malefictekx,1
bill_brasky01,substantial-sea5952,1
biotankboy,fragrant-lynx-3559,1
birdiedahoonter,pitiful_ad_4472,1
bismopepto,objectivepair2707,1
bitemiie,no-examination9266,1
bitter_degree,duelmastr23,1
bjd533,kh_ram,1
bjholmes3,cartus_killer,1
bkf0308,ithinkimlame,1
bkf0308,westphillyfilly,2
blackbatsmom,anonymous_jane_,1
blackbatsmom,ikwarriors,1
blackbatsmom,jusafuto,1
blackbatsmom,nicknamesareconfusng,1
blackbatsmom,ogriofa17,1
blackbatsmom,ttvspitfire,1
blackblade-nex,acceptablelock951,1
blackblade-nex,instancenew9305,1
blackhawkrogueninjax,fluid_chair8351,1
blackhawkrogueninjax,humbleconversation42,1
blacklion9065,pitiful_ad_4472,2
blacksteel_3880,chopsuey537,1
blacksteel_3880,velasqu,1
blackvelvetbliss,no-examination9266,1
blahaj_kell_of_trans,theswansays,1
blakesoner,pale_sentence9909,1
blankcrusader1,calazor0,1
blankcrusader1,joe2822,2
blazeofgloreee,duelmastr23,1
blighttowncitizen,no-examination9266,2
blxcktxe,no-examination9266,1
bobarctor44,the_fucking_doctor,1
bobblee20,victorianscorpion,1
bobbyc8754,bassguru82,1
bobsparksbsforshort,pale_sentence9909,1
bojackludwig,da7mii,1
bojackludwig,hamlerhead,1
bojackludwig,shawnthemaster,1
bolski66,dm_your_thicc_ass,1
boltron_blu,obsessivegamer32,1
bom360,fluid_chair8351,1
boobatitty,averagehoarder,2
bork9128,defiant-purchase868,2
bosskiller2112,mrali11,1
bossuter,theevilestartichoke,1
bossuter,tiredgrass27,1
bostonrob423,rathosalpha,1
both-juggernaut9230,chopsuey537,1
both-juggernaut9230,keepforgettingname6,1
both-prize-2986,coraclaw,2
both-prize-2986,duelmastr23,1
bottledouble8544,no-examination9266,1
boty_boi2370,bobbyc8754,1
bowserthebomb,pitiful_ad_4472,1
bowshatter,afterglow882,1
boxman21-,fluid_chair8351,1
boxman21-,glittering-rabbit899,1
brandonmont182,terrible-author-325,1
breakfastburglar,celtic_crown,1
breakfastburglar,momentofzehn,1
breakfastburglar,smeth_killbirds,1
breakfastburglar,superalloyberserker,1
brez800,adinternational5277,1
brez800,testingbrokengadgets,1
brianrampage,stronkzer,1
brief-ad5774,fluid_chair8351,1
brief-ad5774,funsohng,1
brief-ad5774,thiqcoq,2
brief-ad5774,typical_stop4677,1
brief_bug_,agitated-ticket8812,1
brief_bug_,terryke,1
brief_bug_,thiamatthedestroyer,2
brilove945,ettreddittroll,1
brilove945,facelesshumanface,3
brilove945,malefictekx,1
brimfromhyattcourt2,anome97,1
brimfromhyattcourt2,calazor0,1
brimfromhyattcourt2,captain_crumpet47,1
brimfromhyattcourt2,filipino_spice,1
bro-im-done,souzeh,1
brodeyquest,fragrant-lynx-3559,1
brodeyquest,superalloyberserker,1
brodeyquest,the_fucking_doctor,2
brodeyquest,training_strike2687,1
brokenlandmine,oldmanregret,1
bromknight,crazynick5586,1
broserk42,ashamed-web-3495,1
broserk42,azatras,1
broserk42,ca_waves,1
broserk42,cardsonthetable02,1
broserk42,celtic_crown,1
broserk42,fragrant-lynx-3559,1
broserk42,jaylaud,1
broserk42,momentofzehn,2
broserk42,mrali11,3
broserk42,noblehalo,2
broserk42,repulsive_doubt_8504,2
broserk42,so_rainy,3
broserk42,superalloyberserker,1
broserk42,thatgalaxyskin,1
broserk42,xmandri,1
broserk42,zamasu2020,1
brushedtundra36,anome97,1
brushedtundra36,ketizke,1
brushedtundra36,shawnthemaster,1
bttm_in_training,aluminumgoliath,3
bttm_in_training,anti-fanny,1
bttm_in_training,authoruk,2
bttm_in_training,delicious-air7396,1
bttm_in_training,ithinkimlame,1
bttm_in_training,jason1004,3
bttm_in_training,lexglad,1
bttm_in_training,mfluder63,1
bttm_in_training,sikedpsyc,1
bttm_in_training,thegoodcaptain13,1
bttm_in_training,trollwithabishai,2
bttm_in_training,youngbuddi,2
bud_bones,no-examination9266,1
bud_bones,professional_boss438,1
budzergo,virtual_fix9931,1
bunny117,anome97,1
bunny117,pitiful_ad_4472,1
bunny117,shawnthemaster,1
bunny_hops11,theswansays,1
burdened_by_btech212,pitiful_ad_4472,2
business-armadillo35,professional_boss438,1
butterfly-cluster,no-examination9266,1
butterfly-cluster,ralseifan,1
butterflyno521,pale_sentence9909,1
butters1013,cardsonthetable02,1
butters1013,electricalbricklayer,1
buttoneyes98,averagejun,1
buttspencer2137,interesting-speed736,2
buttspencer2137,kh_ram,1
buttspencer2137,spiritual-bear3066,1
buzzard41,professional_boss438,1
bvrdy,embarrassed_trade988,1
c0smic_lizard,emerald_digger,1
c0smic_lizard,pinkkushthedank,1
c0smic_lizard,scary-ad4471,1
ca_waves,calazor0,1
ca_waves,captain_crumpet47,1
ca_waves,fluid_chair8351,1
ca_waves,negativelymagnetic,2
ca_waves,professional_boss438,1
ca_waves,qcpezcore,1
ca_waves,terrible-author-325,1
ca_waves,various-complex-2192,1
ca_waves,westcoastmcdowellian,3
cadaclysm,terrible-author-325,1
caiomrobeiro,substantial-sea5952,1
calamit4s,smeth_killbirds,1
calazor0,acceptable-tooth-105,1
calazor0,baldsweatywraith,1
calazor0,blankcrusader1,1
calazor0,brief_bug_,1
calazor0,ca_waves,1
calazor0,captain_crumpet47,1
calm-service2585,igniscorazon,1
cameronkc09,abrams_warthog,1
candid_ladder_2147,dm_your_thicc_ass,1
capital-value8479,currentmeat9490,1
capital-value8479,dreamcazman,1
capital-value8479,kiwizoomerr,1
capital-value8479,machoogabacho,1
capital-value8479,stronkzer,1
capricorn9924,professional_boss438,1
captain_crumpet47,bttm_in_training,1
captain_wavy666,mrali11,2
captainknottz,turbulent_relative70,1
capybaradlvry,bassguru82,1
capybaradlvry,juche__necromancer,1
carapils14,fabiofn16,1
carbonera99,celtic_crown,4
carbonera99,hyperfixed,1
carbonera99,jeoxs,1
cardsonthetable02,bigaids1400,1
cardsonthetable02,lord_nightraven,1
cardsonthetable02,so_long_astoria,2
cardsonthetable02,substantial-sea5952,4
careful-border-3273,fabiofn16,1
careful-thanks1788,acceptablelock951,1
careful-thanks1788,no-examination9266,1
careful-thanks1788,pitiful_ad_4472,2
careless-platform-80,acceptablelock951,1
careless-platform-80,no-examination9266,1
careless-platform-80,pale_sentence9909,1
careless_apricot_697,vhsodre,1
carelessad5822,typical_stop4677,1
cassiusgray,fabiofn16,2
catobsession7808,star3ruby3,1
catsiannyandor,duelmastr23,1
cauliflowerstrong220,hyperfixed,1
celestialcimmerian,methodadmirable4220,2
celtic_crown,3rdmachina,2
celtic_crown,aggressive_ad7524,1
celtic_crown,agitated_dependent54,2
celtic_crown,baron_von_d,1
celtic_crown,breakfastburglar,1
celtic_crown,broserk42,1
celtic_crown,carbonera99,2
celtic_crown,defiant-purchase868,5
celtic_crown,endswithnu,1
celtic_crown,fletcher-wordy,1
celtic_crown,jolly-case-7190,2
celtic_crown,kanzyn,2
celtic_crown,malefictekx,1
celtic_crown,maralde63,1
celtic_crown,negativelymagnetic,1
celtic_crown,no-lingonberry2543,1
celtic_crown,pelethar,1
celtic_crown,playful-tangerine274,2
celtic_crown,professional_boss438,1
celtic_crown,raloris,2
celtic_crown,rxmkha,3
celtic_crown,terryke,1
celtic_crown,turbulent_pin_9392,1
celtic_crown,xmandri,1
certain-nerve-9761,alert-principle-2726,1
certain-nerve-9761,anome97,2
certain-nerve-9761,ca_waves,1
certain-nerve-9761,deadriderofdead,1
certain-nerve-9761,eirineftis,2
certain-nerve-9761,exculpation,1
certain-nerve-9761,healersheal,1
certain-nerve-9761,illustrious-bit-5441,2
certain-nerve-9761,ironstark113,1
certain-nerve-9761,jobekkah,2
certain-nerve-9761,konskydusic,1
certain-nerve-9761,lainlain,1
certain-nerve-9761,mission-sleep-3825,1
certain-nerve-9761,oofer420,4
certain-nerve-9761,shoddy-tune3998,1
certain-nerve-9761,so_long_astoria,2
certain-nerve-9761,yaboi4666,7
certain-nerve-9761,yogintoki26,2
certain-nerve-9761,zeman0205,1
ch-mouser,crazynick5586,1
chaldeamashu,acceptablelock951,1
championshiphorror95,malefictekx,1
championshipok1358,brief_bug_,1
championshipok1358,no-examination9266,1
championshipok1358,sundae-school,1
chaosvii_pso2,ravinglt0,1
chaotic_cy,huntersfuneral,1
chargingwookie,duelmastr23,1
chargingwookie,traditional-lie-3541,1
charnamelessone,juche__necromancer,1
cheese4every1,duelmastr23,1
cheese4every1,kiwizoomerr,1
cheesecake1734,ok-detail4461,2
cheesycheese01,crazynick5586,1
chefjunior4337,cartus_killer,1
chemicalmedia6106,bigaids1400,2
chernoboggo,crass-ely-,1
cherry_dreams_6,theswansays,1
chickie69,superalloyberserker,1
chicoovejagamepl,afro_cal,1
chicoovejagamepl,alert-principle-2726,1
chicoovejagamepl,bayl0z,2
chicoovejagamepl,duelmastr23,1
chiliwithbean,duelmastr23,1
chiliwithbean,sanrobot,1
chin0crix,crazynick5586,1
chlorophyllmatic,defiant-purchase868,4
chlorophyllmatic,due-firefighter5771,1
chlorophyllmatic,fragrant-lynx-3559,1
chlorophyllmatic,superalloyberserker,1
chlorophyllmatic,yikkizh,1
choicehuckleberry918,bigaids1400,1
choosingpoorlyftw,2injuries4heatstroke,1
chrisnolliedelves,slychansf,3
chromecosmonaut,instancenew9305,1
chroniclesofsarnia,theswansays,1
chronobolt77,_r0h1th_,1
chronobolt77,gulliblecommittee667,1
chronobolt77,lexhcaulfield,1
chronobolt77,nagash321,1
chronobolt77,pitiful_ad_4472,1
chronobolt77,zealousidealbox3944,1
chunkyfunkyrunky,ancientsquirrel8651,1
chuzcoles,no_uh3,2
chuzcoles,pitiful_ad_4472,1
cinder999,stronkzer,1
cirman,stakesishigh516,1
cirrusdash,pleasant-hat-6334,1
cisco-nintendoswitch,embarrassed-cat-9864,1
civil_bat1473,superalloyberserker,1
civilmath812,holyerr0r,1
ck1ing,substantial-sea5952,1
clickshot,striking_ad2188,1
clintmcelroyofficial,obiwancannoli69,1
cloud11092,pale_sentence9909,1
cloudykuma,topimpadove,1
coathanger_abortions,numerousdinner3006,1
cobras_chairbug,captain_crumpet47,1
cobras_chairbug,certain-nerve-9761,1
cobras_chairbug,dragon1472,1
cobras_chairbug,zubermans,1
cocacolanepobaby,the_austrian_artist,1
coddyapp,ancientsquirrel8651,1
codenamemyke,celtic_crown,1
coldwargodlol,ettreddittroll,1
colefield,atomicgearworks1,2
colefield,ettreddittroll,1
colefield,slight_ad_5074,1
colonelderp,calazor0,1
colorovfire,noshinare_nira,1
colorovfire,quick-decision-8474,1
colorovfire,separate-bag2415,1
comiccon,sol_sin_eri-aku,1
commazim,pitiful_ad_4472,2
commercial-low-153,zeman0205,1
commercialcontext289,fragrant-lynx-3559,1
competitive-ad-4055,professional_boss438,1
competitive-row6376,crass-ely-,1
confectionlong,superalloyberserker,1
confectionlong,thenekokatze,1
confident-vanilla-28,fragrant-lynx-3559,1
confident-vanilla-28,smeth_killbirds,1
conget,neosoul08,1
consistent-tap-4255,treebeardsama,1
constant-mongoose515,superalloyberserker,1
constant-research422,no-examination9266,1
cookiereptile,duelmastr23,1
cookiereptile,ear_cheese,1
cookiereptile,fluid_chair8351,1
cookiereptile,nighttarot,1
cooljohn231,kiwizoomerr,1
cooljohn231,pale_sentence9909,1
coraclaw,both-prize-2986,1
coraclaw,mission-sleep-3825,2
coraclaw,no_barber4339,1
coraclaw,typical_stop4677,1
coraclaw,yaboi4666,1
coraclaw,zaeor_the_gold,1
correct_stay_6948,duelmastr23,1
cousbooze,professional_boss438,1
cptgigglez,madmax1513,1
cranberry_juice_01,anonssr,1
cranberry_juice_01,brief_bug_,1
cranfabulous,cartus_killer,1
cranfabulous,mrali11,1
crasherpistol,accomplished_pool922,1
crashtard,samandre14,1
crass-ely-,dm_your_thicc_ass,1
crass-ely-,littlemaintenance874,1
crass-ely-,melonfrog,1
crass-ely-,mrali11,2
crass-ely-,no-examination9266,2
crass-ely-,objectivepair2707,1
crass-ely-,sp1kefallsteve,1
crass-ely-,thealmightychanka,1
crazicalcgm,pale_sentence9909,1
crazynick5586,annual_principle_832,1
crazynick5586,appropriate_hat_6844,1
crazynick5586,equalglittering,3
crazynick5586,flyinrhyno,1
crazynick5586,gloveable1736,2
crazynick5586,hoodedkr0w,1
crazynick5586,jimmyjames0100,1
crazynick5586,one_bet9863,1
crazynick5586,rambo_calrissian1923,1
crazynick5586,shokedxzap,1
crazynick5586,voce_narrante,2
crazynick5586,zainta,1
creepernsidelink,fragrant-lynx-3559,1
crem_flandango,gloveable1736,1
criminallyloony,historicgamer18,1
cringe_1031,malefictekx,1
crishofer,no-examination9266,1
crooked_cricket,no-examination9266,1
crtwenty,gingerlyrough,1
crtwenty,terryke,1
crunchy-leaf,brief-ad5774,1
crunchy-leaf,l11l1,1
crunchy-leaf,mulan_solo,1
crunchy-leaf,ok-enthusiasm-255,1
crunchy-leaf,samandre14,1
crunchy-leaf,stronkzer,1
crunchy-leaf,wrong_papaya_8445,2
cs-10,sir_mutambo,1
cthulhua90,smeth_killbirds,1
cuackduck,professional_boss438,1
cuba_pants,balanceshanging,1
cumbojumbo,duelmastr23,1
curious_ad2011,rude-rule-2727,1
curious_criticism445,no-examination9266,1
currentmeat9490,capital-value8479,2
cute_yesterday_2288,artofizanagi,1
cute_yesterday_2288,no-examination9266,1
cutestepbro,professional_boss438,1
cyb3r5ku11,chicoovejagamepl,1
cyber_yaksha,juche__necromancer,1
cyberchivalry,embarrassed_trade988,1
cyberkrevel,ashamed-victory-4245,2
cyberout47,no-examination9266,1
d4c_,no-examination9266,1
da7mii,acceptablelock951,1
da7mii,yikkizh,1
dagulsky,various-complex-2192,1
dailydescent,samandre14,1
daltron3001,jagenigma,1
daltron3001,ravinglt0,1
daniel21020,charnamelessone,1
danielh1204,duelmastr23,1
danmsauro,jeoxs,1
dante4sparda,instancenew9305,1
daoj91,khaleesi_dany_t,1
darealkrkchnia,averagejun,1
darh1407,h1veleader,3
darh1407,meatmybeat42069,1
darh1407,waytoodan,2
dariusstrada,duelmastr23,1
dark1402,anome97,1
darkangelmeg,mastery7pyke,1
darkk_vox,duelmastr23,1
darkknight8381,no-examination9266,1
darkkuroi1,pitiful_ad_4472,1
darkprince_007,afro_cal,1
darkprince_007,averagehoarder,1
darksidert,andrease03,1
darksidert,noshinare_nira,1
darksidert,separate-bag2415,2
darkstools,no-examination9266,1
darkstools,possible-unit-6608,1
darth_shao-lin,professional_boss438,1
darthgodemperor,discipleofdeceit666,1
darthomix,definitionbusy4769,1
dashendirekt,crazynick5586,1
dasummerofgeorge,pale_sentence9909,1
dat_scrub,pale_sentence9909,1
dataveindevil,westcoastmcdowellian,1
davidsgundams,duelmastr23,1
davidsgundams,glittering-rabbit899,1
davidsgundams,leather_ad1887,1
day-grand,fragrant-lynx-3559,1
dbam44,gulliblecommittee667,1
dboutch,crazynick5586,1
ddom1203,malefictekx,1
dduru12,double-ad-1482,1
deadriderofdead,konskydusic,1
deadriderofdead,scary-ad4471,3
deathkreator18,duelmastr23,1
deboard1967,theswansays,1
defalt404,ingloriousblaster,1
defalt404,professional_boss438,1
defeated_drow,aydashtee,1
defeated_drow,zanemob_,1
defenseform,ricebeanus,1
defiant-purchase868,bork9128,1
defiant-purchase868,celtic_crown,4
defiant-purchase868,chlorophyllmatic,4
defiant-purchase868,hopeful_meeting_7248,1
defiant-purchase868,key-storm-9781,1
defiant-purchase868,lucky_louch,3
defiant-purchase868,maximum_gur_5388,3
defiant-purchase868,used_candidate7042,1
defiant-purchase868,worldly_strategy9312,5
definitionbusy4769,lesservalkyrie,1
degenerateshikikan,mrali11,2
dekutree13,redhmangaiha,1
delicious-air7396,bttm_in_training,1
delicious-air7396,joe2822,1
delicious_effect_838,hamlerhead,1
delicious_effect_838,shartingsoldier,3
demascusred,duelmastr23,1
dementedarego_fish,brief_bug_,1
demonheart146,no-examination9266,1
dependent_solution37,crazynick5586,1
depressed_tarnished,dm_your_thicc_ass,1
depressed_tarnished,qcpezcore,2
derpatoffice,aymj,1
derpatoffice,luxisaudron,1
derpatoffice,saintsxd,1
desert-seagull,schmoolecka,1
desert-seagull,typical_stop4677,1
desert-seagull,xx_xfubarx_xx,1
desert_walker267,kiwizoomerr,1
designer_band2416,irradiated_gnome,1
desperate-project-69,no-examination9266,1
desperate-quarter-65,coldwargodlol,1
destinyistodie,ralseifan,1
deva_way,h1veleader,3
deva_way,waytoodan,1
dhanilow15,professional_boss438,1
dia_eli,stronkzer,1
diamondborealis,drizzitdude,1
diamondborealis,rambo_calrissian1923,1
differenceplenty772,bigaids1400,1
differenceplenty772,pale_sentence9909,1
differencepretend,professional_boss438,1
differencepretend,superflik,1
differencepretend,the_fucking_doctor,3
different-address-79,no-examination9266,1
different-set8042,no-examination9266,1
different_beach_2917,duelmastr23,1
difficult-spirit3808,no-examination9266,1
diglett3,no-examination9266,1
dildobaggins4663,hearts-heroes,1
dingleburry315,wonderful_cress_4652,1
dingushanglebort,hyperfixed,1
dino_cvn,theswansays,1
direct_town792,luffykent,1
direct_town792,pale_sentence9909,1
disasterpiece420,duelmastr23,1
disastrous-air9768,coldwargodlol,1
disastrous-art7134,afro_cal,1
discipleofdeceit666,mrali11,1
discipleofdeceit666,smeth_killbirds,1
disciplinedmadness,double-ad-1482,2
disciplinedmadness,thelastdarkwingduck,1
distinct-office-609,leosnake0577,1
distinct-office-609,samandre14,1
distinct-office-609,thgamingsquad,1
dm_your_thicc_ass,accomplished_pool922,1
dm_your_thicc_ass,alarming-damage2192,1
dm_your_thicc_ass,gavaboo,1
dm_your_thicc_ass,incurious_jettsy,1
dmls666,duelmastr23,1
donnystorm,pashanina,1
donnystorm,samandre14,1
dontpeeoncarl,pale_sentence9909,1
donttouchit17,anome97,1
dontwannabehere5,radiant-fig-9458,1
dontwannabehere5,theswansays,1
doonerthesooner,acceptablelock951,1
doonerthesooner,ravinglt0,1
dooshcauqian,balanceshanging,1
double-ad-1482,disciplinedmadness,1
double-ad-1482,duelmastr23,1
doublesummon,anti-fanny,1
doublesummon,gumby_p,1
doublesummon,juche__necromancer,1
doublesummon,pitiful_ad_4472,4
doublesummon,rxmkha,3
doublesummon,sol_sin_eri-aku,1
doughnutstrange9824,fragrant-lynx-3559,1
douglasdamm,alert-rain-9103,1
doviculus24,smeth_killbirds,1
download_pal,_afterburner0_,1
download_pal,bassguru82,1
download_pal,rohanxi,1
dr_just_some_guy,pharaoh23-,1
dr_just_some_guy,shawnthemaster,1
dracoapprentice9,accomplished_pea5717,1
drag0nflame76,duelmastr23,1
dragonmz,leosnake0577,1
drakeskulled_reaper,pale_sentence9909,1
drama-weekly,chronobolt77,1
dramatic_rabbit3269,topimpadove,1
drazian,pale_sentence9909,1
drdre19899,grenadeleg,1
drdre19899,professional_boss438,1
dreamboatm,pale_sentence9909,1
dreamcazman,kiwizoomerr,1
dreddeadshinobi,fine_ad_255,1
dreddeadshinobi,wild_brilliant559,1
drhorrible-26,madmax1513,1
drhorrible-26,malefictekx,2
drizzitdude,afterglow882,1
drizzitdude,certain-nerve-9761,1
drizzitdude,diamondborealis,1
drizzitdude,fragrant-lynx-3559,2
drizzitdude,haunting-draft-632,2
drizzitdude,lord_nightraven,7
drizzitdude,nordicsleeve98,1
drjubei,pitiful_ad_4472,1
drkrffxx,baronloyd,1
drkshape,no-examination9266,1
drose349,freagwen,1
drumsndweed93,fun-emotion3660,3
drumsndweed93,instancenew9305,1
drumtome2,acceptable-tooth-105,1
drumtome2,duelmastr23,1
dry-huckleberry-6282,flatwormlost3358,1
dry-huckleberry-6282,i3mmarr,1
dry-introduction-491,souzeh,1
due-firefighter5771,chlorophyllmatic,1
due_conversation9589,allahuakbar10101,1
dukepookie,no-examination9266,1
dukepookie,pitiful_ad_4472,1
dullahan_knight,anome97,1
dust514fan,kiwizoomerr,1
dustybunnie14,pitiful_ad_4472,1
dustybunnie14,stronkzer,1
dutydazzling4648,captain_crumpet47,1
dutydazzling4648,no-examination9266,1
dynast_king_,pitiful_ad_4472,1
e457on3,duelmastr23,1
e_xotics,hamptont2010,1
ear_cheese,cookiereptile,1
early_emu_5798,numerousdinner3006,1
eastern-pace7070,crass-ely-,1
eastern_repeat3347,shawnthemaster,1
eat_play_masterbate,crazynick5586,1
eclorian,superflik,1
economy_set_314,gloomy_ad_2185,2
economy_set_314,uncomfortableanswers,1
ecstatic-let-7677,falcormoor,1
edapanda,kchan7777,1
edindzeko1,frankbouch,1
educational_act_4237,pale_sentence9909,1
effem38,typical_stop4677,1
efficient-resist-831,accomplishedpath5172,1
efficient-resist-831,kairo_04,2
efficient-resist-831,malefictekx,1
efficient_ant_7279,duelmastr23,1
efficient_ant_7279,superalloyberserker,1
efficient_rhubarb_88,prettytoeslikeahoe,1
eirineftis,certain-nerve-9761,2
eirineftis,drizzitdude,1
el_galant,terrible-author-325,1
elden_wang,afro_cal,1
elden_wang,t4tgrill,1
electrical-car-2482,duelmastr23,1
electrical-car-2482,pale_sentence9909,1
electrical-rain-4251,pale_sentence9909,1
electricalbricklayer,lucky_louch,1
electricalbricklayer,olympiaimperial,1
electricalstore8271,instancenew9305,1
electricalstore8271,stronkzer,1
electricalstore8271,typical_stop4677,1
elegant_amphibian363,mrali11,1
elfarmax,lord_nightraven,1
elfarmax,shadeslayer2112,1
eligamer3645,averagehoarder,1
elle_0,smeth_killbirds,1
ellie_celestial,nicoznya,2
elmu678,regkat,2
elmu678,superalloyberserker,1
elsuperinutil,knight_aeterna,1
elunesprodigy,tech_galaxy2,1
elyonadanthir,thegodskin,1
em222ri22ki,no-examination9266,1
embarrassed-cat-9864,instancenew9305,1
embarrassed-cat-9864,momentofzehn,1
embarrassed-pay3250,azatras,1
embarrassed_plant497,fonzalonz,2
embarrassed_shake281,rep2019,1
emerald_digger,accomplishedpath5172,1
emmalita_huntress,chicoovejagamepl,1
emml_,beranir,1
emolch78,stronkzer,1
emolch78,the_fucking_doctor,1
endswithnu,ashamed-victory-4245,2
endswithnu,celtic_crown,1
ensaru4,dm_your_thicc_ass,1
ensaru4,sheth1984,1
entire_mouse_1055,no-examination9266,1
environmental-ad3110,fun-statement9619,1
environmental_will82,jdl03,1
environmentalride900,dm_your_thicc_ass,1
enxchiol,pitiful_ad_4472,1
equal-country3302,leosnake0577,1
equal-country3302,phantasosx,1
equal-dragonfly-1244,ogriofa17,1
equalglittering,crazynick5586,3
equivalent_rock_6530,duelmastr23,1
erekkudla,professional_boss438,1
ergotthae,instancenew9305,1
ergotthae,ironstark113,2
ergotthae,pale_sentence9909,1
erisnoir1,larrymoudes,1
erkenwald217,eastern-pace7070,1
erkenwald217,no-examination9266,1
erkenwald217,zamasu2020,1
eryade-the0821,thiqcoq,1
es21007,justasimplewanderer,3
eschus2,fluid_chair8351,1
esemvii,wonderful_cress_4652,1
esnake113,tonyroh100876,1
eternalanrete,artofizanagi,1
eternallust13,no-examination9266,1
ettreddittroll,adamjeff,1
ettreddittroll,brilove945,1
ettreddittroll,cardsonthetable02,1
ettreddittroll,cartus_killer,1
ettreddittroll,coldwargodlol,1
ettreddittroll,hamlerhead,1
ettreddittroll,haunting-draft-632,1
ettreddittroll,humbleconversation42,1
ettreddittroll,imocaris,1
ettreddittroll,juche__necromancer,1
ettreddittroll,malefictekx,1
ettreddittroll,mission-sleep-3825,2
ettreddittroll,nordicsleeve98,1
ettreddittroll,nos9684,1
ettreddittroll,so_long_astoria,1
ettreddittroll,substantial-sea5952,1
ettreddittroll,zejety,2
euan343,superalloyberserker,1
ev768,anome97,1
ev768,journey2thaeast,1
evolvedcactus19,pale_sentence9909,1
exaggeratedpw,fluid_chair8351,1
exaltedblade666,cartus_killer,1
excalibur90210,fabiofn16,2
exculpation,achira_boy_95,1
exodusfailsafe,dontwannabehere5,1
exodusfailsafe,hyperfixed,1
exodusfailsafe,karmicrotal0,1
exodusfailsafe,pale_sentence9909,1
exodusfailsafe,typical_stop4677,1
exodusfailsafe,vankakt,2
expensive-meat9395,acceptablelock951,1
expensive_ad_8450,pitiful_ad_4472,1
expensive_past_9430,kh_ram,1
explosive_dynamitko,acceptablelock951,1
extension_future5001,smeth_killbirds,1
extension_idea8651,tonyroh100876,1
external_paramedic20,no-examination9266,1
ez_ildor,malefictekx,1
ezben,pale_sentence9909,1
fabiofn16,beranir,2
fabiofn16,cassiusgray,1
fabiofn16,frankbouch,2
fabiofn16,monkegoesbrbrb,2
fabiofn16,zeman0205,2
facelesshumanface,brilove945,3
facelesshumanface,feng_smith,1
facetiousbeard,methodadmirable4220,1
fairest_opinion158,anome97,1
falcon-excellent,terrible-author-325,1
falconoflight777,anonymous_jane_,1
falconoflight777,superalloyberserker,1
falconoverall7166,kiwizoomerr,1
falcormoor,mrcowabs,1
falcormoor,the_fell_opian,1
falcormoor,thedregn,1
faloin67,pitiful_ad_4472,2
familiar_amoeba_8212,the_old_workout_plan,1
fantasticacadia5819,mrali11,3
fastenedcarrot,anome97,1
fate_lind,no-examination9266,1
fearless-dust-2073,typical_stop4677,1
fearless-dust-2073,veryangrydoggo,1
fearless_quail4105,thgamingsquad,1
feeling_tennis_8495,no-examination9266,1
felth88,cardsonthetable02,1
felth88,immrr0b0t0,1
feltmez,pelethar,1
feng_smith,facelesshumanface,1
feng_smith,kairo_04,1
feng_smith,malefictekx,1
fenrircoyote,ancientsquirrel8651,1
fenrircoyote,saltytrex_,1
ferfykins,substantial-sea5952,1
fewhovercraft2996,pale_sentence9909,1
fewprofit2320,duelmastr23,1
fickle-cress-3407,no-examination9266,1
fideriti,thgamingsquad,1
fierce-gaia,no-examination9266,1
filipino_spice,night_stalker652,1
filteredgenius,adinternational5277,1
final_werewolf_7586,artofizanagi,1
final_werewolf_7586,fragrant-lynx-3559,1
final_werewolf_7586,malefictekx,1
final_werewolf_7586,typical_stop4677,1
financial_half_6741,unclegolem,1
fine_ad_255,wild_brilliant559,3
fine_cut1542,ok-detail4461,1
fishing-for-birdie93,pitiful_ad_4472,1
fit-firefighter8752,aydashtee,1
fit-firefighter8752,fun-statement9619,1
fit-firefighter8752,pleasant-hat-6334,2
fit_technician8455,no-examination9266,1
flaky-motor-8142,aaliyah_of_space,1
flame_surfboards,no-examination9266,1
flamebaited,accomplished_pool922,2
flashy_degree_3633,upper-horse3808,1
flatwormlost3358,dry-huckleberry-6282,1
flatwormlost3358,lord_nightraven,3
fletcher-wordy,celtic_crown,1
flightless_i_guess,terrible-author-325,1
flint_vorselon,journey2thaeast,1
flippo6969,crazynick5586,1
fluffy_somewhere4305,jffr363,1
fluffywuffyvolibear,holyerr0r,1
fluid-tap5115,lichy757,2
fluid-tap5115,malefictekx,1
fluid-tap5115,prune_terrible,1
fluid_chair8351,beginning-analyst393,3
fluid_chair8351,that_standard8266,2
fluid_chair8351,tobiasyuki,1
flyingfuckingretard,substantial-sea5952,1
flyinrhyno,_r0h1th_,1
flyinrhyno,crazynick5586,2
fnordcol,mikeymikesh,1
fnordcol,professional_boss438,1
fondue4kill,baronloyd,1
fondue4kill,cartus_killer,1
fonktron3000,duelmastr23,1
fonzalonz,embarrassed_plant497,2
foolingaroundtown,malefictekx,1
foreign-flight-7531,lexhcaulfield,1
foreign-flight-7531,no-examination9266,1
foreign-membership-3,kh_ram,1
former_hat_6890,mulan_solo,1
forrneus,superalloyberserker,1
forsaken_market5985,pitiful_ad_4472,1
forsakenentity,professional_boss438,1
fortrattatouille,coldwargodlol,1
forwardgoldforever,journey2thaeast,3
foxhead666,sol_sin_eri-aku,1
fragrant-lynx-3559,agitated-ticket8812,1
fragrant-lynx-3559,azatras,1
fragrant-spirit-5428,dekutree13,1
frankbouch,anome97,1
frankbouch,beranir,1
frankbouch,fabiofn16,1
frankbouch,scary-ad4471,1
frankbouch,thexhoonter,1
frankiid,no-examination9266,1
frankypro14,superalloyberserker,1
frenzied_anarchist,luffyspants,1
frequent-magician866,ok-childhood-8724,2
frequent-magician866,small_bipedal_cat,1
freyalster,mrali11,2
friendlylog2171,smeth_killbirds,1
frings08,literalsans,1
front-explanation308,ravinglt0,1
frostbaka,lone-frequency,1
frostbaka,scalesghost,1
frostbaka,tiredgrass27,1
frosty-carry9606,instancenew9305,1
frosty_silver389,samandre14,1
fryingpanlover,pale_sentence9909,1
fugginipad,angsty_apocolypse,1
fugginipad,souzeh,1
fullmetalcos,noirproxy1,1
fullmetalcos,nordicsleeve98,1
fullnatural8187,mikeymikesh,1
fullview360,no-examination9266,1
fullymoistcookie,averagejun,1
fun-emotion3660,_heathcliff_,1
fun-emotion3660,arkansas-orthodox,1
fun-emotion3660,cyberzed11,1
fun-emotion3660,drumsndweed93,2
fun-emotion3660,ecstatic-let-7677,1
fun-emotion3660,ill-muscle945,1
fun-emotion3660,js_originals,1
fun-emotion3660,medinovzky,1
fun-emotion3660,no_presence_318,1
fun-emotion3660,photographstrange285,2
fun-emotion3660,professor_jefe,1
fun-emotion3660,scary-ad4471,1
fun-emotion3660,soft-illustrator1300,1
fun-emotion3660,strxd,1
fun-emotion3660,the_fell_opian,1
fun-emotion3660,upstairsnose,3
fun-statement9619,environmental-ad3110,1
fun-statement9619,fit-firefighter8752,1
fun-statement9619,maverickjoe17,1
fun-statement9619,mavrickindigo,1
fun_agency2771,recent-hamster7930,1
funwolf333,pitiful_ad_4472,1
futaba_medjedp5r,instancenew9305,1
futaba_medjedp5r,veryangrydoggo,1
fwdslashdash,no-examination9266,1
fwufikins,blackbatsmom,1
fyl_bot,no-examination9266,1
fyrise,no-examination9266,1
g0rdomaster,shawnthemaster,1
g_schatten,ketizke,1
gabitheprogrammer,haunting-draft-632,1
gabitheprogrammer,maralde63,1
gailardiag,crazynick5586,1
galactuswill,upper-horse3808,1
gallantxthief,terrible-author-325,1
gallifrey_lord,kh_ram,1
gamelifeofficial,no-examination9266,1
gamer0613,duelmastr23,1
gamercat20,crazynick5586,1
gamergramps62,samandre14,1
gamerton123,duelmastr23,1
gamesbrainiac,no-examination9266,1
gamesbrainiac,thgamingsquad,1
ganelo-san,rustyxktown,1
garguno,futaba_medjedp5r,1
garionorb,the_fucking_doctor,1
garynevilleisared,davidsgundams,1
garynevilleisared,no-examination9266,1
gaschlerm,xx_xfubarx_xx,1
gavaboo,dm_your_thicc_ass,1
gavaboo,no-examination9266,1
gaymerguy47,duelmastr23,1
gdjoe,instancenew9305,1
gdjoe,shawnthemaster,1
gentle_jock,typical_stop4677,1
geosel,mrali11,2
gg-679,no-examination9266,1
gg-679,typical_stop4677,1
gh0stofearth,fun-statement9619,1
ghanaguy404error,rudney_dongerfield,1
ghost20097,rare-day-1492,1
ghost_of_skalitz,agitated-ticket8812,1
ghost_of_skalitz,anonymous_jane_,1
ghost_of_skalitz,cartus_killer,1
ghost_of_skalitz,samandre14,1
ghost_of_skalitz,smeth_killbirds,1
gillygoblin,pale_sentence9909,1
gingerlyrough,charnamelessone,1
gingerlyrough,dailydescent,1
gingerlyrough,defeated_drow,1
giorgos_vast_26,pelethar,1
giorgos_vast_26,superalloyberserker,1
glass-mushroom7163,ok-detail4461,1
glena92,momentofzehn,1
glitchyguy_404,itzgbby,1
glitchyguy_404,pitiful_ad_4472,3
glittering-rabbit899,bigaids1400,1
glittering-rabbit899,fragrant-lynx-3559,1
gloomy_ad_2185,cartus_killer,1
gloomy_ad_2185,economy_set_314,1
gloomy_ad_2185,immrr0b0t0,1
gloomy_ad_2185,souzeh,1
gloveable1736,crazynick5586,3
gloveable1736,maythesunalwaysshine,1
gloveable1736,nometal427,1
gloveable1736,smeth_killbirds,1
gmbrother,madmax1513,1
gmbrother,pale_sentence9909,1
goatrealistic2102,thebonesae,1
godtier-69,shinyabsoleon,1
goldfishpony,baronloyd,1
goldfishpony,designer_band2416,1
goldfishpony,prettytoeslikeahoe,1
goldfishpony,suspicious_area_7160,1
gon_snow,averagehoarder,1
gordonthecat,superalloyberserker,1
gotacoolname,xx_xfubarx_xx,1
graham47_,duelmastr23,1
grand-function-2081,duelmastr23,1
grand-lemon-1532,samandre14,1
greatandmightykevins,azatras,1
grenadeleg,drdre19899,1
grenadeleg,torquebow,1
griffinhimself,prior-outcome6956,1
grimgrincorpseborn,fun-emotion3660,1
grimmchild22,wonderful_cress_4652,1
grimreefer213,gumby_p,1
gronstalker12,lord_nightraven,1
grotesquelyobese,superalloyberserker,1
grotesquelyobese,wise-key-3442,1
grotesquelyobese,wrong_papaya_8445,1
growiemowie,electricalbricklayer,1
grumpyghost00,freagwen,1
guaridadegoro099,acceptablelock951,1
guitarjunkie1980,acceptablelock951,1
guitarjunkie1980,kingxdmnd,1
guitarjunkie1980,spork-in-your-rye,1
gullible-buy-6278,anome97,1
gulliblecommittee667,crass-ely-,1
gulliblecommittee667,the_fucking_doctor,1
guninho141,qcpezcore,1
guninho141,ravinglt0,1
guppie_xtreme,ronimushines,1
gurru222,igniscorazon,1
gutsthe_chad,anome97,1
h1veleader,darh1407,3
h1veleader,deva_way,3
h1veleader,fabiofn16,1
h1veleader,itzgbby,2
h1veleader,lord_majima,1
h4v0c7848,averagejun,1
hadern_77,flatwormlost3358,1
hadesdivision,topimpadove,1
halyoran,duelmastr23,1
halyoran,falcormoor,1
hamlerhead,acceptablelock951,2
hamlerhead,delicious_effect_838,1
hamlerhead,hyperfixed,1
hamlerhead,mission-sleep-3825,1
hamptont2010,e_xotics,1
hamptont2010,the_fucking_doctor,1
handofsargeras,crazynick5586,1
hansthescurvyboi,duelmastr23,1
hansthescurvyboi,pleasant-hat-6334,1
haroldperidolle,professional_boss438,1
harverydent,no-examination9266,1
hassan_dislogical,mrali11,1
hasyahshin,pelethar,1
hasyahshin,shadeliquid,1
haunting-draft-632,lord_nightraven,1
hausmeistermito-o,anome97,1
hausmeistermito-o,anonymous_jane_,1
hausmeistermito-o,senior-squidoo,1
hazardtree,malefictekx,1
healersheal,shoddy-tune3998,1
healersheal,smeth_killbirds,1
healthy-ad6851,acceptablelock951,1
healthy-ad6851,expensive-meat9395,1
hearts-heroes,dildobaggins4663,1
hearts-heroes,phoenix0fredd,1
hearts-heroes,sir_mutambo,1
heartsinharmony,adinternational5277,1
heated13shot,xx_xfubarx_xx,1
heavy_chains,smeth_killbirds,1
heavy_designer5940,wotan69,2
heavy_play_7339,ketizke,1
heavy_rate1582,no-examination9266,1
heavyarms3111,averagejun,1
hefty-field-4024,no-examination9266,1
helioshorribledude,lunaticdancer,1
hellyeahlesgo,terrible-author-325,1
hentaimaster501,abrams_warthog,1
hermitking91,fluid_chair8351,1
hermitking91,malefictekx,1
herr-trigger86,weeross87,1
hesjustacook,fun-emotion3660,1
hesjustacook,smeth_killbirds,1
hiddenmango522,the_fucking_doctor,1
hidoraart,ketizke,1
hihellome,fragrant-lynx-3559,1
hihellome,griffinhimself,1
hihellome,special_mulberry_182,1
hippiebathday,pelethar,1
hispanic_titantic03,smeth_killbirds,1
historicgamer18,abyssalmidir,1
hollowcap456,thexhoonter,1
hollowsi,superalloyberserker,1
holyerr0r,rare-day-1492,1
holyknightpozo,hot_bookkeeper_8512,1
hoodedkr0w,crazynick5586,2
hoodedkr0w,glittering-rabbit899,1
hopeful_meeting_7248,defiant-purchase868,1
hot_bookkeeper_8512,duelmastr23,1
hot_bookkeeper_8512,typical_stop4677,1
hotneighbor420,stronkzer,1
housesniper,fluid_chair8351,1
houstonastros1980,broserk42,1
houstonastros1980,jagenigma,1
houstonastros1980,scary-ad4471,1
hugo_t4,duelmastr23,1
humble-pie3060,no-lingonberry2543,1
humbleconversation42,accomplishedsource84,1
humbleconversation42,azatras,1
humbleconversation42,baronloyd,1
humbleconversation42,blackhawkrogueninjax,2
humbleconversation42,hyperfixed,1
humbleconversation42,ill_confidence_7342,1
humbleconversation42,pelethar,1
humbleconversation42,prettytoeslikeahoe,1
humbleconversation42,sad_clue1018,1
humbleconversation42,special_mulberry_182,1
humbleconversation42,tablesuspicious7182,1
humbleconversation42,thealmightychanka,1
huntersfuneral,1cysn1p3r,1
huntersfuneral,shawnthemaster,1
hurtf33lings,fluid_chair8351,1
hurtf33lings,professional_boss438,1
hush_1984,no-examination9266,1
hush_and_sleep,pale_sentence9909,1
hyperfixed,abyss_watcher_,1
hyperfixed,adinternational5277,1
hyperfixed,any_secret4784,2
hyperfixed,artofizanagi,1
hyperfixed,averagejun,1
hyperfixed,baronloyd,1
hyperfixed,bertgil423,1
hyperfixed,defiant-purchase868,1
hyperfixed,dingushanglebort,1
hyperfixed,embarrassed_trade988,1
hyperfixed,equivalent-pay-4247,1
hyperfixed,exodusfailsafe,1
hyperfixed,forrneus,1
hyperfixed,hamlerhead,2
hyperfixed,humbleconversation42,1
hyperfixed,journey2thaeast,2
hyperfixed,ketizke,1
hyperfixed,littleartistboyo,1
hyperfixed,lord_nightraven,1
hyperfixed,malefictekx,1
hyperfixed,nordicsleeve98,2
hyperfixed,pashanina,3
hyperfixed,saltytrex_,3
hyperfixed,substantial-sea5952,1
hyperfixed,suspicious_area_7160,1
hyperfixed,terrible-author-325,1
hyperfixed,thealmightychanka,1
hyperfixed,tomirahew,1
hyperfixed,vankakt,1
hyperion_9,baronloyd,1
i_am_a_pan_fear_me,lexhcaulfield,1
iamspareuserperson,aerodynamicbeats,1
iamspareuserperson,afterglow882,2
iamspareuserperson,alternative_life1,1
iamspareuserperson,doublesummon,1
iamspareuserperson,pitiful_ad_4472,1
iamspareuserperson,rxmkha,1
iamspareuserperson,sharpenedperspective,3
iamspareuserperson,souzeh,1
iamspareuserperson,yogintoki26,1
iamthelibrary,flatwormlost3358,1
iamwolfe_fu-red_it,typical_stop4677,1
iarcticfire,ketizke,1
iareprogrammer,rxmkha,1
icirian_lazarel,fluid-tap5115,1
icy-macaron-2534,fluid_chair8351,1
iggloovortex,afro_cal,1
ignarian96,terrible-author-325,1
igniscorazon,abramswatson,1
igniscorazon,angsty_apocolypse,1
iguanabewithyou,marraneitor69,1
ihaveaquesttoattend,tonyhallx,1
ihax4snax,resident-papaya5585,2
ikatashy,no-examination9266,1
ikwarriors,blackbatsmom,1
ikwarriors,nicknamesareconfusng,1
ikwarriors,zamasu2020,1
ilikekittensandstuf,upper-horse3808,1
ill-muscle945,fun-emotion3660,1
ill-muscle945,substantial-sea5952,1
ill-muscle945,xx_xfubarx_xx,1
ill_confidence_7342,fluid_chair8351,1
illokonereum,im_alzaea,1
illokonereum,pitiful_ad_4472,1
illokonereum,superalloyberserker,1
illustrious-bit-5441,certain-nerve-9761,2
illustrious-bit-5441,lucky_louch,2
illustrious-bit-5441,saver_spenta_mainyu,1
ilovespagety,mrali11,1
ilovespagety,professional_boss438,1
im_alzaea,waytoodan,2
im_chris_james,pale_sentence9909,1
imaginary-ground6401,crazynick5586,1
immrr0b0t0,gloomy_ad_2185,1
imocaris,substantial-sea5952,1
impassable_banana,no-examination9266,1
impossible-sky4256,no-examination9266,1
impossible_kale2886,averagejun,1
impossible_kale2886,pale_sentence9909,1
impressive-sun-9332,brianrampage,1
impressive-sun-9332,richyrich723,1
imupoffadatthang,no-examination9266,1
imustbust,samandre14,1
incurious_jettsy,dm_your_thicc_ass,1
incurious_jettsy,fragrant-lynx-3559,1
incurious_jettsy,typical_stop4677,1
independencedear92,professional_boss438,1
independentcash8767,crazynick5586,1
inevitable_bobcat742,fragrant-lynx-3559,1
infernalbam,pitiful_ad_4472,1
infinite-ad786,theswansays,1
infinite_ad_3897,samandre14,1
inflatable_bridge,zubermans,1
ingloriousblaster,defalt404,2
ingloriousblaster,limgravelogger,1
inmate9000,crazynick5586,1
inmerens,mrali11,1
inner_alarm_4049,duelmastr23,1
innuendobot5001,chlorophyllmatic,1
innuendobot5001,hyperfixed,1
innuendobot5001,malefictekx,1
innuendobot5001,mythikhal,1
insanelysmart,immrr0b0t0,1
insanitycrimson,no-examination9266,1
insanitycrimson,the_fucking_doctor,1
inside_cod7111,baronloyd,1
instancenew9305,chromecosmonaut,1
instancenew9305,drumsndweed93,1
instancenew9305,embarrassed-cat-9864,1
instancenew9305,scary-ad4471,1
instinctualize,artofizanagi,1
intelligent_war8054,typical_stop4677,1
interesting-land6413,no-examination9266,1
interesting-pause749,sheth1984,1
interesting-speed736,buttspencer2137,1
interesting-speed736,kh_ram,1
interesting_hyena805,ivanoho,1
internetindividual81,pitiful_ad_4472,1
inv4der_x_zimmx2,pitiful_ad_4472,1
iommiisgod666,bigboi_meatbag,1
ironlord20,pitiful_ad_4472,1
ironstark113,ashamed-victory-4245,1
ironstark113,certain-nerve-9761,1
ironstark113,ergotthae,1
ironstark113,substantial-sea5952,1
ironstark113,thiqcoq,1
irpforfun,theswansays,1
irradiated_gnome,-soggy-potato-,2
irradiated_gnome,andrease03,1
irradiated_gnome,averagejun,2
irradiated_gnome,designer_band2416,1
irradiated_gnome,deva_way,1
irradiated_gnome,no-examination9266,1
irradiated_gnome,samandre14,1
irradiated_gnome,westcoastmcdowellian,1
isaacmagalhaes,willing-rip-2852,1
isaaczoldyck95,maralde63,1
isc_arias,duelmastr23,1
itaylor04,fragrant-lynx-3559,1
itaylor04,sad-event6847,1
itaylor04,thatguyindoom,1
itgohard,captain_crumpet47,1
ithinkimlame,bkf0308,1
ithinkimlame,numerousdinner3006,2
ithinkimlame,saneneanderthall,1
its_marz,oldmanregret,1
its_marz,smeth_killbirds,1
itsanart,the_humeister,1
itsshaggymf,acceptable-tooth-105,1
itzgbby,h1veleader,2
itzgbby,silcoofzaun,1
iukmus,gutsthe_chad,1
ivanoho,acceptablelock951,1
ivanoho,interesting_hyena805,1
izanagi32,app1elele,1
izzyus_champion_9483,no-examination9266,1
j0j0388,gulliblecommittee667,1
j0j0388,pitiful_ad_4472,1
jachyra4,crazynick5586,1
jagenigma,daltron3001,1
jagenigma,houstonastros1980,1
jagenigma,madmax1513,1
jagenigma,professor_boaty,1
jagenigma,rabbitslayre,1
jakes331,rattlehead_69,1
jandrovenger181,hyperfixed,1
jareddrake86,averagehoarder,1
jareddrake86,chicoovejagamepl,1
jareddrake86,fluid_chair8351,1
jareddrake86,gutsthe_chad,1
jaristic,anonymous_jane_,1
jarkous224,otakraft,1
jarpwanderson,mindlessly-scrolling,1
jaruxius,radiant-fig-9458,1
jaruxius,samandre14,1
jason1004,averagejun,1
jason1004,bttm_in_training,3
jason1004,separate-bag2415,1
jay_daewi,terrible-author-325,1
jaydeebottom,turbulent_relative70,1
jayj9nine,duelmastr23,1
jaylightning230,designer_band2416,1
jaypexd,acceptablelock951,1
jaypexd,duelmastr23,1
jaypexd,odd-weird508,1
jcthd,no-examination9266,1
jdl03,bigboi_meatbag,1
jdl03,mostpopularpenguin,1
jealous_kick_7880,shawnthemaster,1
jecct91,da7mii,1
jefe_wizen,duelmastr23,1
jefe_wizen,no-examination9266,1
jenliv36,stronkzer,1
jenn_ftw,leather_ad1887,1
jenzinstate,no-examination9266,1
jenzinstate,rivenley,1
jeoxs,strxd,1
jerry2556,pitiful_ad_4472,2
jffr363,ancientsquirrel8651,1
jhoney1,averagejun,1
jim-mack-16,duelmastr23,1
jimmyjames0100,crazynick5586,2
jimmyjames0100,glittering-rabbit899,1
jimmyjames0100,mrali11,1
jimmyjames0100,thgamingsquad,1
jinz-o,noshinare_nira,1
jinz-o,shawnthemaster,1
jiryathia,azatras,1
jiryathia,the_fucking_doctor,1
jklemeshov,tonyroh100876,1
jobekkah,certain-nerve-9761,2
joe2822,blankcrusader1,1
joe2822,cuzcril,1
joe2822,kickinator1998,1
joe2822,leprofessionelracist,1
joe2822,mrbluepumpkin,1
joe_6699,acceptablelock951,1
joe_6699,cartus_killer,1
joe_6699,qcpezcore,1
joeyflowz84,mrali11,1
jolly-case-7190,anome97,1
jolly-case-7190,celtic_crown,3
jolly-case-7190,duelmastr23,1
jolly-case-7190,mindlessly-scrolling,1
jolly-case-7190,terrible-author-325,1
jollylink,acceptablelock951,1
jollylink,lord_nightraven,1
jonathangoss183,anome97,1
jordanfarq2,acceptable-tooth-105,1
joshualukacs1,acceptablelock951,1
joshualukacs1,wonderful_cress_4652,1
journey2thaeast,ev768,1
journey2thaeast,flint_vorselon,1
journey2thaeast,forwardgoldforever,3
journey2thaeast,fragrant-lynx-3559,1
journey2thaeast,hyperfixed,1
journey2thaeast,leosnake0577,1
journey2thaeast,livid-airline2563,3
journey2thaeast,mrali11,1
journey2thaeast,sciencemaniac245,2
jplion123,malefictekx,1
juche__necromancer,gulliblecommittee667,1
juche__necromancer,mindstormer98,1
jugeboss,theswansays,1
juggler_ghost,pitiful_ad_4472,2
jujuuyuyu,fragrant-lynx-3559,1
jujuuyuyu,pitiful_ad_4472,1
julikrpr93,kiwizoomerr,1
jumpbeautiful6889,nicoznya,1
jumpingcrow,mrali11,2
jumpth,smeth_killbirds,1
junior_activity_5011,kiwizoomerr,1
jusafuto,upper-horse3808,1
just-a-guyyyyyy,no-examination9266,1
just_a_anime_fan,pitiful_ad_4472,1
justasimplewanderer,es21007,2
justasimplewanderer,pitiful_ad_4472,3
justasmallwarpstorm,itzgbby,1
justgavinbennett,balor51,1
jxa66,samandre14,1
jxa66,uncomfortableanswers,1
k00ls0x,chroniclesofsarnia,1
k00ls0x,godofqunts,1
k00ls0x,haunting-draft-632,1
k00ls0x,the_fucking_doctor,1
k00ls0x,tobiasyuki,3
k1ng_of_revenge13,acceptablelock951,1
k1ng_of_revenge13,ashura_eidolon,1
k1ng_of_revenge13,no-examination9266,1
k1ng_of_revenge13,pale_sentence9909,1
k1ng_of_revenge13,superalloyberserker,1
kai_wen22,pale_sentence9909,1
kaiju-special-sauce,professional_boss438,1
kairo_04,efficient-resist-831,2
kairo_04,feng_smith,1
kairo_04,littleoperation4597,1
kairo_04,malefictekx,1
kairo_04,maralde63,1
kairo_04,superalloyberserker,1
kairoshs,igniscorazon,1
kaitivere,superalloyberserker,1
kaitotheramenbandit,gronstalker12,1
kaitotheramenbandit,slychansf,1
kakaarottt,no-examination9266,1
kalbalinor,malefictekx,1
kalimut,averagejun,1
kalimut,professional_boss438,1
kalxto,no-examination9266,1
kamui_han,crazynick5586,1
kamui_han,meawman,1
kanyewon2020,sanz_sarcasm,1
kanzyn,celtic_crown,2
kar_kar444,professional_boss438,1
kar_kar444,xx_xfubarx_xx,1
karmicrotal0,theswansays,1
karmicrotal0,veryangrydoggo,1
kashkadavr,andrease03,1
kchan7777,tech_galaxy2,1
kdogeric84,fluffywuffyvolibear,1
kdogeric84,professional_boss438,1
kdogeric84,zoldycksaiyan,1
keepforgettingname6,agilerefuse7986,1
keepforgettingname6,vz3r0,1
keerin,no-examination9266,1
kehrplaste,pitiful_ad_4472,1
kerakk19,captain_crumpet47,1
kerakk19,uncomfortableanswers,1
ketchupmaster009,no-examination9266,1
key-storm-9781,defiant-purchase868,1
key_row_632,no-examination9266,1
kh_ram,lesservalkyrie,1
kh_ram,no-examination9266,2
khalman,souzeh,1
kianhr104,madcrabrave,1
kianhr104,the_austrian_artist,1
kickinator1998,joe2822,1
kidd_ikarus,stronkzer,1
killer-klown1204,charnamelessone,1
king_arachnid99,typical_stop4677,1
kingdomkey12601,so_long_astoria,1
kingdomovguts,smeth_killbirds,1
kingoftrans,professional_boss438,1
kingxdmnd,huntersfuneral,1
kingxdmnd,shawnthemaster,1
kinkyamra,no-examination9266,1
kira887,shawnthemaster,1
kissitandwink,xx_xfubarx_xx,1
kittatro,aaliyah_of_space,1
kitty_kisses2,juche__necromancer,1
kiwinatingwizard,reload701,1
kiwizoomerr,amirali_p_,1
kiwizoomerr,cooljohn231,1
kiwizoomerr,neosoul08,1
knight_aeterna,atomicgearworks1,1
konskydusic,certain-nerve-9761,1
kont2ku,lord_nightraven,1
kont2ku,treebeardsama,1
kovz88,ricebeanus,1
kratos_1-048596,pale_sentence9909,1
kratos_1-048596,xx_xfubarx_xx,1
krellington,pitiful_ad_4472,1
krellington,superalloyberserker,1
kreu2009,littlemaintenance874,1
kurumi_tokisaki_simp,bigaids1400,1
kurumi_tokisaki_simp,no-examination9266,1
l0rd_azrael,iggloovortex,1
l0serpr0_,terrible-author-325,1
l11l1,quintilius36,1
ladyhks,leosnake0577,1
ladykazura,anome97,1
ladykazura,gulliblecommittee667,1
lainlain,certain-nerve-9761,1
laptop-hdx,pale_sentence9909,1
latter-rate-5036,kh_ram,1
lazarpopi,kh_ram,1
lazarpopi,sad_clue1018,1
lazyraptor7,sphickthos,1
lazysleepe,terrible-author-325,1
lbcmoswant3d,mrali11,1
lbd119,the_fucking_doctor,1
le_egg3,juche__necromancer,1
leafburgerz,scary-ad4471,1
leather_ad1887,davidsgundams,1
legitimate-bet-8331,theswansays,1
lejust_twist_4955,sea_construction947,1
lengthilegsfabulous3,malefictekx,1
leonard-church2,defiant-purchase868,1
leonidaspera,interesting-speed736,1
leonidaspera,kh_ram,1
leorob88,superflik,1
leosnake0577,tgerz,1
lepnutty,davidsgundams,1
lepontif11,literalsans,1
lepontif11,noblehalo,1
lepontif11,orimis,1
lepontif11,phistykups,1
lesservalkyrie,electricalbricklayer,1
lesservalkyrie,hyperfixed,1
lesservalkyrie,no-examination9266,2
lesuperhun,sad_finding3342,2
lesuperhun,spiritjuice,1
lesuperhun,ted_rid,1
letthemlive,striking-ad6524,1
leviathanhamster,duelmastr23,1
lexglad,autistic_giraffe2022,1
lexglad,bttm_in_training,2
lexglad,neptuneblue19,1
lexhcaulfield,juche__necromancer,1
lexrios,banxy85,3
libtheologyconnolly,_iome,1
lichy757,fluid-tap5115,3
liesofp-modteam,acceptablelock951,1
liesofp-modteam,due-firefighter5771,1
liesofp-modteam,rude-rule-2727,2
liesofp-modteam,yaboi4666,1
life-thing4124,mrali11,1
life_temperature795,instancenew9305,1
light_pro2313,terrible-author-325,1
likkleone54,no-examination9266,1
lilzey7,anywheregeneral7764,1
limgravelogger,equivalent-pay-4247,1
limgravelogger,ingloriousblaster,1
limgravelogger,professional_boss438,1
lindbluete,sol_sin_eri-aku,2
link10103,pale_sentence9909,1
little-marionberry-5,i3mmarr,1
littleartistboyo,kalbalinor,1
littleartistboyo,leosnake0577,1
littleartistboyo,malefictekx,1
littleartistboyo,pitiful_ad_4472,2
littleartistboyo,saltytrex_,1
littlebitafraid,virtual_fix9931,1
littlemaintenance874,crass-ely-,1
littlemaintenance874,crazynick5586,1
littlemaintenance874,kreu2009,1
littlemaintenance874,terryke,1
littleoperation4597,fluid_chair8351,1
littleoperation4597,kairo_04,1
littleoperation4597,lexhcaulfield,1
littleoperation4597,nicknamesareconfusng,1
littlestpetshopboy,mrali11,2
livelaughlogic,glittering-rabbit899,1
livid-airline2563,journey2thaeast,4
living_unit_5453,noshinare_nira,1
lkasjdf0,pizzaguy1977,1
llllll3glte,scared_confidence_13,1
llllll3glte,space_shuttle07,1
llllll3glte,the_fucking_doctor,1
logangrey1673,duelmastr23,1
logical_leader8724,agitated-ticket8812,1
lone-frequency,frostbaka,1
lone-frequency,gingerlyrough,1
lone-frequency,pale_sentence9909,1
lone-frequency,scalesghost,1
lone-frequency,substantial-sea5952,1
lone-frequency,uninsuredrisk,1
lonely-form9585,doublesummon,1
lonely-form9585,fluid_chair8351,1
lonely-form9585,westcoastmcdowellian,1
lonelychell,shawnthemaster,1
longandwindingrhode,the_joestartechnique,1
loquaciousmendacious,brimfromhyattcourt2,1
lord-gehrman,dekutree13,1
lord_despairagus,mostpopularpenguin,1
lord_majima,itzgbby,1
lord_nightraven,a_joan_baez_tattoo,1
lord_nightraven,adorable_caramel_825,1
lord_nightraven,averagejun,1
lord_nightraven,cardsonthetable02,2
lord_nightraven,drizzitdude,4
lord_nightraven,flatwormlost3358,3
lord_nightraven,fragrant-lynx-3559,1
lord_nightraven,gronstalker12,1
lord_nightraven,haunting-draft-632,1
lord_nightraven,no-examination9266,1
lord_nightraven,noirproxy1,2
lord_nightraven,pitiful_ad_4472,1
lord_nightraven,scholeszz,3
lord_nightraven,shadeslayer2112,1
lord_nightraven,sintachi123,1
lord_nightraven,sir_mutambo,1
lord_nightraven,soexartorias,1
lord_nightraven,spiritual_network805,1
lord_nightraven,terrible-author-325,1
lord_nightraven,ttvspitfire,1
lord_nightraven,typical_stop4677,1
lord_nightraven,veryangrydoggo,1
lord_nightraven,willing-rip-2852,1
lordavocador121,tiredjob,1
lorddonnos,cartus_killer,1
lost_nthe_sauce,duelmastr23,1
lostsoulno1981,kiwizoomerr,1
lostsoulno1981,no-examination9266,2
low-education1349,typical_stop4677,1
lower-pipe2589,davidsgundams,1
lpedraja2002,superalloyberserker,1
lrexyl,terryke,1
lroy4116,any_secret4784,1
lubedupnoob,anonymous_jane_,1
lubedupnoob,pleasant-hat-6334,2
lubedupnoob,sea_construction947,1
lucastreet,mrali11,2
lucifer32336,no-examination9266,1
lucky_louch,acceptable-tooth-105,1
lucky_louch,acceptablelock951,1
lucky_louch,baldsweatywraith,1
lucky_louch,crazynick5586,2
lucky_louch,cuzcril,1
lucky_louch,defiant-purchase868,3
lucky_louch,dekutree13,1
lucky_louch,electricalbricklayer,2
lucky_louch,glittering-rabbit899,1
lucky_louch,i3mmarr,1
lucky_louch,igniscorazon,1
lucky_louch,illustrious-bit-5441,3
lucky_louch,ironstark113,1
lucky_louch,l11l1,1
lucky_louch,madmax1513,2
lucky_louch,mrali11,1
lucky_louch,ralseifan,1
lucky_louch,rudney_dongerfield,1
lucky_louch,sad_clue1018,1
lucky_louch,superalloyberserker,1
lucky_louch,turbulent_relative70,2
lucky_louch,webaccount25,1
lucky_louch,wotan69,1
luckyblueguy,fun-statement9619,1
luckynumber-bot,cirrusdash,1
luckysounds,celtic_crown,1
luffykent,mulan_solo,1
luffyspants,juche__necromancer,1
lunai5444,anome97,1
lunai5444,no-examination9266,1
lunai5444,professional_boss438,1
lunarando57,no-examination9266,1
lunarhostility,shinyabsoleon,2
lunaticdancer,terrible-author-325,1
lurieelcari,dm_your_thicc_ass,1
lutius-a1c,phistykups,1
luxisaudron,theevilestartichoke,1
lyfesugsdye,samandre14,1
lyfesugsdye,smeth_killbirds,1
lyfesugsdye,thenekokatze,2
m0bron,lolmysterior,1
m_o_d_leon,acceptablelock951,1
m_o_d_leon,pitiful_ad_4472,1
m_o_d_leon,superalloyberserker,1
macaroni_ho,blankcrusader1,1
macdaddyremade,dm_your_thicc_ass,1
macdonalds-micmac,pale_sentence9909,1
machoogabacho,capital-value8479,1
machoogabacho,mrali11,1
machoogabacho,tmntvsfurby,1
macpzesst,curious_ad2011,1
madcrabrave,kianhr104,1
madcrabrave,the_austrian_artist,1
madmaticus,kh_ram,1
madmax1513,cptgigglez,1
madmax1513,lucky_louch,1
madvillains,tonyroh100876,1
magic_walabi,grenadeleg,1
main-background,accomplishedsource84,1
main-background,lucky_louch,1
main-background,sharp_store_6628,1
main-background,thatll-do,1
main-background,zanemob_,1
major-dig655,yikkizh,1
malabingo,malefictekx,2
maleficent-yogurt514,crazynick5586,1
malefictekx,aaliyah_of_space,1
malefictekx,accomplished_pea5717,1
malefictekx,aggravating-dot132,1
malefictekx,anome97,1
malefictekx,axle69,1
malefictekx,baronloyd,1
malefictekx,bellefrog,1
malefictekx,brilove945,1
malefictekx,championshiphorror95,1
malefictekx,crazynick5586,1
malefictekx,cringe_1031,1
malefictekx,drhorrible-26,2
malefictekx,forrneus,1
malefictekx,hermitking91,1
malefictekx,malabingo,2
malefictekx,odd_whis,1
malefictekx,oh_doyle,1
malefictekx,oldmanregret,1
malefictekx,pale_sentence9909,1
malefictekx,prune_terrible,1
malefictekx,rigeltheraptor,1
malefictekx,sentenza_mpr,1
malefictekx,so_long_astoria,1
malefictekx,themaxtero,1
malefictekx,veldur_mothram,1
malefictekx,warp_legion,2
malixhous,app1elele,1
malixhous,only-success5798,1
malixhous,terrible-author-325,1
mammoth-attempt-7316,the_fucking_doctor,1
manwalkingupsidedown,pitiful_ad_4472,1
marco050199,afro_cal,1
marcos_9-11,baronloyd,1
marcos_9-11,theswansays,1
marinervalleyaudio,no-examination9266,1
marios_facade,broserk42,1
marraneitor69,baronloyd,1
marrslow,ketizke,1
marshallmattersnot,gingerlyrough,1
masamune28590,pale_sentence9909,1
masoncblevins,maythesunalwaysshine,1
mastagibbetts,ravinglt0,2
mastery7pyke,no-examination9266,1
mate626,blahaj_kell_of_trans,1
material-one3874,professional_boss438,1
mattchamp98,l11l1,1
mattemattics117,malefictekx,1
mattzee_,fun_agency2771,1
maverickjoe17,fun-statement9619,1
mavrickindigo,fun-statement9619,1
max_orangeblue,pitiful_ad_4472,1
max_orangeblue,plasmatiic,1
maxdragonslayer,keepforgettingname6,1
maxhaydenchiz,redditrejectedmyname,1
maximum_gur_5388,defiant-purchase868,3
maximum_gur_5388,glittering-rabbit899,1
maximum_gur_5388,smeth_killbirds,1
maximum_gur_5388,tablesuspicious7182,1
maximum_gur_5388,tonyroh100876,1
mcconde99,i3mmarr,1
mccuish,davidsgundams,1
mccuish,dementedarego_fish,1
mccuish,malefictekx,1
mccuish,megagamer432,1
mccuish,mrcowabs,1
mccuish,professional_boss438,1
meatmybeat42069,andrease03,1
meatmybeat42069,no-examination9266,1
meawman,substantial-sea5952,1
medical-paramedic800,fluid_chair8351,1
medical-paramedic800,mastery7pyke,1
medical-paramedic800,no-examination9266,1
medical-paramedic800,pelethar,1
medicallow9797,mrali11,1
medinovzky,fun-emotion3660,1
megagamer432,mccuish,1
megamanx195,nicccccccccccc,2
megantron1998,ketizke,1
meggido2k3,no-examination9266,1
meggido2k3,prior-outcome6956,1
meghdoot_memes,fabiofn16,1
meghdoot_memes,professional_boss438,1
meghdoot_memes,xx_xfubarx_xx,1
melancholyfrog_,malefictekx,1
melodic-hat-2875,nos9684,1
melonfrog,crass-ely-,1
meme-enthusiast420,charnamelessone,1
memelordo_owo,crazynick5586,1
meolla_reio,fragrant-lynx-3559,1
meowjoker,prior-outcome6956,1
mercuryf0x,regkat,1
metalgoat9,dm_your_thicc_ass,1
methodadmirable4220,celestialcimmerian,1
methodadmirable4220,facetiousbeard,1
methodadmirable4220,instancenew9305,1
methodadmirable4220,mrdudeguy420,1
methodadmirable4220,no-examination9266,1
methodadmirable4220,no-permission1716,1
mfawsk,no-examination9266,1
mfluder63,ancientsquirrel8651,1
mfluder63,bttm_in_training,1
mfluder63,kh_ram,1
mfluder63,rivalempire,1
mfluder63,smeth_killbirds,1
mharrisggg,no-examination9266,1
mharrisggg,professional_boss438,1
michael1023jr,knight_aeterna,1
michael_braham,mrali11,1
miel120,virama,1
miel120,xx_xfubarx_xx,1
mikisayaka33,juche__necromancer,1
mikisayaka33,thiqcoq,2
mikko420,crazynick5586,1
milesdl92,duelmastr23,1
mindlessly-scrolling,anome97,1
mindlessly-scrolling,suspicious_area_7160,1
mindstormer98,juche__necromancer,2
minimum-platform518,ashamed-victory-4245,1
mirageofstars,stronkzer,1
mission-sleep-3825,coraclaw,2
mission-sleep-3825,ettreddittroll,1
mission-sleep-3825,fabiofn16,1
mission-sleep-3825,hyperfixed,1
mission-sleep-3825,konskydusic,1
mission-sleep-3825,sharp_government_350,2
mister_utopia,malefictekx,1
mkanes,professional_boss438,1
mkanes,zoldycksaiyan,1
mkmischief,crazynick5586,1
mmarkusz97,juche__necromancer,1
mo_mo1,stronkzer,1
mojoryan2003,overall-doctor-6219,1
mokod0,pale_sentence9909,1
momentofzehn,broserk42,2
momentofzehn,embarrassed-cat-9864,1
momentofzehn,fragrant-lynx-3559,1
momentofzehn,xxxarkhamknightsxxx,1
monke_enjoyer,bigaids1400,2
monkegoesbrbrb,fabiofn16,2
monkegoesbrbrb,thexhoonter,1
montysrevenge,mrali11,1
moppre,no-examination9266,1
mostpopularpenguin,ill-muscle945,1
motor_medium6281,cartus_killer,1
mountain968,dm_your_thicc_ass,1
mountain968,fragrant-lynx-3559,1
mouselyng5,duelmastr23,1
mr_biscuithead,smeth_killbirds,1
mrali11,_dank_souls,1
mrali11,abrams_warthog,1
mrali11,aggressivefeckless,1
mrali11,alita87,3
mrali11,arosonom,1
mrali11,assistanthot265,1
mrali11,averagejun,2
mrali11,bosskiller2112,1
mrali11,broserk42,3
mrali11,captain_wavy666,1
mrali11,cranfabulous,1
mrali11,crass-ely-,1
mrali11,degenerateshikikan,2
mrali11,discipleofdeceit666,1
mrali11,elegant_amphibian363,1
mrali11,fantasticacadia5819,2
mrali11,freyalster,1
mrali11,geosel,2
mrali11,hassan_dislogical,1
mrali11,ilovespagety,1
mrali11,inmerens,1
mrali11,joeyflowz84,1
mrali11,journey2thaeast,1
mrali11,jumpingcrow,1
mrali11,littlestpetshopboy,1
mrali11,lucastreet,2
mrali11,machoogabacho,1
mrali11,michael_braham,1
mrali11,montysrevenge,1
mrali11,mrdannn,1
mrali11,noblehalo,2
mrali11,notenoughtime4it,1
mrali11,nousevaangel,1
mrali11,ok-enthusiasm-255,3
mrali11,oldassgamer808-,1
mrali11,pandanielusmaximus,2
mrali11,peedagon311,2
mrali11,pr0j3ct_02,1
mrali11,radiantvariation50,8
mrali11,rappyfan,1
mrali11,realistic-layer6001,2
mrali11,rombopterix,1
mrali11,saleen12121212,1
mrali11,sharp_government_350,1
mrali11,sideeyeswide,2
mrali11,silversnakebtr,1
mrali11,skylarka91,1
mrali11,stanislas_biliby,1
mrali11,star3ruby3,1
mrali11,sticky_h,1
mrali11,suqmadiq63,2
mrali11,suspicious-bowl-1508,5
mrali11,svarcanum,6
mrali11,the_old_workout_plan,1
mrali11,thedadthatgrills,1
mrali11,tracelupo,4
mrali11,tropicalspritee,9
mrali11,voidofsin,1
mrali11,zamasu2020,2
mranxiolytic,educational_act_4237,1
mrbigc83,prettytoeslikeahoe,1
mrblank_0,duelmastr23,1
mrbluepumpkin,dildobaggins4663,1
mrcowabs,falcormoor,1
mrcowabs,jaylaud,1
mrcowabs,no-examination9266,1
mrdannn,bunny117,1
mrdannn,mrali11,1
mrdudeguy420,methodadmirable4220,1
mrdudeguy420,theswansays,1
mrfatherlord,substantial-sea5952,1
mrfpv116,knight_aeterna,1
mrheadshot0,smeth_killbirds,1
mrlightninbolt,pitiful_ad_4472,1
mrmetalhead-343,professional_boss438,1
mrtt3,averagejun,1
mrtt3,quick-decision-8474,1
mrtt3,sanz_sarcasm,1
mrtt3,unclegolem,1
muhammadrayan_1,typical_stop4677,1
mukuchi,konskydusic,1
mulan_solo,luffykent,1
mulan_solo,play_destiny,1
mushinronja,tonyroh100876,1
mykytagnosis,no-examination9266,1
mynamjeff38,heartsinharmony,1
mynamjeff38,randomperson2112,1
mysterious-bet4832,anome97,1
mysterious-bet4832,balanceshanging,3
mythikhal,innuendobot5001,1
mz1bz,sad_clue1018,1
n0mp,sneakygandalf12,1
nacitrex,bollowminz,1
nacitrex,superalloyberserker,1
nagash321,chronobolt77,1
nagash321,dry-relation9832,1
naive-asparagus-5983,professional_boss438,1
narkanin,ancientsquirrel8651,1
narrowacanthaceae385,chicoovejagamepl,1
narwhalprudent6323,averagejun,1
nathuskyru,thedregn,1
naturalbartoni,kh_ram,1
nbjest,catobsession7808,1
nearby-drawing-249,agitated-ticket8812,2
necessary-ad8829,mulan_solo,1
necessary-ad8829,smeth_killbirds,1
negative-ice9431,averagejun,1
negative-ice9431,juche__necromancer,1
negativelymagnetic,ca_waves,1
nemebro17,lexhcaulfield,1
neosoul08,kiwizoomerr,1
neovii2009,chicoovejagamepl,1
neptuneblue19,bluemikestu,1
neptuneblue19,lexglad,1
neptuneblue19,pleasant-hat-6334,1
neptuneblue19,zenku390,1
neveronlyadream,saver_spenta_mainyu,1
new-butterscotch-792,no-examination9266,1
new-marionberry3282,anome97,1
new_devil6,no-examination9266,1
newbaf,the_austrian_artist,1
newscultural,averagejun,1
newt_the,pale_sentence9909,1
newt_the,pizzatiger,2
newt_the,theofficialsoulbeat,1
next_bath2655,crazynick5586,1
nextlvlretention,substantial-sea5952,1
niccagedd,no-examination9266,1
nicccccccccccc,gg-679,1
nicccccccccccc,megamanx195,2
nicccccccccccc,smeth_killbirds,4
nice-kaleidoscope-35,malefictekx,1
nicknamesareconfusng,agitated-ticket8812,1
nicknamesareconfusng,blackbatsmom,1
nicknamesareconfusng,ettreddittroll,1
nicknamesareconfusng,ikwarriors,2
nicknamesareconfusng,lexhcaulfield,1
nicknamesareconfusng,sw1561,1
nicknamesareconfusng,the_fucking_doctor,1
nicknamesareconfusng,uncomfortableanswers,1
nicoznya,ellie_celestial,2
nicoznya,jumpbeautiful6889,1
nicoznya,suspicious_area_7160,1
nidal_nib_amaso,no-examination9266,1
night_stalker652,anome97,1
night_stalker652,filipino_spice,2
nightcloud2011,crazynick5586,1
nightmareknight25807,terrible-author-325,1
nightrider1861,juche__necromancer,1
nighttarot,cookiereptile,1
niklaus15,donnystorm,1
niklaus15,maralde63,1
niklaus15,terryke,1
ninobe,mrali11,1
nintendeion,professional_boss438,1
no-examination9266,3rdmachina,1
no-examination9266,blighttowncitizen,2
no-examination9266,blxcktxe,1
no-examination9266,championshipok1358,1
no-examination9266,crass-ely-,1
no-examination9266,frankiid,1
no-examination9266,insanitycrimson,1
no-examination9266,lesservalkyrie,1
no-examination9266,lostsoulno1981,1
no-examination9266,mrcowabs,1
no-examination9266,mykytagnosis,1
no-examination9266,nathuskyru,1
no-examination9266,queasy-contact5063,1
no-examination9266,sensitive-cattle-852,2
no-examination9266,sweatyeducation4943,1
no-examination9266,tech_galaxy2,1
no-examination9266,ted_rid,2
no-examination9266,xmandri,1
no-permission1716,methodadmirable4220,2
no_giraffe_2236,fragrant-lynx-3559,1
no_gur_5912,gutsthe_chad,1
no_mercy_4_potatoes,jobekkah,1
no_mountain_8720,duelmastr23,1
no_pen_7548,professional_boss438,1
no_pen_7548,saltytrex_,1
no_pen_7548,theswansays,1
no_presence_318,fun-emotion3660,2
no_uh3,chuzcoles,2
no_uh3,pitiful_ad_4472,2
noah_the_boi29,malefictekx,1
noah_the_boi29,ursa_raybrant,1
noah_the_boi29,yung_chillunnerr,1
noblehalo,ashamed-web-3495,1
noblehalo,broserk42,2
noblehalo,electricalbricklayer,1
noblehalo,fragrant-lynx-3559,2
noblehalo,mrali11,4
noblehalo,pale_sentence9909,1
noblehalo,upper-horse3808,1
nobodyinc1,bloode975,1
nobodyinc1,lexhcaulfield,1
noirproxy1,former_hat_6890,1
noirproxy1,lord_nightraven,2
noirproxy1,no-examination9266,1
nolanbentine,artofizanagi,1
nolewdsonmain,forrneus,1
nomadicax,sir_mutambo,1
nomadmp5,fragrant-lynx-3559,1
nomerdzki,anonnnnn462,1
nomerdzki,mulan_solo,1
nometal427,saltytrex_,2
nonlethalrtard,pitiful_ad_4472,1
noob4head,peainteresting3843,1
noorganization3359,acceptablelock951,1
nooutside9839,duelmastr23,1
nopersonknowswhoiam,baronloyd,1
nopersonknowswhoiam,cartus_killer,1
nordicsleeve98,albibas,1
nordicsleeve98,cartus_killer,1
nordicsleeve98,hyperfixed,2
nordicsleeve98,rockinalex07021,1
nordicsleeve98,sad_bet_1144,1
nordicsleeve98,sweatynready4u,1
norecommendation3841,pitiful_ad_4472,1
norian_fernaral,thealmightychanka,1
northernsimpleton,mrali11,2
nos9684,substantial-sea5952,1
noshinare_nira,living_unit_5453,1
notenoughtime4it,mrali11,1
notfabmelo,rxmkha,1
nothingtoshow1984,smeth_killbirds,1
notsolegitgiby,no-examination9266,1
nousevaangel,mrali11,1
numerous-source-9698,futaba_medjedp5r,1
numerousdinner3006,ithinkimlame,1
oasystole,no-examination9266,1
obiwancannoli69,fluid_chair8351,1
obiwanpump,upper-horse3808,1
objectivepair2707,anonnnnn462,1
objectivepair2707,odd_whis,1
objectivepair2707,ok-detail4461,1
objectivepair2707,system-neither,1
objectpresent9963,superalloyberserker,1
obsessivegamer32,bassguru82,1
obsessivegamer32,coldwargodlol,1
obsessivegamer32,dm_your_thicc_ass,1
obsessivegamer32,drecota,1
obsessivegamer32,embarrassed_trade988,1
obsessivegamer32,fluid_chair8351,1
obsessivegamer32,gulliblecommittee667,1
obsessivegamer32,humbleconversation42,1
obsessivegamer32,knight_aeterna,1
obsessivegamer32,madmax1513,1
obsessivegamer32,saver_spenta_mainyu,1
ocelotx98,mrbluepumpkin,1
odd-weird508,jaypexd,1
odd_whis,anonymous_jane_,1
odd_whis,instancenew9305,1
odd_whis,malefictekx,1
odd_whis,objectivepair2707,1
oddlyrelevantusrnme,ravinglt0,1
oh_doyle,topimpadove,1
ok-ad-3459,crazynick5586,1
ok-armadillo6824,the_austrian_artist,1
ok-childhood-8724,baronloyd,1
ok-childhood-8724,elbona88,1
ok-childhood-8724,frequent-magician866,1
ok-detail4461,accomplishedsource84,4
ok-detail4461,agitated-ticket8812,4
ok-detail4461,brief_bug_,1
ok-detail4461,cheesecake1734,2
ok-detail4461,desert-seagull,1
ok-detail4461,fine_cut1542,1
ok-detail4461,fragrant-lynx-3559,2
ok-detail4461,glass-mushroom7163,1
ok-detail4461,no-examination9266,1
ok-detail4461,no-lingonberry2543,1
ok-detail4461,objectivepair2707,2
ok-detail4461,sailapprehensive2632,3
ok-detail4461,typical_stop4677,1
ok-detail4461,xa4_mend,1
ok-enthusiasm-255,mrali11,3
ok-enthusiasm-255,substantial-sea5952,1
ok-faithlessness9300,no-examination9266,1
ok_command_279,duelmastr23,1
ok_command_279,possible_artist3941,1
ok_list5839,professional_boss438,1
ok_university2951,duelmastr23,1
okstuff381,pale_sentence9909,1
okweekend6198,banxy85,1
okweekend6198,jiryathia,1
okweekend6198,mz1bz,1
okweekend6198,tranquilconfusion,1
okweekend6198,westcoastmcdowellian,1
oldassgamer808-,mrali11,2
oldmanregret,malefictekx,2
oldmanregret,pale_sentence9909,1
oldmanregret,whittyhippo,1
olympiaimperial,electricalbricklayer,1
olympiaimperial,typical_stop4677,1
omardude1,duelmastr23,1
omardude1,no-examination9266,1
one-silly-fox,pale_sentence9909,1
one_bet9863,crazynick5586,1
one_random_id,crazynick5586,1
oni-kong65,shawnthemaster,1
oniwuff,ketizke,1
only-success5798,hadesdivision,1
only1schematic,atomicgearworks1,1
only1schematic,pale_sentence9909,1
onlyrawsauce,averagejun,1
onlyrawsauce,mindlessly-scrolling,1
onlyrawsauce,ultraphoenix95,1
oofer420,certain-nerve-9761,4
oofer420,yaboi4666,1
operationdifferent20,papanak94,1
operationdifferent20,professional_boss438,1
optimal_cancel1658,shawnthemaster,1
ordinarysuit2314,crazynick5586,1
organic-water-,hyperfixed,1
organickeynesianbean,zoldycksaiyan,1
orimis,lepontif11,2
other-purpose3411,no-examination9266,1
otherwisemei0,ballingalot,1
otherwisemei0,literalsans,1
otherwisemei0,methodadmirable4220,1
outcast_bos,melodic-hat-2875,1
outrageous_increase1,sp1kefallsteve,1
overall-doctor-6219,konskydusic,1
overall-doctor-6219,smeth_killbirds,1
overall-doctor-6219,substantial-sea5952,1
overall-doctor-6219,xx_xfubarx_xx,1
painterburning,sphickthos,1
pak256,superalloyberserker,1
paladinprime,dm_your_thicc_ass,1
paleontologistok2824,fragrant-lynx-3559,1
pandanielusmaximus,mrali11,2
pandiumking,andymuzik,1
pandorakin564,pitiful_ad_4472,1
pankejx,terrible-author-325,1
papanak94,operationdifferent20,1
papazangief,imustbust,1
papu7w7,treebeardsama,1
parzival2600,duelmastr23,1
parzival2600,xx_xfubarx_xx,1
pasaniusventris,freagwen,1
pasaniusventris,special_mulberry_182,1
pashanina,donnystorm,1
pashanina,expensive-meat9395,1
pashanina,hyperfixed,2
pashanina,worldly_strategy9312,1
passtheblunt,upper-horse3808,1
past-dirt2844,pleasant-hat-6334,2
patterson_ls,h1veleader,1
paynekillerod,pale_sentence9909,1
peedagon311,mrali11,3
pelethar,avalondarkttar,1
pelethar,hasyahshin,1
pelethar,medical-paramedic800,1
perfect_river_7599,ancientsquirrel8651,1
pertrey,anonymous_jane_,1
pfannkuchenw,ashamed-victory-4245,2
phantasosx,equal-country3302,1
pharaoh23-,erisnoir1,1
pharaoh23-,shawnthemaster,1
phigene,bigaids1400,1
phigene,smeth_killbirds,1
phistykups,abrams_warthog,1
phoenix0fredd,3rdmachina,3
phoenix0fredd,stfuneckbeard,2
photographstrange285,crazynick5586,1
photographstrange285,fragrant-lynx-3559,2
photographstrange285,fun-emotion3660,2
photographstrange285,superalloyberserker,1
physical-midnight994,duelmastr23,1
piece-of-cheeze,fragrant-lynx-3559,1
pill0wzx,acceptablelock951,1
pinkkushthedank,malefictekx,1
pitiful-wolverine-97,drecota,1
pitiful_ad_4472,aerodynamicbeats,1
pitiful_ad_4472,afterglow882,1
pitiful_ad_4472,alexw1495,1
pitiful_ad_4472,aspiringadonis,2
pitiful_ad_4472,ban_the_undead1,1
pitiful_ad_4472,birdiedahoonter,1
pitiful_ad_4472,blacklion9065,2
pitiful_ad_4472,bowserthebomb,1
pitiful_ad_4472,bunny117,1
pitiful_ad_4472,burdened_by_btech212,1
pitiful_ad_4472,careful-thanks1788,1
pitiful_ad_4472,commazim,2
pitiful_ad_4472,darkkuroi1,1
pitiful_ad_4472,doublesummon,3
pitiful_ad_4472,dragon1472,1
pitiful_ad_4472,dynast_king_,1
pitiful_ad_4472,enxchiol,1
pitiful_ad_4472,faloin67,1
pitiful_ad_4472,funwolf333,1
pitiful_ad_4472,glitchyguy_404,2
pitiful_ad_4472,jerry2556,1
pitiful_ad_4472,juggler_ghost,1
pitiful_ad_4472,justasimplewanderer,2
pitiful_ad_4472,kehrplaste,1
pitiful_ad_4472,littleartistboyo,1
pitiful_ad_4472,lord_nightraven,1
pitiful_ad_4472,max_orangeblue,1
pitiful_ad_4472,no_uh3,1
pitiful_ad_4472,radiant-fig-9458,2
pitiful_ad_4472,scary-ad4471,2
pitiful_ad_4472,the_paragone,1
pitiful_ad_4472,triplecappertroper,1
pitiful_ad_4472,ultraphoenix95,2
pitiful_ad_4472,undeadchampion1331,1
pitiful_ad_4472,usernameknotf0und,1
pitiful_ad_4472,wagglebagga,2
pitiful_ad_4472,wholesome-energy,1
piyushbagate789,malefictekx,1
pizza_guy_2468,tomirahew,1
pizzaguy1977,saltytrex_,1
pizzatiger,newt_the,2
plasmatiic,max_orangeblue,1
play_destiny,dm_your_thicc_ass,1
play_destiny,mulan_solo,1
playful-tangerine274,celtic_crown,2
pleasant-hat-6334,fit-firefighter8752,2
pleasant-hat-6334,lubedupnoob,1
pleasant-hat-6334,past-dirt2844,1
plenty-specific74,sneakygandalf12,1
plorby,professional_boss438,1
plusperformer8829,pale_sentence9909,1
pohihihi,dragon1472,1
point-overall,stronkzer,1
poison_cat_,anome97,1
poison_cat_,xx_xfubarx_xx,1
poonsidon,crazynick5586,1
poopdick420shitcock,professional_boss438,2
poopdoot,anome97,1
poopdoot,no-examination9266,1
popinevitable280,gamesbrainiac,1
possible-unit-6608,acceptable-tooth-105,1
possible_artist3941,jenn_ftw,1
possible_artist3941,mrcowabs,1
possible_artist3941,ok_command_279,1
possible_artist3941,pale_sentence9909,1
possible_artist3941,vr6passlow,1
poundt0wnn,xx_xfubarx_xx,1
powerfowl,quick-decision-8474,1
ppbuttfart-,strange_ice1515,1
pr0j3ct_02,certain-nerve-9761,1
pr0j3ct_02,mrali11,1
practical_lem,superalloyberserker,1
prady87,desert-seagull,1
pragmojo,averagejun,1
present-ad4357,calazor0,1
prestigious-show6459,professional_boss438,1
pretend-wishbone-679,xx_xfubarx_xx,1
prettyintroduction49,crazynick5586,1
prettytoeslikeahoe,crazynick5586,1
prettytoeslikeahoe,fluid_chair8351,1
prettyyyprettygood,souzeh,1
prevay,zanemob_,1
previous-act7323,bigaids1400,1
primezeta1,shawnthemaster,1
prior-outcome6956,griffinhimself,1
probably_poopin_1219,larrymoudes,1
probably_poopin_1219,wonderful_cress_4652,1
proctor-47,pale_sentence9909,1
professional-law-852,anome97,1
professional-law-852,malefictekx,1
professional_boss438,_iome,1
professional_boss438,acceptablelock951,1
professional_boss438,alexw1495,1
professional_boss438,apocalypse_0415,1
professional_boss438,celtic_crown,1
professional_boss438,hurtf33lings,1
professional_boss438,immrr0b0t0,1
professional_boss438,mkanes,1
professional_boss438,no-lingonberry2543,1
professional_boss438,objectivepair2707,1
professional_boss438,operationdifferent20,1
professional_boss438,overall-doctor-6219,1
professional_boss438,poopdick420shitcock,1
professional_boss438,raychram,2
professional_boss438,shakezilla86,1
professional_boss438,stronkzer,1
professional_boss438,zoldycksaiyan,1
professional_pin_148,superalloyberserker,1
professor_boaty,professional_boss438,1
professor_jefe,fun-emotion3660,1
prune_terrible,fluid-tap5115,1
prune_terrible,malefictekx,2
pseakenny,slychansf,1
pstagni93,no-examination9266,1
psychofischi,pitiful_ad_4472,1
psychofischi,professional_boss438,1
psychological_lab203,adinternational5277,2
puppetsmind,balanceshanging,1
puppetsmind,kissitandwink,1
puppetsmind,swordrush,1
puppetsmind,virellius2,2
pure_black_coffee,the_fucking_doctor,2
purple-puma,atomicgearworks1,1
purplewin248,samandre14,1
pussycharlatan,shawnthemaster,1
puzzleheaded-cut1036,substantial-sea5952,1
puzzleheaded-cut1036,superalloyberserker,1
puzzleheaded-cut1036,uncomfortableanswers,2
puzzleheaded-cut1036,usernotfoundplstry,1
pv___tv,professional_boss438,1
pyrostark,gutsthe_chad,1
qcpezcore,ca_waves,1
qcpezcore,depressed_tarnished,1
qcpezcore,guninho141,1
qcpezcore,joe_6699,1
qcpezcore,pelethar,1
qkwn,anome97,1
qkwn,torquebow,8
qrio44,pale_sentence9909,1
qroztq,superalloyberserker,1
queasy-contact5063,no-examination9266,1
quenquen14320,shawnthemaster,1
quiet-constant-6587,hamlerhead,1
quintilius36,andrease03,1
quintilius36,l11l1,1
quintrillion,duelmastr23,1
quirky_image_5598,malefictekx,2
qwuack9190,mrali11,1
rabbitewi,thgamingsquad,1
rabbitslayre,jagenigma,1
radiant-fig-9458,dontwannabehere5,1
radiant-fig-9458,pitiful_ad_4472,1
radiant-fig-9458,the_scroast,1
radiantvariation50,mrali11,8
radoxfriedchicken,crazynick5586,1
raginghound12,no-examination9266,1
rainbowgoddamndash,theofficialsoulbeat,1
raloris,adinternational5277,1
raloris,celtic_crown,3
raloris,designer_band2416,1
raloris,final_werewolf_7586,1
raloris,knight_aeterna,1
rambo_calrissian1923,bigboi_meatbag,2
rambo_calrissian1923,crazynick5586,1
rando_kalrissian,pitiful_ad_4472,1
random7900,beranir,1
random7900,scary-ad4471,5
randomperson2112,the_fucking_doctor,3
raniagus,terrible-author-325,1
ranshand,celtic_crown,1
rappyfan,mrali11,1
rapunzellooksnice,no-examination9266,1
rapunzelmadara69,no-examination9266,1
rare-day-1492,holyerr0r,1
rare-day-1492,raychram,1
rare-day-1492,zoldycksaiyan,1
rasako56,superalloyberserker,1
rascallyrose,duelmastr23,1
rathosalpha,bostonrob423,1
rathosalpha,professional_boss438,1
rattlehead_69,acceptablelock951,1
rave4208,adinternational5277,2
rave4208,pale_sentence9909,1
ravinglt0,mastagibbetts,1
raychram,professional_boss438,2
raychram,rare-day-1492,2
raychram,skeletist,1
rayley789,fragrant-lynx-3559,1
rayley789,malefictekx,1
rayley789,wise-key-3442,1
readevius1274,stronkzer,1
ready-sort-1494,duelmastr23,1
ready_round9034,fragrant-lynx-3559,1
real_korokii,xx_xfubarx_xx,1
realistic-layer6001,degenerateshikikan,1
realistic-layer6001,mrali11,1
reanimatedself,pale_sentence9909,1
rebel_kraken,professional_boss438,2
recent-hamster7930,malixhous,1
recksss,pitiful_ad_4472,1
redditrejectedmyname,uncomfortableanswers,1
redgargloly,blakesoner,1
redhmangaiha,anome97,1
redhmangaiha,dekutree13,2
redhmangaiha,samandre14,1
redraven77,smeth_killbirds,1
redroses711,professional_boss438,1
redskynl,a_joan_baez_tattoo,1
redskynl,lesservalkyrie,1
regimind,terrible-author-325,1
regkat,3rdmachina,2
regkat,elmu678,1
regkat,mercuryf0x,1
regkat,uncomfortableanswers,1
rejka26lol,artofizanagi,1
relevant_ric_flair,anome97,1
relevant_ric_flair,dm_your_thicc_ass,1
relevant_ric_flair,ilovespagety,1
relevant_ric_flair,professional_boss438,1
remarkable-appeal-44,xx_xfubarx_xx,1
remarkable-clerk-646,kh_ram,1
remarkable_sea_5109,no-examination9266,1
remote-truth-2774,pale_sentence9909,1
remypon,professional_boss438,1
rep2019,chlorophyllmatic,1
repulsive_doubt_8504,broserk42,2
reservoirbaws,smeth_killbirds,1
reservoirbaws,thgamingsquad,1
resident-papaya5585,ihax4snax,2
resofights,typical_stop4677,1
resolutetiger19,drecota,1
resolutetiger19,tactical_waifu_sim,1
respectablegrimer,no-examination9266,1
respercaine_657,fluid_chair8351,1
responsible_put911,suspicious_area_7160,1
responsible_put911,tobiasyuki,1
responsible_you8668,pale_sentence9909,1
rey__mcscriff,certain-nerve-9761,1
ribblesplash,the_fucking_doctor,1
rich_recipe_4276,anome97,1
rich_recipe_4276,gutsthe_chad,1
richyrich723,juche__necromancer,1
richyrich723,nicknamesareconfusng,1
riddimbee,leonidaspera,1
rigeltheraptor,malefictekx,1
right_ad4097,shawnthemaster,1
rimegu,dm_your_thicc_ass,1
rimegu,quick-decision-8474,1
rin111839,baronloyd,1
rin111839,superalloyberserker,1
ritschirathil,accomplished_pool922,1
rivenley,no-examination9266,1
rjwalker1269,no-examination9266,1
rmonsuave,crazynick5586,1
rmrehfeldt,anome97,1
robbanks99,professional_boss438,1
robogeek342,duelmastr23,1
rockinalex07021,nordicsleeve98,1
rockmuncherrick,averagehoarder,1
roclot,samandre14,1
rodozero,no-examination9266,1
rohanxi,bassguru82,1
rombopterix,mrali11,1
ronimushines,guppie_xtreme,1
ronimushines,pale_sentence9909,1
ronskadawd,loquaciousmendacious,1
roonill_wazlib,topimpadove,1
roselina_black,no-examination9266,1
roselina_black,pitiful_ad_4472,1
rotating_balls69,leosnake0577,1
roughpay1850,fragrant-lynx-3559,1
rover7,acceptablelock951,1
rowan1980,pale_sentence9909,1
royal-lengthiness582,kiwizoomerr,1
rrlimarj_,nordicsleeve98,1
rslashbootypatrol,no-examination9266,1
rsrxciii,mindlessly-scrolling,1
ruafaolgaiscioch,adamjeff,1
rudney_dongerfield,crazynick5586,1
rustyxktown,saltytrex_,1
rxmkha,celtic_crown,2
rxmkha,doublesummon,2
rymas1,electricalbricklayer,1
sabahorn,fragrant-lynx-3559,1
sad-event6847,anonymous_jane_,1
sad-event6847,brief_bug_,1
sad-event6847,fragrant-lynx-3559,1
sad-event6847,itaylor04,1
sad-event6847,lord_nightraven,1
sad-event6847,typical_stop4677,2
sad-panda-,sad_clue1018,1
sad_bet_1144,nordicsleeve98,1
sad_clue1018,humbleconversation42,1
sad_clue1018,lazarpopi,1
sad_clue1018,sad-panda-,1
sad_clue1018,shiyuu_later,1
sad_finding3342,lesuperhun,1
sad_finding3342,superalloyberserker,1
sad_finding3342,veryangrydoggo,1
safe-ad-2454,falcormoor,1
sagnikk,typical_stop4677,1
sailapprehensive2632,ok-detail4461,3
saintsxd,derpatoffice,1
salamanticormorant,no-examination9266,1
saleen12121212,mrali11,1
salomon341,acceptable-tooth-105,1
salt-internal7384,pleasant-hat-6334,1
saltmastaflex,shawnthemaster,1
saltmastaflex,typical_stop4677,1
saltytrex_,_r0h1th_,3
saltytrex_,cameronkc09,1
saltytrex_,hyperfixed,1
saltytrex_,no_pen_7548,1
saltytrex_,nometal427,2
saltytrex_,sir_mutambo,1
saltytrex_,theworclown,1
salucia,willing-rip-2852,1
samallistar,anome97,1
samallistar,lolmysterior,1
samallistar,sandman4999,1
samallistar,thenekokatze,1
samandre14,charnamelessone,1
samandre14,fragrant-lynx-3559,2
samandre14,journey2thaeast,1
samandre14,spiritual_network805,1
samandre14,terrible-author-325,1
samandre14,thatgamerguy98,1
samelogic137,adventurous-score157,1
sammyswatching,pale_sentence9909,1
sanam_bewafa,any_secret4784,1
sandman4999,anome97,1
sandman4999,professional_boss438,1
sandman4999,samallistar,1
sandman4999,thecrimsonseas,1
saneneanderthall,ithinkimlame,1
sanrobot,chiliwithbean,1
santifpelayo,working_course7360,1
saucesoffieri,terryke,1
saver_spenta_mainyu,illustrious-bit-5441,1
saver_spenta_mainyu,mulan_solo,1
saver_spenta_mainyu,obsessivegamer32,1
saver_spenta_mainyu,oldmanregret,1
saver_spenta_mainyu,pale_sentence9909,1
savings_ad2469,smeth_killbirds,1
sb5tcm8t,pale_sentence9909,1
scalesghost,averagejun,1
scalesghost,pale_sentence9909,1
scallionrepulsive833,upper-horse3808,1
scared3vil,mrali11,1
scared_confidence_13,llllll3glte,1
scarkun,professional_boss438,1
scarparanger,mulan_solo,1
scary-ad4471,c0smic_lizard,2
scary-ad4471,deadriderofdead,3
scary-ad4471,dm_your_thicc_ass,1
scary-ad4471,dragon1472,1
scary-ad4471,fabiofn16,1
scary-ad4471,fun-emotion3660,1
scary-ad4471,houstonastros1980,1
scary-ad4471,hyperfixed,1
scary-ad4471,instancenew9305,1
scary-ad4471,pitiful_ad_4472,4
scary-ad4471,professionalnose601,1
scary-ad4471,random7900,5
schmoolecka,typical_stop4677,1
scholeszz,hyperfixed,1
scholeszz,lord_nightraven,4
sciencemaniac245,journey2thaeast,2
scourge1300,pitiful_ad_4472,1
scurramouch,malefictekx,1
sea-entrepreneur6630,mrali11,1
sea_construction947,anonymous_jane_,1
sea_construction947,juche__necromancer,1
sea_construction947,richyrich723,1
sea_construction947,theevilestartichoke,1
sea_construction947,thgamingsquad,1
seanph25,thechaosofreason,1
seapart5458,beginning-day6481,2
seapart5458,skylinne,1
seaworthinessdry1531,jaylaud,1
sejast44,typical_stop4677,1
senior-squidoo,malefictekx,1
sensitive-cattle-852,no-examination9266,3
sentenza_mpr,artofizanagi,2
sentenza_mpr,malefictekx,1
separate-bag2415,colorovfire,1
separate-bag2415,darksidert,1
sephirosu88,duelmastr23,1
seraloro,ogriofa17,1
seravaxx123,anome97,1
seravaxx123,gutsthe_chad,1
serceraugh,malefictekx,1
serenitymiyazaki,duelmastr23,1
sesameme,stronkzer,1
sezth_,mrali11,1
sfwxmadhatter,sharp_government_350,1
shadeslayer2112,lord_nightraven,1
shadow22441,i3mmarr,1
shadowking02__,pale_sentence9909,1
shaggyshamrock,crazynick5586,1
shakezilla86,balanceshanging,2
shallot-medium,no-examination9266,1
sharddkaine197,duelmastr23,1
shardgunner,noirproxy1,1
shardgunner,thgamingsquad,1
sharp_government_350,acceptable-tooth-105,1
sharp_government_350,bigaids1400,2
sharp_government_350,drumtome2,1
sharp_government_350,fragrant-lynx-3559,2
sharp_government_350,mission-sleep-3825,2
sharp_government_350,mrali11,1
sharp_government_350,pale_sentence9909,1
sharp_government_350,taograd359,2
sharp_store_6628,leosnake0577,1
sharpenedperspective,iamspareuserperson,2
sharpenedperspective,rxmkha,1
shartingsoldier,delicious_effect_838,3
shawnthemaster,gdjoe,1
sheth1984,dm_your_thicc_ass,1
sheth1984,interesting-pause749,1
sheth1984,obsessivegamer32,1
sheth1984,typical_stop4677,1
shewhohates,fluid_chair8351,1
shinobu420,accomplishedsource84,1
shinyabsoleon,godtier-69,1
shinyabsoleon,lunarhostility,1
shinyabsoleon,silly_run_283,1
shinyabsoleon,so_long_astoria,1
shinyabsoleon,wizardof_oz,1
shiyuu_later,sad_clue1018,1
shlongdaddy3,crazynick5586,1
shockkzzz,theswansays,1
shoddy-tune3998,certain-nerve-9761,1
shokedxzap,crazynick5586,1
shokedxzap,ladymariagg,1
showtunescreamer,fluid_chair8351,1
shrekman68,professional_boss438,1
shuren616,professional_boss438,1
shuske_,topimpadove,1
shybeams,tactical_waifu_sim,1
sicknick08,pitiful_ad_4472,1
sicseph,bigboi_meatbag,1
sideeyeswide,mrali11,2
significant_play6782,sp1kefallsteve,2
significant_play6782,superalloyberserker,1
sikedpsyc,bttm_in_training,1
sikedpsyc,noshinare_nira,1
silcoofzaun,itzgbby,2
silent_finger2813,crazynick5586,1
silent_sinder,malefictekx,1
silly-pepper8620,dm_your_thicc_ass,1
silly-pepper8620,superalloyberserker,1
silly_run_283,captain_crumpet47,1
silly_run_283,shinyabsoleon,1
silversnakebtr,mrali11,2
silversoul007,anome97,1
simplygibberish,thgamingsquad,1
sin_tax-error,professional_boss438,1
sina76sol,pitiful_ad_4472,1
sinisphere,no-examination9266,1
sinissurreal,pitiful_ad_4472,1
sinissurreal,professional_boss438,1
sinissurreal,totyly_ausem,2
sinnnn,twiggsmcgee666,1
sintachi123,fabiofn16,1
sintachi123,pale_sentence9909,1
sioluishere,andrease03,1
sioluishere,ashamed-web-3495,2
sioluishere,fragrant-lynx-3559,1
sioluishere,haunting-draft-632,2
sioluishere,leosnake0577,1
sioluishere,thgamingsquad,1
sioluishere,wild-session823,2
sir-drewid,crazynick5586,1
sir-drewid,samandre14,1
sir-drewid,smeth_killbirds,1
sir_crocodile3,scary-ad4471,1
sirglizzeth,certain-nerve-9761,1
siriusblackbeard,x023,1
sirmacnaught,juche__necromancer,1
sirmacnaught,stronkzer,1
sister-golden-hair,malefictekx,1
sizemaleficent9178,pale_sentence9909,1
skeletist,crazynick5586,1
skeletist,fluid_chair8351,1
skeletist,instancenew9305,1
skeletist,pale_sentence9909,1
skeletist,professional_boss438,1
skybandicoot109,brief_bug_,2
skybandicoot109,cartus_killer,1
skylarka91,mrali11,1
skylinne,seapart5458,1
slashdotsyndrome,juche__necromancer,1
slatersan13,abyssalmidir,1
sleeper4gent,captain_crumpet47,1
sleepy_glow,kh_ram,1
slight-welder-1482,mrali11,1
slight_ad_5074,colefield,1
slychansf,chrisnolliedelves,3
slychansf,hyperfixed,1
smaaaashbros,ancientsquirrel8651,1
small_bipedal_cat,baronloyd,1
small_bipedal_cat,frequent-magician866,1
smcupp17,typical_stop4677,1
smeth_killbirds,acceptablelock951,1
smeth_killbirds,discipleofdeceit666,1
smeth_killbirds,duelmastr23,1
smeth_killbirds,extension_future5001,1
smeth_killbirds,nicccccccccccc,5
smeth_killbirds,no-examination9266,1
smeth_killbirds,substantial-sea5952,1
smeth_killbirds,treebeardsama,2
smithbc001,smeth_killbirds,1
smokymetal060,maralde63,1
smrkto,kiwizoomerr,1
sneakpeekbot,aware-news-1344,1
sneakygandalf12,n0mp,1
snoo96346,duelmastr23,1
snoo_75864,juche__necromancer,1
snoobunnies8031,no-examination9266,1
snoochocolates229,theswansays,1
so_long_astoria,afro_cal,1
so_long_astoria,bootstrapwill,1
so_long_astoria,cardsonthetable02,2
so_long_astoria,certain-nerve-9761,2
so_long_astoria,fabiofn16,1
so_long_astoria,kingdomkey12601,1
so_long_astoria,littlemaintenance874,1
so_long_astoria,malefictekx,1
so_long_astoria,onlyrawsauce,1
so_long_astoria,substantial-sea5952,1
so_long_astoria,the_dark_fantasy,1
so_long_astoria,thealmightychanka,1
so_long_astoria,thgamingsquad,1
so_long_astoria,virtual_fix9931,1
so_rainy,ashamed-web-3495,2
so_rainy,broserk42,2
so_rainy,electricalbricklayer,1
so_rainy,fragrant-lynx-3559,3
societysucksjay,acceptable-tooth-105,1
soft-error1108,stronkzer,1
softie_socks8,theswansays,1
softshark,jaylaud,1
soggy_elder_berry,superalloyberserker,1
sol_sin_eri-aku,atomicgearworks1,1
sol_sin_eri-aku,comiccon,1
sol_sin_eri-aku,lindbluete,1
sol_sin_eri-aku,sticky_fingers18,1
sol_sin_eri-aku,yaboi4666,2
solid-dog2619,pitiful_ad_4472,1
solid-quiet5035,broserk42,1
solid-quiet5035,fragrant-lynx-3559,1
solid-quiet5035,humbleconversation42,1
solidpeyo,fluid_chair8351,1
some_guy554,dragon1472,1
some_guy554,fabiofn16,1
some_guy554,pale_sentence9909,1
soph-a-x,saltytrex_,1
sorasz5,acceptablelock951,1
sorry97,professional_boss438,1
sorry97,xx_xfubarx_xx,1
soulenigma88,rodozero,1
soulreaverdan,fluid_chair8351,1
soulreaverdan,humbleconversation42,1
soundzlike---,typical_stop4677,1
sovelissfiremane,lexhcaulfield,1
sp1kefallsteve,crass-ely-,1
sp1kefallsteve,fearless-dust-2073,1
sp1kefallsteve,kiwizoomerr,1
sp1kefallsteve,significant_play6782,3
sp1kefallsteve,stronkzer,1
sp1kefallsteve,superalloyberserker,1
space_shuttle07,artofizanagi,1
spacecaptainflapjack,cartus_killer,1
spare-image-647,ill-muscle945,1
spare-image-647,pale_sentence9909,1
spare-image-647,pitiful_ad_4472,1
sparkson109,superalloyberserker,1
spauni,shinyabsoleon,1
specialist-tea-5049,bassguru82,1
specialist-tea-5049,humbleconversation42,1
specialist-tea-5049,no-lingonberry2543,1
specialist-tea-5049,no-tangelo-2613,1
specialist-tea-5049,pitiful_ad_4472,1
specialist-tea-5049,suspicious_area_7160,1
specialist-tea-5049,the_joestartechnique,1
specialist-tea-5049,typical_stop4677,1
specific-parfait-795,bigaids1400,1
specifictemporary877,freagwen,1
spehx,kolosovski,1
spencur1,bassguru82,1
sphickthos,malefictekx,1
spiritedamphibian114,instancenew9305,1
spiritedamphibian114,mattzee_,1
spiritedamphibian114,no-examination9266,1
spiritedamphibian114,organickeynesianbean,1
spiritedamphibian114,professional_boss438,1
spiritjuice,elden_wang,1
spiritjuice,treebeardsama,1
spiritual-bear3066,interesting-speed736,1
spiritual-bear3066,kh_ram,1
spiritual-bear3066,samandre14,1
spiritual-bear3066,smeth_killbirds,1
spiritual_network805,samandre14,1
spooky_wa,veryangrydoggo,1
spork-in-your-rye,acceptablelock951,1
spork-in-your-rye,guitarjunkie1980,1
sprucemoose12,bassguru82,1
sprungusbungus,bassguru82,1
sprungusbungus,professional_boss438,1
sqquares,papanak94,1
squidyj,pitiful_ad_4472,1
srmaggot6,powerful-craft7075,1
srmaggot6,superalloyberserker,1
ssj2_future_gohan,malefictekx,1
stahls,crazynick5586,1
stairway2evan,relevant_ric_flair,1
stakesishigh516,brez800,1
stakesishigh516,duelmastr23,1
stanislas_biliby,mrali11,1
star3ruby3,mrali11,1
starktangent1,cartus_killer,1
stationitchy5159,superalloyberserker,1
steakdabait,holyerr0r,1
steakdabait,raychram,1
stevenomes,acceptablelock951,1
stevon_wonder,professional_boss438,1
stfuneckbeard,cartus_killer,1
stfuneckbeard,phoenix0fredd,2
sticky_fingers18,sol_sin_eri-aku,1
sticky_h,mrali11,2
sticky_h,zamasu2020,1
stinky__person,_iome,1
stinky__person,brief-ad5774,1
stinky__person,hyperfixed,1
strange_ice1515,juche__necromancer,1
streetwormz,gulliblecommittee667,1
streetwormz,hesjustacook,1
striking-ad6524,baldsweatywraith,1
striking-ad6524,letthemlive,1
striking-ad6524,typical_stop4677,1
striking_ad2188,baronloyd,1
stronkzer,fluid_chair8351,1
stronkzer,the_fucking_doctor,1
stronkzer,theswansays,1
stronkzer,wise-key-3442,1
stronkzer,xx_xfubarx_xx,1
strumpetsvileprogeny,pitiful_ad_4472,1
strxd,fun-emotion3660,1
strxd,jeoxs,2
stxww,rivalempire,1
subject-ad674,artofizanagi,1
subject-ad674,fluid_chair8351,1
subject-ad674,thgamingsquad,1
subsonichunter1,terrible-author-325,1
substantial-sea5952,anome97,1
substantial-sea5952,cardsonthetable02,4
substantial-sea5952,dragon1472,1
substantial-sea5952,ferfykins,1
substantial-sea5952,meawman,1
substantial-sea5952,prettytoeslikeahoe,1
substantial-sea5952,routine-king7599,1
substantial-sea5952,smeth_killbirds,1
substantial-sea5952,turbulent-extreme523,1
substantial_brush692,pale_sentence9909,1
substantial_text_462,alexw1495,1
substantial_text_462,anome97,1
substantial_text_462,new-marionberry3282,1
successful-mistake91,kiwizoomerr,1
such_track_8322,professional_boss438,1
sundae-school,championshipok1358,1
sundae-school,loquaciousmendacious,1
sunderplunder,embarrassed_trade988,1
sunmistress,pitiful_ad_4472,1
sunshnethwerewolf,tonyroh100876,1
super_sat4n,juche__necromancer,1
super_theme_6925,gg-679,1
superalloyberserker,chlorophyllmatic,1
superalloyberserker,rep2019,1
superflik,cardsonthetable02,1
superflik,differencepretend,1
superflik,eclorian,1
superflik,leorob88,1
superflik,negativelymagnetic,1
superflik,thestorm2_0,1
supersaiyansimba,crazynick5586,1
supervanv1,ultraphoenix95,1
suppository-34613,the_fucking_doctor,1
suqmadiq63,mrali11,2
susanna_winnich,rxmkha,1
suspicious-bowl-1508,mrali11,6
suspicious-bowl-1508,real_korokii,1
suspicious-gate8761,ithinkimlame,1
suspicious-gate8761,qcpezcore,1
suspicious-gate8761,tonyroh100876,1
suspicious-shop3644,duelmastr23,1
suspicious_area_7160,alela_7789,1
suspicious_area_7160,mindlessly-scrolling,1
suspicious_area_7160,nicoznya,1
suspicious_area_7160,ogriofa17,1
suspicious_area_7160,ravinglt0,1
suspicious_area_7160,responsible_put911,1
suspicious_harvester,blankcrusader1,1
suspicious_harvester,brief_bug_,1
suspicious_harvester,electricalbricklayer,1
suspicious_harvester,spiritual_network805,1
svarcanum,fantasticacadia5819,1
svarcanum,mrali11,6
sw1561,juche__necromancer,1
sweatyeducation4943,justasimplewanderer,1
sweatyeducation4943,no-examination9266,1
sweatynready4u,nordicsleeve98,1
swergart,cartus_killer,1
swizzleteats397,cuzcril,1
swordrush,juche__necromancer,1
swordrush,xx_xfubarx_xx,1
syablemansghost,professional_boss438,1
sybersicko,juche__necromancer,1
synonymoustowater,shawnthemaster,1
system-neither,anonnnnn462,1
system-neither,objectivepair2707,2
systemany4819,arrathem,1
t-ares-c,bttm_in_training,1
t-ares-c,fluid_chair8351,1
t1kt0c,gronstalker12,1
t4tgrill,elden_wang,2
tablesuspicious7182,fluid_chair8351,1
tacoeatstaco,dm_your_thicc_ass,1
tactical_waifu_sim,acceptablelock951,1
tadeadamec,no-examination9266,1
takolyfe,pale_sentence9909,1
taograd359,sharp_government_350,2
tasty_weeb,shawnthemaster,1
tb3300,professional_boss438,1
tchallasuncle,fragrant-lynx-3559,1
tech_galaxy2,anome97,1
tech_galaxy2,edapanda,1
tech_galaxy2,elunesprodigy,2
tech_galaxy2,mindlessly-scrolling,1
tech_galaxy2,nathuskyru,1
tech_galaxy2,no-examination9266,2
tech_galaxy2,professional_boss438,1
tech_galaxy2,souzeh,1
tech_galaxy2,thedregn,1
tech_galaxy2,tonyroh100876,1
tech_galaxy2,torquebow,2
ted_rid,appropriate_hat_6844,1
ted_rid,blankcrusader1,1
ted_rid,broserk42,1
ted_rid,impassable_banana,1
ted_rid,lesuperhun,1
ted_rid,no-examination9266,3
ted_rid,twiggsmcgee666,1
ted_rid,upstairsnose,1
ted_rid,zamasu2020,1
teddybeartoons,thedadthatgrills,1
teerre,fluid-tap5115,1
telleh,inflatable_bridge,1
tellemwhoucame2see,duelmastr23,1
telstar1986,typical_stop4677,1
tendercanary,professional_boss438,1
terrible-author-325,agarwaen323,1
terrible-author-325,knight_aeterna,1
terrible-author-325,thunderbuns935,1
terryke,brief_bug_,1
terryke,littlemaintenance874,1
terryke,samandre14,1
testingbrokengadgets,accomplished_pea5717,1
testingbrokengadgets,averagejun,1
testingbrokengadgets,davidsgundams,1
tgalvin1999,superalloyberserker,1
tgerz,main-background,1
tgerz,tonyhallx,2
tgong76,stronkzer,1
thagen1us,xx_xfubarx_xx,1
thanatoswaits,kiwizoomerr,1
that_standard8266,fluid_chair8351,2
that_standard8266,tonyroh100876,1
thatcapman,pitiful_ad_4472,1
thatgalaxyskin,broserk42,1
thatgalaxyskin,malefictekx,1
thatgalaxyskin,no-examination9266,1
thatgalaxyskin,ok-detail4461,1
thatgalaxyskin,zmansthename,1
thatgamerguy98,prettytoeslikeahoe,1
thatguyindoom,autistic_giraffe2022,1
thatguyindoom,valerica-d4c,1
thatguywhosdumb1,juche__necromancer,1
thatll-do,abyssalmidir,1
thatll-do,fluid_chair8351,1
thatll-do,fragrant-lynx-3559,2
thatll-do,humbleconversation42,1
thatll-do,main-background,1
thatll-do,xx_xfubarx_xx,1
thattallguy680,duelmastr23,1
the_austrian_artist,beginning-analyst393,1
the_dark_fantasy,professional_boss438,1
the_dark_fantasy,so_long_astoria,1
the_faminewolf,allyien,1
the_faminewolf,literalsans,1
the_fell_opian,fun-emotion3660,1
the_fucking_doctor,bobarctor44,1
the_fucking_doctor,brodeyquest,1
the_fucking_doctor,bttm_in_training,1
the_fucking_doctor,differencepretend,3
the_fucking_doctor,fluid_chair8351,1
the_fucking_doctor,gulliblecommittee667,1
the_fucking_doctor,iareprogrammer,1
the_fucking_doctor,lbd119,1
the_fucking_doctor,mammoth-attempt-7316,1
the_fucking_doctor,pure_black_coffee,2
the_fucking_doctor,randomperson2112,2
the_fucking_doctor,stronkzer,2
the_fucking_doctor,suppository-34613,1
the_fucking_doctor,themoo_,1
the_humeister,pale_sentence9909,1
the_joestartechnique,longandwindingrhode,1
the_joestartechnique,rigeltheraptor,1
the_joestartechnique,shadeliquid,1
the_joestartechnique,specialist-tea-5049,1
the_old_workout_plan,familiar_amoeba_8212,1
the_old_workout_plan,mrali11,1
the_paragone,pitiful_ad_4472,1
the_pauler,no-examination9266,1
the_scroast,allyien,1
the_scroast,radiant-fig-9458,2
the_stag_from_pa,acceptable-tooth-105,1
the_stag_from_pa,certain-nerve-9761,1
theantihero-heroclub,superalloyberserker,1
theaurigauh,pitiful_ad_4472,1
thebergster84,agitated-ticket8812,1
thechaosofreason,professional_boss438,1
thechaosofreason,scary-ad4471,1
thechaosofreason,typical_stop4677,1
thechunkenmaster,instancenew9305,1
thechunkenmaster,superalloyberserker,1
thecrimsonseas,anome97,1
thecrimsonseas,sandman4999,1
thedadthatgrills,mrali11,1
thedadthatgrills,pale_sentence9909,1
thedavidofreddit,duelmastr23,1
thedregn,falcormoor,1
thedregn,no-examination9266,1
thedregn,tech_galaxy2,2
theevilestartichoke,blakesoner,1
theevilestartichoke,sea_construction947,1
thegamer1992,upper-horse3808,1
thegoodcaptain13,bttm_in_training,1
thegreatestpitt,duelmastr23,1
thejagwtf,literalsans,1
thejagwtf,shawnthemaster,1
thejingletinkler69,beranir,1
thelastdarkwingduck,disciplinedmadness,1
thelastdarkwingduck,duelmastr23,1
thelegendarybeard_,duelmastr23,1
thelittletaro,bttm_in_training,1
thelonelypotato666,ill-muscle945,1
themadflyentist,typical_stop4677,1
thematthewmullins,no-examination9266,1
themaxtero,malefictekx,2
themaxtero,pitiful_ad_4472,1
themoo_,the_fucking_doctor,1
then-tax8166,pale_sentence9909,1
thenekokatze,baldsweatywraith,1
thenekokatze,confectionlong,1
thenekokatze,lyfesugsdye,2
thenekokatze,no-examination9266,1
thenekokatze,pitiful_ad_4472,2
thenekokatze,prior-outcome6956,1
thenekokatze,professional_boss438,1
thenekokatze,samallistar,1
thenekokatze,sandman4999,1
thenekokatze,sir-drewid,1
thenekokatze,superalloyberserker,1
theofficialsoulbeat,luxisaudron,1
theotisoz,substantial-sea5952,1
theowlsarecomin,kh_ram,1
theowlsarecomin,rxmkha,2
thepeskypole34,ancientsquirrel8651,1
thesickophant,cartus_killer,1
thesplinteredwarrior,anome97,1
thestorm2_0,superflik,1
thetasteofink05,grenadeleg,1
thetasteofink05,no-examination9266,1
thetasteofink05,smeth_killbirds,1
thetruplaya11,terrible-author-325,1
thetwinflower,anome97,1
thevaliantbob,fragrant-lynx-3559,1
thewagn,dildobaggins4663,1
thewagn,duelmastr23,1
theworclown,hyperfixed,1
thexhoonter,alejandr0t,1
thexhoonter,frankbouch,3
thexhoonter,hollowcap456,1
thexhoonter,monkegoesbrbrb,1
theyawitz,stronkzer,1
thiamatthedestroyer,brief_bug_,2
thin_dragonfruit3665,breakfastburglar,1
thin_dragonfruit3665,smeth_killbirds,1
think_charity_1028,xx_xfubarx_xx,1
thiqcoq,brief-ad5774,2
thiqcoq,ironstark113,1
thiqcoq,mikisayaka33,1
throwawayforthe17th,gutsthe_chad,1
throwawayforthe17th,littleartistboyo,1
throwawaytoxin,anome97,1
thunderbuns935,terrible-author-325,1
thunderbuns935,ttvspitfire,1
thundercraft74,ketizke,1
tickingoftheclocks,anonymous_jane_,1
ticktock_heart,fragrant-lynx-3559,1
ticktock_heart,humbleconversation42,1
ticktock_heart,quintilius36,1
ticktock_heart,vankakt,2
tight-experience-115,duelmastr23,1
timsaurus,autistic_giraffe2022,1
timsaurus,meolla_reio,1
tingamer,superalloyberserker,1
tiny_letterhead9020,pale_sentence9909,1
tiny_letterhead9020,rigeltheraptor,1
tiredgrass27,frostbaka,1
tiredjob,fragrant-lynx-3559,1
tiredjob,professional_boss438,1
tkblunts,duelmastr23,1
tlb3131,lostsoulno1981,1
tmntvsfurby,former_hat_6890,1
toast0117,crazynick5586,1
tobiasyuki,brief_bug_,1
tobiasyuki,fluid_chair8351,2
tobiasyuki,k00ls0x,3
tobiasyuki,responsible_put911,1
tobiasyuki,samandre14,1
tomahawk_the_wolf,pale_sentence9909,1
tomasosauce,duelmastr23,1
tomato_fettuccine,familiar_amoeba_8212,1
tomellis44,pitiful_ad_4472,1
tomirahew,adinternational5277,2
tomirahew,agitated-ticket8812,2
tomirahew,andrease03,1
tomirahew,hyperfixed,1
tomirahew,smeth_killbirds,1
tomirahew,theswansays,1
tonyhallx,leosnake0577,1
tonyhallx,mostpopularpenguin,1
too-much-luv,cardsonthetable02,1
tootsie-sniffer3,pale_sentence9909,1
topimpadove,anome97,1
topimpadove,anonymous_jane_,1
topimpadove,bassguru82,1
topimpadove,duelmastr23,1
topimpadove,oh_doyle,1
topimpadove,theswansays,1
torquebow,deva_way,1
torquebow,grenadeleg,2
torquebow,juche__necromancer,1
torquebow,qkwn,8
torquebow,souzeh,1
torquebow,tech_galaxy2,1
totyly_ausem,sinissurreal,3
tracelupo,mrali11,5
tracelupo,pelethar,1
traditional-lie-3541,duelmastr23,1
traditional_pie_9075,celtic_crown,1
training_strike2687,terrible-author-325,1
tranquilconfusion,electricalbricklayer,1
tranquilconfusion,terryke,1
trapmaster98,pitiful_ad_4472,1
treebeardsama,embarrassed_trade988,1
treebeardsama,momentofzehn,1
treebeardsama,pale_sentence9909,1
treebeardsama,piece-of-cheeze,1
treebeardsama,smeth_killbirds,2
treebeardsama,spiritjuice,1
tricky-secretary-251,fluid_chair8351,1
trigon05,no-examination9266,1
triplecappertroper,pitiful_ad_4472,1
tristan7646,economy_set_314,1
trollensky17,professional_boss438,1
trollwithabishai,bttm_in_training,2
tropicalspritee,mrali11,8
tropicalspritee,mrdannn,1
troubleemaker1943,duelmastr23,1
tsunderemacaroon,no-examination9266,1
ttr_coco,meolla_reio,1
ttvspitfire,thunderbuns935,1
tucker_a32,conscious_tap297,1
tucker_a32,superalloyberserker,1
turbulent-extreme523,substantial-sea5952,2
turbulent_pin_9392,bigaids1400,2
turbulent_pin_9392,celtic_crown,2
turbulent_relative70,captainknottz,1
turbulent_relative70,lucky_louch,1
turbulentbumblebee20,baldsweatywraith,1
turnthermit,pitiful_ad_4472,1
twiggsmcgee666,fragrant-lynx-3559,1
twilightfate,typical_stop4677,1
twinser_santh,crazynick5586,1
twinser_santh,exodusfailsafe,1
twoshupirates,professional_boss438,1
twoshupirates,superalloyberserker,1
twoshupirates,tonyroh100876,1
tylerdiehl1,typical_stop4677,1
typical_stop4677,uncomfortableanswers,1
ubahn1,terrible-author-325,1
uchiharidouan,electricalbricklayer,1
ultrajoyless,i3mmarr,1
ultraphoenix95,avalondarkttar,1
ultraphoenix95,onlyrawsauce,1
ultraphoenix95,pitiful_ad_4472,2
ultraphoenix95,saltytrex_,1
unclegolem,falcormoor,1
unclegolem,financial_half_6741,1
unclegolem,mrtt3,1
unclegolem,quick-decision-8474,1
unclegolem,tonyroh100876,1
uncomfortableanswers,andrease03,1
uncomfortableanswers,azatras,1
uncomfortableanswers,celtic_crown,1
uncomfortableanswers,economy_set_314,1
uncomfortableanswers,kerakk19,1
uncomfortableanswers,maxhaydenchiz,1
uncomfortableanswers,nicknamesareconfusng,1
uncomfortableanswers,puzzleheaded-cut1036,2
uncomfortableanswers,redditrejectedmyname,1
uncomfortableanswers,regkat,1
uncomfortableanswers,samandre14,1
uncomfortableanswers,strikingdesk8773,1
uncomfortableanswers,typical_stop4677,1
undeadchampion1331,pitiful_ad_4472,1
undeadfreakdog,no-examination9266,1
undeadfreakdog,typical_stop4677,1
unfriendly_npc,sea_construction947,1
unhappy-lavishness64,pale_sentence9909,1
uninsuredrisk,defeated_drow,1
uninsuredrisk,pale_sentence9909,1
uninsuredrisk,sea_construction947,1
unknown-accolyte,saltytrex_,1
unknown5493,typical_stop4677,1
upperquiet980,superalloyberserker,1
upstairsnose,fun-emotion3660,4
upstairsnose,substantial-sea5952,1
uravgcommenter,no-examination9266,1
ursa_raybrant,leosnake0577,1
used-thought-9443,professional_boss438,1
used_candidate7042,artofizanagi,1
used_candidate7042,defiant-purchase868,1
useful_trinket,baronloyd,1
usernameknotf0und,pitiful_ad_4472,1
usernotfoundplstry,baronloyd,1
usernotfoundplstry,fragrant-lynx-3559,1
usernotfoundplstry,ill-muscle945,1
usernotfoundplstry,puzzleheaded-cut1036,2
usernotfoundplstry,stronkzer,1
usernotfoundplstry,superalloyberserker,1
usernotfoundplstry,xx_xfubarx_xx,1
utubm_coldteeth,agitated-ticket8812,1
utubm_coldteeth,davidsgundams,1
vaelvet_,ketizke,1
vahlerion,crazynick5586,1
valuable_show1778,crazynick5586,1
valuable_show1778,souzeh,1
vankakt,exodusfailsafe,1
vankakt,hyperfixed,1
vankakt,ticktock_heart,1
vankakt,various-complex-2192,1
vannyplays,anome97,1
vannyplays,stronkzer,1
various-complex-2192,zamasu2020,1
various-fig-7195,stronkzer,1
veebles89,grenadeleg,1
vegasgaymer,dm_your_thicc_ass,1
vegetable-bear-7482,falcormoor,1
vegetable-bug251,turbulent_relative70,1
vegetable-finger-273,mysterious-bet4832,1
vegetable-spring-934,small_bipedal_cat,1
velasqu,blacksteel_3880,1
veldur_mothram,want2makememes,1
velstrom,acceptable-tooth-105,1
vendriklamar,3rdmachina,1
vendriklamar,bigboi_meatbag,1
vengeful-wendigo,malefictekx,1
venthevex,anome97,1
venthevex,ultraphoenix95,1
verita0,rxmkha,1
verita0,stronkzer,1
veryangrydoggo,lesuperhun,1
veryangrydoggo,lord_nightraven,1
veryangrydoggo,noshinare_nira,1
veryangrydoggo,sad_finding3342,1
veryangrydoggo,smeth_killbirds,1
veryangrydoggo,tomirahew,1
vhsodre,careless_apricot_697,1
victorespinola,xx_xfubarx_xx,1
victorianscorpion,bobblee20,2
videomaker580a,maralde63,1
viiiihto,kh_ram,1
viiiihto,thedregn,1
vikvonp,various-complex-2192,1
viraemia123,crazynick5586,1
virama,miel120,2
virellius2,puppetsmind,2
virellius2,xx_xfubarx_xx,1
virtual_fix9931,xmandri,1
visible-antelope8137,pale_sentence9909,1
vladdypants,acceptable-tooth-105,1
voce_narrante,crazynick5586,4
voidlord4450,averagejun,1
voidofsin,mrali11,2
volcboy84,various-complex-2192,1
vr6passlow,capital-value8479,1
vr6passlow,differencepretend,1
vr6passlow,possible_artist3941,1
vtopping,acceptablelock951,1
vz3r0,keepforgettingname6,1
waalidsaab7777,holyerr0r,1
waalidsaab7777,professional_boss438,1
wafflecone927,averagejun,1
wagglebagga,pitiful_ad_4472,4
wagglebagga,shadeliquid,1
waled7rocky,acceptablelock951,1
waled7rocky,averagejun,1
waled7rocky,dragon1472,1
want2makememes,acceptablelock951,1
want2makememes,averagejun,1
warm-driver-4063,crazynick5586,1
warp_legion,malefictekx,2
waste-gur2640,pleasant-hat-6334,1
watchingtrains,no-examination9266,1
watts121,no-examination9266,1
watts121,nos9684,1
waytoodan,andrease03,1
waytoodan,darh1407,1
waytoodan,im_alzaea,2
wearyemployer8412,ancientsquirrel8651,1
webaccount25,crazynick5586,1
weebee_88,no-examination9266,1
weeross87,herr-trigger86,1
weeross87,momentofzehn,1
weirdo_drummer23,da7mii,1
werey,fragrant-lynx-3559,1
west_effective_8949,xx_xfubarx_xx,1
westcoastmcdowellian,ca_waves,3
westcoastmcdowellian,dataveindevil,1
westcoastmcdowellian,lonely-form9585,1
western_leek3757,superalloyberserker,1
westphillyfilly,anonymous_jane_,1
westphillyfilly,bkf0308,2
westphillyfilly,throwawayforthe17th,1
whatisireading2,fluid_chair8351,1
whatisireading2,fragrant-lynx-3559,1
wheatleytheball,juche__necromancer,1
whereisklumz,bertgil423,1
whereisklumz,professional_boss438,1
whittski,objectivepair2707,1
whittyhippo,abyssalmidir,1
whole_journalist2028,rivalempire,1
wholesome-energy,pitiful_ad_4472,2
whyme_630,associateawesome,1
whyme_630,brief_bug_,1
whyme_630,pale_sentence9909,1
whythreekay,alexw1495,1
wide_falcon_7901,baldsweatywraith,1
wild-ad9269,anome97,1
wild-session823,haunting-draft-632,1
wild-session823,sioluishere,3
wild_brilliant559,dreddeadshinobi,2
wild_brilliant559,fine_ad_255,2
wingding0,crazynick5586,1
winklevanderlinde,theswansays,1
wise-key-3442,aydashtee,1
wise-key-3442,cringe_1031,1
wise-key-3442,malefictekx,1
wise-key-3442,pale_sentence9909,1
wise-key-3442,pitiful_ad_4472,1
wise-key-3442,professional_boss438,1
wise-key-3442,rayley789,1
wise-key-3442,stronkzer,2
witchofunfinished-,tablesuspicious7182,1
wizardof_oz,shinyabsoleon,2
wonderful_cress_4652,esemvii,1
wonderful_cress_4652,joshualukacs1,1
worksux36g,duelmastr23,1
worksux36g,no-examination9266,1
worksux36g,pale_sentence9909,1
worldly_shoe840,dailydescent,1
worldly_strategy9312,defiant-purchase868,5
worldly_strategy9312,duelmastr23,1
worldly_strategy9312,pashanina,1
worldly_strategy9312,reverse_gamer_,1
worm_3300,professional_boss438,1
worth_recognition790,wonderful_cress_4652,1
wotan69,heavy_designer5940,1
wrld-,duelmastr23,1
wrong_papaya_8445,agitated-ticket8812,1
wrong_papaya_8445,ca_waves,1
wrong_papaya_8445,crunchy-leaf,1
wrong_papaya_8445,emolch78,1
wrong_papaya_8445,grotesquelyobese,1
wrong_papaya_8445,professional_boss438,1
wrong_papaya_8445,sp1kefallsteve,1
wrong_papaya_8445,stronkzer,1
wrong_papaya_8445,xx_xfubarx_xx,1
wsekii,ketizke,1
wsekii,no-examination9266,1
wuzzzy23,falcormoor,1
x-coffin,zoldycksaiyan,1
x-hero_0f_hyrule-x,pitiful_ad_4472,1
x023,professional_boss438,1
xa4_mend,ok-detail4461,1
xcoop_stomp416x,kiwizoomerr,1
xcoop_stomp416x,xx_xfubarx_xx,1
xmandri,broserk42,1
xmandri,celtic_crown,1
xmandri,ikwarriors,1
xmandri,kh_ram,1
xmandri,littlemaintenance874,1
xmandri,no-examination9266,1
xmandri,virtual_fix9931,1
xmonsterxr,superalloyberserker,1
xsacrebleghx,pale_sentence9909,1
xwwjd420,crazynick5586,1
xx_xfubarx_xx,kar_kar444,1
xx_xfubarx_xx,real_korokii,1
xx_xfubarx_xx,swordrush,1
xxxarkhamknightsxxx,momentofzehn,1
xxxarkhamknightsxxx,training_strike2687,1
xynrae,no-examination9266,1
xzamusx,igniscorazon,1
yaboi4666,certain-nerve-9761,8
yaboi4666,coraclaw,1
yaboi4666,sol_sin_eri-aku,4
yaiga91,fragrant-lynx-3559,1
yakuzashibe,accomplished_pea5717,1
yakuzashibe,hasyahshin,1
yikkizh,acceptablelock951,1
yikkizh,substantial-sea5952,1
yogintoki26,certain-nerve-9761,3
yogintoki26,crazynick5586,2
yogintoki26,momentofzehn,1
yogintoki26,pitiful_ad_4472,1
yogintoki26,silver27crow,1
yogintoki26,spiritual-bear3066,1
yoleorosa,anonymous_jane_,1
yorkhorster,nicccccccccccc,1
youngbuddi,anti-fanny,1
youngbuddi,bttm_in_training,4
youthofnausea,pale_sentence9909,1
yunayaunplugged,agitated-ticket8812,1
yunayaunplugged,mikisayaka33,1
yunayaunplugged,superalloyberserker,1
yung_chillunnerr,crazynick5586,1
zaeor_the_gold,i3mmarr,1
zainta,crazynick5586,2
zainta,pitiful_ad_4472,2
zamasu2020,balanceshanging,1
zamasu2020,bigaids1400,1
zamasu2020,broserk42,1
zamasu2020,crazynick5586,1
zamasu2020,fragrant-lynx-3559,1
zamasu2020,ikwarriors,1
zamasu2020,mrali11,2
zamasu2020,ted_rid,2
zamasu2020,various-complex-2192,2
zanemob_,defeated_drow,1
zanemob_,ladykazura,1
zanemob_,pale_sentence9909,1
zanemob_,pill0wzx,1
zanemob_,prevay,1
zark108,duelmastr23,1
zealousidealbox3944,brianrampage,1
zealousidealbox3944,gulliblecommittee667,1
zealousidealbox3944,pale_sentence9909,1
zejety,ashamed-victory-4245,3
zejety,ettreddittroll,1
zejety,sanz_sarcasm,1
zeman0205,cartus_killer,1
zeman0205,certain-nerve-9761,1
zeman0205,fabiofn16,2
zeman0205,glittering-rabbit899,1
zeniay,duelmastr23,1
zenku390,neptuneblue19,1
zer0_summed,-soggy-potato-,1
zerosekai000,fabiofn16,1
zestyclose-tooth6044,abyssalmidir,1
zestyclose-tooth6044,fragrant-lynx-3559,2
zhacobe,typical_stop4677,1
zmansthename,fragrant-lynx-3559,1
zmansthename,so_rainy,1
zoldycksaiyan,professional_boss438,1
zoldycksaiyan,tonyroh100876,1
zubermans,distinct-office-609,1
zubermans,inflatable_bridge,1
zworrisdeh,no-examination9266,1
