Id,comments,toxicity_rate,in_degree,out_degree
--_-_---_-_-_,1,0.0,21,1
--pariah,4,0.25,2,3
-_-_-_-__---,1,0.0,0,1
-commonsensible-,3,0.0,1,1
-elias--,1,0.0,1,1
-enders,1,0.0,0,1
-googlrr,6,0.0,6,5
-kyzen-,4,0.0,1,3
-s-p-e-r-,1,0.0,0,1
-safer-,1,0.0,1,1
-wb-spitfire,3,0.0,11,1
-zipp-,1,0.0,1,1
06gto,1,0.0,0,1
07ghost_protocol99,1,0.0,1,1
0rphu,2,0.0,7,2
100ratsinasack,10,0.0,5,9
10midgits,1,0.0,1,1
13bpeachey,1,0.0,0,1
1800leon,1,0.0,0,1
1983_bok,1,0.0,0,1
19mkultra77,1,0.0,0,1
1bigbootyjudy1,1,0.0,0,1
1goldenbraincell,1,0.0,0,1
1leggeddog,2,0.0,1,2
1plus2break,1,0.0,2,1
1stonepwn,6,0.16666666666666666,1,4
20milliondollarapi,2,0.0,0,2
21163,1,0.0,0,1
2meter5,1,0.0,0,1
2norn,1,0.0,0,1
2radon,1,0.0,0,1
30269240,1,0.0,0,1
360picture,1,0.0,0,1
38dedo,6,0.0,2,4
3classy5me,2,0.0,0,2
3nd_of_l1ne,1,0.0,1,1
3ringbout,1,0.0,0,1
3scap3plan,2,0.0,0,2
4khazmodan,3,0.0,3,2
4zz13,2,0.0,1,2
50miler,3,0.0,3,3
510kyle,1,0.0,0,1
51ckl3,2,0.0,0,1
5aynt,1,0.0,0,1
60discpriest,1,0.0,3,1
611567,1,0.0,1,1
6198573,6,0.0,2,5
69327-1337,2,0.0,0,2
85montecarloss,1,0.0,1,1
9clubsupreme,1,0.0,0,1
__emer__,1,1.0,0,1
__glad,1,0.0,1,1
_augie,3,0.0,1,3
_cava_,1,0.0,0,1
_clever_reference_,4,0.0,4,3
_donut_block_,1,1.0,1,1
_galahad-,1,0.0,0,1
_gobulcoque,3,0.0,0,3
_hooj_,2,0.0,0,2
_iammurloc_,2,0.5,0,2
_ilp_,1,0.0,0,1
_lyke_,1,0.0,0,1
_ncr,1,0.0,0,1
_not_a_vampire_,3,0.3333333333333333,1,3
_paxia_,1,0.0,0,1
_rm78,2,0.0,1,1
_spartex,1,0.0,0,1
_surge,1,0.0,1,1
_the_farting_baboon_,1,0.0,0,1
_thebgrey,1,0.0,1,1
_tkg,1,0.0,0,1
_verybad_,1,0.0,10,1
a_confused_cocoon,1,0.0,1,1
a_singular_perhap,1,0.0,2,1
aakiru,1,0.0,9,0
aanzeijar,1,0.0,0,1
aaroknightus,2,0.0,3,2
aarrgus,1,0.0,0,1
aarshuan,1,0.0,0,1
aasrial,2,0.0,1,1
abadabadon,2,0.0,1,1
abaddonx,1,0.0,0,1
abagorn,1,0.0,1,0
abandon_ambition,1,0.0,0,1
abbite,1,0.0,1,1
abigailrochelle,1,1.0,0,1
abitou,8,0.0,6,8
abject-bathroom-7211,1,0.0,0,1
abjectlist8,3,0.0,1,3
able_management_3555,1,0.0,0,1
abooth43,1,0.0,0,1
abovearth31,1,0.0,0,1
absolutelynot500,2,0.5,0,2
absurdpicturecomment,1,0.0,1,1
abyssalanarkay,41,0.0975609756097561,40,31
abyssxkenzo,2,0.0,3,2
academic-ad-1446,2,0.0,0,2
academic_district_48,1,0.0,0,1
acanthisittafirst710,3,0.0,2,3
accendor,1,0.0,2,1
acclimation6,1,1.0,0,1
accomplished-pie-206,5,0.0,1,5
accomplished_crow13,1,0.0,4,1
accomplished_emu_658,1,0.0,0,1
accomplished_end_138,1,0.0,0,1
accomplished_tip3597,2,0.5,0,2
accomplishedshirt740,1,0.0,1,1
accomplishedsplit702,1,0.0,1,1
according-inside-830,1,0.0,1,1
acctg,2,0.0,1,2
ace612807,1,0.0,1,1
acederp,1,0.0,0,1
acemoney79,1,0.0,0,1
acencguy,1,0.0,0,1
acetazy,1,0.0,0,1
achlys_76,1,0.0,0,1
achundweh,1,0.0,0,1
acidflame182,1,0.0,1,1
acivo,1,0.0,0,1
ackerack,2,0.0,0,2
acky1425,3,0.0,9,2
acopo,2,0.0,0,2
acrobatic_airline605,13,0.0,100,7
acrobatic_coat722,6,0.0,4,6
activehannes,1,0.0,1,1
actual-tower3969,1,0.0,0,1
actual_committee4670,1,0.0,0,1
adagiobay,1,0.0,0,1
adambry705,2,0.0,0,2
adamg3691,1,0.0,1,1
additional_island533,2,0.5,1,2
additionalbenefit569,1,0.0,1,1
adelitero,2,0.0,0,2
adept_avocado_4903,1,0.0,0,1
adept_director_4787,2,0.0,2,2
adeven7883,1,0.0,0,1
adgroundbreaking3566,2,0.0,9,2
adhumble9772,1,0.0,0,1
adlerjemc,1,0.0,0,1
admirable-pianist816,1,0.0,0,1
admirable_newt9905,1,0.0,0,1
adolslostsword,1,0.0,2,1
adondriel,1,0.0,0,1
adorable-fault-651,1,0.0,0,1
adorable-strings,3,0.0,1,3
adrianm292,1,0.0,0,1
adrtheman,4,0.0,3,4
adv_monkey,1,0.0,0,1
advanced-plant-3241,4,0.0,2,4
advanced_vehicle_750,7,0.0,3,4
advancedconcentrate,1,0.0,0,1
adventurous-ad-8126,1,0.0,1,1
adventurous_moose_70,1,0.0,0,1
adventurous_topic202,4,0.0,1,4
adweekly2561,1,0.0,0,1
aegis_sinner,2,0.0,0,2
aekero,1,0.0,2,1
aenae,1,0.0,0,1
aeowrynn,3,0.0,1,2
aepracorn,2,0.0,1,1
aeratedfeces,1,0.0,0,1
aermine19,1,0.0,1,1
aern,2,0.0,1,2
aerris7,1,0.0,0,1
aesathetic,1,0.0,0,1
aessae,2,0.0,0,2
aestrasz,1,0.0,0,1
aettyr,1,0.0,0,1
aexxys,2,0.0,2,2
afallingwizard,1,0.0,0,1
affableaardvark,1,0.0,1,1
affectionate-bee2039,2,0.0,3,2
affectionate-let3744,1,0.0,1,1
affectionate-strain9,1,0.0,0,1
affectionate_ad9660,1,0.0,0,1
affectionate_neat868,1,0.0,0,1
affectionateraise461,3,0.0,2,2
affiiance,1,0.0,0,1
afl0ck0fg0ats,2,0.0,13,2
afraid_ad2263,1,0.0,0,1
after_particular1682,2,0.0,1,1
aftermorningcoffee,1,0.0,0,1
aftershock416,4,0.0,2,2
afxtal,1,0.0,0,1
agarwaen323,3,0.3333333333333333,2,3
agemennon675,2,0.0,0,1
agent-390,1,0.0,0,1
aggravating-age-1858,7,0.14285714285714285,1,7
aggressive-compote64,1,0.0,0,1
aggressive_screen_60,1,1.0,0,1
aggressive_you_8646,1,0.0,0,1
aggrokid,1,0.0,2,1
agile_commission_693,1,0.0,0,1
agile_moment768,3,0.0,3,2
agile_physics_8848,1,0.0,0,1
agoginnabox,1,0.0,1,1
agreeable-ad-3533,1,0.0,0,1
agreeable-rock-8959,1,0.0,0,1
agreeable_dingo_5766,1,0.0,0,1
ahart101,1,0.0,0,1
ahundredpercentbutts,2,0.0,1,1
ailaria69,1,0.0,0,1
aimlesstrevler,1,0.0,0,1
ainastrasza,4,0.0,8,2
aintmilkbrilliant,2,0.0,1,2
aircod,1,0.0,0,1
aitirn,1,0.0,0,1
ajaugunas,1,0.0,2,1
aka_gutterbones,1,0.0,0,1
akaasa001,2,0.0,0,2
akechifan53,1,0.0,0,1
akeeneyedguy,3,0.0,2,3
akhantu,1,0.0,2,1
akkuma,1,0.0,2,1
aktionmusic,1,0.0,2,1
akussa,2,0.0,0,2
alaerei,1,0.0,0,1
alainke007,1,0.0,0,1
alaistar94,1,0.0,0,1
alarakbj,1,0.0,0,1
alarie51,5,0.0,3,3
alarmingreference971,1,0.0,0,1
alaskandruid,2,0.0,1,2
albatrossantique7202,2,0.0,1,1
albatrozxd,1,0.0,1,1
albeonx,1,0.0,0,1
aldamur,2,0.0,0,2
aldor623,1,0.0,0,1
aleckzz,1,0.0,0,1
aleexavee,11,0.09090909090909091,11,8
alekzyyy,1,0.0,0,1
alelnh,1,0.0,0,1
aleph_rat,2,0.0,1,2
alert_south5092,1,0.0,0,1
alesz1996,1,0.0,0,1
alex_is_always_right,1,0.0,1,1
alexandererebus,1,1.0,1,1
alexandervolk,1,0.0,57,1
alexarius87,6,0.0,2,3
alexeix1,2,0.0,0,2
alexisky7,1,0.0,0,1
alexsandr13,2,0.0,2,2
alexshinsuke,5,0.0,4,2
alexvoyd,4,0.0,1,4
alice-86f,2,0.0,4,1
alienduck2,2,0.0,1,1
alienixena,2,0.0,2,2
alimente,1,0.0,1,1
alive_worth_2032,1,0.0,1,1
aliyah_hs,2,0.0,5,2
aljung21,1,0.0,0,1
allbur_chellak,1,0.0,0,1
allegrian,3,0.0,28,3
allokit,1,0.0,0,1
allyanni,1,1.0,0,1
almighty5moe,1,0.0,0,1
alparker91,1,0.0,7,1
alph1,1,0.0,0,1
alpha1959,1,0.0,0,1
alpha_legionaire,1,0.0,0,1
alphvader,1,0.0,0,1
alsuperhero1,1,0.0,0,1
alsyia,1,0.0,0,1
alternative-swim-953,1,0.0,0,1
alternative-tank337,1,1.0,0,1
alternativedirt6124,1,0.0,1,1
althor2424,2,0.5,4,2
altruistic-ad-6041,1,0.0,0,1
altruistic-singer-78,1,0.0,0,1
altruistic_bunch2815,1,0.0,0,1
altyrmadiken,6,0.3333333333333333,1,1
alucryts,1,0.0,0,1
aluriilol,1,0.0,0,1
alveia,5,0.0,4,3
alvintergeise,1,0.0,0,1
ama5564,11,0.0,6,11
amahag29,1,0.0,0,1
amanda_oxenham,5,0.0,4,4
amaranthsparrow,3,0.0,4,3
amarger86,1,0.0,0,1
amazing_internal6334,1,0.0,71,1
amazinglemon280,7,0.0,0,6
ambassadorbonoso,2,0.0,1,1
ambitious_cicada9263,1,0.0,0,1
ambitious_scale_8567,1,0.0,0,1
ambitiousedi,1,1.0,0,1
ambivalentcat,1,0.0,2,1
ambushinthedark,1,0.0,0,1
amelaclya1,12,0.0,6,11
amethystlaw,4,0.0,2,3
amethystsadachbia,2,0.0,3,2
amidnightstar,1,0.0,0,1
amidonewv,1,0.0,0,1
amieniel,1,0.0,0,1
amikaboshi,2,0.0,0,2
amocideb,1,0.0,0,1
amountplus7269,1,0.0,0,1
amp085,1,0.0,0,1
amplifymagic101,10,0.0,7,9
amydeferred,3,0.0,2,3
amyrantha_verc,1,1.0,0,1
an_actual_bucket,1,0.0,1,1
anakil_brusbora,2,0.5,4,2
anangrybartender,5,0.0,0,5
anathsanlily,1,0.0,0,1
ancesterz,4,0.0,4,3
ancientvamp,1,0.0,1,1
anderaku,1,0.0,0,1
anderssi,1,0.0,0,1
andrew361987,1,0.0,1,1
andrewnium,1,0.0,0,1
andrewwilsonnn,1,0.0,1,1
andriellae,1,0.0,0,1
andromansis,4,0.0,2,4
androza23,4,0.0,3,4
andthesonsofdisaster,1,0.0,0,1
anengineerandacat,6,0.0,6,6
anestheticale,1,0.0,0,1
angelpunk18,4,0.0,15,4
angerfork,2,0.0,0,2
angry-dragon-1331,1,0.0,0,1
angry_guppy,1,0.0,0,1
anhydrite,1,0.0,0,1
anicetribe,2,0.0,2,1
anierous,2,0.0,2,2
anilemm,1,0.0,4,1
animalesco,1,0.0,0,1
annauk7,1,0.0,0,1
annnnnnnd_its_gone,1,0.0,0,1
annual-resident1118,1,0.0,0,1
annual_morning_3436,1,0.0,0,1
annualrecognition867,1,0.0,0,1
annuum-veneficus,1,0.0,0,1
anon-word,1,0.0,0,1
anonposter-42069,1,1.0,0,1
anonymous-wow-guy,7,0.0,0,7
anotherdeadhero,1,0.0,0,1
anotherpreciousmeme,4,0.0,3,4
antelope_fluid,1,0.0,0,1
anthologyvirgin,2,0.0,0,2
anti-depressed,1,0.0,0,1
anti99999999,1,0.0,1,1
antigodofatheism,2,0.0,3,2
antilos_weorsick,1,0.0,2,1
antilurker77,1,0.0,0,1
antique-guest-1607,1,0.0,0,1
antonmaximal,2,0.0,1,2
anufenrir,5,0.0,0,5
anumet,1,0.0,0,1
anupsetzombie,1,0.0,0,1
anxious-sprinkles555,1,0.0,0,1
anxious_hall359,1,0.0,0,1
any-recognition9995,1,1.0,0,1
any-transition95,15,0.0,10,13
anyhealer,1,0.0,1,1
anyosnyelv,2,0.0,2,2
anythinga,2,0.0,0,2
aoo2imptrip,2,0.0,2,2
apalewownerd,7,0.0,0,7
apathyforempathy,3,0.0,2,2
apathyking8,5,0.0,5,4
apekillape,3,0.0,0,3
apennatie,1,0.0,2,1
apgunner,1,0.0,0,1
apocalypticdrew,3,0.0,1,2
apprehensive_gap3673,1,0.0,0,1
apprehensivegold2773,3,0.0,2,3
apprehensivemail1304,1,0.0,0,1
appropriate_hair432,1,0.0,0,1
appropriate_trader,1,0.0,0,1
appropriatelecture90,1,0.0,1,1
appropriatemove4497,1,1.0,0,1
appropriatetry8452,1,0.0,1,1
aracuda,1,0.0,0,1
arborus,4,0.0,0,4
arcadianmess,1,0.0,0,1
arcana-knight,1,1.0,1,1
arcanaxviii,1,0.0,2,1
arcane-addict,2,0.0,0,1
arcanetroll,1,0.0,0,1
arcani-loreseeker,1,0.0,0,1
archangelru,1,0.0,0,1
archensix,11,0.09090909090909091,10,8
archeronightmare,1,0.0,0,1
ardetpe,1,0.0,0,1
ardisal,1,0.0,0,1
areallybadidea,1,0.0,0,1
aredhela_,1,0.0,0,1
areies88,1,0.0,4,1
arekualkhemi,1,0.0,2,1
argentcrescent,1,0.0,0,1
argharn,1,0.0,0,1
argoniek,1,0.0,0,1
arhx-draenor,1,1.0,0,1
ariandrin,2,0.0,1,1
arie15,2,0.5,1,2
aristo87,1,0.0,0,1
aritche,2,0.0,1,1
aritia_1897,2,0.0,2,2
armconnect9353,1,0.0,0,1
aromatic-energy656,1,0.0,0,1
arowhite,1,0.0,0,1
arqe_,1,0.0,4,1
arstulex,5,0.0,1,4
artdecoautomaton,1,0.0,1,1
arthodel,1,0.0,11,1
artichokeused1129,1,0.0,0,1
artoriasbrokenhand,1,0.0,0,1
artrysa,1,0.0,0,1
artupper7213,2,0.0,1,2
aruhi,15,0.0,11,11
ascelynemg,3,0.0,1,3
asciim0v,3,0.0,1,2
asdfzxcbasdf,4,0.25,3,4
aseaofstars235,2,0.0,0,2
ashamed_ad9824,3,0.3333333333333333,4,3
ashamed_fuel2526,2,0.0,0,2
ashcr0w,3,0.0,0,3
ashenlordgodfrey,2,0.0,0,1
asherthedasher,1,0.0,0,1
ashesofatreyu,1,0.0,0,1
ashikkins,2,0.0,0,2
ashkir,3,0.0,4,3
ashleynn,4,0.25,2,3
ashyildae,1,0.0,0,1
ask_about_my_doggies,1,0.0,0,1
askarth_,4,0.0,0,4
askdoctorbear,1,0.0,0,1
asmallman,1,0.0,1,1
asouthamerican,1,0.0,0,1
asprosofazeroth,1,0.0,0,1
asrealo,1,0.0,0,1
assaul,2,0.0,2,1
assortedwrenches89,1,0.0,0,1
assumptionempty,2,0.0,0,2
astarocy,1,0.0,0,1
asthaloth,1,0.0,0,1
astraljoey,1,0.0,0,1
asyliaa,1,0.0,0,1
asymptotethrowaway,1,0.0,0,1
at-las-,1,0.0,1,1
atchijov,2,0.0,0,2
atheren,8,0.0,4,6
athrasie,8,0.25,4,7
atkinson137,2,0.0,1,2
atleastwedream,1,0.0,0,1
atomic__balm,2,0.0,0,2
atomicsnark,1,0.0,0,1
atomikgarlic,4,0.0,3,4
atosl,2,0.0,0,2
atromach,4,0.25,3,3
attackityyak,1,0.0,0,1
atticus-xi,1,0.0,0,1
attitudeadjusterse,1,0.0,0,1
atypical_lemur,1,0.0,1,1
audioshaman,6,0.0,11,6
audisek,1,1.0,0,1
augbanane,1,0.0,0,1
augssan,1,0.0,0,1
aurd04,1,0.0,0,1
auriigold,1,0.0,0,1
aurora428,2,0.0,0,2
aurora_313,1,0.0,0,1
aurortonks,1,0.0,0,1
aurum_t,1,0.0,19,1
aurumlauri,1,0.0,0,1
austeninalaska,1,0.0,1,1
austinstar08,2,0.0,0,2
auti117,1,0.0,0,1
automatic-watch-1291,1,0.0,0,1
automatic_grand_1182,1,0.0,0,1
automoderator,49,0.0,5,23
available_art4487,1,0.0,1,1
avarus_88,1,0.0,1,1
avcloudy,2,0.0,1,2
avelphina,1,0.0,0,1
averageevil,1,0.0,0,1
aveta95,1,0.0,0,1
awesinine,1,0.0,0,1
awesomedudei,3,0.0,3,3
awesomeoh1234,1,0.0,1,1
awkward-rice3038,1,0.0,2,0
awrylettuce,1,0.0,0,1
awthorn,1,0.0,0,1
axenos,2,0.0,1,2
axmoistxturd,2,0.0,1,1
axxemax,1,0.0,1,1
axxion89,1,0.0,1,1
ayanayu,3,0.0,0,3
aybap,1,0.0,0,1
aye-loud,2,0.5,1,2
ayeitzsteezy,2,0.0,2,2
ayodaddyos,1,0.0,1,1
ayotha,1,0.0,0,1
azerius94,1,0.0,49,1
azhder,1,0.0,0,1
azsunyx,1,0.0,0,1
azzkikr11,1,1.0,0,1
b1rdbr41n,1,0.0,0,1
b4rr4g4n,1,0.0,0,1
b_kuro,2,0.0,2,1
baa1990,1,0.0,0,1
baaksterx,1,0.0,1,1
baba-pajser,1,0.0,0,1
babadibabidi,1,0.0,0,1
babagahnoush,1,0.0,1,1
babywhiz,5,0.0,3,5
backgroundpianist975,1,0.0,0,1
backscratchaaaaa,3,0.3333333333333333,2,3
backspace_cars,1,0.0,0,1
backwardspellcaster,1,0.0,0,1
bacon-muffin,2,0.5,1,2
baconqueenvern,4,0.0,1,4
baconscentedscrotum,1,1.0,0,1
badform49,1,0.0,0,1
badnuub,2,0.0,0,2
badrodent,1,0.0,0,1
badwulf1,1,0.0,1,1
bafau4246,2,0.0,2,1
baigelsx,1,0.0,1,1
bajspunk,1,1.0,1,1
bakedbread420,1,0.0,0,1
bakedcity1,3,0.0,2,3
bakednotyetfried,1,0.0,0,1
balager47,2,0.5,1,2
baldspoticus,1,0.0,0,1
ballcube,1,1.0,1,0
bambinocpt,1,0.0,2,1
bamboochan,1,1.0,1,1
ban_anna_split,2,0.0,0,2
bananabread186,1,0.0,0,1
bandicoot1324,1,1.0,0,1
bankirito40,1,0.0,0,1
barduk4,1,0.0,0,1
barialdalaran,2,0.0,3,2
barkovitch,1,0.0,0,1
barlowan,2,0.0,0,2
barnabars,2,0.0,1,1
baronmarques,2,0.0,2,2
baroqueout,4,0.25,3,4
barrettrts,3,0.0,3,3
bartellomio,3,0.0,1,3
bartleby1407,12,0.0,5,11
basic_suggestion3476,1,0.0,0,1
basilisk_says,3,0.0,1,3
basket_chase,1,0.0,0,1
basketexternal6843,1,0.0,0,1
bass3922,1,0.0,0,1
batboywonder,1,0.0,0,1
batdad488,1,0.0,0,1
batmannoprep,2,0.0,2,2
battlenub89,1,0.0,0,1
bavario1337,5,0.0,7,5
baxterwoozy,1,0.0,0,1
baxtyre,1,0.0,3,1
bazzabaz1,1,0.0,0,1
bb22k,9,0.0,8,6
bbbmarko01,1,0.0,0,1
bbmezzy,1,0.0,0,1
beacon2001,3,0.0,1,1
beadorie,1,0.0,1,1
beanakin,1,0.0,0,1
beanybob95,1,0.0,0,1
beardedbear696,1,0.0,1,1
beardsticks,1,0.0,0,1
beardzesty,1,0.0,0,1
bearlysane,3,0.0,2,3
beasticide,3,0.0,0,3
beatitmate,1,0.0,0,1
beatupford,2,0.5,1,2
beautiful-jello-37,1,0.0,0,1
beeeeeeels,1,0.0,0,1
beefkins,1,0.0,0,1
beefmytaco,5,0.0,6,5
beeftank_jr,1,0.0,1,1
beegleboogle,2,0.0,0,1
beepborpimajorp,2,0.0,0,2
beerbaron1886,1,0.0,0,1
beetlejuice______,2,0.0,0,2
beginning-advice-168,2,0.0,0,1
beiti,1,0.0,0,1
belazor,1,0.0,0,1
belista41,1,0.0,1,1
belivious677,6,0.0,6,5
belkuro,1,0.0,0,1
bellacoseplayer,2,0.0,0,2
bellanzo,1,0.0,1,1
belpheegor,3,0.0,8,2
belsor14,1,0.0,0,1
belteshazzar98,3,0.0,1,2
beltox2pointo,1,0.0,1,1
ben0x539,1,0.0,0,1
bend_glass,1,0.0,0,1
beneficial-listen-18,1,0.0,0,1
beneficial_egg_4822,2,0.0,2,1
benjacarmona,1,0.0,0,1
benjaminalex32,2,0.0,1,2
bennygrandblade,1,0.0,0,1
benwhitaker,3,0.3333333333333333,6,2
bermsi,1,0.0,1,1
besieger13,3,0.0,2,3
bestiejules,2,0.0,2,2
bestjersey_worstname,9,0.0,4,6
bete_du_gevaudan,1,0.0,0,1
better-call-sol,1,0.0,0,1
better-slide-7384,1,0.0,0,1
better_jacket_3593,1,0.0,0,1
bewsii,1,0.0,2,1
beyondelectricdreams,4,0.0,1,3
beyondlife,1,0.0,0,1
bfrown,4,0.25,0,4
bhangthundai_,1,0.0,0,1
bhayward241,1,0.0,1,1
bifflin,2,0.0,0,2
big-teaching2521,1,0.0,0,1
big_elderberry5957,1,0.0,0,1
bigbadben_10,1,0.0,0,1
bigbard2,1,0.0,0,1
bigbesss,1,0.0,1,1
bigblackcouch,1,0.0,0,1
bigbucket990,1,0.0,0,1
bigbwaindabid,1,0.0,1,1
bigd175,2,0.0,2,1
bigdongergigachad,1,0.0,1,1
bigger_moss,4,0.0,3,4
biggestgrinderoce,2,0.0,0,2
biggiy05,1,0.0,1,1
bigglez1995,4,0.0,3,4
bigrussoonthebuttons,1,0.0,0,1
bigshotbosh,1,0.0,0,1
bigsmusha,1,0.0,1,1
bigtree42069,1,0.0,1,1
bigwethole,1,0.0,0,1
bigzimm1,1,0.0,1,1
bilbodrytear,1,0.0,2,1
billdanceparty,1,1.0,0,1
billy_big_guns,1,0.0,0,1
bingolotto123,1,0.0,1,1
binkiecookie,2,0.0,4,2
binto,1,0.0,0,1
bio-grad,1,0.0,0,1
bioandroid,1,0.0,0,1
biodefault,1,0.0,1,1
biodegradable_atgms,9,0.0,20,8
birbphone,1,0.0,0,0
birdbrain_shitfuck,1,0.0,1,1
biscuit_wos,8,0.25,2,3
biscuitdanger_,1,0.0,0,1
bishopkilljoy,1,0.0,0,1
bismothe-the-shade,2,0.0,3,2
bisquikb,1,0.0,1,1
bitterlemonsoda,1,0.0,0,1
bivukaz,1,0.0,0,1
bizkit413,1,0.0,0,1
bjg12321,1,0.0,1,1
bjorn_styrkr,1,0.0,0,1
bjorn_tyrson,2,0.0,0,2
bl00d_za,1,0.0,0,1
blaackys,1,0.0,0,1
blaat_splat,1,0.0,0,1
blackangel6687,1,0.0,0,1
blackberrybeanz,5,0.4,5,5
blackbirdone1,2,0.0,1,2
blackflagssfe,1,0.0,0,1
blackhijinks,2,0.0,1,2
blackking2106,1,0.0,0,1
blackmonday73,2,0.0,0,1
blackmoosen,1,1.0,0,1
blackranger692,1,0.0,0,1
bladeoni,2,0.0,0,2
blancjacques,2,0.0,2,2
blanknullvoidzero,3,0.0,2,3
blantonphantom,2,1.0,2,2
blasterion,1,0.0,0,1
blathnaid666,1,0.0,0,1
blaxete,2,0.0,0,2
blaze611,1,0.0,0,1
blazeking289,1,0.0,0,1
blckdrke,2,0.0,1,2
bledolikiq,1,0.0,2,1
blehbleh1122,1,0.0,0,1
bleuchz,2,0.0,3,2
blind667,1,0.0,1,1
blind_blake_2023,1,0.0,0,1
blindbillions,1,0.0,0,1
blindcloud,1,0.0,0,1
blipbloopbeeeeep,2,0.0,1,1
blissed_off,1,1.0,0,1
blitzus,1,0.0,0,1
blizzjafaaeleath,5,0.0,12,5
blockofwisdom,1,0.0,0,1
blonslaught,1,0.0,0,1
bloodandbourbon,1,1.0,0,1
bloodbabe2003,1,0.0,0,1
bloodknightsalandria,1,0.0,0,1
bloodmoth13,3,0.0,1,3
bloodshot_22,2,0.0,6,2
bloodthirsty_kirby,1,0.0,1,1
bloody_tampen24,1,0.0,0,1
bloodyfartonabun,1,0.0,0,1
blorgenheim,1,0.0,2,1
blubbpaule,6,0.0,23,6
blubkill,1,0.0,0,1
blubomberikam,1,0.0,0,1
bluebananaredbanana,2,0.0,0,2
blueberryrockcandy,4,0.25,5,4
bluecrazy,1,0.0,1,1
bluedragoon24,1,0.0,0,1
bluefatfrog,1,0.0,1,1
bluehairedgnome,1,0.0,2,1
bluejaybusiness1551,1,0.0,1,1
bluemilk_and_wookies,3,0.0,2,2
bluffwatcher,7,0.0,3,7
blury1,1,0.0,1,1
bmw_courier6,2,0.0,0,1
bo1em,2,0.0,5,2
bobbacklund11235,1,0.0,0,1
bobbimort,3,0.0,1,3
bobby-mcbobster,1,0.0,0,1
bobyran711,1,0.0,0,1
bohya,5,0.0,1,2
bolshevikstatist,1,0.0,0,1
bolt_spark,1,0.0,0,1
bomtradygoat,2,0.0,1,1
bomullstuss99,1,0.0,0,1
bonerlord911,1,0.0,0,1
book-dragon92,1,0.0,0,1
bookbarbarian,1,0.0,0,1
bootydonut,1,0.0,0,1
border_of_water,1,0.0,2,1
boredomonwheelz,1,1.0,0,1
boredum_allergy,2,0.0,1,2
boring_old_dad,1,0.0,0,1
borkemav,2,0.0,0,2
borkon,1,0.0,0,1
bornblackberry3178,1,0.0,0,1
bornetm,1,0.0,0,1
bosko47,1,0.0,0,1
bosox92,1,0.0,4,1
boss-monster,1,0.0,0,1
bossmops94,1,1.0,1,1
bottledsoi,3,0.0,5,3
bottleequivalent4581,2,0.0,1,2
bowlerinside564,1,0.0,0,1
bowserash,1,0.0,0,1
box_king-,1,0.0,5,1
boxingcrazysal,1,0.0,0,1
boxsmith91,1,0.0,1,1
boyinachickensuit,1,0.0,1,1
bozlogic,1,0.0,0,1
bp3dots,2,0.0,0,2
brakndawnt,1,0.0,4,1
braktot,1,0.0,1,1
brandishblade,3,0.0,2,3
bravo__whale,1,0.0,0,1
brawladingo,1,0.0,0,1
brazilianwarrior81,1,0.0,4,1
breadstan,2,0.0,0,2
breakeverychain,1,0.0,3,1
breakzorsumn,1,0.0,1,1
breathandtaxes,2,0.0,0,2
brelyxp,1,0.0,0,1
brettdgordon345,2,0.0,2,2
brevity-is,2,0.0,1,2
brewtality55,1,0.0,1,1
briaria,2,0.0,8,1
briarsthorn,1,0.0,0,1
briciod,2,0.0,0,2
briefsignificance965,1,0.0,0,1
briettah,1,0.0,0,1
brilliant_lobster213,6,0.0,5,4
bringbackboshi,5,0.0,2,5
bringthelight2,1,0.0,3,1
brisden,1,0.0,0,1
bro_chill_bruh,1,0.0,0,1
brokebackmountdoom,4,0.0,10,4
brokebackzac,1,0.0,0,1
brokenmirror2010,12,0.08333333333333333,2,7
brokkrbadger,3,0.0,1,3
broncotron,1,0.0,0,1
bronstin,2,0.0,11,2
brucebowtie,2,0.0,0,2
bruhahah,1,0.0,0,1
bruins37ftw,9,0.1111111111111111,5,7
bruisedmilk,1,0.0,1,1
brumblefee,1,0.0,1,1
brungybrung,3,0.0,2,2
brushner,1,0.0,1,1
brutaltea,1,0.0,0,1
bryroo,1,0.0,0,1
bset262,1,0.0,0,1
bubblan98,1,0.0,0,1
bubbly_performer4864,1,0.0,0,1
bucketman1986,2,0.0,1,2
buddycat2308,1,0.0,0,1
budrickton,1,0.0,0,1
bufffiremage,1,0.0,0,1
bugsy42,1,1.0,0,1
bulbasaurite,1,0.0,3,1
buldog_13,1,0.0,0,1
buldozaire,2,0.0,0,2
bullet1519,1,0.0,0,1
bumstead42,1,0.0,0,1
bunny2shy,1,0.0,1,1
bunpuncherextreme,1,0.0,1,1
burgamerx,2,0.0,17,2
burgemeester,2,0.0,0,2
burlamatto,1,1.0,0,1
burningtoast99,2,0.0,0,2
burntpretzel_,1,0.0,0,1
buscandomiyagi,1,1.0,2,1
buschgod666,1,0.0,0,1
business-bus-2283,1,0.0,0,1
busy-ad-6912,5,0.0,5,5
butrint_o,2,0.0,0,2
butteredkernels,1,0.0,0,1
buttermycowboy,1,0.0,0,1
buttstacker,2,0.0,1,1
buttstuffisokiguess,7,0.14285714285714285,5,7
buy_constant,3,0.0,1,3
buzzcitybonehead,2,0.0,1,2
bwomsamdidjango,5,0.0,3,5
bye-feliciana,1,0.0,0,1
byniri_returns,2,0.0,0,2
c_vansky,1,0.0,0,1
cabose12,12,0.0,5,9
cactusbong,1,0.0,0,1
cactusseed5,1,0.0,2,1
caedesturm,2,0.0,1,1
caelemleaf,14,0.0,8,11
caer-rythyr,1,0.0,0,1
caerwynm,1,0.0,0,1
caffeinatedchaosbean,2,0.0,1,2
cahenson,1,0.0,0,1
caiturn,1,0.0,0,1
cakalacky,1,1.0,0,1
cakeislegit2,2,0.0,1,1
cakeordeath1989,4,0.25,6,4
calaspa,3,0.3333333333333333,1,3
calebjankowski,1,0.0,0,1
calf,1,0.0,1,1
calgar43,2,0.0,3,2
calligrapherlazy7384,3,0.0,2,2
callme-dirtydan,1,0.0,1,1
callmejenkins,2,0.0,1,1
calm-bat-7566,2,0.0,0,2
calm-relationship-16,1,0.0,0,1
calvinandhobbes811,1,0.0,0,1
calypsosong,1,0.0,0,1
cam0_frog,2,0.0,0,2
camebackforpopcorn,1,0.0,1,1
cameronwoof,1,0.0,2,1
camzaman,2,0.0,1,2
canadian-dev,2,0.0,1,1
canadiandinosaur,1,0.0,1,1
canatee,1,0.0,2,1
cancerwinner420,1,0.0,0,1
canconfirmamhitler,1,0.0,0,1
candid_special_4873,1,0.0,0,1
canmoose,3,0.0,1,3
canninster,1,0.0,1,1
canuckpanda,4,0.0,4,4
caodus,2,0.0,2,2
capable_diamond_3878,1,0.0,1,1
capactual,1,0.0,0,1
caparros,2,0.0,3,2
capemanjohnny,2,0.0,1,2
capitanbanana227,1,0.0,0,1
capo_mt,1,0.0,0,1
capt-rowdy901,2,0.5,0,2
captain-vye,1,0.0,1,1
captain_lemondish,4,0.0,1,3
captainjackass123,1,0.0,0,1
captainmeowface,1,0.0,0,1
captainzhon,1,0.0,0,1
captbat,1,0.0,0,1
captinglorydays,1,0.0,0,1
captnpsycho,1,0.0,1,1
caradin,3,0.0,3,2
carant82,1,0.0,0,1
cardborg,3,0.0,0,2
cardinalm1,1,0.0,0,1
care_cup_is_empty,3,0.0,1,3
careless_general8010,1,0.0,1,1
careseite,10,0.0,2,4
carinthian_wendigo,2,0.0,2,2
carlosatomos,2,0.0,1,2
carlosdedu,1,0.0,0,1
caronry,13,0.0,12,10
casterformation,2,0.0,3,2
castia10,1,1.0,0,1
catastrofickat,1,0.0,0,1
catastrophic-event,1,0.0,1,1
catcher_morningstar,2,0.0,0,2
catentity,2,0.0,0,2
cathbadh,1,0.0,0,1
cathulion,3,0.0,0,3
catnipsniffa,1,0.0,0,1
catok171,1,0.0,0,1
catstringtheory,1,0.0,0,1
cautious_catch4021,1,0.0,0,1
cayumigaming,1,0.0,0,1
cbigle,2,0.5,2,2
cbusmatty,20,0.05,7,7
cdmzlegend,2,1.0,1,2
cdowg_3415237,1,0.0,0,1
cdp94,1,0.0,1,1
cebadec,2,0.0,3,2
ceci0,1,0.0,0,1
cecilerr,1,0.0,0,1
celoth,1,0.0,6,1
cenarius_reborn,1,0.0,0,1
centriuz,14,0.14285714285714285,6,11
cephles,3,0.0,14,3
cepopei,1,0.0,0,1
cerbinol,1,0.0,0,1
cerebrum3000,1,0.0,0,1
cerruna,2,0.0,1,2
ch_limited,8,0.0,9,8
challenging-wank7946,1,0.0,2,1
chals1015,1,0.0,0,1
chalupakabra,7,0.0,2,6
chaos-cortex,1,0.0,0,1
chaos_engine01,1,0.0,0,1
chaoseffect616,3,0.0,0,3
chaosgodloki,2,0.5,0,2
chaosrealm69,1,0.0,0,1
chaoticdissonance,1,0.0,0,1
character_remote_710,1,0.0,1,1
charging_chinchilla,1,0.0,1,1
charlyyzz,1,0.0,0,1
charlz_,1,0.0,0,1
chawan,1,0.0,0,1
chazmarius,2,0.0,0,2
cheap_coffee,2,0.0,3,2
cheekie169,1,0.0,1,1
cheese_on_my_blade,1,0.0,2,1
cheeseburger2137,3,0.0,0,3
cheesyburtango1,1,0.0,1,1
cheesycone,1,0.0,0,1
cheetahno1004,1,0.0,0,1
chemical-drawer852,2,0.0,2,2
chemical_agency_8906,1,0.0,0,1
cherenmatsumoto,1,0.0,0,1
chetey,3,0.0,1,3
chickat28,1,0.0,0,1
chiefbeaumac,1,0.0,0,1
chiesu,1,0.0,0,1
chiknight,4,0.25,2,4
chilichilichilidog,1,0.0,0,1
chilleagle96,1,0.0,0,1
chilledchaos,2,0.0,23,2
chilli_wil,1,0.0,0,1
chillonthehillz,1,0.0,0,1
chilly332,1,0.0,3,1
chiloz,1,0.0,0,1
chipies,1,0.0,0,1
chipp99,1,0.0,0,1
chipthamac,1,0.0,0,1
chokee03,1,0.0,0,1
chopsooie,1,0.0,0,1
chormin,1,1.0,0,1
chortney,2,0.0,2,2
chowindown,1,0.0,0,1
chozzington,2,0.5,0,2
chrindo,1,0.0,1,1
chris1988gm,1,0.0,0,1
chrisaeos,1,0.0,0,1
chrischinloois,1,0.0,0,1
chrisdasp,1,0.0,0,1
chrisodinuk,2,0.0,6,2
chrisonfire5,1,0.0,0,1
christmastzeitel,2,0.0,1,1
christoando,1,0.0,0,1
chromosomedonator,3,0.3333333333333333,8,3
chrondeezee,1,0.0,1,1
chubark,1,0.0,0,1
chuckledunk,1,0.0,0,1
chucklingduckling,2,0.0,0,2
chuckthatsyuck,1,0.0,0,1
chudpaladin,1,0.0,0,1
chugsmaplesyrup,1,0.0,0,1
chunky_bloody_queefs,1,0.0,5,1
chunky_monkey9,2,0.0,0,2
chunkyhut,1,0.0,1,1
chuzzlecheese,1,0.0,0,1
ciarenni,7,0.0,9,7
cindyx823,1,0.0,1,1
circlehumper,2,0.0,1,2
cis_ter,1,0.0,0,1
citrusseven,1,0.0,0,1
citytrialost,3,0.3333333333333333,1,3
civil_albion,1,0.0,2,1
ckresse,1,0.0,0,1
classicalant,1,0.0,1,1
clawzout,1,1.0,1,1
clbull,2,0.5,0,2
clinday,1,0.0,0,1
clinggdiggy2,1,1.0,0,1
clockwork_kitsune,1,0.0,0,1
cloud_n0ne,8,0.0,5,8
cloudraa,1,0.0,0,1
clout064,1,0.0,0,1
clubmate91,1,0.0,0,1
cluster28,1,0.0,0,1
cmackchase,1,0.0,0,1
cmaturk,2,0.5,2,2
cndcatalyst,1,0.0,0,1
cobra53golf,1,0.0,1,1
cobras_chairbug,2,0.0,0,2
cocainapearlz,2,0.0,2,2
cocoa-pebble,1,0.0,0,1
codenamecthulhu,1,0.0,0,1
codewrite,1,0.0,0,1
codpiece89,1,0.0,0,1
codygboltup,1,0.0,1,1
coffee_conundrum,1,0.0,0,1
coffeechickencheetos,2,0.0,2,2
cognateclockwork,1,0.0,0,1
cohacq,1,0.0,1,1
colasmulo,1,0.0,0,1
colcyclone,1,0.0,0,1
coldara,1,0.0,1,1
coldbringer709,1,0.0,0,1
coldkiller,7,0.14285714285714285,1,6
coldstorageparticle,1,0.0,0,1
colossusofwar,1,0.0,0,1
coltkeys,1,0.0,0,1
colton82,1,0.0,0,1
combinationsalt9837,1,0.0,1,1
combo1995,1,0.0,1,1
comebackshane,3,0.0,0,3
comfortable-ad1937,1,0.0,0,1
comfortable-love5396,1,0.0,0,1
comfortable_debt_357,3,0.0,4,2
comfortable_neck_498,1,0.0,0,1
comfortableart,10,0.0,6,5
comfywomfylumpy,1,0.0,2,1
commandable2233,2,0.5,1,2
commercial-town4214,1,0.0,0,1
commercial_radio8934,1,0.0,0,1
common-dread,1,0.0,0,1
common_celebration41,1,0.0,0,1
competition_enjoyer,2,0.0,0,2
competitiontop7504,2,0.0,13,2
competitive-balance3,2,0.0,0,2
competitive_film562,1,0.0,0,1
complexentertainer13,4,0.0,5,4
compromisee,1,0.0,0,1
comradecabbage,2,0.5,4,2
concopa,1,0.0,0,1
conebreadih,2,0.0,2,2
conelley,1,0.0,2,1
confidencelast3209,2,0.0,0,2
confident-area-6358,1,0.0,0,1
congelatore,6,0.0,2,5
congress-is-a-joke,1,0.0,4,1
conker1180,1,0.0,0,1
conksalot,4,0.0,5,4
connectionmurky2097,1,0.0,0,1
connerm96,1,0.0,0,1
conscious-anteater36,1,0.0,1,1
consciousfall4535,2,0.0,0,2
considany,2,0.0,3,2
consistent-grass8117,1,0.0,0,1
consistent_horse6529,1,0.0,0,1
consistentscroller,1,0.0,0,1
constant-excuse-9360,7,0.14285714285714285,5,4
constant_bench_7057,1,0.0,1,1
constant_poetry_100,1,0.0,0,1
constellar-a,2,0.0,7,2
contentpens,1,0.0,0,1
contrlaltcreate,1,0.0,0,1
cookie_mog,1,0.0,2,1
cool-independent-431,4,0.0,2,3
cool_daboot,1,1.0,1,1
cooldurian4336,1,0.0,1,1
coongadelray,2,0.0,0,2
copeyhagen,3,0.0,3,1
coppersaur,1,1.0,0,1
copponex,1,0.0,0,1
corbinnz,1,0.0,0,1
corksoaker84,1,0.0,1,1
corodim,1,0.0,0,1
coronatemedusa,1,0.0,0,1
correct_ice4899,1,0.0,0,1
corruptwarrior,1,0.0,1,1
cortez0498,1,0.0,0,1
cortheya,2,0.0,1,1
coruba69,1,0.0,1,1
corvak,1,0.0,0,1
corvenos,2,0.0,0,2
cosmiccatastrophies,1,0.0,0,1
cosmichyena24,1,0.0,0,1
cosmicnight,1,0.0,0,1
cosmogyrals,6,0.0,2,6
cosmos1985,1,0.0,0,1
couchshredder30,10,0.1,9,7
cougey,1,0.0,15,1
couldntrmbrpassword,1,0.0,0,1
countviceroy,2,0.0,0,2
cowbros,5,0.0,3,4
cplus902,1,0.0,2,1
cptn_kingyo,1,0.0,2,1
crabshroom,1,0.0,1,1
crackcreamy,1,0.0,0,1
craftydrews,4,0.0,9,3
cranberryfeisty3706,1,0.0,1,1
crasher1987,1,0.0,2,1
crashimus420,1,0.0,0,1
crashnburnxp,2,0.0,1,2
crawlmanjr,1,0.0,0,1
crazedravings,1,0.0,1,1
crazy_silver740,4,0.0,1,4
crazycatlady459,2,0.0,1,2
crazycokids,1,0.0,0,1
crazydiamondqueen,2,0.0,1,2
crazymage321,1,0.0,3,1
crazyman0225,4,0.25,3,1
crazypaddy2412,1,0.0,5,1
crbn99,1,0.0,0,1
createcrap,2,0.0,1,2
creative-painter3911,2,0.0,0,2
creedsucks,1,0.0,0,1
creepycaptain8428,2,0.0,1,2
crimmyson1,1,0.0,0,1
crimsongoose1408,6,0.0,1,2
cro_politics,1,0.0,0,1
croc_chop,1,0.0,0,1
croce11,2,0.0,0,2
crogatho,1,0.0,1,1
crossmissiom,1,0.0,0,1
crowzer,1,0.0,0,1
crucialvalue,1,0.0,0,1
crumpor,1,1.0,0,1
crunchy-leaf,1,0.0,0,1
crusaderlyonar,1,0.0,0,1
crushertimo,1,0.0,0,1
crustedtesticle,2,0.0,1,2
cryonical,1,0.0,0,1
cryozdk,1,0.0,0,1
cryptidmythos,1,0.0,0,1
cryttan,1,0.0,0,1
crzbonkerz,2,0.0,1,2
cstwig,2,0.0,44,2
cthul_,1,0.0,0,1
cuarenteno,1,0.0,0,1
cubonelvl69,4,0.0,3,4
cuddlsworth,2,0.0,7,2
cuff_,1,0.0,0,1
culteonofjolteon,2,0.0,1,2
cultist-cat,1,0.0,1,1
cultural_ebb4794,6,0.0,4,5
cumaboomer,1,0.0,0,1
cunillets,2,0.0,0,2
cupblue,1,0.0,0,1
cuphat,1,0.0,2,1
curious-wishbone5419,1,0.0,0,1
curseuponyou,2,0.0,1,2
cutlarr,1,0.0,0,1
cutmerock,2,0.0,0,1
cyanraider,2,0.0,0,2
cynicalsigtyr,1,0.0,0,1
cyniv,1,0.0,1,1
cypher1014,3,0.0,1,2
cysia,3,0.0,1,3
cystonectae,4,0.0,2,4
cyynric,2,0.0,0,2
d00dybaing,1,0.0,0,1
d0lphin_,1,0.0,1,1
d1eselx,1,0.0,0,1
d20_buster,1,0.0,0,1
d3m01iti0n,2,0.0,0,2
d5gatekeeper,1,0.0,0,1
d_a_beroni,1,0.0,1,1
daarus1,1,0.0,0,1
dabigmainah,1,0.0,0,1
dabombdiggidy,7,0.0,9,7
dachshund_dude,1,0.0,0,1
dacousisloose,2,0.0,0,2
daddyburton,2,0.0,1,2
dadutx,1,0.0,0,1
daedalist3101,1,0.0,0,1
daemarus,1,0.0,0,1
daepicbob,1,0.0,0,1
daft020,1,0.0,0,1
dahkeus3,9,0.0,18,7
dahv13,1,0.0,0,1
daily_dose_42069,6,0.0,2,3
dailythrowawayn634,2,0.0,3,2
daitalianfish,1,0.0,0,1
dajax02,1,0.0,0,1
daleabbo,2,0.0,2,2
damelofelo,1,0.0,1,1
damihipraedamtuam420,1,0.0,0,1
damnmage,2,0.0,0,2
damnthatboyhoney,1,0.0,0,1
danerattacks,1,0.0,0,1
dangerous-contest625,1,0.0,0,1
dangerous-farmer-677,1,0.0,1,1
dangerous-raccoon244,3,0.0,1,3
dangerous_bluebird54,3,0.0,1,2
dangerous_coat3004,2,0.0,0,2
dangerous_cost5445,1,0.0,0,1
dangerousad1229,1,0.0,1,1
danglenibble,1,0.0,0,1
daniel_is_i,1,0.0,0,1
danielmattiawriter,5,0.0,3,5
danimal1942,2,0.0,0,2
danish_crusader,1,0.0,0,1
danlynch,2,0.0,4,2
dannya34,1,0.0,0,1
danocusprime,3,0.0,1,3
dansaris,2,0.0,2,1
danthedruid,1,0.0,3,1
danthepaladin,8,0.125,8,7
dantien,3,0.0,1,2
dapper_brilliant_361,1,0.0,0,1
dapperyesterday790,1,0.0,1,1
darduel,1,0.0,0,1
dark2099,1,0.0,2,1
darkarcheos,5,0.0,5,5
darkaztaroth,1,0.0,0,1
darkelf9905,1,0.0,0,1
darkestlore696,1,0.0,0,1
darkhallows27,9,0.0,6,9
darkhidenkiller,1,0.0,0,1
darkillusionsmasks,1,0.0,0,1
darkisiliel,1,0.0,1,1
darklightspa92,1,0.0,1,1
darkmime64,2,0.0,0,2
darkoblivion,1,0.0,1,1
darkorz,2,0.0,0,2
darkskies85,1,0.0,0,1
darkwolf22345,1,0.0,2,1
darooi,5,0.0,11,4
daroxx,1,0.0,5,1
darpyshyn,2,0.0,0,2
darqy101,1,0.0,0,1
darreninalberta,3,0.0,1,1
darth-ragnar,2,0.0,0,2
darth_kyron,1,0.0,0,1
darthibidika,1,0.0,0,1
darthv506,1,0.0,0,1
darthyhonas,1,0.0,0,1
dartister,1,0.0,0,1
darury,2,0.5,1,2
darwin-award-winner,1,0.0,0,1
dasandman78,5,0.0,2,5
dasjtrain557,1,0.0,3,1
data-mcbytes,2,0.5,1,2
datbf4,3,0.0,2,3
dathemar,1,0.0,0,1
dattoffer,2,0.0,0,2
datzero,1,1.0,1,1
davajita,1,0.0,0,1
daveblazed,1,0.0,0,1
davechacho,1,0.0,0,1
davegoestomayor,1,0.0,0,1
davelesh,3,0.0,2,3
davemotron,3,0.0,0,2
david0ne86,1,0.0,0,1
dawadoid,3,0.0,1,3
dawned_upon,3,0.3333333333333333,1,2
daws001,1,0.0,0,1
daxmort,1,0.0,0,1
daxoss,1,0.0,0,1
dayfinancial8206,1,0.0,0,1
daygyn,1,0.0,0,1
daysfastforward1,2,0.0,1,2
daytonaz33,1,0.0,2,1
dazshar,1,0.0,0,1
dc_flint,15,0.06666666666666667,9,6
dchrosail,1,0.0,1,1
ddlg72,1,0.0,0,1
ddmenace23,1,0.0,0,1
ddmf,2,0.0,0,2
deadagger,1,0.0,1,1
deadguns12,1,0.0,1,1
deadlurka,1,0.0,0,1
deadlyweapon00,1,0.0,1,1
deadontoilet,1,0.0,0,1
deadpoint,1,0.0,2,1
deadwarrior00,1,0.0,0,1
deaffin,2,0.0,1,2
deafprune,2,0.0,1,2
deagin,3,0.3333333333333333,1,2
dealeralarmed3632,1,0.0,0,1
dear-limit-2357,2,0.0,0,2
dear_combination_220,1,0.0,0,1
deathleach,1,0.0,0,1
deathrow_21749,1,0.0,0,1
deathsaintx,1,0.0,0,1
deathungerx,2,0.0,0,2
deatsu,1,0.0,0,1
debenturethyme,3,0.0,2,3
debugga,3,0.0,2,2
dedli,1,0.0,1,1
deegzy,1,0.0,0,1
defalt86,1,0.0,0,1
deficitofbrain,1,0.0,0,1
defiedgravity10,5,0.2,2,5
degenerateandy50,1,0.0,0,1
degrelleon,1,0.0,0,1
deguilded,3,0.0,2,2
delicious-collar1971,3,0.0,4,3
delicious-idea1183,1,0.0,0,1
delicioussquats,1,0.0,2,1
deltrigger,1,0.0,0,1
deluxexsupreme,1,0.0,1,1
dem-brushwaggs,2,0.0,0,2
demo-ness,1,0.0,2,1
demonsneeze,1,1.0,0,1
demonsquiggle,1,0.0,0,1
demystify0255,2,0.0,2,1
dengen88,1,0.0,0,1
deni5988,1,0.0,0,1
denisguss,1,0.0,0,1
denjelltheshaman,1,0.0,0,1
denny6526,1,0.0,0,1
dense-reason-3108,1,0.0,0,1
dentarthurdent73,2,0.0,3,2
deo14,1,0.0,0,1
departuremurky7482,1,0.0,0,1
dependentdegree9561,1,0.0,1,1
depressja,1,0.0,0,1
derconro,1,0.0,0,1
derhuschke,1,0.0,0,1
derpedro,1,0.0,0,1
derpherpderphero,2,0.0,1,1
derprunner,3,0.0,4,3
derrick1131,1,0.0,0,1
dertidancing,1,0.0,0,1
descolata9,1,0.0,0,1
deskcord,22,0.0,8,18
desperate-noise6208,2,0.0,0,2
desperate_summer3376,1,0.0,1,1
desructo,1,0.0,0,1
destituted,1,0.0,0,1
detenator,1,0.0,0,1
dethsy,2,0.0,2,2
detinator247,1,0.0,0,1
detrelas,1,0.0,0,1
deviied_advcocate,1,0.0,0,1
deviljanya,1,0.0,3,1
devils__avacado,2,0.0,1,1
devinsheppy,1,0.0,0,1
dextixer,9,0.0,3,8
dezblues,1,0.0,0,1
dfield91,1,0.0,0,1
dg2793,6,0.0,4,5
dgdr1991,1,0.0,0,1
dhain1,1,0.0,0,1
diastrous_lie,1,0.0,0,1
dicksanddixanddixon,1,0.0,3,1
dicksosa,2,0.0,0,2
difficult_section_46,1,0.0,1,1
diffusivetendencies,1,0.0,0,1
difushal,1,0.0,3,1
digitalbladedjay,1,0.0,0,1
digitalneo,1,0.0,10,1
diligent-pie4919,2,0.0,2,2
diligent_cover_7474,1,0.0,0,1
dinklebergmania,2,0.0,0,2
dinkwinkle,8,0.0,19,6
dinokickflip,22,0.09090909090909091,26,17
direct-barnacle,1,0.0,0,1
directionalk9,1,0.0,1,1
disastrous_crew_9260,1,0.0,0,1
disconnect17,1,0.0,0,1
discordantcalliope,2,0.0,0,2
dismalad2452,1,0.0,6,1
dismelnogood,1,0.0,0,1
distinct_pizza_7499,1,0.0,2,1
distinctnewspaper791,3,0.0,5,3
distributionhour3922,1,0.0,0,1
disturbed2468,3,0.0,0,3
disyphe,2,0.0,1,2
ditju,4,0.0,2,3
divin3e,1,0.0,2,1
divisor_,3,0.0,8,2
divstarx,1,0.0,0,1
dizz_the_wicked,1,0.0,0,1
dizzygrizzly,1,0.0,1,1
dizzylizzy240,1,0.0,0,1
djcaseofdk,1,0.0,0,1
djpharaohz,1,0.0,0,1
djulioo,1,0.0,2,1
djyumene,1,0.0,0,1
dlm_co,1,0.0,1,1
dm_me_pasta_pics,1,0.0,0,1
dmackerman,14,0.0,4,14
dmalvano,1,0.0,1,1
dnoire726,5,0.0,12,5
dnorvalorant,1,1.0,0,1
dnusha,1,0.0,0,1
doafit,3,0.0,0,3
doc_exogenik,1,0.0,0,1
doc_toboggan,1,0.0,1,1
docfreezer,1,0.0,0,1
doctad0pe,1,0.0,1,1
doctorlock74,1,0.0,0,1
doctorobvious139,1,0.0,0,1
doctortre,1,1.0,0,1
doctox,1,0.0,0,1
doctrinal_expletives,6,0.16666666666666666,2,6
dogabeey,1,0.0,0,1
dogarfdog12,1,0.0,0,1
dogelover696969,1,0.0,0,1
dogvetusa,1,1.0,0,1
dolthra,3,0.0,0,3
domain77,1,0.0,2,1
domfakker37,6,0.0,13,4
domriv,2,0.0,4,2
donkeyimportant3729,1,0.0,0,1
donn0,2,0.0,0,2
donotgreg,2,0.0,2,2
dontbeacommiereddit,1,0.0,1,1
donteatthedonuts,1,0.0,1,1
dontrez12,2,0.0,0,2
doodlefinger_it,1,0.0,0,1
doogetma,1,0.0,0,1
doom_pony,1,0.0,1,1
doomfool,1,0.0,0,1
doomhamatime,2,0.0,2,2
doomyhowlinkun,2,0.0,5,2
dooontcareee,1,0.0,0,1
dorkasaurus,2,0.0,1,2
dorkman03,1,0.0,0,1
dorkus__malorkus,1,0.0,0,1
dothacker81,1,0.0,0,1
doublesynchronicity,1,0.0,0,1
doug4130,16,0.0,10,13
doverboys,7,0.14285714285714285,3,7
downfalls03,1,0.0,1,1
downladder,2,0.0,0,2
downtown-benefit-978,10,0.1,2,8
downtown-fox-6024,1,0.0,0,1
downtown-raccoon-992,1,0.0,0,1
downtownladder6838,1,0.0,0,1
downvotetownboat,6,0.0,1,6
downwifduhsyndy,1,1.0,0,1
dpsovertanking,1,0.0,0,1
draakje-,1,0.0,0,1
dracoknight256,1,0.0,0,1
draconisnonsequitur,1,0.0,0,1
dracorubi,4,0.0,2,4
draculasbloodtype,1,0.0,0,1
drae-,1,0.0,0,1
draftstone,1,0.0,0,1
dragon2man,1,0.0,0,1
dragon_sluts,1,0.0,0,1
dragonbora,1,0.0,0,1
dragonofthemist,1,0.0,0,1
dragonriderabens,2,0.0,1,2
dragoon_raine,1,0.0,0,1
dragoonknight56,1,0.0,0,1
dragore87,1,0.0,0,1
drain_surgeon69,5,0.2,7,5
drainthemuck,4,0.0,7,4
drakhan,1,0.0,1,1
drakonild,3,0.3333333333333333,3,3
drale2,2,0.0,3,2
dramatic-ad-1846,1,0.0,0,1
drastralis,2,0.0,0,2
draug6969,2,0.0,0,2
draugexa,1,0.0,0,1
dreadnorart,1,0.0,0,1
dreadpiratewalrus,1,0.0,0,1
dreamin-,2,0.0,1,2
dreamsoul_anima,2,0.0,2,2
dreggan,1,1.0,0,1
drelecour,1,0.0,0,1
drendari,1,0.0,0,1
drewcookies,2,0.0,15,2
drewdynamite,2,0.0,3,2
drewpscrotzak,2,0.0,2,2
dreyven,7,0.0,2,4
drict,1,0.0,0,1
drikkink,1,0.0,0,1
drixhtx,1,0.0,0,1
drjcash90,1,0.0,0,1
drkinsanity,1,0.0,0,1
drnicklaus,1,0.0,0,1
drokovision,2,0.0,0,2
dromogaz,1,0.0,1,1
droopyvato,1,0.0,0,1
drough08,1,0.0,0,1
drpandemias,2,0.5,1,2
drshago,1,0.0,0,1
drsquirtle00,1,0.0,0,1
drtoadigerr,1,0.0,2,1
drudez79,1,0.0,0,1
druitp,2,0.0,1,1
drums_of_pictdom,1,0.0,0,1
drunkenbobdole,1,0.0,1,1
dry-smoke6528,1,0.0,0,1
drydealer3816,2,0.0,0,2
dscarmo,1,0.0,0,1
dswbeef,1,0.0,1,1
dtk99,1,0.0,0,1
dubb33d,2,0.0,1,2
dubblechrisp,1,0.0,0,1
dubdubwoo,1,0.0,0,1
dubhlainnreddit,3,0.0,1,2
dublescoop,2,0.0,1,1
dudeninjagames,1,0.0,0,1
due_meal_8866,2,0.0,2,2
due_train_4631,1,0.0,0,1
dueplace2335,1,0.0,6,1
dueshape111,1,0.0,0,1
dukem12,1,0.0,0,1
dull_term,2,0.0,0,1
dumblec0p,7,0.0,6,6
dumbpanickyanimal,1,0.0,1,1
dumdumidjit,1,0.0,0,1
dumpsterman4,3,0.0,2,3
dunamis_81,1,0.0,0,1
duninngames,1,1.0,0,1
dupreewastaken,1,0.0,0,1
durugar,6,0.0,1,3
durzaka,3,0.0,0,3
duskinter,1,0.0,0,1
dustinaf,2,0.0,0,2
dustycap,1,0.0,0,1
dutchmemelord,1,0.0,1,1
dwaro,2,0.0,1,2
dwho422,1,0.0,0,1
dwillyb,1,1.0,0,1
dwn19,2,0.0,0,2
dxsterlxnd,4,0.0,3,4
dyingsurfer3-5-7,1,0.0,0,1
dyrannn,5,0.2,1,4
dyrreah,1,0.0,0,1
dyrusforpresident,21,0.0,13,9
dyruus,1,0.0,0,1
dysto_,1,0.0,0,1
dzsukeng,1,0.0,0,1
e-n-k-i-d-u-k-e,10,0.0,1,9
e-schmachtenberg,1,0.0,1,1
eagle83,2,0.0,1,2
early_comparison2945,1,0.0,0,1
early_conflict_160,5,0.2,260,5
early_lawfulness_348,3,0.0,1,3
earthysofa,1,0.0,0,1
east_point_8300,1,0.0,0,1
eastbeast666,1,0.0,0,1
eastern_bed6656,2,0.0,1,2
eastern_elephant660,1,0.0,0,1
easy-bake-oven,2,0.0,0,2
easy_street_,1,0.0,0,1
eat_shit_an_die,2,0.0,1,2
eatbacon247,3,0.0,3,2
eatmyass422,1,0.0,0,1
eaxis,3,0.0,2,3
ebernardou,1,0.0,0,1
ebrytaim,1,0.0,0,1
echil46,1,0.0,1,1
echocasm,1,0.0,0,1
edeen,2,0.0,2,2
edgeguy13,1,0.0,0,1
edgeupset2723,1,0.0,0,1
edgy-meme94494,1,0.0,0,1
edouard1992,1,0.0,0,1
educational-card3412,2,0.0,1,1
educational_hawk7484,1,1.0,0,1
eeveelutionistm,1,0.0,1,1
eggenvironmental1615,2,0.0,0,2
eggplantspiritual388,3,0.0,1,3
eidolonrook,1,0.0,0,1
eighthday,1,0.0,0,1
eiriamach,1,0.0,0,1
eitherengineering532,1,0.0,0,1
ekatator,1,1.0,0,1
ekhoes-,1,0.0,1,1
ekillaa22,1,1.0,0,1
eksldpf9098,1,0.0,0,1
el_dief,1,0.0,2,1
el_duderino_22,12,0.0,8,8
el_rey_de_spices,1,0.0,1,1
el_shibby,1,0.0,0,1
el_toolio_grande,2,0.0,3,2
eldritchconduit,1,0.0,1,0
electric_nikki,1,0.0,0,1
electrical_pop_2850,3,0.0,2,3
electrical_resource6,1,0.0,1,1
electrical_rich_7289,1,0.0,3,1
electrical_run_2798,3,0.0,2,2
electricalking712,1,0.0,0,1
electrikshaman,1,0.0,1,1
electrized,2,0.0,1,1
electronic_border266,1,0.0,0,1
eledrina,1,0.0,1,1
elegant-screen4438,1,0.0,1,1
elegylegacy,1,0.0,0,1
element720,1,0.0,0,1
elendartao,1,1.0,0,1
elendryst,1,0.0,0,1
eleventyelevens,1,0.0,0,1
elgatodefuegoverde,1,0.0,0,1
elioss,2,0.0,1,2
elite1111111111,1,0.0,0,1
elkborne,1,0.0,0,1
ellasorellabrella,1,0.0,0,1
ellie_isley,1,0.0,1,1
ellionwy,2,0.0,1,1
elo-than,1,0.0,1,1
elpuppet,2,0.0,0,1
elricdarkprince,1,0.0,0,1
eltoshen,4,0.0,1,4
elunethiel,2,0.0,1,2
eluneytoons,4,0.0,2,4
elxjasonx,2,0.0,0,2
elyroc,1,0.0,0,1
embarrassed-might-84,1,0.0,0,1
emcee70,1,0.0,0,1
emeraldarcana,1,0.0,0,1
empereurraybach,1,0.0,0,1
emperor_poopatine,1,0.0,0,1
emperorpinguin,1,0.0,0,1
empirejoe123,1,0.0,0,1
empoleon365,2,0.0,0,2
empty_mulberry9680,1,0.0,0,1
emptybrain218,4,0.25,2,4
emptypiro,1,0.0,0,1
enabling_turtle,1,0.0,1,1
enayjay_iv,2,0.5,1,2
endless_chambers,1,0.0,1,1
endslikecrazy,1,0.0,0,1
enekovitz,1,0.0,1,1
engone,1,0.0,1,1
entertainersmart7758,4,0.0,1,4
entertainmentok9111,1,0.0,0,1
entire_school_8930,1,0.0,0,1
entropicdream,5,0.0,3,4
envell123,1,0.0,0,1
environmental-day778,1,0.0,0,1
environmental-sea41,1,0.0,1,1
environmental_main90,1,0.0,1,1
environmentalfun5889,1,0.0,0,1
environmentplane7173,1,0.0,0,1
eowyahunt,3,0.0,2,2
epherian,2,0.0,2,2
epicfailpwnage,5,0.0,1,5
epicpeggin,1,0.0,0,1
epicsaiyan,1,0.0,0,1
epyonnext,1,0.0,0,1
equinoxe123,1,0.0,0,1
erasedisknow,5,0.4,4,4
erathvael,1,0.0,1,1
erdonko,4,0.25,1,2
eremal,1,,0,1
erinlah_,3,0.0,40,3
erizzluh,1,0.0,1,1
eroise74,2,0.0,0,2
erosis,1,0.0,0,1
escapethefirmament,2,0.0,1,2
eshneh,2,0.5,0,2
esifex,2,0.0,0,2
eske555,2,0.0,1,2
esotrax,2,0.0,0,2
espurresper,1,0.0,0,1
establishmentpure525,1,0.0,0,1
estagiariodaphilips,3,0.0,2,3
estrofemgirl,1,0.0,0,1
etamalgren,6,0.0,3,6
etaxritwe,1,0.0,0,1
eternal-alchemy,2,0.5,1,2
eternalarchon,2,0.0,1,2
eternalsage2000,1,0.0,0,1
ethelinda,1,0.0,2,1
etherbeard,1,0.0,0,1
ethyrian,1,0.0,0,1
etrianautomata,1,0.0,0,1
euklidis,6,0.0,0,6
euphoric-ad-1689,1,0.0,2,1
euphoric_judge_8712,1,0.0,0,1
eurojjj19,1,0.0,0,1
eurymedion,1,0.0,0,1
evargram,2,0.0,0,2
eveningtraffic2649,1,0.0,1,1
eventpurple612,1,0.0,0,1
evenwanderer,2,0.0,0,2
everdale,1,0.0,1,1
evergreenthree,1,0.0,0,1
everlastingevening,1,0.0,4,1
everyusernametakenff,1,0.0,0,1
evilbefalls,1,0.0,0,1
evildemonic,2,0.0,1,1
eviloverlord1989,2,0.0,2,2
evilresident64,3,0.0,0,3
evilrubberducks,1,0.0,0,1
evonos,6,0.0,1,5
evyngra,1,0.0,0,1
ewenthel,4,0.0,3,4
ex0ll,3,0.3333333333333333,169,3
exact-boysenberry161,2,0.0,0,2
exact-function-128,2,0.0,1,2
exact-pudding7563,2,0.0,2,2
examplepractical1981,2,0.0,0,2
exbaddeathgod,1,0.0,1,1
excellent_cookie9346,2,0.5,3,2
excellent_kiwi_3117,1,0.0,0,1
excitedsoup,1,0.0,0,1
exciting_extreme_409,1,0.0,0,1
exciting_oven_3480,1,0.0,0,1
exclusivelyregarded,1,0.0,0,1
exhvoid,55,0.018867924528301886,62,45
exiledcourier,1,0.0,0,1
existinggain8688,2,0.0,2,2
exitorr,1,0.0,0,1
exodor72,1,0.0,0,1
exorsaik,1,0.0,0,1
exotic-scarcity-7302,1,0.0,0,1
exotic_lemming,2,0.0,1,2
expensive-review7218,1,0.0,0,1
expensive_finger_257,1,0.0,0,1
expensive_presence_4,1,0.0,0,1
expensive_union9228,1,0.0,1,1
explosivelol,1,0.0,0,1
exprssiv,1,0.0,0,1
ext3meph34r,2,0.0,1,2
extension_market_505,1,0.0,0,1
external_tangerine45,1,0.0,0,1
extis83,1,0.0,0,1
extra-breakfast-7574,3,0.3333333333333333,0,3
extrahitch,1,0.0,0,1
extremelytiredyall,5,0.0,1,2
exurota,3,0.0,7,2
exxplicit480,1,0.0,0,1
eymou,2,0.0,1,1
eziit,1,0.0,0,1
ezomic,1,0.0,0,1
ezwa,1,0.0,1,1
f-lambda,2,0.5,0,2
f8d2bonreddit,1,1.0,0,1
f_nmkl,1,0.0,0,1
fabulous-copy-108,1,0.0,3,1
fadore,2,0.0,1,2
faeginn,4,0.0,3,3
faeryfiree,1,0.0,0,1
fahim64,1,0.0,0,1
fahrenheit285,2,0.0,0,2
fair_show_7884,1,0.0,1,1
fairfaxrob,2,0.0,1,1
fairlysmellysock,1,0.0,0,1
faithlessnesskey546,1,1.0,0,1
fakejh,2,0.0,0,1
fakeorcarape,1,0.0,0,1
falconpunch9898,2,0.5,2,2
falling-waters,1,0.0,0,1
fallingguillotine,1,0.0,1,1
falooda1,7,0.0,3,4
famous_influencer,3,0.3333333333333333,2,2
fancy_contract_195,1,0.0,0,1
fancymac,1,0.0,0,1
fandasuba,1,0.0,0,1
fandise,1,0.0,0,1
fandrir,1,0.0,0,1
fangsong_37,1,0.0,0,1
fannysniffing,1,0.0,0,1
fantastic-fee-1999,2,0.0,6,2
fantasydemon101,3,0.0,2,3
fantasytoybox,4,0.0,2,3
faolahn,1,0.0,1,1
faradize-,1,0.0,2,1
farorasf,3,0.0,4,3
farrrrrrrrrrrrrrrrrt,1,0.0,0,1
fast-okra-1451,1,0.0,0,1
fast_government_,1,0.0,0,1
fataleclipse_,2,0.0,1,1
fatalicus,1,0.0,0,1
fatalis89,3,0.0,0,3
fatalispho,1,0.0,1,1
fatcow38,1,0.0,0,1
fatdan1,1,0.0,0,1
fate-agenda,1,0.0,0,1
fatgunn,1,0.0,0,1
fatlillwilly,2,0.0,3,1
fatmike20295,1,0.0,0,1
fazzonvr,1,1.0,0,1
fd2ec89a6735,1,0.0,0,1
fe-and-wine,1,0.0,2,1
feangren,1,0.0,1,1
fearish,1,0.0,1,1
fearless-sea996,1,1.0,0,1
fedeger,2,0.0,1,2
federal-potato-man,1,0.0,0,1
feeling_pen_8579,5,0.0,4,3
feelingdeparture9785,1,0.0,1,1
feherlofia123,1,0.0,1,1
feisty_economy6235,1,0.0,0,1
felabryn,1,0.0,1,1
feldara92,1,0.0,0,1
feli9,1,0.0,0,1
felinger94,1,0.0,0,1
felix-alea98,1,0.0,0,1
fellow-believer,4,0.0,2,4
fenrirsbasketball,1,0.0,1,1
fenrirwolfie,2,0.0,4,1
fenrisprime,1,0.0,0,1
fenrisur,1,0.0,0,1
ferahn,1,0.0,1,1
ferdawoon,2,0.0,0,2
ferducar,1,0.0,0,1
ferovaors,1,0.0,0,1
few_mistake4144,4,0.0,2,3
fewact2027,1,0.0,0,1
feyranna,1,0.0,0,1
feyraz,1,0.0,0,1
ffsummonnick,1,0.0,0,1
fftactics,5,0.0,0,5
ffxivthrowaway03,19,0.15789473684210525,11,17
fgfdgdfgdfg88,1,0.0,0,1
fgmenth,1,0.0,0,1
fiction8,4,0.0,6,4
fidelcastoro,1,0.0,0,1
fiennes,3,0.0,2,2
fierceduncan,1,0.0,1,1
fiery-skyline,1,0.0,0,1
figgnus96,3,0.0,7,3
fildo28,1,0.0,0,1
fillemoinkes,1,0.0,1,1
finaljeopardy,1,0.0,0,1
finalshock,1,0.0,0,1
finalwingz,1,0.0,0,1
fine_equal4647,1,0.0,0,1
fineri,1,0.0,1,1
fingerpaintswithpoop,2,0.0,1,2
finiarelgr,2,0.0,0,1
fionasilberpfeil,3,0.0,1,2
fionnaandcake,1,0.0,0,1
firafoxy,2,0.0,2,1
firesidecatsmile,1,0.0,0,1
firm-cap1406,2,0.0,1,1
first_cedric,1,0.0,0,1
fishfrog44,1,0.0,0,1
fishingfragrant9054,1,0.0,1,1
fishisfantom,3,0.0,0,2
fit-percentage-9166,1,1.0,0,1
fit_air_7637,3,0.0,0,3
fit_dragonfruit7545,2,0.0,1,2
fit_landscape6820,2,0.0,0,2
fit_maintenance4471,1,0.0,0,1
fit_rub8310,1,0.0,1,1
fitcut2487,1,0.0,0,1
fitsu,4,0.0,3,4
fiveagen,1,0.0,0,1
fiveby21,1,0.0,2,1
fladormon,1,0.0,0,1
flaicher,3,0.0,1,3
flaks117,4,0.0,0,4
flamewlkr,1,0.0,2,1
flappy_lol,1,0.0,0,1
flat-arachnid-4207,1,0.0,0,1
flatus_,3,0.0,1,3
flaviussabinus,2,0.0,3,2
flawedhero,1,0.0,0,1
flbrisby,3,0.0,4,3
fleah-13,1,0.0,0,1
fleales,1,0.0,1,1
fleedjitsu,1,0.0,0,1
fleetingbirds,3,0.0,3,3
flembag,1,0.0,3,1
fleshgrave,2,0.0,1,2
flexhead,1,0.0,0,1
fleymour,1,0.0,5,1
flinhorse,1,0.0,0,1
flippingchicken,1,0.0,0,1
flondrebg,10,0.0,14,9
floppyshelltaco,2,0.0,0,2
florida-man,1,0.0,0,1
florifierous,2,0.0,2,2
florise,1,0.0,0,1
flosus,4,0.0,2,3
flow_guy1,1,0.0,1,1
flubberpuddy,1,0.0,0,1
fluffydonkeys,1,0.0,0,1
fluffyfirenoodle,1,0.0,1,1
fluffygirl2023,2,0.0,1,1
fluffywuffyvolibear,1,0.0,0,1
fluid_king489,1,0.0,0,1
flurb4,1,0.0,2,1
flurgenburger,1,0.0,0,1
flyaroundtro,1,0.0,1,1
flyingcostanza,1,0.0,0,1
fntd,1,0.0,0,1
fobby25,1,0.0,1,1
foehammer87,1,0.0,0,1
fohpo02,5,0.0,4,5
fomod_sama,1,0.0,0,1
foodgeekfish,1,0.0,0,1
forbizzle,2,0.0,1,2
forceof8,1,0.0,2,1
foreign-chipmunk-839,1,0.0,0,1
foreign_host147,1,0.0,0,1
forensic_fartman1982,2,0.5,0,2
foreskinfarter,1,,1,1
foreverabro,1,0.0,0,1
forgottenexperiment,6,0.0,3,5
forlorn_wolf,2,0.0,0,2
formchemical,1,0.0,0,1
forportal,7,0.14285714285714285,5,7
fort_e,1,0.0,0,1
fortnightsatpeelys,1,0.0,0,1
forward-rub1961,1,0.0,1,1
forward_333,1,0.0,0,1
forwardbumblebee5220,8,0.0,5,6
forwardrhubarb2048,1,0.0,0,1
foukivin,1,0.0,1,1
foulveins,2,0.0,0,2
fourkingss,1,0.0,0,1
foursen,1,0.0,0,1
fourteenfcali_,1,0.0,1,1
fox112,10,0.1,7,9
foxdknight,2,0.0,17,2
foxjdr,4,0.0,12,3
foxnamedfox,1,0.0,0,1
foxtribal,1,0.0,0,1
fracture93,1,0.0,0,1
fragrant_proof,1,0.0,1,1
fragrant_seaweed655,1,0.0,1,1
fragrantlotus,1,0.0,0,1
fragroth98,1,0.0,1,1
frakkinadama,1,0.0,0,1
fraktyl,1,0.0,0,1
francesko1312,1,0.0,0,1
franchise91,1,0.0,0,1
freakscar,1,0.0,0,1
freddy090909,2,0.0,0,2
fredkreuger,1,1.0,1,1
free-ear2112,1,0.0,0,1
free-palpitation,1,0.0,0,1
freelancespy87,1,0.0,0,1
freeman10,1,0.0,0,1
frenzy8000,1,0.0,0,1
frequent_course_6469,1,0.0,0,1
freshbasis,2,0.0,0,2
freshdurian8566,2,0.5,0,1
freyja6,1,0.0,0,1
freyzi,1,0.0,0,1
friedricewhite,1,0.0,0,1
fright13,1,0.0,0,1
frodakai,1,0.0,1,1
frog-eater,7,0.0,16,7
fronteir,3,0.0,3,3
frost-ps,3,0.0,7,3
frost357,1,0.0,1,1
frostbann,1,0.0,0,1
frostbite907,1,0.0,0,1
frostbiten92,1,0.0,0,1
frostsorrow,2,0.0,2,2
frostw18,1,0.0,0,1
frosty_ingenuity5070,4,0.0,4,4
frozen_speaker_245,2,0.0,0,2
frozenautumn_1,1,0.0,0,1
frozenbeeff,1,0.0,0,1
frozenboundary,1,0.0,0,1
frozended,4,0.0,1,4
frubis,1,0.0,0,1
fryst_pannkaka,1,0.0,0,1
fub4rtoo,1,0.0,0,1
fuckmods6969,1,0.0,0,1
fudnik89,1,0.0,0,1
fuhtian,1,0.0,0,1
fukkwitgalore,6,0.0,13,5
full-somewhere440,1,0.0,0,1
full_void,1,0.0,0,1
fullerbay,2,0.5,1,2
fullmetalape,1,0.0,0,1
fullmotionvideo,6,0.0,7,6
fullnelson10,1,0.0,1,1
fumaoyabun,3,0.0,1,2
fun-memory5801,1,0.0,2,1
fun-relationship3636,1,0.0,0,1
fun_abroad8942,4,0.5,3,2
fun_literature831,1,0.0,0,1
funniestfunghi,1,0.0,0,1
funsparkdreamer,1,0.0,0,1
furax-31,1,0.0,0,1
furcas1234,1,0.0,3,1
fusiontetrax,1,1.0,1,1
fusionxtreme,1,0.0,0,1
fusshaman,6,0.0,7,3
fussinfarkt,1,0.0,0,1
futuredanish,1,0.0,0,1
fuzzy-signal-3981,1,0.0,0,1
fuzzy-vegetable-9789,1,0.0,0,1
fuzzy_speech_7427,1,0.0,0,1
fuzzyfeltarm,1,0.0,0,1
fuzzyhellbunny,4,0.0,1,3
fynzou,2,0.0,1,2
g0d0fz0mb13,1,0.0,1,1
gaatti,2,0.0,2,2
gab_owns0,1,0.0,0,1
gabarne,1,0.0,0,1
gabrys1896,1,0.0,0,1
gadarion,1,0.0,1,1
gahzmate,2,0.0,1,1
galagticsoul,1,0.0,0,1
galahad199033,7,0.0,3,7
galamoth911,2,0.0,0,2
galcitor,1,0.0,0,1
galdonzo,1,0.0,0,1
galind_halithel,2,0.0,1,2
galinhooo,3,0.0,8,2
gallifreydk,1,0.0,0,1
galverg,1,0.0,0,1
gamecrazy009,1,0.0,1,1
gamehead12,1,0.0,0,1
gameleon,4,0.0,3,3
gamepro5,1,0.0,0,1
gamer238,2,0.0,1,2
gamer_obama,1,1.0,0,1
gamerk0807,2,0.0,2,2
gamersunited746,1,0.0,0,1
gamesdeanx23,1,0.0,0,1
gamingapokolips,1,0.0,0,1
gamsrolls,1,0.0,0,1
gandalfthemage,2,0.0,1,1
gangsir,7,0.0,6,7
ganjaleezarice69,5,0.0,4,4
garack666,1,0.0,0,1
garciasterling15,2,0.0,11,2
gardevoir_best_girl,1,0.0,0,1
garganishz29,1,0.0,0,1
gargoyle37,1,0.0,0,1
garyair,1,0.0,1,1
garysmith2021,3,0.0,2,3
gastly-muscle-1997,2,0.0,2,2
gautierbllt,1,0.0,0,1
gavic19,1,0.0,0,1
gawdlikeisfree,1,0.0,0,1
gay_volcano,1,0.0,0,1
gderkon,1,0.0,0,1
gearfreak,1,0.0,0,1
geddyn,10,0.1,16,8
geekwars2,1,0.0,1,1
geekytyrant,1,0.0,0,1
gehnmy,1,0.0,0,1
gelvid,1,0.0,3,1
geminilasers,2,0.0,1,1
geminisyn,1,0.0,0,1
gemmy2002,1,0.0,0,1
general_test1853,1,1.0,0,1
gennifairy,1,0.0,0,1
genoses,1,0.0,0,1
gentle_singularity,1,0.0,0,1
gentlemenhookedi,1,0.0,1,1
genuinelittlepip,1,0.0,0,1
genxsism,5,0.2,1,4
germanucltear,2,0.0,1,2
getbyss,1,0.0,0,1
ggallardo02,6,0.16666666666666666,11,6
ghaarff,2,0.0,0,2
ghastion,1,0.0,0,1
ghekor,2,0.5,1,2
ghettolemonade,1,0.0,1,1
ghost-gobi,1,0.0,1,1
ghost_hamster,1,0.0,0,1
ghostbustershelpdesk,1,0.0,0,1
ghostesez,1,0.0,0,1
ghostinthereins,29,0.034482758620689655,15,21
ghstfce,3,0.0,0,3
ghurd_,1,0.0,0,1
gibby256,1,0.0,0,1
gigagiga69420,2,0.0,1,2
gijora,1,0.0,1,1
gilbert1242,4,0.0,5,3
giliana52,2,0.0,1,2
giliath_,1,0.0,0,1
gilrim,9,0.0,15,8
gimlionthehunter,8,0.125,4,8
gimmiedacash,1,0.0,1,1
gjgsx,1,0.0,0,1
glad-low-1348,9,0.0,1,8
gladimoreffxiv,1,1.0,0,1
glaki,1,0.0,0,1
glamrock1988,2,0.0,0,1
glass_buyer_6887,1,0.0,1,1
glass_yam5075,2,0.0,1,2
glasse,2,0.0,0,2
glassontheevergreen,1,0.0,1,1
glasstaco69,1,0.0,0,1
glaurunga,1,0.0,0,1
gletschers,2,0.0,2,2
glitchboard,2,0.0,0,2
glittering_ad_9547,2,0.0,1,1
glitteringchipmunk21,10,0.2,16,8
gloomingmoon,1,0.0,0,1
gloomy-discipline-57,1,0.0,0,1
gloomy_material_8818,25,0.0,52,16
glorinsson,1,0.0,1,1
gloriousnewt,1,0.0,0,1
gloruzhark,2,0.0,0,2
gluecost,1,0.0,0,1
glum-friend-594,1,0.0,1,1
glupscher,2,0.0,2,2
glustin10,1,0.0,1,1
glute_brah,1,0.0,0,1
glx0711,1,0.0,1,1
gmanclassic,2,0.5,1,2
gnarlyteeth,5,0.0,3,4
gnomulus,1,0.0,1,1
go-to-the-gym,1,0.0,0,1
goatmontwaters,3,0.0,1,3
goatviolence,1,0.0,1,1
goawasho,1,0.0,2,1
goblin-auditor,1,0.0,0,1
goblin_bomb_toss,2,0.0,0,2
goddessmarika,1,0.0,0,1
godfrey1,1,0.0,0,1
godgonefishing,1,0.0,0,1
godisananimegirl,1,0.0,0,1
goffforpresident,2,0.0,1,2
golbeza,1,0.0,0,1
goldman_sax,1,0.0,1,1
goldtension6401,2,0.0,7,2
gomjabbarr9,1,0.0,0,1
gonbulio,1,0.0,0,1
gonephishin213,1,0.0,0,1
gonji89,1,0.0,0,1
gooberghost,1,1.0,0,1
goobrains-png,1,0.0,0,1
good-piece-5570,2,0.0,0,2
goodg-gravy,3,0.0,0,3
goodperformance7935,2,0.0,0,1
gooneybirdable,2,0.0,1,2
gorismm,1,0.0,0,1
gormhub,1,0.0,0,1
goshaigo,1,0.0,0,1
gothicfuck,2,0.0,1,1
gotthatdogginhim,1,0.0,1,1
gotverd,2,0.0,30,2
gounionstayunion,1,0.0,0,1
gozuk99,1,0.0,0,1
grabklutzy9716,1,0.0,0,1
graenntv,1,0.0,1,1
graf_rotz,3,0.0,4,3
grafblaffer,3,0.0,1,3
graffers,2,0.0,0,2
graggle_simpson,1,0.0,0,1
grandahl13,2,0.5,0,2
grandmacolin,5,0.0,2,3
grandmastertaka,1,0.0,0,1
granitegumball,1,0.0,0,1
granny_knows_best,1,0.0,0,1
granum22,1,0.0,0,1
graphiccsp,6,0.0,3,4
graphxrequiem,1,0.0,0,1
grapspike,1,0.0,0,1
grasspatty,1,0.0,0,1
grathungar,2,0.0,2,2
grayscape,3,0.0,0,3
great_language6947,2,0.0,1,1
greatgigginox,1,0.0,0,1
greatscottxxxxxx,1,0.0,0,1
greedyspree,1,0.0,0,1
green_and_silver,1,0.0,1,1
greenaldiers,2,0.0,0,2
greendino71,1,0.0,0,1
greenegg28,2,0.0,0,2
greewens,2,0.0,1,2
greg2227,1,0.0,0,1
grenyn,4,0.0,0,4
grevenqwhite,1,0.0,0,1
greymane059,1,0.0,0,1
greywallgaming,2,0.0,1,2
greywalls86,1,0.0,0,1
griever12691,1,0.0,2,1
grilled_frog,1,0.0,1,1
grimpredi,1,0.0,0,1
grindycore,1,1.0,0,1
gronferi,1,0.0,0,1
grouchy-county676,3,0.0,1,3
groyklug,1,0.0,1,1
grubsahoy,1,0.0,0,1
grumpiergoat,1,0.0,0,1
grumpper,1,0.0,1,1
grumpydog84,1,0.0,0,1
grumpypan,1,1.0,1,1
grumpysatan,3,0.3333333333333333,2,3
grumsta,6,0.0,1,6
guilhaum,13,0.0,9,13
guilty-carry-wrea,4,0.0,20,4
guilty-cook-4663,1,0.0,11,1
guitarrabit,1,0.0,0,1
gulasch_man,1,0.0,1,1
gulbeleglim,1,0.0,0,1
gulfos,1,0.0,2,1
gullible_fennel7028,1,0.0,0,1
gullible_spell7057,4,0.0,32,4
gumjo123,2,0.0,1,2
gupulopo,2,0.0,0,2
guru_def,1,0.0,0,1
gusteauxs,1,0.0,0,1
guykopski,2,0.0,0,2
guypoope,2,0.0,1,2
guyskee,1,0.0,0,1
guywhoenjoysgames,1,0.0,0,1
guzmasbussy,2,0.0,0,2
gvarcian,1,0.0,0,1
gweloss,1,0.0,0,1
gwoo37573,1,0.0,0,1
gyranos,1,0.0,1,1
h0r1zon,1,0.0,0,1
h0wdoesthisthingwork,1,0.0,0,1
h3atdom3,1,0.0,0,1
hackanddash,1,0.0,0,1
hademar,2,0.0,1,2
hadronlicker,1,0.0,0,1
haemwich,1,0.0,0,1
hailtbewhale,1,1.0,0,1
hailtothedogebby,1,0.0,0,1
hairybeaver123,1,0.0,0,1
haklis,6,0.0,70,6
halethrom,1,0.0,0,1
halfaloafofkungfoo,1,0.0,0,1
hallc,17,0.17647058823529413,5,14
halldisastrous1635,1,0.0,0,1
hallowclaw,1,0.0,1,1
halodon,1,0.0,1,1
halu68,1,0.0,2,1
halzfrost,1,0.0,0,1
hammerhandle,2,0.5,1,2
hammerofbonking,2,0.0,1,2
hammyoverlordofbacon,1,0.0,1,1
han-kay,1,0.0,0,1
han-seoul_oh,1,0.0,0,1
hanabishi_recca,1,0.0,0,1
hanibalecter,3,0.0,0,3
hanonlei,1,0.0,0,1
hapless_wizard,2,0.0,1,2
happles11,1,0.0,0,1
happy-temperature735,1,0.0,0,1
happynem,1,0.0,0,1
happythoughts33,2,0.0,8,2
harai_ulfsark,4,0.0,2,4
harcole,4,0.0,4,3
hardcoremilf,1,0.0,0,1
hardlyaaron,1,0.0,0,1
harithbk,1,0.0,0,1
harkats,1,0.0,0,1
harlandus,1,0.0,2,1
haroerhaktak,3,0.0,1,3
harpoonthemoon,2,0.0,1,2
harrekmistpaw,2,0.0,0,2
harrowdread,1,0.0,1,1
harrynohara,1,0.0,0,1
harsesis,1,0.0,0,1
hassadar,2,0.0,0,2
hasturlavistababy,1,0.0,0,1
hat1337,1,0.0,0,1
hatereddit77,1,0.0,0,1
hatsjekidee,1,0.0,0,1
hattiejay,1,0.0,0,1
haugs22,2,0.0,1,2
haunting-salt-3948,1,0.0,0,1
haunting_response570,1,0.0,1,1
haventsleptinyears,1,0.0,1,1
havillard,1,1.0,1,1
hawkleberryfin,1,0.0,0,1
hawkseye17,1,0.0,0,1
hawkyyy,2,0.0,2,2
hawntir,1,0.0,0,1
haxor__doge,1,0.0,0,1
hbgsmokes,1,0.0,3,1
hbreckel,2,0.0,1,2
hcsimon,1,0.0,2,1
head-artist1493,1,0.0,0,1
head_employment4869,2,0.0,2,2
headlikeagnoll,1,0.0,0,1
healthy-cellist161,1,0.0,6,1
heauxmo,1,0.0,0,1
heavy_tart_1464,1,0.0,0,1
heflay,1,0.0,0,1
hefty-ant-378,1,0.0,0,1
hekios888,1,0.0,0,1
hell-yea-brother,2,0.5,2,2
hellbirdvt,2,0.5,4,2
helloiamruhri,1,0.0,0,1
hellomyfren6666,2,0.0,5,2
helluiin,3,0.0,1,3
heloriel,1,0.0,0,1
henkarinami,3,0.6666666666666666,1,2
henrikhakan,1,0.0,0,1
henryeaterofpies,3,0.0,6,3
henslock,2,0.0,0,2
heraldofthechange,1,,0,1
heraldtyphus,1,0.0,0,1
herbeste,1,0.0,0,1
hereforthehohoho,1,0.0,0,1
heretosee123,1,1.0,0,1
herkyjerkyperky,1,0.0,0,1
hermanvb,1,0.0,0,1
hermitxd,3,0.0,3,3
herozealot35,1,0.0,0,1
herrmatthew,1,0.0,0,1
herrrauch,1,0.0,1,1
hersheysx,3,0.0,1,1
hery41,2,0.0,0,2
hesitationz,1,0.0,0,1
hetvenot,1,0.0,1,1
hexadroid,1,0.0,0,1
heyeverythingisfine,1,0.0,0,1
heysupmanbruh,3,0.0,2,3
hh-harvey,1,0.0,0,1
hhalloush,2,0.5,1,2
higgi57,1,0.0,1,1
highimlacs,1,0.0,0,1
highwaymedical864,2,0.0,1,2
hiimred2,2,0.0,2,2
hikashuri,1,0.0,0,1
hilariousmax,2,0.0,0,2
hildarthedorf,1,1.0,1,1
hilduria,1,0.0,0,1
hipgamer,1,0.0,0,1
hiptones,1,0.0,0,1
hiroamiya230,1,0.0,0,1
historicalsherbert92,1,0.0,0,1
hitboxcomics,1,0.0,1,1
hitman3256,1,0.0,1,1
hitstuff,1,0.0,1,1
hlb217,1,0.0,0,1
hobodudeguy,3,0.3333333333333333,1,2
hoenn_enjoyer,1,0.0,0,1
hoggerflogger,1,0.0,1,1
hojicha001,1,0.0,0,1
holay63,1,1.0,0,1
holdill5352,1,0.0,0,1
holeyfield,1,0.0,0,1
holgerdk,1,0.0,0,1
holy_holley,1,0.0,1,1
holyrs90,4,0.0,2,4
holyvoltage,1,0.0,0,1
honeyalias,1,0.0,2,1
honeybadger_42,1,0.0,0,1
honeydictum,1,0.0,0,1
hoochiedaddy420,1,0.0,1,1
hoodedoccam,1,0.0,1,1
hoodieninja17,3,0.0,2,3
hoodoodle,2,0.0,0,2
hoopyfroodjera,4,0.0,1,4
hoopyhobo,3,0.0,2,2
hoosled,1,0.0,0,1
hopemonster,9,0.0,11,7
hopkin_greenfrog,1,0.0,0,1
hopper_mushi,1,0.0,0,1
hopumi,1,0.0,0,1
hornsmasher,1,0.0,0,1
horror_of_yig,2,0.0,0,2
hosenkobold,1,0.0,2,1
hot-parfait-5722,1,0.0,1,1
hot_process441,1,0.0,0,1
hot_vanilla_8293,1,0.0,0,1
hotbooster9858,1,0.0,0,1
hotchrisbfries,1,0.0,0,1
hotcoffee12,1,0.0,0,1
hotdogmagic505,2,0.0,4,2
hothgor,2,0.0,1,2
hoticehunter,1,0.0,2,1
hotndot333,2,0.0,1,1
hottage,5,0.0,4,5
hotterthanhooters,2,0.0,0,2
hour-significance158,1,0.0,0,1
howlercorp,1,0.0,0,1
howtojump,1,0.0,1,1
hrafhildr,2,0.0,1,2
hrekires,2,0.0,6,2
hryzzo,1,0.0,2,1
hsbprojectjhin,1,0.0,0,1
hsinvega,1,0.0,1,1
huanpablomontoya,1,0.0,0,1
huckchaser,1,0.0,0,1
huge-environment-896,1,0.0,0,1
huge_abies_3858,1,0.0,0,1
huge_community_4221,1,0.0,0,1
huge_discipline6395,1,0.0,0,1
huitzil37,1,0.0,0,1
humblecream,3,0.0,2,3
humdrumgrumgrum,1,0.0,0,1
humidussupremus,1,0.0,0,1
hundertwasserinsel,1,0.0,0,1
hungryvito_,1,0.0,3,1
huntah54,1,0.0,0,1
hunteddwumpus,8,0.0,12,6
hunterknight95,1,0.0,0,1
hunternika,2,0.0,1,2
huron_23,1,0.0,9,0
huroyox,1,0.0,0,1
hviiiid,2,0.0,1,2
hydrobass88,2,0.5,1,2
hydros,1,0.0,0,1
hynch,1,0.0,1,1
hyperdruid,1,0.0,0,1
hyperionotter,1,0.0,3,1
hypnoticah,3,0.0,1,3
hyrcyne-,1,0.0,5,1
hyster1calanduseless,1,0.0,0,1
i-am-grok-,1,1.0,1,1
i-liveherenow,2,0.0,1,2
i3i2o,2,0.0,2,1
i3r4ndon,1,0.0,0,1
i_like_angels,2,0.0,0,2
i_like_fish_decks,1,0.0,0,1
i_plug_johns,1,0.0,0,1
i_should-work,1,0.0,1,1
i_wear_green_pants,1,0.0,0,1
iam_iana,2,0.0,0,2
iamananxiousmess35,3,0.0,0,3
iambara,3,0.0,2,2
iamroofstone,3,0.0,2,3
iamshorteh,1,0.0,0,1
ian_w-g,3,0.0,2,3
ibanezht,1,1.0,0,1
iblameoleka,1,0.0,2,1
icantkeeptrack,1,0.0,1,1
ice-flght,1,0.0,0,1
icefyer,3,0.0,0,3
icenein,2,0.0,1,2
icer816,5,0.0,2,4
icewall198,1,0.0,0,1
iconofsin_,4,0.0,1,3
icy-commission66,1,0.0,0,1
icy-gazelle-1331,1,0.0,0,1
icy-policy-5890,4,0.5,5,3
icy_blacksmith8107,2,0.0,1,2
icy_elevator_9228,1,0.0,1,1
icy_turnover1,1,0.0,1,1
icymoment,1,0.0,0,1
icyrow,4,0.0,3,4
iddqdwtf,1,0.0,0,1
idejtauren,1,0.0,8,1
ididntseeitcoming,1,0.0,2,1
idulomar,1,0.0,0,1
ignauy,1,0.0,0,1
ignimortis,2,0.0,1,1
ihatecasualgamers,2,0.0,1,2
iibaneii,1,0.0,0,1
ijustwannaplaywowpls,1,0.0,0,1
ikeewa12,1,0.0,0,1
ikemayelixfay,1,0.0,0,1
ikokai,1,0.0,0,1
ilikebreadsticks,2,0.0,1,2
ill-expert-511,1,0.0,2,1
ill-prompt5510,1,0.0,0,1
ill_tumblr_4_ya,1,0.0,1,1
ill_werth,2,0.0,0,2
illlogik1,2,0.0,0,2
illnegrow,1,0.0,0,1
illustrious-rain8380,1,0.0,0,1
illyria817,1,0.0,0,1
ilostmydildoinmynose,1,0.0,0,1
ilphfein,4,0.0,1,4
im-quite-stupid,2,0.0,0,2
im36degrees,1,0.0,0,1
im_a_mechanicalman,2,0.0,0,2
im_a_teapot418,1,0.0,1,1
im_still_at_work,1,0.0,0,1
imabout2combust,2,0.0,2,2
imaginary-present-18,1,0.0,1,1
imaginary_fox3165,1,0.0,1,1
imaginary_north7177,1,0.0,0,1
imaginaryad6499,2,0.0,1,2
imaginarysense,1,0.0,0,1
imaginetheabsolute,1,0.0,0,1
imalloutofbubblegums,5,0.0,3,5
imhullu,1,0.0,1,1
imisstheapolloapp7,6,0.0,3,5
imjustmagik_,1,0.0,0,1
imkastian,1,0.0,0,1
immadrainonsociety,2,0.0,0,2
immediatehorror3878,1,0.0,1,1
impossible-ball7166,1,0.0,0,1
impossible-diver6565,4,0.0,2,3
impossible-society-8,2,0.0,1,2
impossible-stop-2104,1,0.0,0,1
impressive-name7601,5,0.0,6,5
impressive_cow5483,1,0.0,0,1
improving_myself_,1,0.0,0,1
impsterr,5,0.0,2,3
impzor,1,0.0,1,1
imreallydum,3,0.0,2,3
imspacemanspiff,1,0.0,1,1
imt_justice,1,1.0,1,1
imtheone989,1,0.0,1,1
imzocrazy,1,0.0,1,1
inanoi,2,0.0,2,1
incognitimmo,2,0.0,1,2
incognito_side,6,0.0,13,4
inconspiciousperson,1,0.0,1,1
inconspicuous2012,1,0.0,3,1
incred,1,0.0,0,1
independenceok3851,1,0.0,0,1
independent-net-2380,1,0.0,0,1
independent_analyst3,2,0.0,1,2
independent_tip2538,1,0.0,4,1
indig3o,3,0.0,7,3
individual-hat-8367,3,0.0,1,2
individual_bed_8752,1,0.0,0,1
indusnoir,4,0.0,28,4
indyvat,1,0.0,1,1
inevitable-ad-6334,1,0.0,0,1
inevitable_crow9456,2,0.0,1,1
inevitable_leg_980,2,0.0,0,1
infamous_mention_796,1,0.0,0,1
infinite_respect_,1,0.0,1,1
informal_bench_7219,1,0.0,1,1
ingloriousomen,3,0.0,4,3
inithra,2,0.0,2,2
ink-responsibly,1,0.0,0,1
inkbetweens,2,0.5,1,2
inktheus,1,0.0,0,1
inlacou,1,0.0,0,1
innowebventures,2,0.0,2,2
insanelyphat,1,0.0,1,1
inshabel,2,0.0,0,2
inside_signal_2715,4,0.0,7,2
insomsanity,1,0.0,0,1
instertusernamename,2,0.0,0,2
insulifting,1,0.0,0,1
insulindianphasmidy,1,0.0,0,1
intelligent-bus-1966,1,0.0,0,1
intelligent-net1034,19,0.0,7,19
intelligent_act7099,1,0.0,1,1
intelligent_bee3466,2,0.0,0,2
intelligent_rub528,1,0.0,0,1
intelligenthotel356,1,0.0,1,1
interesting-use966,3,0.0,3,3
interesting_basil_80,1,0.0,0,1
interesting_bit_5179,2,0.0,0,2
interesting_let_6743,1,0.0,0,1
international-sky605,1,0.0,0,1
internationaldeal410,1,0.0,0,1
internationalfly9396,1,0.0,0,1
interneven9916,1,0.0,0,1
interztellar_,2,0.0,0,2
inthenstus,5,0.0,1,5
intoxicatedpancakes,1,0.0,0,1
intulor,9,0.1111111111111111,6,8
inukojon,13,0.07692307692307693,8,10
invalid-superior0,1,0.0,0,1
invasive_wargaming,1,0.0,0,1
invisiblethermometer,1,0.0,0,1
inxert,2,0.0,1,1
ionhazzikostasisgod,7,0.0,1,7
ios_static,2,0.0,0,2
iovebite,1,0.0,0,1
ippeiwasframed,1,0.0,0,1
irauh,2,0.5,1,2
ironeyed_wizard,6,0.0,4,4
ironivmonkey,2,0.0,0,2
ironmanmclaren,1,0.0,1,1
ironmcchef,3,0.0,3,2
irveria,5,0.0,1,4
isburough,1,0.0,0,1
isilmalith,1,0.0,1,1
isine,1,0.0,1,1
isklar1993,1,0.0,0,1
iskle,1,0.0,1,1
island_of_the_godz,4,0.0,3,3
ismellhats,1,0.0,0,1
isolated_hippo,8,0.0,8,6
isospeedrix,1,0.0,0,1
italianprincessxo,1,0.0,0,1
itchy-marsupial4174,1,0.0,0,1
itchyscales,1,0.0,6,1
itessaigai,1,0.0,0,1
itjustlurks,1,0.0,1,1
its-not-that-hard,1,0.0,4,1
its1207amcantsleep,1,0.0,0,1
its_your_father,2,0.0,0,2
itsbleyjo,1,0.0,0,1
itsdom94,1,0.0,1,1
itsjustreen,4,0.0,2,4
itsnowornever13,1,0.0,4,1
itsnurf,1,0.0,0,1
itsrevan,1,0.0,1,1
itsrittzbitch,1,0.0,0,1
itsvishuss,4,0.25,2,2
ittenvoid,2,0.0,0,2
itzzchrizzz,1,0.0,0,1
ivebeentohellandback,1,0.0,0,1
ivstan,2,0.0,2,2
iwant2bethatguy,1,0.0,0,1
iwillnotpost8004,1,0.0,1,1
ixmyth,1,0.0,2,1
izaul13,2,0.0,2,2
izznyxthewitch,1,0.0,1,1
j-alora,1,0.0,1,1
j-shade,1,0.0,3,1
j-t2o,1,0.0,2,1
jaakers87,2,0.0,2,2
jaberalsakka89,1,0.0,0,1
jacco1234,1,0.0,0,1
jackms916,2,0.0,0,2
jackofallstraits,1,0.0,0,1
jackofblades420,1,0.0,0,1
jackofdemons,1,0.0,0,1
jackpkmn,3,0.0,4,3
jackshinra,1,0.0,0,1
jacktec,1,0.0,0,1
jacobrallen,1,0.0,0,1
jadmonk,11,0.0,4,9
jaegerjaquez25,5,0.2,8,4
jaeyx,1,1.0,2,1
jag-,2,0.0,2,2
jaggiboi,1,0.0,1,1
jai07,1,0.0,0,1
jake-of-the-sands,1,0.0,0,1
jakegh,2,0.0,0,2
jakeparkbench,1,0.0,1,1
jakota_,7,0.0,2,4
jambarine,1,0.0,0,1
jambot9000,1,0.0,0,1
jamesdarque56,1,0.0,1,1
jampk24,5,0.0,2,5
janner_10,2,0.0,3,2
japjer,4,0.0,0,4
jarlwolfe,2,0.0,0,1
jarnis,7,0.0,1,7
jarocket,9,0.1111111111111111,7,9
jasdavi,1,0.0,0,1
jaseandrews,2,0.0,2,2
jash0822,1,0.0,0,1
jason498,3,0.0,2,1
jasonreid1976,1,0.0,4,1
jaw4ever,1,0.0,0,1
jayabalard,2,0.0,0,1
jaydee117,1,0.0,0,1
jayfrank1132,1,0.0,0,1
jaylux86,1,0.0,0,1
jays_arravan,3,0.0,1,3
jayvjthevvalour,1,0.0,0,1
jazusa03,1,0.0,2,1
jazzani,1,0.0,0,1
jbrandt1110,1,0.0,0,1
jcriver4,1,0.0,1,1
jd_crichton,1,1.0,1,1
jdlyga,1,0.0,0,1
jealous-leg-5648,1,0.0,0,1
jealous_row_6356,1,0.0,3,1
jealousastronomer342,3,0.3333333333333333,0,3
jean-cobra,1,0.0,0,1
jeancv8,1,0.0,0,1
jec0995,2,0.0,0,2
jeffois,1,0.0,0,1
jejouch1,4,0.0,1,4
jelly-unhappy,3,0.0,0,3
jellywish96,1,0.0,0,1
jemacaslan,2,0.0,4,2
jereboy216,1,0.0,0,1
jerrysam6509,1,0.0,0,1
jeshyqt,3,0.0,0,3
jester-joe,7,0.0,10,6
jesusdidntlikethat,2,0.0,0,2
jfx3311,5,0.0,1,4
jh7373,3,0.0,3,3
jhinmarston,2,0.0,0,2
jigagug,2,0.0,3,2
jigawatts42,1,0.0,0,1
jillian1410,1,0.0,0,1
jimjarspace,1,0.0,0,1
jindujun,1,0.0,0,1
jinokun,1,0.0,0,1
jinreeko,2,0.0,0,2
jish5,1,0.0,0,1
jjason82,1,0.0,0,1
jjcox315,1,0.0,0,1
jjgfunk,1,0.0,0,1
jjjjjjjjjjjjjjjjjq,2,0.0,2,2
jkwengert,1,0.0,0,1
jmcrash98,1,0.0,0,1
jmintydoe,1,0.0,0,1
jmj05,1,0.0,1,1
jmxd,1,0.0,1,1
jnezz,1,0.0,4,1
jntjr2005,4,0.25,3,3
joaogroo,2,0.0,0,2
jobjoboj,2,0.0,1,1
jobless_jones,1,0.0,0,1
jobojboj,1,0.0,0,1
jocic,1,0.0,1,1
jodoukast,4,0.0,4,4
joe2030,1,0.0,1,1
joeban1,1,0.0,0,1
joefran6,1,0.0,0,1
joehatesfanfiction,2,0.0,5,2
joeshock_,1,0.0,1,1
johanamino,1,0.0,0,1
john_cages022,1,1.0,1,1
jojopojo64,1,0.0,0,1
jolly-weather-457,2,0.0,0,2
jombino12,2,0.0,0,2
jonathanrl,1,0.0,0,1
jonerthan,1,1.0,0,1
jonnyd3pp,1,0.0,0,1
jopowz,1,0.0,0,1
jordanrhys,3,0.0,1,3
jorickcz,1,0.0,0,1
josecholas,1,0.0,1,1
josefgremlin,1,0.0,0,1
josephjts,6,0.0,5,6
josh_hilll,1,0.0,0,1
joshr03,1,0.0,1,1
jovegaming,1,0.0,0,1
jox223,1,0.0,0,1
jozehtf,1,0.0,0,1
jreesecup,2,0.0,2,2
jsnex,1,0.0,1,1
jsnlxndrlv,1,0.0,1,1
jt99-firstballot,10,0.0,5,9
jtayls,1,0.0,0,1
jthecrazed,1,0.0,0,1
juapp,4,0.0,1,4
judge_wapner,6,0.0,2,6
judgyfinch,1,0.0,0,1
judic22,2,0.0,1,2
juggernaught99,1,0.0,0,1
juicd_,1,0.0,5,1
juicedupgal,2,0.0,0,2
juicyman69,1,0.0,0,1
jules3313,3,0.0,1,1
jumplol,1,0.0,0,1
jumpy-company5330,1,0.0,0,1
jumpy-description550,1,0.0,0,1
jumpy_lavishness_533,1,0.0,0,1
jumpy_security_1703,2,0.5,0,2
junmainook,1,0.0,0,1
jupiternimbus,1,0.0,1,1
jupppie,2,0.0,2,2
jurke39,1,0.0,6,1
jusavler,2,0.0,1,2
jussech,1,0.0,1,1
justadutchiegirl,1,0.0,0,1
justalittleplague,2,0.0,0,2
justanotherpoopdick,17,0.058823529411764705,35,11
justburnburnburn,1,0.0,0,1
justcausefucklogic,1,1.0,0,1
justexpect,1,0.0,1,1
justice502,1,0.0,0,1
justinbisu,5,0.2,7,5
justjoekingg,1,0.0,1,1
justnothavinganyfun,1,0.0,0,1
justphil97,1,0.0,1,1
justrecharged,1,0.0,0,1
justthisoncepp,1,0.0,0,1
juts,1,0.0,0,1
juvenall,1,0.0,0,1
juznyzaliv,1,0.0,1,1
jvonfilm,1,0.0,1,1
jwava,2,0.0,1,2
jyuuni,1,0.0,0,1
k1n-,2,0.0,1,1
k4zetsukai,1,1.0,0,1
k_rocc,6,0.3333333333333333,1,4
ka_yu,3,0.0,17,3
kababalan,1,0.0,1,1
kadaan,1,0.0,0,1
kaedekins,1,0.0,0,1
kaehl0311,1,0.0,0,1
kaelor1,1,0.0,0,1
kaemaahl,1,1.0,0,1
kage1831,1,0.0,0,1
kagestar,1,0.0,0,1
kagrith,1,0.0,0,1
kahleytriangles,1,0.0,1,1
kaiiboraka,2,0.0,1,1
kainie85,1,0.0,1,1
kaiser25x,1,1.0,0,1
kaisernick27,5,0.0,2,2
kaisha001,1,0.0,0,1
kaj_00ta,2,1.0,1,2
kakihara123,1,0.0,0,1
kakjit,1,0.0,1,1
kakysan,3,0.0,0,2
kal930,1,0.0,0,1
kalaap,1,0.0,0,1
kalamari__,1,0.0,1,1
kalderr,1,0.0,0,1
kaldricus,1,0.0,0,1
kami77,1,0.0,0,1
kampeerwijzer,1,0.0,0,1
kanetheboom,1,0.0,0,1
kao194,7,0.0,4,3
kaospunk,2,0.0,1,1
kaptingavrin,3,0.3333333333333333,0,3
karahx,3,0.0,2,3
karlfrednvlad,1,0.0,2,1
karloroy_wow,1,0.0,0,1
karnadas,1,1.0,0,1
karpulltunnel,1,0.0,1,1
karthak_maz_urzak,3,0.0,2,1
karthmorphon,1,0.0,0,1
karypto-7,1,0.0,0,1
kashquests,2,0.0,2,1
kasumikeiko,1,0.0,0,1
katapros,1,0.0,1,1
katsutomai,2,0.0,0,2
katur,1,0.0,0,1
kawlinx,1,1.0,0,1
kayll-,5,0.2,2,2
kaynpayn,2,0.0,1,2
kazeespada,1,0.0,0,1
kb3_fk8,5,0.0,2,1
keahi20,1,0.0,0,1
keashot,1,0.0,0,1
keatonb87,1,0.0,0,1
kebab-time,1,0.0,0,1
keelbeard,1,0.0,0,1
keep_improving_self,1,0.0,2,1
keffmeistr,1,0.0,0,1
keianh,2,0.0,2,2
keikobad,2,0.0,0,2
keletheen,1,0.0,0,1
kelfupanda,4,0.0,3,4
kellksm,2,0.0,2,2
kellmaster,1,0.0,0,1
kellven,1,0.0,0,1
kelstengaminguk,1,0.0,0,1
kenjair07,1,0.0,0,1
kenshinborealis,1,0.0,0,1
kentack,4,0.0,5,4
kenzaro_,1,0.0,0,1
kerenar,1,0.0,1,1
kersplode,2,0.0,1,2
kerthard,10,0.0,3,8
kerxes,1,0.0,0,1
kethcup_,1,0.0,5,1
kevkoss,6,0.0,1,5
kevthuluu,1,0.0,4,1
key-proof-1673,1,0.0,0,1
key_arrival2927,1,0.0,0,1
key_pop_8116,5,0.0,2,5
keyboardturn,2,0.0,7,2
keylus,1,0.0,1,1
keymaster999,2,0.0,0,2
keynarin,1,0.0,0,1
kfasek,1,0.0,0,1
khadgarisadreadlord,10,0.0,1,2
khaldaan,2,0.0,3,2
khalkong,1,0.0,1,1
khaosfury,3,0.0,3,3
khaoticsuccubus,3,0.3333333333333333,3,3
kharathos,1,0.0,1,1
khasim83,1,0.0,0,1
khazalgarfairy,1,0.0,0,1
kheiron,1,0.0,1,1
kibasburner,1,0.0,0,1
kid-karma,2,0.0,1,2
kii_at_work,1,0.0,1,1
kiksonjara,1,0.0,2,1
kildal,1,0.0,0,1
kildar2112,1,1.0,0,1
kill_william_vol_3,3,0.0,1,2
killbroccoli,1,0.0,1,1
kills_zombies,3,0.0,0,3
killsb,1,0.0,2,1
kiloyounited,1,0.0,1,1
kimberkitsuragi,1,0.0,0,1
kiminifurete_,1,0.0,0,1
kimite_,1,0.0,2,1
kimjongkung,1,0.0,4,1
kind-apricot22,1,0.0,0,1
kindly_walk_3529,1,0.0,0,1
king_teddy_bear,1,0.0,1,1
kingalicane,1,0.0,0,1
kingchrisy,2,0.0,2,2
kingfisherc,1,0.0,0,1
kingk0ngdong,1,0.0,0,1
kingofazmerloth,2,0.0,1,2
kingofgama,4,0.0,3,4
kingofwarz,1,0.0,0,1
kinkypaddling,2,0.0,0,2
kintaco,1,1.0,0,1
kinzo149,31,0.0,47,23
kioskryttaren,3,0.0,0,3
kirbydude65,2,0.0,2,2
kirire-,1,0.0,0,1
kirur,1,0.0,1,1
kiruz_,1,0.0,0,1
kiry1,2,0.0,0,1
kissofthehell,1,0.0,1,1
kitsunekyo,6,0.0,1,6
kittenpantzen,4,0.0,2,4
kittie_ghede104,1,0.0,0,1
kiwical,3,0.0,3,3
kizzil,1,0.0,0,1
klaroxy,2,0.0,4,2
klatelbat,1,0.0,1,1
klatt3n,2,0.0,1,1
klenexts,1,0.0,0,1
kleowi,1,0.0,0,1
klinf1,1,0.0,0,1
klippan23,1,0.0,0,1
kluian2005,1,0.0,1,1
kluna01,1,0.0,0,1
klutzy_scarcity_6207,1,0.0,0,1
km_the_frog,2,0.0,13,2
kme026,1,0.0,0,1
kng_89,1,0.0,1,1
knickenbok,1,0.0,0,1
knightbane007,1,0.0,0,1
knightress_oxhide,1,0.0,0,1
knowen91,1,0.0,0,1
kocki123,1,0.0,0,1
kodycarp19,10,0.0,3,6
kokeshi_doll7,2,0.0,1,2
kokozie06,1,0.0,0,1
kolhammer93,1,0.0,1,1
kolima_,1,0.0,0,1
konsathepanda,1,0.0,0,1
konsume1337,1,1.0,0,1
konungrr,1,0.0,0,1
koolguykris,1,0.0,0,1
koomaow,2,0.0,1,2
kooparogue,2,0.0,1,2
korderon,2,0.0,16,2
korijenkins,2,0.0,5,2
korize,1,0.0,0,1
kormit_der_frag,1,0.0,0,1
korrigan_goblin,4,0.0,4,4
kotouu,1,0.0,1,1
kourtbard,1,0.0,0,1
kozpot,1,0.0,0,1
kr1tterz,1,0.0,0,1
kradgger,1,0.0,0,1
kragenstein,1,0.0,0,1
krags,1,0.0,1,1
kraistor,1,0.0,0,1
kramjam,1,0.0,0,1
krasi183,1,0.0,0,1
kraxiloth,6,0.16666666666666666,4,6
kraydez,2,0.0,2,2
krazystanbg,2,0.0,1,1
krea-kaos,1,0.0,1,1
kreezle27,1,1.0,0,1
kreiger81,3,0.0,2,3
kremlo,2,0.0,0,2
krin132,1,0.0,1,1
kripto_,2,0.0,0,2
kris9876,1,0.0,2,1
krisredm,1,0.0,0,1
krizzqy,1,0.0,0,1
kroggol,6,0.0,4,6
kroick,5,0.0,16,5
krombough,2,0.0,8,2
kromdartv,1,0.0,0,1
kronuk,2,0.0,0,2
krraxia,1,0.0,0,1
krumpopodes,1,0.0,0,1
kruse002,1,0.0,0,1
krustyllamabimbo,1,0.0,0,1
krydanx,1,0.0,0,1
kryoize,2,0.0,1,2
kryptyx,2,0.0,5,2
kryz1te94,1,0.0,0,1
krzr,1,0.0,0,1
ksaucedesk,2,0.0,0,2
ksobby,1,0.0,0,1
ksperspective113,1,0.0,0,1
ktaily,1,0.0,0,1
kthegamergirl,4,0.0,1,3
kthegoat,1,0.0,0,1
ktheonetrueking,7,0.0,3,7
ktmpanda,1,0.0,1,1
kualikuri,4,0.0,2,4
kudrel,1,0.0,1,1
kujasgoldmine,1,0.0,0,1
kujira-san,4,0.0,6,4
kuldrick,1,0.0,2,1
kulyor,1,0.0,0,1
kunagi,1,0.0,0,1
kungfunick9979,1,0.0,0,1
kupogasm,1,0.0,0,1
kurai_x_kitsune,1,0.0,0,1
kuramatotchi,1,0.0,1,1
kurohige20,1,0.0,0,1
kurraga,4,0.0,2,3
kurtik567,1,0.0,0,1
kurwek,1,0.0,0,1
kuschelbunny,1,1.0,0,1
kushbuam,1,0.0,0,1
kuszza,1,0.0,0,1
kutasb,1,0.0,0,1
kuvanet,3,0.0,0,3
kuyun,2,0.0,0,2
kyhron,1,0.0,0,1
kyleeverett,1,0.0,1,1
kylevd444,1,0.0,1,1
kyonarai,1,0.0,0,1
kyr-shara,4,0.0,3,4
kyuremiskeel,1,0.0,0,1
kyz123,11,0.0,4,10
l0nz,2,0.5,1,1
l3rn,1,0.0,1,1
labpracticum,1,0.0,1,1
lachrymir,1,0.0,0,1
ladyanacondra,1,0.0,0,1
ladydalama,1,0.0,0,1
ladyelectadub,1,0.0,0,1
lagom_kul,1,0.0,1,1
laika93,2,0.0,2,1
lakesobacon,1,0.0,0,1
lalapla28,1,0.0,0,1
lancruses,1,0.0,0,1
laney_moon_,3,0.3333333333333333,1,3
lankey_fish,3,0.0,0,3
lankeyjevans,1,0.0,5,1
lantisca,1,0.0,0,1
laptican,1,0.0,1,1
laranna,1,0.0,0,1
lardath,1,0.0,1,1
laredon,1,0.0,0,1
larsj_02,2,0.0,1,1
larso567,1,0.0,0,1
last_ad3103,1,0.0,0,1
last_pumpkin_1395,1,0.0,4,1
lastdefenseacademy,3,0.3333333333333333,2,3
lastoflast67,10,0.0,3,5
late-elderberry6761,1,0.0,0,1
late_stage_exception,1,1.0,1,1
lateyeight,1,0.0,1,1
lats9,10,0.0,45,10
latviacm,1,0.0,0,1
lava-jacket,1,0.0,1,1
lavarious3038,1,0.0,0,1
lavishnesslow3764,1,0.0,0,1
lazarus-online,1,0.0,0,1
lazykaiju,1,0.0,1,1
lazylazygecko,2,0.0,2,2
lbiggy,1,0.0,0,1
lcspartan,2,0.0,1,2
ldwchanjrl,1,0.0,1,1
leafstorm23,1,0.0,0,1
lealmadlid,1,0.0,0,1
leather-analyst7523,1,0.0,0,1
leather_ad_3377,1,0.0,1,1
lebowskii,1,0.0,0,1
lecampy,1,1.0,5,1
leerising,1,0.0,0,1
leetokeen,1,0.0,0,1
leetzor,3,0.0,0,3
lefroiis,2,0.0,1,2
left-journalist-3672,1,0.0,1,1
left_bison2076,1,0.0,0,1
leftoversn,1,0.0,1,1
legal_history4023,1,0.0,1,1
legallykat,3,0.0,6,3
legateaurelius,1,1.0,0,1
legio_dg,1,0.0,0,1
legitimate-east9708,3,0.0,1,2
legitimate-golf-5986,1,0.0,0,1
legitimate-mind-8022,1,0.0,0,1
legitimate_flamingo6,1,0.0,0,1
legitimate_shift5700,1,0.0,0,1
lehranslight,1,0.0,0,1
leiacaldarian,1,0.0,0,1
leisuresuitlarr,1,0.0,0,1
lemi69,2,0.0,0,2
lenyor-rr,4,0.25,3,4
leon978,2,0.0,2,2
leotargaryen,3,0.0,4,3
lepprechaun25,3,0.0,2,3
less-advisor3238,1,0.0,0,1
less_wall_9656,1,0.0,0,1
letfilonicook,1,0.0,0,1
lethean93,1,0.0,0,1
letoiv,2,0.0,3,2
lets_fuck_420,5,0.0,2,4
lett0026,1,0.0,0,1
level7cannoneer,2,0.0,1,2
levviathann,2,0.0,0,2
lexicon79,1,0.0,0,1
lexihard,1,0.0,0,1
lexluthorsfortycakes,2,0.0,0,2
lezzles,3,0.0,3,2
liberate90,2,0.0,1,1
librarianno6865,1,0.0,0,1
librarytimeisover,1,0.0,0,1
lich-slapped,4,0.0,1,4
lichgim,1,0.0,0,1
liehl_,2,0.0,0,2
lifeisalime11,1,0.0,0,1
lifeissuffering442,1,0.0,0,1
lifendeath1,7,0.0,1,6
lightofangels,1,0.0,1,1
likeviolence,1,0.0,1,1
lil-nib,1,0.0,0,1
lilacs_and_marigolds,1,0.0,0,1
limitunlikely910,2,0.0,2,2
limp-marzipan-4051,1,0.0,2,1
limp_platypus_9424,1,0.0,6,1
limpetsbride,1,0.0,0,1
linasclrem,1,0.0,2,1
lindt_licker,1,0.0,0,1
line_boy,2,0.0,0,2
linino,1,0.0,0,1
linktoheaven090,2,0.5,1,2
linkysnow,1,0.0,0,1
lio-ns,4,0.0,1,2
lion11037,4,0.0,3,3
lionmom,1,0.0,0,1
lionsrise,1,0.0,1,1
lirael_91,1,1.0,0,1
lirielswhisper,1,0.0,0,1
lirillemirth,1,0.0,0,1
lison52,1,0.0,2,1
little-inflation-192,2,0.0,1,2
littlelunia,1,0.0,0,1
littlevilegoblin,5,0.2,1,4
liturginator9000,1,0.0,0,1
liv_0203,1,0.0,0,1
live-steaky,1,0.0,1,1
live_pirate881,1,0.0,0,1
livesinacabin,2,0.0,1,2
lividcauliflower3914,1,0.0,0,1
livvi10,1,0.0,0,1
llamamanta,1,0.0,2,1
llogaburr,1,0.0,3,1
llstonesll,5,0.0,3,4
llyon_,3,0.0,1,3
lmaotank,1,0.0,0,1
lnk-cr-b82rez-2g4,2,0.0,4,2
lnvector,1,0.0,1,1
loan_fancy,1,1.0,0,1
local-operation2307,1,0.0,0,1
local-opposite5953,1,0.0,0,1
localcannon,2,0.0,0,2
lockdenload,1,0.0,0,1
lofi-ahsoka,2,0.0,3,2
logicbox_,9,0.0,6,9
logicskca,1,0.0,2,1
lokarlalingran,1,1.0,0,1
loki-616,2,0.0,0,2
loki_the_pbgv,1,0.0,0,1
lokiniouz,1,0.0,0,1
lokithesiberianhusky,1,0.0,1,1
lolflore,5,0.8,3,3
lolpunny_,1,0.0,0,1
lolseabass,1,0.0,0,1
lolxd_1337,2,0.0,2,2
lombardyn,1,0.0,0,1
lonely_fenix,1,0.0,0,1
lonely_gur4841,1,0.0,0,1
lonethesmurf,1,0.0,0,1
long-mention-3923,1,0.0,0,1
longbark,1,0.0,1,1
longjumpingturnip,1,0.0,0,1
longtailist,3,0.0,1,3
lookltsgordo,2,0.0,1,1
loon_cheese,1,0.0,0,1
loonartear2665,2,0.0,2,2
loopeded,1,0.0,1,1
lootingdaroom,4,0.0,3,4
lootman,1,0.0,0,1
lootvig,1,0.0,2,1
lopsided-head4170,1,0.0,0,1
lopsided-orchid-5013,1,0.0,0,1
lorantec,1,0.0,1,1
lord-cuervo,1,0.0,0,1
lord-momentor,3,0.0,3,3
lord0fhats,5,0.0,2,4
lord_dankston,1,0.0,0,1
lord_galen,1,0.0,0,1
lord_stingo,1,0.0,0,1
lord_teaspoon,5,0.2,3,5
lordfifrelin,2,0.0,4,2
lordkauth,1,0.0,0,1
lordlacaar,1,0.0,7,1
lordloss390,1,0.0,0,1
lordmaxi10,1,0.0,10,1
lordpaleskin,1,0.0,0,1
lordwiesy,2,0.5,2,2
loremastermotoss,1,0.0,0,1
lost-opportunity8425,2,0.0,4,2
lostdog861,1,0.0,0,1
lostinstereo28,2,0.0,0,2
lostsinclair,2,0.5,1,2
lotheren,1,0.0,0,1
loud-educator-5443,3,0.0,1,3
louisgkun,2,0.0,1,2
loveincarnate,1,0.0,0,1
lovemonkeyz,1,0.0,1,1
lovesyouandhugsyou,1,0.0,1,1
low_acanthisitta6960,1,0.0,0,1
low_definition4513,1,0.0,0,1
lowkinator,1,0.0,0,1
lowloser2,1,0.0,0,1
lpunit,2,0.0,1,2
lrdubz,1,0.0,0,1
lrsband,5,0.0,1,2
lucarin415,3,0.0,8,3
lucasnogueirart,3,0.0,1,2
luchadorbane,4,0.0,4,4
luciannight21,1,0.0,0,1
lucidnytemare,1,0.0,0,1
lucifa42,2,0.0,0,2
lucisabyssus,1,0.0,0,1
luckeratron,1,0.0,0,1
lucky_knot,1,0.0,0,1
lucky_vermicelli7864,3,0.3333333333333333,1,3
luckylukse,1,0.0,0,1
luckynines,1,0.0,1,1
lucroarna56,3,0.3333333333333333,1,2
lucyfairix,1,0.0,0,1
ludek_cortex,2,0.0,1,2
lugonn,1,0.0,2,1
lukas-bruh,1,0.0,1,1
luluco15,1,0.0,0,1
lumpy-shower-8968,1,0.0,0,1
lumpy999,2,0.0,2,2
lunale504,1,0.0,1,1
luncheon_lord,1,0.0,0,1
lurcjs,1,0.0,0,1
lurkerlarry42069,2,0.0,0,2
luronn,1,0.0,0,1
lusochampion1,1,0.0,2,1
lutinja,1,0.0,1,1
lvl_60,1,0.0,1,1
lycanthropys,2,0.0,1,2
lydialunavt,3,0.0,0,3
lyeesia,1,0.0,0,1
lyggo,1,0.0,1,1
lying_hedgehog,2,0.0,2,2
lynxariatv,1,0.0,0,1
lyorian,1,0.0,0,1
lyoss,8,0.0,3,5
lyphegames,1,0.0,10,1
lyric111,1,0.0,2,1
lysta-the-hunter,1,0.0,0,1
m3-4t,1,0.0,0,1
m3li0d4s88,1,0.0,0,1
m44ds,1,0.0,0,1
m47715,1,0.0,1,1
m4dm1nd,3,0.0,2,3
m4ru92,1,0.0,3,1
maasd4m,1,0.0,0,1
macaluso100,1,0.0,0,1
macfatty,3,0.0,2,3
machiavellisj,2,0.0,1,2
machineii,1,0.0,0,1
maciqos,1,0.0,1,1
mack_95993,1,0.0,0,1
mackdawg92,1,0.0,0,1
macrosmatic,1,0.0,0,1
mad-suker,4,0.0,1,1
mad_moriarty,1,0.0,0,1
madadam211,1,0.0,3,1
madd_castomira,1,0.0,0,1
maddiellayne,3,0.3333333333333333,0,3
madman19,1,0.0,0,1
madman751,1,0.0,1,1
madmarx__,3,0.0,3,3
maethor_derien,1,0.0,1,1
maeveymaeveymaevey,2,0.0,4,1
maeviezdarc,1,1.0,0,1
mafiohz,2,0.0,8,2
magdanimous,2,0.0,2,2
magebuff,1,0.0,0,1
magetomlan,1,0.0,2,1
maggotheforgettable,1,0.0,0,1
magiblood,1,0.0,0,1
magicturtle2939,1,0.0,0,1
magik160,4,0.0,2,4
magiknuggets,1,0.0,0,1
magnakilro,1,0.0,0,1
magnazore,1,0.0,0,1
magnitudinus,1,0.0,0,1
magnummeatball,1,0.0,0,1
magnus1177,2,0.5,2,2
maidenless_undead,2,0.0,0,2
maikusann,1,0.0,0,1
main-world-7637,1,0.0,1,1
main_potential_6015,1,0.0,0,1
mainfrym,1,0.0,1,1
mainmorte,17,0.058823529411764705,24,16
majestic_habit5726,10,0.0,2,9
majestic_molasses335,1,0.0,0,1
majesticalotter,2,0.0,1,1
majin_melmo,2,0.0,2,2
makani_art,2,0.0,1,2
makesmashgreatagain,1,0.0,0,1
makkii62391,1,0.0,5,1
makorus,7,0.0,2,3
mal-ya-pal,1,0.0,0,1
malacath_terumi,2,0.0,0,2
malacon,2,0.0,2,2
malaphesto,1,0.0,0,1
maleficent0,1,0.0,0,1
maleficent_might5630,2,0.0,0,2
maleninsekt,2,0.0,0,2
malevolent_vengeance,1,0.0,0,1
malicemes,1,0.0,0,1
malleus83,15,0.0,4,15
mallymallow,1,0.0,0,1
malydrax,2,0.0,1,2
maman_dion,1,0.0,1,1
mammoth-indication10,2,0.0,0,1
mammoth_support_2634,1,0.0,1,1
manatidederp,2,0.5,3,1
mane1234,2,0.0,0,2
mangafan_20,1,0.0,1,1
mangobasher,1,0.0,0,1
mangostoast,1,0.0,0,1
maniklas,1,0.0,0,1
manitoba100,1,0.0,0,1
manthos1978,1,0.0,1,1
many-waters,1,0.0,1,1
manycarrots,2,0.0,1,2
maokaby,2,0.0,0,2
maorel,1,0.0,0,1
mapletree23,1,0.0,0,1
marcelit4,1,0.0,0,1
marco_polaris,2,0.0,12,2
marem-bzh,14,0.07142857142857142,8,11
marganth,1,0.0,0,1
maris_sea,1,0.0,1,1
mark_knight,2,0.0,0,2
markibuhr,2,0.0,0,2
markliebs,2,0.0,0,2
marktbde,1,0.0,0,1
markyyyymark,1,0.0,0,1
maroonedontues,1,0.0,0,1
marsjust,1,0.0,2,1
martin_fasthands99,1,0.0,0,1
martindeth,1,1.0,2,1
martokk78,1,0.0,0,1
masahikokobe,2,0.0,3,2
masam10,1,0.0,3,1
masonictraveler,1,0.0,0,1
massive_cake_6824,1,0.0,0,1
massive_store_1940,1,0.0,0,1
mastataku96,2,0.0,0,2
master-m99,1,0.0,0,1
master_smasher,1,0.0,0,1
masterchiefh3,1,0.0,0,1
masterofknees,2,0.0,0,2
masterreindeer,2,0.0,0,2
mastroflip,1,0.0,0,1
matenki,1,0.0,1,1
material-jacket-6878,2,0.0,10,1
material_carpet5344,1,0.0,1,1
materialunion1132,2,0.0,0,2
mathematiciansame466,3,0.0,10,3
mathren25,4,0.25,9,4
matitjes,1,0.0,0,1
matronluna,1,0.0,0,1
matsen115,1,0.0,0,1
matsoga,1,0.0,0,1
mattc2442,1,0.0,0,1
mattdnd,7,0.14285714285714285,10,6
matter-environmental,1,0.0,0,1
matthra,2,0.0,1,1
mattiandino,1,1.0,0,1
maupow,3,0.3333333333333333,0,3
maurombo,1,0.0,1,1
mauso88,1,0.0,0,1
maverick936,1,1.0,0,1
maverickxiceman4ever,1,0.0,1,1
mavperry,1,0.0,0,1
mavric911,2,0.0,0,2
maxdps_,1,0.0,0,1
maxenin,2,0.0,1,2
maxf1eld,1,0.0,0,1
maxhardwood,2,0.0,1,2
maximum-airline-4900,1,0.0,0,1
maximumjones,1,0.0,0,1
maxistwitching,1,0.0,1,1
maxlimmy,1,0.0,0,1
maxlvlpvp,1,0.0,0,1
maxpowers07,1,0.0,0,1
maxtopel,1,0.0,0,1
mayonnaisemaze,1,0.0,0,1
mayordasmoose,1,0.0,0,1
mayuiwatani,1,0.0,1,1
mazgill,2,0.0,1,2
mazi710,2,0.0,3,2
mazzkitten,4,0.0,0,2
mbdjd,10,0.0,8,8
mcbadguy,2,0.0,1,1
mcbizco,1,0.0,0,1
mcclellunlogan,3,0.0,1,3
mcfartster,1,0.0,1,1
mcfigroll,4,0.0,2,4
mckeon1921,1,0.0,13,1
mclemente26,4,0.0,4,4
mcmillanme,3,0.0,1,1
mcsteel_dakir,1,0.0,0,1
mcwolf7,1,0.0,0,1
me_auxilium,1,0.0,0,1
meadpagan,4,0.0,1,4
mean-bathroom-6112,1,0.0,0,1
meanoron,1,0.0,1,1
meatflavored,1,0.0,0,1
mebell333,1,0.0,0,1
mecca_lecca_hi,5,0.0,1,5
mechaelectro,1,0.0,1,1
mechanicaccording229,1,0.0,0,1
mechanicarts,1,0.0,1,1
mechatui,5,0.0,2,5
medas90,1,0.0,0,1
medicaeval,1,0.0,0,1
mediocre-building228,1,0.0,1,1
mediocre_comb_1385,1,0.0,1,1
medium-coconut-1011,4,0.0,2,4
mediumkek,1,0.0,0,1
meesterchris,3,0.0,1,3
meesterdg,1,0.0,1,1
megasxlrwasrad,1,0.0,0,1
meglathon,1,0.0,0,1
meharryp,1,0.0,1,1
meikos,5,0.0,7,4
melanieavellano,5,0.0,4,4
meleewizardheals,1,0.0,1,1
melete,1,0.0,4,1
mellowjr,1,0.0,0,1
melmcgee,1,0.0,0,1
melodic-way6522,1,0.0,0,1
melodic_compote3187,1,0.0,0,1
meloonitatti,1,0.0,0,1
melqart310,1,0.0,0,1
meltingpenguinsprime,1,0.0,3,1
melvindorkus,5,0.0,1,5
memmnoc,1,0.0,0,1
menarra,3,0.0,1,3
menatwo,3,0.0,3,2
mendac67,1,0.0,0,1
menkoy,1,0.0,1,1
mennzo,10,0.0,6,9
meoang,1,0.0,0,1
meowing-to-the-stars,4,0.0,7,4
meowsomeme,1,0.0,1,1
mephyss,1,0.0,0,1
meraned,1,0.0,0,1
merc08,2,0.0,1,2
mercalon79,1,0.0,0,1
mercs,2,0.5,0,2
mercy26,1,0.0,0,1
mercylas,28,0.0,6,10
merliniusdemidget,1,0.0,0,1
merpob,1,0.0,0,1
merwanor,1,0.0,1,1
mesprite,1,0.0,0,1
metacious,1,0.0,17,1
metalbawx,11,0.18181818181818182,9,9
metalsalami,1,0.0,0,1
method_man110,2,0.0,0,1
metrex89,2,0.5,0,2
metrix1234,1,0.0,0,1
mettahlock,2,0.0,0,2
meuhidk,2,0.0,0,2
mf_haze,1,0.0,0,1
mfamf,1,0.0,0,1
mgdark,3,0.0,0,3
mghtymrv,3,0.0,1,3
miaysxe,1,0.0,0,1
michaelmarr_92,5,0.4,1,4
michelanvalo,8,0.0,4,7
mickey_oneil_0311,1,0.0,0,1
middle-condition5057,1,0.0,0,1
midniteburger,2,0.0,1,2
midsizedopossum,1,0.0,0,1
mightbeagoodidea,2,0.0,0,2
mightyenan0,1,0.0,0,1
migrainebutter,3,0.0,27,3
mihaidragos,1,0.0,1,1
mikadomea,3,0.0,1,2
mikal996,1,1.0,1,1
mikasah,1,0.0,0,1
mike4steelers,1,0.0,0,1
mikeyhoho,2,0.5,0,2
mikeyironheart,1,0.0,0,1
mikina,1,0.0,1,1
mikkeluno,1,1.0,0,1
milkbud22,1,0.0,2,1
milkofgallon,1,0.0,0,1
millilux,1,0.0,1,1
milotic03,1,1.0,0,1
min-ji_jung,1,0.0,1,1
mini_nin,1,0.0,0,1
miniegun,1,1.0,0,1
minimaxir,8,0.0,71,6
minimech79,1,0.0,0,1
minimum-writing3439,2,0.0,1,2
minimum_ad_8288,1,0.0,0,1
miniperez87,1,0.0,0,1
minmax_stirner,1,0.0,1,1
minotarking,1,0.0,0,1
mintyu,1,0.0,0,1
minute_dentist,1,0.0,0,1
minx-boo,1,0.0,0,1
mir3c,4,0.0,4,3
misbehavinator,1,0.0,4,1
miserabledream713,1,0.0,0,1
misjudgeffart,1,0.0,0,1
mispaghet,1,0.0,0,1
misshiroshi,1,0.0,0,1
missingxpert,4,0.0,1,4
mission-water-6129,1,0.0,0,1
mission_ad2914,1,0.0,0,1
mister_gone,1,0.0,0,1
misterforkbeard,1,0.0,0,1
mitarrex,3,0.0,6,2
mitchellangelo86,5,0.0,2,5
mitchelvincent,1,0.0,1,1
miturtow,1,0.0,0,1
miyamojogaming,5,0.0,1,4
mk7orl,1,0.0,0,1
mkyend,1,0.0,1,1
mlmcmillion,2,0.0,17,2
mloofburrow,2,0.0,1,2
mmasmaza,1,0.0,0,1
mmorpgjunkie,2,0.0,1,2
mmrassassin,2,0.0,1,2
mn_yogi1988,4,0.0,2,4
mntnmedia,1,0.0,0,1
moaiman-ifest,2,0.0,1,1
mobilename32,1,0.0,0,1
mobiletreat1172,1,0.0,0,1
moblam,3,0.0,1,3
mocca_master,1,0.0,0,1
modern_odysseus,1,0.0,0,1
modifiedleaf,1,0.0,0,1
modularmode,2,0.0,0,2
modullah,1,0.0,0,1
mog_varos,7,0.14285714285714285,8,6
moghz,5,0.0,2,4
moht81,7,0.0,12,4
moikrochip_master,1,0.0,0,1
mojo12000,1,0.0,1,1
mojordomoseuw,3,0.0,2,3
mojothemobile,2,0.0,0,2
moldybreadoo,1,0.0,0,1
mologar,1,0.0,1,1
molonari,1,1.0,0,1
moment_of_rat,2,0.0,8,2
mommyafk,2,0.0,0,2
mommypegmeplease,1,1.0,0,1
money_echidna2605,1,0.0,0,1
mongomike,2,0.0,0,2
monjepm,1,0.0,0,1
monkehzxx,1,0.0,0,1
monkeybacon76,1,0.0,0,1
monkpawfire,1,0.0,1,1
monrar,2,0.0,3,2
monsiuergeneral,2,0.0,4,2
monsterkillwow,1,0.0,0,1
moochao,4,0.0,2,2
moonbluertwo,1,0.0,0,1
moonlit-wisteria,2,0.0,1,2
moonstoner,1,0.0,0,1
moonwrath8,2,0.0,2,2
moose-caboose,1,0.0,1,1
moosplauze,4,0.0,6,4
mopper300,3,0.0,1,3
moralapostel1337,1,0.0,0,1
moralsydney,1,0.0,0,1
morasar,3,0.0,1,3
more-leg-329,1,0.0,0,1
more__cowbell,1,0.0,2,1
more_piglet4309,1,0.0,0,1
more_purpose2758,1,0.0,0,1
morgenstern_br,1,0.0,0,1
morgn_ladimore,1,0.0,2,1
morkinis,2,0.0,2,2
mornyr,1,0.0,0,1
mortal_12,1,0.0,0,1
mortedeangel,2,0.0,1,2
morthra,1,0.0,0,1
mortiverious85,1,0.0,0,1
mosey1245,2,0.5,0,1
mossysnail27,2,0.0,0,2
most-based,1,0.0,0,1
mother_republic_2719,2,0.0,0,1
motherofspots,1,0.0,1,1
mothman91,2,0.0,2,2
mothwizard,1,0.0,0,1
motor22,1,0.0,0,1
mountain-cod516,1,0.0,0,1
mountain_chemist6391,1,0.0,0,1
mountain_dentist_180,1,0.0,0,1
mountain_film8737,3,0.0,2,3
mountaindevice8892,1,0.0,0,1
mountnsntrees,18,0.0,10,12
mousepad1212,1,0.0,2,1
mouzonne,1,0.0,0,1
moviesandazeroth,5,0.0,2,5
moxfy,1,0.0,0,1
mozambiquietimtalkin,1,0.0,0,1
mr0bvl0us,1,0.0,0,1
mr30below1,1,0.0,0,1
mr_chrootkit,1,0.0,0,1
mr_morio,1,0.0,0,1
mr_plaggy,2,0.5,1,2
mr_redacted_b_o_e_m_,4,0.0,6,3
mr_sparx,5,0.2,2,4
mranderson588,1,0.0,5,1
mratt8,1,0.0,1,1
mrbiiz,1,1.0,1,1
mrbojingles77,1,0.0,1,1
mrbunnybrightside,1,0.0,1,1
mrcritical3,1,0.0,1,1
mrcuddlez69,2,0.0,1,2
mrghost2023,1,0.0,2,1
mrghoul123,3,0.0,0,3
mrhandsanitization,1,0.0,0,1
mrhemingray,1,0.0,1,1
mrhossie,2,0.0,1,1
mrjujuvete,1,0.0,1,1
mrkeeeler,1,0.0,1,1
mrmadmaxi77,1,0.0,1,1
mrmontecristo71,1,0.0,0,1
mrnoobyy,6,0.0,3,5
mrosvall,6,0.0,3,5
mroz123,1,0.0,0,1
mrpirro,1,0.0,0,1
mrpms,4,0.0,2,4
mrshilvar,3,0.0,1,3
mrspidey80,2,0.0,1,2
mrtastix,2,0.0,2,2
mrvit0,3,0.0,1,2
mrwaffler,1,0.0,0,1
mrzummers,1,0.0,1,1
msabre__7,1,0.0,1,1
mschuster434,2,0.0,2,2
mtdt1,4,0.25,5,4
muckduck92,1,0.0,2,1
multicolored_squares,1,0.0,1,1
multimarcus,3,0.0,2,3
mundane-ambition-934,1,0.0,0,1
munno22,6,0.16666666666666666,5,5
muntaacas,4,0.0,6,4
muppetrubber,1,0.0,0,1
muriden,1,0.0,6,1
murk_adurk,1,1.0,0,1
murtag,10,0.1,6,9
muscle_squad,2,0.0,1,1
musclecrow,1,0.0,1,1
musclesmarinara87,1,0.0,0,1
muspel,1,0.0,0,1
musridc,6,0.0,0,6
mustangbex,1,0.0,1,1
mutepaladin07,1,0.0,0,1
muticere,1,0.0,0,1
my0445316,5,0.0,15,5
my_cat_barks_,1,1.0,0,1
my_shoes_hurt,1,0.0,1,1
mycolortv,1,0.0,2,1
myfirstreddit8u519,1,0.0,0,1
myfistsaremymoney,1,0.0,0,1
mylifeforanetype,1,0.0,0,1
mylifemyworld17,1,0.0,0,1
mynbhd,1,0.0,1,1
myonetaps,2,0.0,0,2
myopinionsucks2,4,0.0,2,4
myrdraall,1,0.0,0,1
myrlista,1,0.0,0,1
myrwyss,1,0.0,0,1
mysterious-drama4743,5,0.0,1,3
mysterious-mall3756,3,0.0,4,3
mysterious_turn_3286,1,0.0,0,1
mysteriousapricot701,2,0.0,1,2
mysterymel,1,0.0,0,1
mystikalrush,1,0.0,0,1
mystogyn,1,0.0,1,1
mystvixen,1,0.0,0,1
mythikbean,1,0.0,1,1
myusername2459,3,0.0,6,2
mzero33,1,1.0,0,1
n051de,1,0.0,0,1
n0proxy,1,0.0,0,1
n0rrix,1,0.0,0,1
n0stalgiapunk,2,0.0,0,2
n3rdm3tal,1,0.0,0,1
naahthisisnotme,2,0.0,1,2
nachoaveragetamale,5,0.0,4,5
naeii,1,0.0,0,1
nagoragama,4,0.0,1,3
naguro,1,0.0,1,1
nagynorbie,1,0.0,2,1
naleenatren,1,0.0,0,1
name_escape,1,0.0,0,1
namealreadyexistss,1,0.0,2,1
namirocket,3,0.0,2,3
nangz,1,0.0,1,1
naniplease,1,0.0,0,1
nankoon_the_dude,4,0.0,1,1
nanocephalic,3,0.0,1,3
naranox,1,0.0,2,1
narium,1,0.0,0,1
narux117,4,0.0,3,4
narwalrus420,1,1.0,0,1
narwien,2,0.0,0,2
nater255,1,0.0,0,1
nathanbrotherbob,2,0.0,1,1
nathremar8,1,0.0,1,1
national_error_6946,1,0.0,0,1
nativo1,1,0.0,4,1
natomicbombs,2,0.0,1,2
naturzaros,1,0.0,0,1
naucturne,1,0.0,2,1
naustis,2,0.0,0,2
navexeu,1,0.0,1,1
nazgul_1994,1,0.0,0,1
nbdichotomy,2,0.5,0,2
nbogie055,4,0.0,0,4
nbotero,1,0.0,0,1
ncatter,2,0.0,0,2
ncemtp,2,0.0,0,2
neanoa,1,0.0,1,1
nearby-staff-9013,3,0.0,0,2
neat-source4706,1,0.0,0,1
nebichan,2,0.0,0,2
nech-ro,9,0.0,20,9
necka44,1,0.0,3,1
necr0versegaming,1,0.0,0,1
necrazen,1,0.0,0,1
necrid101,5,0.0,3,5
necro429,1,0.0,0,1
necropaw,2,0.5,1,2
needmorepizzza,1,0.0,1,1
nefariousnessbusy507,1,1.0,0,1
neighborredditor,1,0.0,0,1
neither-attention940,2,0.5,0,2
neitherpotato,1,0.0,0,1
nelfdk1991,1,0.0,0,1
nendro,1,0.0,0,1
neonsparrows,1,0.0,0,1
neotr0n,3,0.0,2,3
nerdmoot,1,0.0,0,1
nerdy_valkyrie,2,0.0,1,2
nerdyponcho,1,0.0,1,1
neromius,1,0.0,1,1
nerral35,1,0.0,0,1
nerty94,1,0.0,0,1
nervouscranberry47,4,0.0,3,4
neshtoto,1,0.0,0,1
netheri,1,0.0,1,1
nethias25,1,0.0,0,1
networkok5234,1,0.0,0,1
never_unclench,3,0.0,3,3
neveralwayss,1,0.0,1,1
neverender26,1,0.0,2,1
neverlife,1,0.0,0,1
neverscream,1,0.0,0,1
neverwinterdrow,1,0.0,0,1
neverworkagainplz,1,0.0,1,1
nevialarolyn,1,1.0,0,1
nevotheless,2,0.0,2,2
new-bodybuilder8566,4,0.0,4,4
new_ad5687,1,0.0,0,1
new_excitement_1878,3,0.3333333333333333,2,3
newbhero,1,1.0,1,1
newbkid,1,1.0,0,1
newcaravan,2,0.0,6,2
newdane,4,0.0,1,4
newgator11,1,0.0,1,1
newhugh123,1,0.0,0,1
newjalian,2,0.0,2,2
newjerseysbody,1,0.0,1,1
newmetaorer,1,0.0,0,1
newsargeras,1,0.0,0,1
newsonofvader,2,0.0,0,2
newtype06,10,0.0,20,9
nexrex,6,0.0,2,2
next_complaint_1343,1,0.0,0,1
nexyke94,1,0.0,0,1
neyubin,4,0.0,1,2
nfl_porn_throwaway,2,0.0,2,1
ngbling,1,0.0,1,1
ngelz,1,0.0,0,1
ngordon7,1,0.0,0,1
niadain,1,0.0,0,1
nice_porson,2,0.0,3,2
nice_strawberry5512,1,0.0,1,1
nickball88,1,0.0,0,1
nickimus_rex,1,0.0,0,1
nickyfox13,1,0.0,0,1
nicodemus_mercy,1,0.0,0,1
nidalee2diaorafk,3,0.0,1,3
nigelmcexplosion,1,0.0,0,1
niggo372,1,0.0,0,1
nighthunter555,1,0.0,0,1
nightstalker314,1,1.0,0,1
nihilus_rex,1,0.0,0,1
niiro__,1,0.0,1,1
nikky-nami,1,0.0,0,1
nilanar,1,0.0,2,1
nillztastic,1,0.0,0,1
nilsmf,1,0.0,0,1
nimda_lel,1,0.0,0,1
ninedark,1,0.0,1,1
ninja_hedgehog,4,0.0,2,3
ninofresh,1,0.0,0,1
ninommo,2,0.0,1,1
nippys4,8,0.0,4,4
nipslippinjizzsippin,4,0.0,0,4
nirathiel,2,0.0,0,2
nirdee,1,0.0,2,1
nishoba07,2,0.0,1,2
nisiom,1,0.0,0,1
nkkouros,6,0.0,2,5
nkovi,3,0.0,1,3
nmfpriv,1,0.0,2,1
nnorbie,1,0.0,3,1
nnyquick,1,1.0,0,1
no-abbreviations7109,1,0.0,0,1
no-accountant1665,1,0.0,0,1
no-ad5549,2,0.0,1,1
no-addendum6379,1,0.0,0,1
no-amphibian689,1,0.0,1,1
no-bit-2913,2,0.0,6,2
no-breadfruit6137,1,0.0,5,0
no-buddy4783,2,0.0,2,2
no-calligrapher4536,1,0.0,1,1
no-comb-1832,5,0.0,3,5
no-communication9458,2,0.0,0,2
no-earth-8428,1,0.0,0,1
no-neighborhood-3212,1,0.0,0,1
no-opportunity4369,1,0.0,0,1
no-palpitation6707,3,0.0,1,3
no-pen-3209,2,0.0,1,2
no-sky-479,1,0.0,2,1
no_bookkeeper_582,1,0.0,0,1
no_cantaloupe_2786,1,0.0,0,1
no_combination1828,3,0.0,1,2
no_consequence7064,1,0.0,1,1
no_explanation2932,2,0.5,1,2
no_fix_7842,1,0.0,0,1
no_operation_5279,4,0.0,6,3
no_reply6673,1,0.0,0,1
no_soft_1131,1,0.0,1,1
no_solid_9028,1,0.0,1,1
no_temperature8234,4,0.0,2,4
no_wish_2437,1,0.0,0,1
noattorney3896,1,0.0,1,1
nob1e613,5,0.2,3,5
noblelie17,3,0.0,1,3
nobonus6969,3,0.0,0,3
nobulliepls,1,0.0,0,1
nodelphi,1,0.0,0,1
noeagle77,2,0.0,0,2
noelvansek_ttv,1,0.0,0,1
nogamara,1,,0,1
nogrocery9618,1,0.0,0,1
noinformation9351,1,0.0,0,1
noisse_,1,0.0,0,1
noke_95,2,0.0,2,1
nonbinarysororitas,4,0.0,1,1
noojas,1,1.0,1,1
nooobzocker,1,0.0,1,1
noosemane,2,0.0,0,2
nordon,1,0.0,0,1
nordrasir,1,0.0,0,1
nordschleifelover,2,0.5,1,1
noriel_sylvire,1,0.0,0,1
noriello,2,0.0,1,2
norst,10,0.0,3,7
north_sheepherder711,1,0.0,1,1
northerndarks6070,1,0.0,0,1
northsunny,1,0.0,1,1
norwegianpearl,1,0.0,0,1
norwegianwhiteeagle,2,0.0,1,2
noseaworthiness2516,1,0.0,0,1
not-my-proudestwank,1,0.0,0,1
not_another_usernam,3,0.0,0,3
not_to_be_named,1,0.0,0,1
notamadlad1,2,0.0,0,2
notapublicfundsleech,1,0.0,4,1
notbad9111,1,0.0,0,1
notegmsta,2,0.5,3,2
notfakegodz,3,0.0,0,3
nothanksjefferson,1,0.0,0,1
nothoughtsjustchaos,1,0.0,0,1
nothxsleeping,2,0.0,1,2
notjrm,1,0.0,0,1
notmiefault,11,0.0,7,10
notorious_kiwi59,1,0.0,0,1
notreallyzuul,1,0.0,0,1
notthatkindoforc1121,3,0.0,3,3
notyoursweatbusiness,1,0.0,0,1
notzish,1,0.0,2,1
noun-numbers,1,0.0,1,1
nousernamesleft199,1,0.0,0,1
novakosova,1,0.0,0,1
novareason,1,0.0,0,1
novarne,1,0.0,0,1
novaskysaber,2,0.0,0,2
novicepro_,1,0.0,0,1
nowaysomebodytookthi,2,0.0,1,1
noyx_,1,0.0,1,1
nubautist,1,0.0,0,1
nuclearsunburn,1,0.0,0,1
nuisible,1,0.0,0,1
nulian,2,0.0,0,2
nullhotrox,3,0.0,0,3
nullus_fidus,2,0.0,0,2
nunya0-0,6,0.0,7,5
nuraalek,1,0.0,1,1
nutcrackit,1,0.0,0,1
nvaughan81,3,0.0,0,3
nyackonyackonii,1,1.0,0,1
nyakon,1,0.0,0,1
nymsii,1,0.0,0,1
nyorliest,1,0.0,0,1
nyx_antumbra,1,0.0,0,1
nyx_ilwynn,2,0.0,0,2
obayobean,1,0.0,0,1
oberonfirst,1,1.0,2,1
obeythemuffin,1,0.0,1,1
obidiahwtfjerwalk,1,0.0,0,1
objective-error1223,6,0.0,16,5
objective-mission-40,1,0.0,0,1
objective-neck-2063,2,0.0,2,2
objective-speech4058,1,0.0,0,1
obvioussavings2631,1,0.0,0,1
oc34ne,1,0.0,1,1
ockwords,1,0.0,0,1
ocronus,4,0.0,21,4
odasto_,1,0.0,0,1
odb281,2,0.0,1,1
odd_cryptographer450,1,0.0,1,1
oddhexbreaker,1,1.0,1,1
oddtervt,1,0.0,0,1
ofcourseitsok,1,0.0,1,1
oftheatom,10,0.0,4,9
og_stodds13,1,0.0,0,1
oglilptownfunk,1,0.0,5,1
oh-no-a-bear,1,0.0,1,1
oh_hey_michelle,1,0.0,0,1
ohajik98,1,0.0,0,1
ohcrocsle,2,0.0,0,2
ohmyke,1,0.0,0,1
ohwerk82,2,0.0,3,1
ok-association8751,1,0.0,0,1
ok-baby-3249,1,0.0,0,1
ok-implement-2518,1,0.0,2,1
ok-instance-2940,1,0.0,0,1
ok-key5729,15,0.0,8,13
ok-lead126,1,0.0,0,1
ok-letterhead-8539,1,0.0,0,1
ok-level-8907,1,0.0,1,1
ok-masterpiece4983,2,0.0,1,2
ok-necessary1396,1,0.0,0,1
ok-nerve6441,1,0.0,1,1
ok-pop843,2,0.5,1,2
ok-quantity7601,1,0.0,0,1
ok-revenue7000,1,0.0,0,1
ok-strain2948,1,0.0,0,1
ok-till-3444,1,0.0,0,1
ok_ad_6626,1,0.0,0,1
ok_butterscotch1449,3,0.3333333333333333,1,3
ok_collar5068,2,0.0,1,2
ok_conference7012,1,0.0,1,1
ok_ebb_9330,1,0.0,0,1
ok_explorer9526,1,0.0,1,1
ok_fun2953,1,0.0,0,1
ok_head_6119,1,0.0,0,1
ok_money_3140,1,0.0,1,1
ok_outside_4650,1,0.0,2,1
ok_river_88,1,0.0,0,1
ok_seaworthiness7314,1,0.0,0,1
ok_second_3170,5,0.0,1,2
ok_special1732,1,0.0,0,1
ok_try_6377,4,0.0,3,4
ok_willingness3059,1,0.0,1,1
okdisplay5619,2,0.0,1,2
okkar4,2,0.0,0,1
okmongoose1487,1,0.0,0,1
okrussianmoney,1,0.0,0,1
oksupermarket3371,1,0.0,0,1
oktackle7306,2,0.0,0,2
old-entertainment844,1,1.0,0,1
old_crow7450,1,0.0,0,1
old_engine_9592,1,0.0,0,1
old_preparation9838,1,0.0,2,1
old_resident8050,5,0.0,15,5
oldenfat,1,0.0,1,1
oldgromm,4,0.0,2,4
oldtimernubbins,1,1.0,0,1
olick,2,0.0,1,2
oliferro,23,0.043478260869565216,11,16
olivercrooks,3,0.0,1,3
olongjohnson1271,1,0.0,0,1
olvekstoneheid_2006,73,0.0,149,54
omfgitsbob,3,0.0,23,3
omgkthxby,1,0.0,4,1
omgowlo,5,0.0,0,5
omnigear,5,0.0,2,3
one-cellist5032,2,0.0,4,1
one-independence136,1,0.0,0,1
one-jury-6140,1,0.0,2,1
one-mechanic6128,1,0.0,0,1
one_battle8749,2,0.0,2,2
onebadger7469,3,0.3333333333333333,11,2
oneiropolos,1,0.0,0,1
oneleggedmushroom,1,0.0,0,1
onetimenancy,3,0.0,1,3
onetrueczar,1,0.0,0,1
onibachi,1,0.0,0,1
onigokko0101,4,0.0,2,4
onilovi,1,0.0,0,1
only_lion1452,2,0.0,1,2
onlygetbricks,2,0.0,1,2
onlyr6s,2,0.0,6,2
onlytinglef,1,0.0,0,1
onmius,1,0.0,0,1
oogie_droogey,8,0.0,4,6
ookitsu,1,0.0,0,1
oopsallsmites,1,0.0,0,1
oopsiedazy,1,0.0,1,1
open-possible-2189,1,0.0,0,1
openil,8,0.0,2,2
opening-current-6400,1,0.0,0,1
opening_web1898,1,0.0,1,1
opiatesmile,1,1.0,0,1
opixer,1,0.0,0,1
optimal_living7230,1,1.0,0,1
optimized_laziness,1,0.0,0,1
orange-murderer,1,0.0,0,1
orchidlilee9,1,1.0,1,1
orcslayer31,1,0.0,1,1
orcvader,1,0.0,1,1
ordaz,1,0.0,0,1
ordinaryslimeguy,1,0.0,1,1
oreillyaddict,1,0.0,0,1
oreofro,11,0.09090909090909091,6,7
orett_,3,0.0,28,3
organic_bit3337,1,0.0,0,1
orgasmic_interlude,1,0.0,1,1
oriondc,4,0.0,4,4
orisulker,2,0.0,0,2
ornery-air-6968,1,0.0,0,1
ornery-dog6760,2,0.0,0,1
orrockable,1,0.0,0,1
oruniti,1,0.0,0,1
osaft1989,1,0.0,0,1
oscarmanxz,1,0.0,6,1
oscillatorvacillate,1,0.0,0,1
osirisob,9,0.0,3,5
oskoskosk,5,0.0,2,1
ostepops1212,1,1.0,0,1
otaconucf,2,0.0,0,2
otatormeps,1,0.0,2,1
other-illustrator531,3,0.0,0,3
other_force_9888,1,0.0,0,1
otheraccounthackedl,1,0.0,1,1
otrew,1,0.0,0,1
ottawadeveloper,1,0.0,0,1
ougaa,1,0.0,0,1
outie_fact_checker,3,0.3333333333333333,3,3
outlandishnesskey349,3,0.0,0,2
outrageous-reach-852,1,0.0,0,1
over67,1,0.0,0,1
overlo4d,1,0.0,0,1
overthehamlimit,2,0.0,1,2
overwatcher_leo,1,0.0,3,1
ovrlrd1377,1,0.0,0,1
ow1gu,1,0.0,0,1
owlblack,2,0.0,2,1
own-contribution-188,1,0.0,0,1
own_construction3376,1,0.0,0,1
owncommission8673,3,0.0,3,3
owndownd,1,0.0,1,1
ownzye,3,0.0,1,1
owoegano_evolved,3,0.0,3,3
oxyfire,2,0.0,1,2
oxyfool,1,0.0,0,1
ozmega,1,0.0,0,1
ozok123,3,0.0,3,3
ozzel1138,1,0.0,0,1
p4acem4ker94,1,0.0,0,1
p4nk-tp,1,0.0,0,1
p_b_n_jealous,1,0.0,1,1
paah,13,0.0,5,12
paceronikus,2,0.0,1,1
paddzr,1,0.0,1,1
padhiver-,1,0.0,0,1
padimus,1,0.0,0,1
padyak,1,0.0,1,1
paidfire,1,0.0,0,1
painchaud213,1,0.0,0,1
painsubstantial5936,3,0.0,0,3
paket911,1,0.0,1,1
pala_,1,0.0,0,1
paladar2,1,0.0,0,1
pale_jackfruit_941,1,0.0,0,1
paleojoe86,1,0.0,0,1
paleontologistno8308,1,0.0,0,1
palladlum,1,0.0,0,1
palnecro1,1,0.0,0,1
palpitationactive765,4,0.0,3,3
palumtra,1,0.0,0,1
pan0phobik,1,0.0,0,1
pan151,1,0.0,1,1
panadeshkor,1,0.0,0,1
pancauldenassuack,3,0.0,6,2
pandalishus,1,0.0,0,1
pandaman_dag,1,0.0,0,1
pandapat123,1,0.0,0,1
pandastrafe,1,0.0,0,1
pandeyxo,26,0.038461538461538464,11,19
pandycandies,1,0.0,7,1
panicforce,1,0.0,1,1
panlakes,1,0.0,1,1
pano98,1,0.0,1,1
panoramicpanda,1,0.0,0,1
pantrokator-bezsens,1,0.0,0,1
pantsyman,1,0.0,1,1
papa_beanz,2,0.0,2,1
papagamasjr,2,0.0,1,2
papakahn94,9,0.0,1,8
papamock,1,0.0,0,1
papanak94,1,0.0,1,1
papapatchesxd,1,0.0,0,1
papermoonskies,2,0.0,1,2
papierheart,1,0.0,0,1
paradiselost91,2,0.0,2,2
paragon_73,1,0.0,2,1
paragonx1989,9,0.1111111111111111,12,6
parallax-,1,0.0,0,1
parking-froyo-303,2,0.0,1,2
parking_tip5577,11,0.0,5,8
parkwayy,1,0.0,0,1
parryhisparry,1,0.0,0,1
parthorax,1,0.0,0,1
particular_survey648,2,0.0,1,2
party_cantaloupe_822,2,0.0,1,1
pastsolid,2,0.0,4,2
patheticgroundthing,1,0.0,1,1
patriaslo92,1,0.0,0,1
patrick66,4,0.25,2,3
patroclious4,2,0.0,1,2
pauczan,1,0.0,2,1
pavedorunseen,1,0.0,0,1
paymeinsteak,2,0.5,0,2
pc7437,1,0.0,1,1
peach774,2,0.0,1,2
peak_flaky,1,0.0,0,1
pecimpo,3,0.0,2,2
peeposmilelol,1,0.0,0,1
peerlesspixie,1,0.0,6,1
peetzaguy,3,0.0,1,3
pefii,1,0.0,0,1
pegussu,1,0.0,0,1
peimai,1,0.0,0,1
peliss,3,0.0,7,3
pendragon_puma,3,0.0,2,3
penguinsomnia,4,0.0,0,4
pepentakill,3,0.3333333333333333,2,2
percentageless6648,1,0.0,0,1
peregrine2976,5,0.2,7,4
perendia,1,0.0,0,1
perfect-external609,1,0.0,0,1
perfect_cake8678,1,0.0,0,1
perhizzle,2,0.0,1,2
periwinkleditor,5,0.0,1,5
perodis,3,0.0,2,3
persimmonok5097,5,0.0,0,5
persistentworld,3,0.3333333333333333,1,3
personal-answer-4703,2,0.0,1,2
personal-army-9493,1,0.0,2,1
pet_cheetah_,1,0.0,0,1
pete_pa,1,0.0,0,1
petimr,1,0.0,0,1
pfshfine,1,0.0,0,1
phalanx22,2,0.0,1,2
phalanx976,1,0.0,1,1
phantasmal-lore420,5,0.2,4,4
phazmoooooooon,1,0.0,0,1
phenogenesis-,1,0.0,1,1
philgraves75,1,0.0,120,1
philhartlessman,1,0.0,0,1
philistine_hick,1,0.0,0,1
phillydilly87,1,0.0,0,1
phillylegrand,2,0.0,0,2
philopino,1,0.0,0,1
philosophyforone,1,0.0,0,1
phlooo,1,0.0,0,1
phoenixform369,1,0.0,0,1
phoenixsrage73,1,0.0,0,1
phonebeneficial3387,1,0.0,0,1
phonylady,1,0.0,1,1
phototropic-,1,0.0,1,1
phpnoworkwell,1,0.0,0,1
phtevus,1,0.0,0,1
physical-box-1119,1,0.0,1,1
physical-hospital282,5,0.0,1,4
pianoceo,1,0.0,4,1
picard2331,3,0.0,2,2
pieland1,1,0.0,0,1
piercingheavens,1,0.0,0,1
pikassamaop,1,0.0,1,1
pikkuhukka,4,0.0,1,3
pillarob,3,1.0,1,1
pimpestplayer,1,0.0,1,1
pipboy_warrior,3,0.0,1,3
pirate-4-eternity,1,0.0,0,1
pirateshepherd,1,0.0,0,1
pixelatednomad,2,0.0,0,2
pixelpaint64,1,0.0,2,1
pizzaday,1,0.0,1,1
plackoz,1,0.0,0,1
plagve_gaming,1,0.0,0,1
plaincow,1,0.0,0,1
plainswalker75,5,0.0,1,4
plams_unlimited,2,0.0,4,2
plane_winter,1,0.0,0,1
planteater65,1,0.0,0,1
plasticangle,1,0.0,0,1
plasticcontinent,4,0.0,2,2
playfultrip4800,1,0.0,0,1
pleasebechillonline,1,0.0,0,1
pleaserecharge,1,0.0,0,1
pleasure0102,1,0.0,1,1
plebplebberson,3,0.0,1,3
plethorum,17,0.058823529411764705,5,16
plips44,2,0.0,0,2
plumbsmasher,6,0.3333333333333333,4,2
plus_professor4451,1,0.0,1,1
plus_singer_6565,11,0.0,5,8
plusiminusi,1,0.0,0,1
pm_feet_pls_ty,6,0.16666666666666666,1,6
pm_plz_im_lonely,5,0.0,1,5
pm_your__bubble_butt,1,0.0,1,1
pneis1,1,0.0,0,1
pneumaddict,3,0.0,1,3
pockydo,2,0.0,0,2
pogsimusmaximus,2,0.0,1,1
pohoferceni,1,1.0,1,1
poison_cat_,1,0.0,0,1
pokemaster1337roxxor,1,0.0,1,1
pommes1991,2,0.0,2,2
pontificatus_maximus,1,0.0,0,1
ponweiponfarr,2,0.0,1,1
poopdoot,2,0.0,0,2
poopoodomo,1,0.0,0,1
poopoopooyttgv,1,0.0,1,1
poopypantsmcbuttface,1,0.0,0,1
popikaify,7,0.0,5,6
poptartdragonfart,2,0.0,2,2
popular-box-7893,1,0.0,1,1
porn_alt_987654321,2,0.0,0,2
portgasdaceofbase,1,0.0,1,1
positive_suit960,1,0.0,0,1
possibilityno6940,1,0.0,0,1
possible_chemistry_9,2,0.0,1,2
posturechecknow,1,1.0,0,1
potato_fortress,17,0.0,6,9
potatovelrobur,2,0.0,0,2
potential_baseball_2,1,0.0,0,1
potential_effect_874,1,0.0,0,1
potential_layer7777,1,1.0,0,1
potsandpandas,1,0.0,0,1
poulx,1,0.0,0,1
powerful_equipment84,1,0.0,11,1
powerofmind_,2,0.0,1,2
pozhinat,1,0.0,0,1
poziomka35,4,0.0,3,4
ppppppppp1231,1,0.0,0,1
pr0t3ct0rr,1,0.0,0,1
practical-skirt-2457,2,0.0,0,2
practical-smell5495,1,0.0,0,1
praelior,1,0.0,0,1
pralineglittering997,1,0.0,0,1
prancingpapio,1,0.0,0,1
praporuniversity,2,0.0,1,2
present_finance5219,2,0.0,0,2
pressureno5130,1,0.0,0,1
prestigiousemu16,1,0.0,1,1
pretend-newspaper-86,1,0.0,0,1
pretend_purchase_893,1,0.0,0,1
prettybluedress89,1,0.0,0,1
prezjesus,1,0.0,0,1
primedb29,3,0.0,4,3
primordial-pineapple,2,0.0,84,2
princewinter,2,0.0,8,2
printing88,1,0.0,0,1
prinz_morbo,1,0.0,0,1
prior-cow959,1,0.0,0,1
priorityheavy,1,0.0,0,1
prize_priority1818,1,1.0,0,1
probablymythiuz,2,0.0,0,2
professional-cow7702,1,0.0,0,1
professional-ebb6711,2,0.0,0,2
professionallazy8181,1,0.0,0,1
professorjay,1,0.0,0,1
professorrev,2,0.0,0,2
profitinternal427,1,1.0,1,1
profmap,2,0.0,0,2
prolapsedassholeear,2,0.0,0,2
prometheo567,1,0.0,0,1
proostgaming,2,0.0,0,1
prot34n,1,0.0,1,1
prototype_09,2,0.0,3,1
proud_purchase_8394,1,0.0,0,1
proudnoob4393,1,0.0,0,1
proxyttv,1,0.0,1,1
prtidobeesmrtigee,2,0.0,0,2
prudent_active_2052,2,0.0,0,2
psa_lilsouth,2,0.0,9,2
psyavaig,2,0.0,5,2
psychachi,1,0.0,0,1
psychedelic_stingray,1,0.0,0,1
psychedelicduck,1,0.0,2,1
psychological-part1,1,0.0,0,1
psychosomat1x,1,0.0,0,1
psyckosis1,1,0.0,0,1
psyexaile,1,0.0,1,1
psytech,1,0.0,0,1
puaka,1,0.0,0,1
public_fire_hazard,1,0.0,1,1
public_gift_7279,2,0.0,0,2
public_opinion2723,1,0.0,4,1
publicconstruction95,2,0.0,1,2
puddingzestyclose12,1,0.0,0,1
puertofreakin85,1,0.0,0,1
puffic,2,0.0,2,2
punsnotincluded,2,0.0,1,2
pupmaster,11,0.09090909090909091,4,11
puppy_in_huggies,2,0.5,0,2
purifiedflubber,1,0.0,0,1
puritano-selvagem,1,0.0,1,1
purple-phone9,1,0.0,0,1
purple_kathryn,1,0.0,0,1
purpletieflingbard,1,0.0,1,1
pusclfer,1,0.0,0,1
puzzled-addition5740,13,0.07692307692307693,2,13
puzzled-field-8912,1,0.0,0,1
puzzleheaded-tea3341,5,0.0,1,5
puzzleheaded_ad5580,1,0.0,0,1
puzzleheaded_tap2328,5,0.0,2,5
puzzleheadedjob4413,1,0.0,0,1
pyconcux,1,0.0,0,1
pyromike16,1,0.0,0,1
pyrospade,2,0.0,1,2
qruxxurq,7,0.14285714285714285,1,4
qtfsniper,1,0.0,0,1
quaalyst,3,0.0,1,1
quaestiodraconis,4,0.0,1,3
qualazabinga,1,0.0,0,1
quantumlettuce2025,1,0.0,0,1
quarterdollarking,4,0.0,1,3
quazetsu,1,0.0,0,1
queasy_initiative666,3,0.3333333333333333,1,3
queencuntpunt,2,0.0,3,2
quick_cat_3538,1,0.0,0,1
quickgooglesearch,1,0.0,0,1
quiet-mechanic4424,2,0.0,1,2
quiet_warthog5088,14,0.07142857142857142,5,5
quietandalonenow,8,0.0,4,7
quietlocomotion,2,0.5,0,2
quikfox3a,1,0.0,0,1
quillnsofa,1,0.0,0,1
quinpon64337_x,1,0.0,0,1
quintex78,1,0.0,0,1
quinzal,1,0.0,1,1
quiver_and_quill,1,0.0,0,1
quiveringfear,2,0.0,0,2
quizzicalwombat,1,0.0,0,1
qwaai,1,0.0,0,1
qwertlol,1,0.0,0,1
r3al_se4l,2,0.0,1,1
raccooncreekburgers,1,0.0,0,1
raccoonjoy,2,0.0,0,2
race-hearse,2,0.0,2,2
racecaroon,1,0.0,0,1
raddragonfang,1,0.0,0,1
radiant_melon,1,0.0,0,1
radiatedlockz,1,0.0,0,1
radiobottom,1,0.0,1,1
radioimh,1,0.0,0,1
radius8887,2,0.0,0,2
raefwolfe,3,0.0,2,3
raffus_daffus_baffus,1,0.0,0,1
rafii2198,1,0.0,0,1
ragebojoo,2,0.0,1,1
ragna677,1,0.0,0,1
ragnorr,1,0.0,1,1
raicoron2,1,0.0,1,1
raidernation47,1,0.0,0,1
raidguy,1,0.0,0,1
raidriar889,1,0.0,0,1
railander,2,0.0,1,2
raimand,1,0.0,0,1
rainbowmc,1,0.0,1,1
rainfall7711,1,0.0,0,1
raistrasz,1,0.0,1,1
raji_lev,1,0.0,0,1
rakshasaranja,1,0.0,0,1
raltararianrhod,1,0.0,0,1
ramm,1,0.0,0,1
random_guy_12345,1,0.0,1,1
randomfleshprison,11,0.0,4,2
randomgenname1234,5,0.0,3,4
randominternetfren,1,0.0,0,1
randyclive,3,0.0,0,3
rangersfan121,5,0.4,5,3
raoasidg,8,0.0,5,8
raphers,3,0.0,10,2
rappy28,5,0.0,2,5
rarazan,1,0.0,0,1
rastaba,1,0.0,2,1
ratedrkno,1,0.0,0,1
ravenangel42,4,0.25,7,3
ravinsild,2,0.0,1,2
rawgu_,1,0.0,0,1
raynedrop98,7,0.14285714285714285,3,3
rayzorrel,1,0.0,0,1
razael89,1,0.0,0,1
razekdpp,10,0.1,3,10
razermane08,1,0.0,0,1
raziers,1,0.0,1,1
razorwipe,3,0.0,3,3
razoul05,1,0.0,2,1
razzia1993,1,0.0,0,1
rbabarberbarbar,1,0.0,0,1
rcoop020,5,0.0,3,4
rdtsc,1,0.0,0,1
ready-possibility374,3,0.0,2,3
real-emotion1874,1,0.0,6,1
real_solution,1,0.0,2,1
realduckytv,2,0.0,0,2
realistic-put-7535,1,1.0,0,1
realistic_equal9975,1,0.0,0,1
realnathael,1,0.0,0,1
reanimated_nerd,3,0.0,3,2
reasonable-weekend99,1,0.0,2,1
reasonable_camp944,6,0.0,4,5
reasonable_driver129,1,0.0,0,1
reasonable_home8186,1,0.0,0,1
reasonable_sky9688,4,0.0,1,3
reasonablepositive,5,0.0,1,3
reavershadow,1,0.0,0,1
reborn_rhubarb,1,0.0,1,1
reckert47,1,0.0,0,1
rectoryofwolves-,1,0.0,0,1
red-pillz,1,0.0,0,1
red_cactus,1,0.0,0,1
red_coats,1,0.0,0,1
red_scar321,1,0.0,0,1
redantisocial,1,0.0,0,1
reddawnrises,1,0.0,0,1
reddit_isbullsheet,2,0.0,2,2
redditmodsharassus,1,0.0,0,1
reddituser46853,1,0.0,0,1
redeclipse47,1,0.0,0,1
redgrave_soda,1,0.0,0,1
redrixen83,11,0.0,3,7
redshirt007,1,0.0,0,1
redspectraltiger,4,0.5,2,2
redsquirrelgeneral22,2,0.0,0,2
redtantor,1,0.0,1,1
redtherobot,4,0.0,8,4
reead,1,0.0,1,1
reelyreid,1,0.0,0,1
references_paramore,1,0.0,1,1
reflexoflove,2,0.0,1,1
reganstoen,1,,1,1
regular-ad8290,1,0.0,0,1
regular_tonight_389,1,0.0,4,1
reicehh,1,0.0,0,1
reimmi,3,0.0,2,3
reivers,1,0.0,0,1
relative-age-3096,1,0.0,0,1
relativeyouth,2,0.0,1,2
relevant-syrup9328,1,0.0,0,1
reliquent,1,0.0,1,1
relnor,8,0.25,2,8
remarkable_ring3613,1,0.0,0,1
remarkable_spare5704,1,0.0,0,1
remillard,1,1.0,0,1
reminiscenceof2020,1,0.0,0,1
remtonjdulyak,1,1.0,4,1
renokotheshaman,2,0.0,0,2
reporterforduty,1,1.0,0,1
repulsive-camel1533,2,0.0,2,2
repulsive-owl7952,1,0.0,0,1
repulsive_golf_409,8,0.0,3,6
repulsivethrowaway,2,0.0,2,1
requient_,1,0.0,0,1
requirementsea4776,1,0.0,0,1
rerollwarlock,2,0.0,0,2
resident-elephant234,1,0.0,1,1
residentwaifu,5,0.0,10,5
resies,7,0.0,2,3
resilientkeystone,2,0.0,0,2
responsible_gur5163,2,0.0,0,2
responsible_wish3895,1,0.0,1,1
restaurantturbulent7,2,0.0,0,2
retro1989,2,0.0,1,2
revengepies,1,0.0,0,1
revilation,1,0.0,0,1
reworked,1,0.0,0,1
rguch14,1,0.0,0,1
rhaerc,1,0.0,1,1
rhao0,1,0.0,0,1
rhea_33,1,0.0,1,1
rhobodactylos,1,0.0,0,1
rhymesaying,1,1.0,0,1
rhynotaken,1,0.0,0,1
riablo01,1,0.0,0,1
riario,2,0.0,1,1
ribaldforurpleasure,1,0.0,0,1
richtech80,1,0.0,0,1
riddleofthesphynx,1,0.0,0,1
right-scientist9357,1,0.0,0,1
riipley92,1,0.0,0,1
rinnteresting,1,0.0,0,1
riot_wolfe,1,0.0,1,1
risenkhira,1,0.0,0,1
rith_reddit,2,0.0,0,2
ritualmedia,1,0.0,0,1
rivazinho,1,1.0,1,1
rixkst3r,1,0.0,1,1
rizto,1,0.0,0,1
rjeffeg,1,1.0,0,1
rjskill3ts21,2,0.0,4,2
rjstaples,2,0.0,1,1
rlyskiz,1,0.0,2,1
roamingfox,1,0.0,0,1
robcraftdotca,1,0.0,0,1
robert_pawney_junior,1,0.0,0,1
robertus_,1,0.0,0,1
robglobgubob,1,0.0,0,1
robhui,1,0.0,0,1
robinx395,1,0.0,0,1
rockernaap,1,0.0,0,1
rocketeer_99,1,0.0,0,1
rockshow88,1,0.0,0,1
rocteruen,1,0.0,2,1
roerchen,2,0.0,1,2
roflmahwafflz,1,0.0,0,1
roflskippy,1,0.0,0,1
rogueeyebrow,2,0.0,1,2
roguewolf812,1,0.0,0,1
rogueyng,1,0.0,0,1
rokhian,1,1.0,0,1
rolled64,1,0.0,0,1
romireonline,1,0.0,0,1
rony_toss,1,0.0,0,1
rooikappie101,1,0.0,0,1
roosterboosted,1,0.0,0,1
rophet1,2,0.0,0,2
rosary_omen,1,0.0,0,1
rosencroft89,1,1.0,1,1
roseysdaddy,13,0.0,6,7
rough_instruction112,8,0.0,4,6
rounda445,1,0.0,1,1
routine_judgment184,2,0.0,1,1
rownever,1,0.0,0,1
royal-passenger-9252,1,0.0,0,1
royinverse,3,0.0,2,3
rpgsauce,1,0.0,0,1
rpitts21,1,0.0,0,1
rubyurek,2,0.0,8,2
rudahn,2,0.0,2,1
rudiracoon,1,0.0,0,1
rufus--t--firefly,3,0.0,2,3
rufusairs,1,0.0,0,1
rugged_as_fuck,5,0.0,3,4
rui-tan,2,0.0,1,1
rukale,4,0.0,2,2
rulejunior,2,0.0,1,2
rumblealex,1,0.0,2,1
runedk385,1,0.0,0,1
runindependent7163,1,0.0,0,1
rursache,1,0.0,1,1
rurumo666,1,0.0,1,1
russianbearfight,1,0.0,6,1
rustledjimmyss,4,0.0,2,3
rvsoldier,2,0.0,1,2
rxstud2011,5,0.0,1,3
rydiamist,5,0.0,6,5
rydil00,6,0.0,9,6
ryguy2503,1,0.0,0,1
rykin14,2,0.0,1,2
ryno731,1,0.0,0,1
ryoma123,1,0.0,0,1
rystrave,1,0.0,0,1
rythian,1,0.0,0,1
ryulightorb,1,0.0,1,1
ryuume,1,0.0,0,1
ryywenn,2,0.0,0,2
s-bro,2,0.0,2,2
s_w_moses,1,0.0,1,1
saatik,1,0.0,0,1
sabelas,1,0.0,1,1
sad-anteater2914,1,0.0,0,1
sad-will5505,4,0.0,1,4
sad_energy_,2,0.0,1,2
sad_swordfish4132,1,0.0,0,1
sadisticdane,1,0.0,0,1
sadly_im_that_guy,2,0.0,2,2
sadouque,1,0.0,1,1
saeger1737,1,0.0,0,1
saelora,5,0.0,3,5
saendra,2,0.0,1,2
saeracursesalot,1,0.0,0,1
safetyancient,1,0.0,4,1
safi_89,2,0.0,1,2
sage_of_the_6_paths,1,0.0,0,1
sagelain,2,0.0,5,1
sagetraveler,1,0.0,0,1
sahdgamer,1,1.0,0,1
saiga12goburr,1,0.0,0,1
saikosiivu,1,0.0,0,1
saint-caligula,1,0.0,0,1
saint_exmin,1,0.0,0,1
saint_furby,1,0.0,0,1
saintbaba,1,0.0,0,1
saionji-sekai,4,0.0,3,4
sajgoniarz,1,0.0,0,1
sajintmm,7,0.0,6,5
saked-,3,0.0,0,3
sakiri1955,5,0.2,1,5
sakrashne,2,0.0,0,2
sakuraforhokage,1,0.0,6,1
sakuyora,1,0.0,1,1
sal101,2,0.0,1,1
salamander115,1,0.0,1,1
salamiflame,1,0.0,0,1
saleriasfw,1,0.0,0,1
salfyded,2,0.0,2,2
sally_shears_01,1,0.0,0,1
salmerpriest,1,0.0,2,1
saltcarpenter,1,0.0,0,1
saltdirection9735,1,0.0,0,1
saltengineer455,2,0.0,0,2
saltlich,1,0.0,0,1
saltyboysenberry5710,1,0.0,0,1
salzul,1,0.0,0,1
samerandomusername,2,0.0,1,2
samgoldway,1,0.0,0,1
saml23,1,1.0,0,1
samolonxd,1,0.0,0,1
samrobotsin,1,1.0,1,1
samstsint,1,0.0,0,1
samtdzn_pokemon,2,0.0,0,2
samurian4,1,0.0,0,1
san4311,4,0.0,2,4
san_slugdog,1,0.0,0,1
sanaera_,10,0.0,5,10
sanavix,1,0.0,1,1
sanchopanzor,1,0.0,0,1
sanctions23,3,0.0,1,2
sandpigeon,3,0.0,3,3
sandra2104,2,0.0,0,2
sandtoast,2,0.0,31,2
sandwichesareamoral,4,0.0,0,4
sandwichhour5988,1,0.0,1,1
sangedeetaur,1,0.0,1,1
sanistz,1,0.0,1,1
sankto,4,0.0,6,4
sanlayme,1,0.0,0,1
sanso14,1,0.0,0,1
saphienne,4,0.0,2,2
sapitntapit,1,0.0,1,1
sapphire_onyx,1,0.0,0,1
saracus,1,0.0,1,1
sarcasm__tone,1,0.0,0,1
sarcophagusgravelord,1,0.0,0,1
sarefx,2,0.0,0,2
sargerassasshole,3,0.0,0,3
sargetheseagull,1,0.0,0,1
satisfactionfit2040,1,0.0,0,1
saturn_winter,1,1.0,1,1
saxong,2,0.0,2,2
saxrohmer,1,1.0,0,1
sayraysf,1,0.0,0,1
sayurisaki,4,0.0,0,4
sazhattack,4,0.25,3,4
scantron2739,1,0.0,1,1
scapiti,1,0.0,0,1
scarred_wizard,4,0.0,2,3
scary_ad_913,1,0.0,0,1
scarysai,1,1.0,0,1
scavatemyarms,3,0.0,7,3
sch4lly,1,0.0,1,1
schardon,3,0.0,2,3
schmuder2k14,1,0.0,1,1
schneptune,1,0.0,1,1
schnitzelbro,3,0.0,5,3
schogegessenjojo,1,0.0,0,1
science_logic_reason,3,0.3333333333333333,1,3
scientistsanta,2,0.0,1,1
scobbieru,1,0.0,1,1
scoliid,1,0.0,0,1
scornfulchicken,1,0.0,0,1
scorpdelord,6,0.0,1,6
scottiedagolfmachine,1,0.0,0,1
scotty8319,1,0.0,1,1
scovin,1,1.0,1,1
scrapbookee,1,0.0,0,1
scribblord,1,0.0,0,1
scrizzed,1,0.0,0,1
scud121,3,0.0,0,3
scuffdude,1,0.0,0,1
scullytude,1,0.0,0,1
sculptingmisanthrope,1,0.0,0,1
scumfacekid,1,0.0,2,1
scumlord69,2,0.0,4,2
scuzzgasm,2,0.0,1,2
scyllakone,1,0.0,0,1
scytheex,1,0.0,1,1
scyths,1,1.0,1,1
sea-particular-140,1,0.0,5,1
seaadditional218,1,0.0,0,1
seadsead,1,0.0,2,1
searing_o-ring,2,0.0,0,2
sechlainn,1,0.0,4,1
secret-variation-154,1,0.0,1,1
secret_future_5387,2,0.0,1,1
secretic,1,0.0,1,1
secretreddname,3,0.0,1,3
segrand,1,0.0,1,1
sehjlau,1,0.0,0,1
seikss,1,0.0,1,1
sekouu,1,0.0,0,1
select_reply,2,0.0,0,2
selectcommunity3519,1,0.0,0,1
seletara,3,0.0,2,3
selfinteresting7259,1,0.0,2,1
sellbad_bro420,8,0.0,6,6
selthora,1,1.0,0,1
semasta,1,1.0,0,1
semour9,1,0.0,0,1
senavii,1,0.0,0,1
sendmenudesthough,1,0.0,0,1
senes_,1,0.0,0,1
senior_glove_9881,1,0.0,0,1
senior_professor2623,1,0.0,0,1
sennkoh,3,0.0,2,3
senor_kim_jong_doof,3,0.0,2,3
senreus,1,0.0,1,1
sensitive_cup4015,1,0.0,0,1
sentrux,1,1.0,0,1
sephger,1,0.0,1,1
sepiabane,1,0.0,8,0
sepsev7n,1,0.0,1,1
seradima,1,0.0,0,1
serafno,4,0.0,1,3
serbianshitstain,4,0.0,0,4
serendipittee,1,0.0,0,1
serfalon,1,0.0,0,1
serious-effort4427,1,0.0,0,1
serious-willow-4668,1,0.0,0,1
seriousjenkin,2,0.0,1,2
seriousnessperson,1,0.0,3,1
seripithus,1,0.0,0,1
sern-contractor837,1,0.0,2,1
sernamenotdefined,1,0.0,0,1
serpens77,1,0.0,0,1
serpentrain,4,0.25,1,4
serphthevoltar,7,0.0,2,6
servovestri,1,1.0,0,0
sethdoessomestuff,1,0.0,1,1
sethgoodtime,1,0.0,0,1
seven_irons,1,1.0,0,1
several_concert1842,2,0.0,0,1
severe-bottle7749,1,0.0,0,1
severereindeer6989,1,0.0,1,1
severnn310,1,0.0,1,1
sevulturus,3,0.0,1,3
sffau,1,0.0,1,1
sgt-rawbeef,1,0.0,0,1
sgtbainbridge,1,0.0,0,1
sgtrama,2,0.0,3,1
sgtzimm24,1,0.0,0,1
sh4rp27,1,0.0,0,1
shaanuja,1,0.0,3,1
shabby-couture,1,0.0,0,1
shadeo11,4,0.0,3,4
shadeol,1,0.0,0,1
shadostevey,1,0.0,0,1
shadow-of-xavius,1,0.0,0,1
shadow555,3,0.0,3,3
shadowblade55,1,0.0,0,1
shadowchaoz,1,0.0,0,1
shadowofthepastfin,2,0.0,1,2
shadows_over_tokyo,4,0.0,2,2
shadowthecatxd,1,0.0,1,1
shadowvermin,1,0.0,5,1
shadwcatt,1,0.0,0,1
shafara,1,1.0,0,1
shahadann,3,0.3333333333333333,2,3
shakanalily,3,0.0,1,2
shalathewise,1,0.0,0,1
shalelor,5,0.0,2,5
shalnath,1,0.0,1,1
shambhala87,1,0.0,1,1
shamboi,2,0.0,1,2
shameful-wretch,1,0.0,0,1
shamscam,1,0.0,0,1
shanergt,2,0.0,0,2
sharelegitimate,1,0.0,0,1
sharkman254,1,0.0,0,1
sharp-kun,1,0.0,0,1
sharp-variety-8140,1,0.0,0,1
sharpstrawberry4761,1,0.0,0,1
shashara,1,0.0,0,1
shaun056,3,0.0,0,3
shaurendev,1,0.0,0,1
shawnikaros,2,0.0,2,1
shawrytv,1,0.0,0,1
shaysauce,1,0.0,0,1
shellye89,2,0.0,2,1
shenloanne,3,0.0,0,3
sherbimsly,1,0.0,0,1
shezarrine,1,0.0,0,1
shifthappens95,1,0.0,0,1
shillen,1,0.0,1,1
shimoxxkuma,1,0.0,0,1
shinijenkins19,1,0.0,0,1
shiningstefa,1,0.0,0,1
shinmushagundam,1,0.0,0,1
shinyjaker,1,1.0,0,1
shise_remilia,1,0.0,0,1
shiva-,1,0.0,1,1
shivd91,1,0.0,1,1
shivie78ttv,1,0.0,0,1
shiya_angel,1,0.0,0,1
shizocks,4,0.0,4,4
shizunenjoyer,1,0.0,0,1
shleepo,1,0.0,1,1
shmullus_jones,2,0.0,0,2
shneckos,2,0.0,1,2
shneedleinthewoods,2,0.0,1,1
shoppingpractical373,1,0.0,0,1
shortbusbully,1,0.0,0,1
shot-maximum-,2,0.0,3,2
shot_leopard_7657,2,0.0,2,2
shrapnel_sponge,2,0.0,2,2
shuestar373,1,0.0,0,1
shuricangg,1,0.0,0,1
shutupruairi,1,0.0,0,1
si-jo0159,2,0.0,2,2
si3ra,1,0.0,0,1
sicklegirl,1,1.0,0,1
sidnumair,4,0.0,2,3
sidurg,1,0.0,0,1
sidusidie,1,0.0,0,1
sightblind,2,0.0,2,2
sigler21,1,0.0,1,1
signafteragreement,1,0.0,0,1
significant_mouse_25,1,0.0,1,1
siilverdruid,2,0.0,0,2
silent_killer093,1,0.0,1,1
silent_priority7463,2,0.0,1,2
silenthillsunderland,1,0.0,1,1
silentleader,1,0.0,0,1
silist,1,0.0,0,1
silly_photograph3429,1,0.0,0,1
sillyboo,1,0.0,0,1
sillymouse10007235,1,0.0,0,1
silmarilen,3,0.3333333333333333,0,3
silraith,2,0.5,0,2
silus2v,5,0.0,1,3
silverclaw-478,1,0.0,0,1
silverhop,1,1.0,0,1
silverscreemer,1,0.0,0,1
simaster27,1,0.0,0,1
simple_emotion_3152,3,0.0,0,3
simply_noone,3,0.0,1,1
simplytoaskquestions,5,0.2,8,5
sindanil420,3,0.3333333333333333,2,3
sinfuloracle,1,0.0,0,1
singerlost5641,2,0.0,2,2
sintalore,1,0.0,1,1
sir-himbo-dilfington,1,0.0,1,1
sir_ratthew,1,0.0,0,1
sirallenss,2,0.5,1,1
siraurian,3,0.0,4,2
sirchancelot11,1,0.0,2,1
sirepuns,2,0.0,3,2
sirfannypack,5,0.0,7,5
sirhc_5509,1,0.0,0,1
siridar,1,0.0,0,1
sirknlghtmare,1,0.0,0,1
sirspot86,1,0.0,0,1
sirzapzalot,2,0.0,1,2
siscorskiy,1,0.0,0,1
sissyfreelove,2,0.0,1,2
sithlordx666,1,0.0,0,1
siukslinis_acc,2,0.0,1,2
sixial,1,0.0,0,1
sjaak1234,1,0.0,1,1
sjccb,1,0.0,0,1
skaflok,1,0.0,2,1
skardray,2,0.0,1,2
skdreams,2,0.0,0,2
skeleton-is-alive,1,0.0,1,1
skellyhell2,1,0.0,3,1
skeloton2k6,1,0.0,0,1
skiller2b,1,0.0,2,1
skillexception,2,0.0,1,1
skinnygenez,1,0.0,0,1
skinnysnappy52,1,0.0,1,1
skitzat,1,0.0,0,1
skolcialism1,6,0.0,8,6
skoll_135,1,0.0,0,1
skore_smogon,2,0.0,2,2
skunktruk,1,0.0,0,1
sky19234,1,0.0,3,1
skylam,3,0.0,0,2
skyshroud6,3,0.0,2,3
slackwalker,1,0.0,0,1
slamminsamr,1,0.0,0,1
slania227,1,0.0,0,1
slapphanen,4,0.0,2,3
slarkessc,3,0.0,2,3
slatekos,1,0.0,0,1
slats_grobnik,2,0.0,0,2
slayermojo,1,0.0,0,1
slaylay,1,0.0,1,1
slaymaker1907,4,0.0,6,4
sleepyfellow44,1,0.0,4,1
sleggerthorn1909,1,0.0,1,1
slejhy,1,0.0,0,1
slendeaway,1,0.0,0,1
slight-efficiency-76,1,0.0,0,1
slightlybored13,2,0.0,0,2
sligstata,1,0.0,0,1
slimeywrack,2,0.0,1,1
slo7h,1,0.0,0,1
slorx7,1,0.0,1,1
slothmanjimbo,2,1.0,0,1
slothsushii,1,0.0,0,1
slothwithsunglasses,1,0.0,0,1
slouchyguy,7,0.0,4,7
slow_art_5365,1,0.0,0,0
slow_challenge_62,1,0.0,0,1
slowthebow,2,0.0,1,1
slrrp,2,0.0,1,2
sluaghlock,5,0.0,3,5
slugggo,1,0.0,1,1
slumlordthanatos,1,0.0,0,1
slurrper,1,0.0,0,1
sluzi26,2,0.0,1,1
sm00tharsenal,1,0.0,0,1
sm0ketrail,1,1.0,0,1
sm733,1,0.0,0,1
smallz86,1,0.0,0,1
smarifyrur,1,0.0,0,1
smart_finger_3491,1,0.0,0,1
smitchers,1,0.0,0,1
smo5,1,0.0,1,1
smoggyspectere,1,0.0,2,1
smokedaweeeeds,2,0.0,2,1
smoothy-y,1,0.0,0,1
smuchz,1,0.0,0,1
snabbjaekel,1,0.0,1,1
snackygoat,1,0.0,1,1
snakebite-2022,2,0.0,1,2
snakejobin,1,0.0,1,1
snaozbaoz,1,0.0,1,1
snaxrael,1,0.0,1,1
snck_pck,4,0.25,1,4
sneakatoken,1,0.0,0,1
sneaky_rhin0,2,0.0,2,2
sneezyo,2,0.0,0,2
sneezyxcheezy,1,0.0,0,1
snelephant,1,0.0,0,1
snes-1990,3,0.0,2,2
snigglejake,1,0.0,1,1
snikaz,1,0.0,0,1
snipamasta40,1,0.0,1,1
sniperfrogdx,1,0.0,5,1
sniperu,1,0.0,0,1
snoobeans5652,1,0.0,0,1
snoobunnies9694,4,0.0,0,3
snoocupcakes1241,1,0.0,0,1
snoomacaroons8650,2,0.0,1,2
snorlaxchef,1,0.0,0,1
snow_b_wan,1,0.0,0,1
snowpoint_wow,1,0.0,2,1
snugzz,1,0.0,2,1
snukb,2,0.0,2,2
snypervii,2,0.5,4,2
sobeman,4,0.0,1,3
socatoas666,1,0.0,0,1
sociallyawkwardsnake,1,1.0,2,1
sociocat101,1,0.0,0,1
sofaking1133,1,,0,1
soft-adagio-9734,1,0.0,2,1
soggy-assistant2855,1,0.0,1,1
soggy_porpoise,1,0.0,0,1
soggytoasttime,1,0.0,9,1
solavitae,1,0.0,0,1
solecis,3,0.0,1,3
solidsky,1,0.0,1,1
solry3,1,0.0,0,1
solventlessherbalist,4,0.0,2,4
som12h8,1,0.0,0,1
some-opportunity7015,1,0.0,1,1
some1todisagreewith,1,0.0,2,1
some_deer_2650,1,0.0,0,1
some_society_7614,1,0.0,1,1
some_troll_shaman,1,0.0,0,1
somegirl03,1,0.0,0,1
somej0e,1,0.0,0,1
somewhaleman,1,0.0,0,1
somniumov,3,0.0,3,3
somrin,2,0.0,0,2
son_of_morkai,1,0.0,0,1
songsecret6875,1,0.0,1,1
sonicneedslovetoo,1,0.0,0,1
sonicrules11,2,0.0,1,2
sonofbaal_tbc,1,0.0,0,1
sonokiabutsu,1,0.0,0,1
sonunjon,1,0.0,0,1
soppywaffle,1,0.0,0,1
sora_terumi,2,0.0,1,2
sore_elbow,1,0.0,2,1
sori75,1,0.0,1,1
sorry-landscape-8700,2,0.0,0,1
sorry-light-2378,2,0.0,1,1
sorry_wrongdoer_7168,1,0.0,3,1
sosmartish,1,0.0,0,1
soulrayze,1,0.0,0,1
soulsleep,1,0.0,0,1
sourcefour,1,0.0,0,1
southern-march1522,1,0.0,5,1
sowhereismydream,1,0.0,1,1
sozarinya,1,0.0,2,1
spacemonkeybravo,1,1.0,0,1
spacesnailee,1,0.0,0,1
spacexhoe,1,0.0,0,1
spachi1281,3,0.0,2,3
spaghettinyeetballs,1,0.0,1,1
sparkii_exe,2,0.0,1,2
sparkinx,4,0.0,2,4
sparkly_crow_1789,2,0.0,1,2
sparrow1989,1,0.0,1,1
sparrowgb,2,0.0,0,2
spartaxwarrior,1,0.0,0,1
spasios,1,0.0,0,1
special_expert_222,3,0.0,1,1
special_grapefroot,1,0.0,1,1
specialistunlikely73,1,0.0,0,1
specific_frame8537,2,0.5,0,2
specificunlucky3260,1,0.0,0,1
specter2k,1,0.0,0,1
specterdeflector92,1,1.0,0,1
speed231,1,0.0,1,1
spekkorage,1,0.0,0,1
spellninja,1,0.0,0,1
spelvout,1,0.0,0,1
spendyt,1,0.0,0,1
spider_queen13,1,0.0,12,1
spideraxe30,1,0.0,0,1
spiderdk1,3,0.0,0,3
spiltprangejuice,1,0.0,0,1
spiral-knight,4,0.25,1,2
spirited_mechanic731,1,0.0,0,1
spiritual_big_7505,2,0.0,2,1
spiritual_payment940,1,0.0,0,1
spiritualad1837,1,0.0,0,1
spl4sh3r,1,0.0,0,1
splatomat,1,0.0,0,1
splatter_spree,1,0.0,0,1
splintzer,2,0.0,1,2
splodingseal,1,0.0,0,1
spoksparkare,2,0.0,3,1
spooche,1,0.0,1,1
spotak,1,0.0,0,1
spraguenator,2,0.0,3,2
spriggz_z7z,2,0.0,0,2
sprucemuse,3,0.0,1,3
spunkmckullins,5,0.0,6,5
spyreon,1,0.0,0,1
sqf,1,0.0,0,1
squadel,1,0.0,0,1
square_dry,1,0.0,0,1
squash-false,1,0.0,0,1
squat551,1,0.0,0,1
squeeches,1,0.0,1,1
squery7,1,0.0,1,1
squigley78,2,0.0,0,2
squishybloo,3,0.0,0,2
st-shenanigans,1,0.0,0,1
st34khouse,1,0.0,1,1
standard-pilot7473,1,0.0,0,1
standard-sleep-1573,1,0.0,0,1
standard_cut_6115,1,0.0,1,1
standardizedgenie,2,0.0,1,2
standardredditor456,1,0.0,0,1
stanthemanbaratheon,3,0.0,0,2
staplepies,2,0.0,1,1
staran,3,0.0,1,3
starveiled,1,0.0,0,1
staschman,1,0.0,2,1
stay_zero247,2,0.0,0,2
stayka,1,1.0,0,1
steamdrice,1,0.0,0,1
steathrazor,3,0.0,3,3
stefffe28,1,0.0,0,1
steini3000,1,0.0,0,1
stellardecay,1,0.0,0,1
stelle8,1,0.0,1,1
stew_fondu,6,0.0,56,5
stewtonius,1,0.0,0,1
stickministeren,1,0.0,0,1
sticky-gazelle,1,0.0,0,1
stickyfantastic,1,0.0,1,1
stiligfox,1,0.0,0,1
still-expression-71,1,0.0,0,1
still-potato-3189,1,0.0,0,1
stinkydiaperman,1,0.0,0,1
stodds13,1,0.0,0,1
stoicmori,1,0.0,0,1
stoked-and-broke,1,0.0,0,1
stoleyk,3,0.0,0,3
storage_god,2,0.0,0,2
storm_dancer-022,1,0.0,2,1
stormbeastrivin,3,0.0,1,3
stormclawseuw,1,0.0,0,1
stormdragonalthazar,1,0.0,0,1
stormik,2,0.0,0,2
stormraughtz,2,0.0,12,2
stoutkeg,2,0.0,1,2
straight-fox-9388,1,0.0,0,1
straightad689,2,0.0,1,2
strangeassonance,3,0.0,1,3
strat7855,1,0.0,2,1
street-two1818,1,0.0,0,1
strepitoso,1,0.0,0,1
stretchylemon,1,0.0,2,1
strigidae_autumnus,1,0.0,4,1
strong-world-5749,1,0.0,2,1
strong_cucumber,1,0.0,0,1
strong_proposal5200,1,0.0,0,1
strongasants,1,0.0,0,1
structureel,1,0.0,0,1
structuremage,1,0.0,0,1
strykehammer,1,0.0,0,1
stuffedsnowowl,1,0.0,1,1
stuisready,2,0.0,0,2
stunning_arm_96,1,0.0,0,1
stuperstrong,1,0.0,1,1
stupidbabycomparison,1,0.0,1,1
stutzi155,1,0.0,0,1
su1cidal_fox,1,0.0,1,1
subject_yam4066,1,0.0,0,1
sublym,1,0.0,1,1
substantial-newt-257,3,0.0,4,3
subthebeast,1,0.0,0,1
subvertu,1,0.0,0,1
subwaydeer,1,0.0,0,1
successful-ad-6259,1,0.0,0,1
successful_battle665,2,0.0,1,1
successful_divide126,1,0.0,3,1
successful_yellow285,1,0.0,0,1
successfulice6855,4,0.5,3,4
suchtattedhands,1,0.0,0,1
sudoscientistagain,1,0.0,0,1
suffelix,1,0.0,2,1
sufficient_gur1168,1,0.0,0,1
sufficient_school_17,1,0.0,0,1
sufficientbreakfast1,1,0.0,0,1
sugemipulacum,1,1.0,0,1
sugmuhdig19,1,0.0,0,1
suitable-turn-4727,1,0.0,0,1
suitable_half_7830,1,0.0,1,1
suitboat,1,0.0,0,1
sujesmi,3,0.0,1,3
sulination1234,2,0.0,0,2
sunderstar,1,0.0,0,1
sunderwire,2,0.0,1,2
sunflowerpetbattler,1,1.0,1,1
sunitisim,2,0.0,0,1
sunshado,4,0.0,0,4
super_flywhiteguy,1,1.0,0,1
superb_page8825,1,0.0,0,1
superb_raspberry_511,1,0.0,0,1
superbeast423,2,0.0,1,2
supercell2o2,1,0.0,0,1
superfadeaway,2,0.0,3,2
superjbird10,2,0.0,0,2
supermadafaker40,1,0.0,0,1
supersalv,1,0.0,0,1
supertramp1808,1,0.0,1,1
superwhovianfreak,1,0.0,0,1
support_player50,6,0.0,3,6
supreme_salt_lord,2,0.5,0,2
surprisesharp7139,1,0.0,0,1
suspicious_hamster70,1,0.0,0,1
suspicious_key,1,0.0,2,1
svarok_na,1,1.0,0,1
svenberit,1,0.0,77,1
svihelen,1,0.0,1,1
swarlesbarkleyyyyy,1,0.0,0,1
sweaty_assignment_20,1,0.0,0,1
sweep71,1,0.0,0,1
sweet_painting9451,1,0.0,1,1
sweetextract,1,0.0,1,1
swendos,1,0.0,1,1
swerakii,1,0.0,0,1
swert0,4,0.0,1,4
swervot3k,1,0.0,0,1
swiftzor,4,0.0,1,4
swimming_astronomer9,1,0.0,0,1
swisscheeseischess,1,0.0,0,1
sword_n_board,2,0.5,1,1
swordsandnumbers,1,0.0,1,1
swordsfish,2,0.0,1,1
sy_husky,1,0.0,1,1
syberpank,1,0.0,3,1
sydney12344,3,0.0,2,2
sydricvym,1,0.0,2,1
syfer_husker,2,0.0,78,2
syltraul,1,0.0,0,1
sylva748,2,0.0,1,2
symphonicstorm,1,0.0,2,1
synersul,1,1.0,0,1
synnz22,2,0.0,3,2
synrg18,5,0.0,1,5
syntonization1,1,0.0,1,1
syrairc,1,0.0,0,1
syrif,5,0.0,5,5
systemofcells,5,0.0,5,5
systrance,1,0.0,1,1
szansky,1,0.0,0,1
szernet,1,0.0,0,1
szuzsika,1,0.0,0,1
t0rchic,1,0.0,2,1
t1dde,1,0.0,1,1
t_money,1,0.0,0,1
taco_cuisine,1,0.0,0,1
tacobelle6990,1,0.0,0,1
tactical_milk_man,1,0.0,0,1
tactical_moth_girl,1,0.0,0,1
tadashi4,8,0.0,2,5
taelonius,1,0.0,0,1
taetrum_peccator,1,0.0,0,1
tairgire,1,0.0,1,1
takeasmoke,1,0.0,0,1
takecaffeine,3,0.0,1,2
takerustuff,1,0.0,0,1
taleofdash,16,0.0625,6,10
talilama,1,0.0,1,1
talkimas,2,0.0,1,2
tall_type7898,1,0.0,0,1
tallpiece8381,1,0.0,0,1
taluwen,1,0.0,0,1
tamarins,3,0.0,1,3
tameris,1,0.0,0,1
tangelointelligent90,1,0.0,0,1
tango_suckah,2,0.0,0,2
tanooki_91,1,1.0,0,1
tantesoesa,1,0.0,3,1
tapczan100,3,0.3333333333333333,2,3
tapwater86,7,0.0,1,5
tar-vanimelde,1,0.0,0,1
tarc_axiiom,7,0.0,7,6
tariovic,4,0.0,1,4
tarumpro,1,0.0,0,1
tassadaradun,1,0.0,0,1
tatankaplays,3,0.0,3,3
tateybread,1,0.0,0,1
tattersail_nightwish,1,0.0,0,1
tau2896,1,0.0,0,1
taurenkey,1,0.0,3,1
taurock,1,0.0,0,1
tavar35,2,0.0,1,1
taxmanbyday,1,0.0,1,1
taylorwk,1,0.0,0,1
tbag89,1,0.0,0,1
tboskiq,2,0.0,3,2
tbwtpt,2,0.0,1,2
tcarlton2000,1,0.0,0,1
tconners,2,0.0,1,2
tealty,1,0.0,0,1
teamashran,1,0.0,0,1
teamcbags,1,0.0,1,1
teamdirtstar,1,0.0,0,1
teamoverload,2,0.0,1,2
teamregime,1,0.0,0,1
teamrockin,1,0.0,0,1
tebwolf359,1,0.0,2,1
technical_leader8250,2,0.0,1,2
techwolf_lupindo,1,0.0,0,1
teenoc,1,0.0,93,1
teggie95,1,0.0,1,1
tegovernment,3,0.0,2,3
teh_hunterer,1,0.0,0,1
tehcharo,12,0.0,6,8
tehdpfan1,1,0.0,0,1
tehfono,1,0.0,0,1
tehquilamockingbirb,2,0.0,1,2
tekken2,1,0.0,0,1
tekkensuks,1,0.0,0,1
telarr,1,0.0,0,1
telenorthegnp,1,0.0,0,1
tell_specialist,1,0.0,0,1
temeter,1,0.0,0,1
tempacct20005,1,0.0,1,1
temporaldoom,1,0.0,0,1
temporalspleen,1,0.0,2,1
temporamoras,3,0.0,2,3
temporary_war_6202,1,0.0,0,1
temujindm,1,0.0,0,1
temujinri,1,0.0,0,1
tenehemia,2,0.0,0,2
tenezill,5,0.2,3,4
tengentoppa,1,0.0,1,1
tenshiearth,1,0.0,0,1
tephrageologist,1,0.0,0,1
tepid-doughnut,1,0.0,2,1
terranmarine7,1,0.0,0,1
terri_gfw,3,0.0,1,2
terrible_chair_6371,1,0.0,0,1
terrible_notice6019,1,0.0,1,1
teruraku,1,0.0,0,1
terza3003,2,0.0,2,2
tetrebius,1,0.0,0,1
teusa,1,0.0,4,1
tf2hipster,1,0.0,0,1
tgiyb1,1,0.0,0,1
thaeldis,5,0.0,2,5
thalestris_aella,1,0.0,0,1
thamradhel,1,0.0,0,1
thanag0r,2,0.0,2,2
thaodan,1,0.0,0,1
that-grapefruit9196,1,0.0,0,1
that_is_the_one,1,0.0,0,1
thatdamntyson,1,0.0,0,1
thatguyfromthem0vie,28,0.03571428571428571,33,23
thatkindofnotbutyeah,6,0.0,11,3
thatlongagony,1,0.0,0,1
thatnigakanary,1,1.0,1,1
thatsbrownmagic86,1,1.0,0,1
thatwhichsmashs,1,0.0,0,1
the-buns,1,0.0,0,1
the-cynicist,1,0.0,0,1
the-fictionist,1,0.0,0,1
the-magic-sword,9,0.0,5,5
the-oppressed,1,0.0,0,1
the_bio,1,0.0,0,1
the_crazy_bird_lady,13,0.0,1,11
the_dodgy_doge,1,0.0,0,1
the_drunken_sniper,2,0.0,1,1
the_ibz,1,0.0,1,1
the_mash,1,0.0,1,1
the_mattastrophe,1,0.0,1,1
the_micheab,1,0.0,0,1
the_pheex,8,0.0,2,8
the_razielim,2,0.0,0,2
the_real_giannis,6,0.0,1,5
the_river_is_still,1,1.0,1,1
the_scrabbler,1,0.0,0,1
the_stuey,2,0.0,0,2
the_sum,2,0.0,0,2
the_whorespondent,1,0.0,1,1
theangrywhiteguy,1,0.0,0,1
thearbiteroforibos,4,0.0,0,4
theardas,1,0.0,0,1
theaserghui,1,0.0,0,1
theberrymelon,1,0.0,0,1
thebigchonka,1,0.0,0,1
thebiggestnose,2,0.0,0,2
theblackbarth,1,0.0,0,1
thecapablefox,1,0.0,0,1
thechivmuffin,1,0.0,0,1
thecody17,1,0.0,0,1
thecursedkraken,1,0.0,2,1
thedarkdragongod,1,0.0,0,1
thedisconnectedboy,1,0.0,0,1
thedizzydozer,1,0.0,2,1
thedouble,1,0.0,1,1
thedrummar,1,0.0,2,1
thedumbyeti,1,0.0,2,1
theffex,1,0.0,0,1
thefinaldeal,1,1.0,1,1
theforgottenshadows,1,0.0,3,1
thefrayedends,5,0.0,7,5
thefrozenpoo,1,0.0,0,1
thefunkygiboon,2,0.0,0,2
thegamesacc,7,0.0,8,4
theghostof90spast,3,0.3333333333333333,0,3
thegoodbroham,1,0.0,0,1
thegormal,1,0.0,0,1
thegreatkodo,1,0.0,1,1
thegreekorc,1,0.0,0,1
thegreentactician,1,0.0,0,1
thehorribad,1,0.0,0,1
thejack38,1,0.0,0,1
thejewishmerp,1,0.0,0,1
thejunkyvirus,3,0.0,1,3
thekingofbeans42,1,0.0,0,1
thekinkyguy,4,0.0,2,3
thekippie,1,0.0,0,1
thekiwicanadian,1,0.0,0,1
thelasttitan77,1,0.0,0,1
thelitpotato57,1,0.0,0,1
thelittlekicks,1,0.0,0,1
thelordofhell34,1,0.0,0,1
thematt561,1,0.0,0,1
themeggaman,1,0.0,0,1
themickeywilson,1,0.0,0,1
themidistouch,1,0.0,0,1
themindofafool,1,0.0,0,1
themoongazer,1,0.0,0,1
themorguedonator,1,0.0,0,1
themostyroastytoasty,3,0.3333333333333333,0,3
thenabi,1,0.0,2,1
thenegotiator12,1,0.0,0,1
thenidhogg,3,0.3333333333333333,3,3
thenightturtle,1,0.0,0,1
thenumberpurplee,3,0.0,2,1
theoliveyeti,6,0.16666666666666666,4,6
theotheradalger,1,0.0,1,1
thepewpewdude,1,0.0,1,1
thephoenixdarkdirk,1,0.0,0,1
thepostmanest,1,0.0,0,1
theradox,4,0.0,3,4
therakuzan,1,0.0,0,1
theraven476,1,0.0,1,1
therealcallipygian,1,0.0,0,1
therealmistersister,3,0.3333333333333333,0,3
therealsalsaboy,1,0.0,0,1
therobert428,1,0.0,0,1
therobn8,2,0.0,0,2
theronas,1,0.0,0,1
theroyalsniper,1,0.0,0,1
therozorg,2,0.0,1,2
these-arachnid-6641,2,0.0,0,2
theshadowfoxx,1,0.0,0,1
theshoover,1,0.0,0,1
thesmallestkitten,3,0.3333333333333333,1,2
thesmallestplap,1,0.0,3,1
thesteve8686,1,0.0,0,1
thesyhr,1,0.0,1,1
thethighlama,1,0.0,0,1
theunbearablebowler,1,0.0,0,1
theurge14,4,0.0,1,3
thevagrantwarrior,1,0.0,2,1
thewolfwiththedragon,1,0.0,0,1
thewookiee34,1,0.0,0,1
theworclown,9,0.0,5,8
theworldendswithhope,1,0.0,1,1
theworstdmyouknow,2,0.5,4,2
thewreckingtater,1,0.0,0,1
theycallmetranq,1,0.0,0,1
thezebrawizard,1,0.0,0,1
thezentail,1,0.0,0,1
thezuppaman,1,0.0,1,1
thick_act6975,1,0.0,0,1
thick_elk_120,1,0.0,0,1
thiefmortreapersoul,3,0.0,2,3
thiirry,1,0.0,0,1
thin_coyote_8861,1,0.0,0,1
thingummyjig,1,0.0,1,1
thirleck,1,0.0,1,1
thirteenera,11,0.0,5,8
thirteenthpyramid,25,0.08,14,11
this_seal,1,0.0,0,1
thisiskyle77,1,1.0,0,1
thissucksnuts,3,0.0,2,1
thoodmen,1,0.0,0,1
thornefield,2,0.0,1,2
thrall_mcdurotan,1,0.0,1,1
thrano_357,1,1.0,0,1
thrashlock,2,0.0,1,2
threedoggies,1,0.0,0,1
thrillztogo,3,0.0,1,2
throdio,8,0.0,19,8
throfari,1,0.0,0,1
throwaway464391,1,0.0,1,1
throwawayerror123,2,0.0,1,1
throwmyselfaway444,1,0.0,0,1
throwtheclownaway20,1,0.0,0,1
throwtrollbait,1,0.0,0,1
thrustidon,1,0.0,0,1
thubionerd,4,0.25,2,4
thugbobhoodpants,2,0.0,0,2
thummumcrysanth,1,0.0,0,1
thunda789,1,0.0,0,1
thuy_chan,1,0.0,0,1
tiamat76,1,0.0,0,1
tianis,1,0.0,0,1
tiborone,1,0.0,1,1
tidesoflore,1,0.0,1,1
tidybloke,1,0.0,0,1
tienavagina,1,0.0,0,1
tienik_nn,1,0.0,0,1
tierst,2,0.0,1,2
tiger_ice,1,0.0,0,1
tigertot14,1,0.0,0,1
tigrerojo_continued,3,0.0,14,3
timekeeper98,2,0.0,6,2
timewasted_gamez,1,0.0,0,1
timj11dude,1,0.0,1,1
timmah73,1,0.0,0,1
timmychunga,1,0.0,0,1
tina-tuna,1,0.0,0,1
tinuvielsharan,1,0.0,1,1
tiny-sand3229,1,0.0,12,1
tiny_building_4283,1,0.0,0,1
tinycurses,1,0.0,0,1
tinydiscussion9661,1,0.0,0,1
tinypeachygothbunny,1,0.0,0,1
tipsygrizzly,1,0.0,1,1
tired_and_fed_up,2,0.0,1,2
tiredgamer76,1,0.0,0,1
tirnacrainnog,1,0.0,1,1
tiucaner,1,0.0,0,1
tjabrown,1,0.0,0,1
tjk135,3,0.0,1,1
tjk91,3,0.0,0,3
tkanen311,1,0.0,0,1
tkdoom,1,0.0,0,1
tmac2256,1,1.0,0,1
tmr1331,3,0.0,4,3
tnecniw,1,0.0,0,1
to_the_library,1,1.0,0,1
tobikaj,1,0.0,0,1
tofux,1,0.0,0,1
tohlkn,1,0.0,0,1
toiletwarlord,1,0.0,0,1
tojaraz,1,1.0,1,1
tojirat,1,0.0,1,1
tokitsukazes,1,0.0,1,1
tollkeeperjim,1,0.0,0,1
tomas2891,1,0.0,1,1
tomawolf,1,0.0,0,1
tomkoto,1,0.0,0,1
tommyhawk979,2,0.0,1,2
tommynaut90,1,0.0,0,1
tommytehzombie,1,0.0,2,1
tompest,1,0.0,0,1
tomtanks88,1,0.0,0,1
toneky,4,0.0,5,3
toneth89,1,0.0,0,1
tonnesofnoob,2,0.0,1,2
tonybony55,1,0.0,1,1
toothfairy_cy13,1,0.0,0,1
top-benefit-3913,1,0.0,0,1
top-warrior,1,0.0,0,1
top_living_1203,1,0.0,0,1
topaz-torchic,1,0.0,0,1
topdad97,1,0.0,1,1
topstatistician6791,2,0.0,0,2
toragewarrior,1,0.0,0,1
torcero,7,0.0,2,7
torrenaxe,2,0.0,0,2
tortysc,1,0.0,0,1
tory_hhl,1,0.0,0,1
tot3mtwister,2,0.0,2,2
totally_ej,1,0.0,0,1
totemik,1,0.0,0,1
totor1111,1,0.0,0,1
toughshaper,2,0.0,3,1
tourqon,1,1.0,0,1
toushiru,16,0.0,11,14
toutarts,1,0.0,1,1
towbee,1,0.0,0,1
toxaplume045,1,0.0,3,1
toxiitea,2,0.0,3,2
toymaster,1,0.0,0,1
tptbahamut,1,0.0,0,1
tr1b0re,1,0.0,0,1
tractorsmacker,2,0.0,1,1
traditional-crazy900,1,0.0,1,1
traditional-roof1984,13,0.0,6,8
traditional_owl_1734,1,0.0,0,1
traevyn,1,0.0,0,1
traitorgiraffe,1,0.0,0,1
translitdk,1,0.0,1,1
trashaman,1,0.0,0,1
trashcanaffidavit_,1,0.0,0,1
trashcanzzz,1,0.0,0,1
trashlordtaka,1,0.0,0,1
trashpanda2night,1,0.0,0,1
trashpandamann,1,0.0,0,1
trassic1991,1,1.0,1,1
travelersearcher,1,0.0,0,1
trazzyk,1,0.0,1,1
trcrypt_king,2,0.0,1,2
tre-the-wizard,1,0.0,0,1
tread__on__them,1,0.0,0,1
treafta,1,0.0,0,1
trelanderbb,1,0.0,0,1
trenshod,4,0.0,1,3
tresktaan,2,0.5,2,2
trev0117,1,1.0,0,1
trewper-,1,0.0,0,1
tri_skel_ion,1,0.0,1,1
triadelt,2,0.0,0,2
trianglesausage,1,0.0,0,1
tribal_hermit,1,0.0,0,1
triceraflops8,1,0.0,0,1
trick-telephone-1411,1,0.0,0,1
trick_albatross4850,1,0.0,0,1
tricky-bass1668,1,0.0,0,1
trickybanana5044,5,0.0,0,5
triffels,1,0.0,0,1
triknodeux,1,0.0,0,1
trini_n_sc,2,0.0,2,2
triplescrew,1,0.0,0,1
tripsovercarpet,1,0.0,0,1
tristalien,1,0.0,1,1
trojanducky,1,0.0,0,1
troldenhs,1,0.0,1,1
trollied,2,0.0,0,2
trollkin,1,0.0,1,1
troystoryyy,1,0.0,0,1
truekyragos,1,0.0,0,1
truethrowawaychest1,1,0.0,0,1
truffles413,1,0.0,1,1
trugdigity,2,0.0,2,1
trumplikesemyoung,1,0.0,0,1
trunksbordare,1,0.0,0,1
trusty118,1,0.0,0,1
tsaxen,4,0.0,1,4
tserous,1,0.0,0,1
tsrui480,1,0.0,0,1
tstock92,1,0.0,0,1
tsubasasaito,1,0.0,0,1
tsukimine,1,0.0,0,1
ttvdrougen,1,0.0,0,1
tuazo,1,0.0,0,1
tubbis9001,2,0.0,0,2
tubular1845,1,0.0,0,1
tueman2,1,0.0,3,1
tuesti7c,2,0.5,6,2
tumblingforward,1,0.0,0,1
tupotosti,1,0.0,1,1
turambar_dor-lomin,1,0.0,0,1
turb0-time,1,0.0,0,1
turbotef,2,0.0,0,2
turbulent-house-8713,3,0.0,1,3
turbulentissue6,5,0.0,3,5
turkeycheddar,2,0.0,2,2
turquoiseleggings,1,0.0,0,1
turtlesnakemoose,1,0.0,0,1
turtleturtletu,1,0.0,0,1
turtlevonshell,1,0.0,0,1
turtvaiz,12,0.16666666666666666,259,11
tuskor13,2,0.0,0,2
tusske1,6,0.0,2,5
tuxedohazard,1,0.0,0,1
tw-luna,1,0.0,0,1
tw33die84,3,0.0,2,3
twaggle,6,0.0,4,6
twepi,1,0.0,0,1
twingo102,1,0.0,1,1
twist_his_dik,2,0.0,1,1
twistednstl82,1,0.0,0,1
twistedruin,1,0.0,0,1
twiztedimage,1,0.0,0,1
two_pandas_playing,3,0.0,1,1
twonew1826,1,0.0,0,1
twoobvious2610,1,0.0,0,1
tworock2,1,0.0,1,1
twoslicepepperoni,1,0.0,0,1
twuggle,1,0.0,1,1
tx_redditor,1,0.0,0,1
txscorcher,6,0.0,2,3
tyaltir,1,0.0,0,1
tyinath,1,0.0,1,1
tykero,8,0.0,13,8
typedinthebox,10,0.0,14,6
typical-tax1584,1,0.0,0,1
typical_thought_6049,1,0.0,2,1
tyrandeh,1,0.0,0,1
tyrannosavagerekt,1,0.0,1,1
tyrannoscale,1,0.0,1,1
tyrantshark0451,1,0.0,0,1
tyrsenus,1,1.0,0,1
tyrus1235,1,0.0,0,1
tzekel_khan,1,0.0,0,1
ud_lover,1,0.0,0,1
ugaeismyamongusname,33,0.030303030303030304,92,29
ugottjon,2,0.0,1,1
ulfgeirr88,1,0.0,1,1
ulimn,1,0.0,0,1
ulmer_spatz,1,0.0,0,1
ultraroboninja,2,0.0,1,2
umbr33on,1,0.0,0,1
umicil,1,0.0,1,1
umpalumpa619,1,0.0,0,1
unable-ad8643,1,0.0,0,1
unable_yak3113,1,0.0,0,1
uncensored_opinions,1,0.0,0,1
uncertainserenity,1,0.0,0,1
uncle_flansy,1,0.0,1,1
undefined_definition,1,0.0,0,1
underbash,1,0.0,0,1
undergroundgrizzly,1,0.0,0,1
undergroundj0,1,0.0,0,1
unfeldezeu,2,1.0,1,1
unfixable5060,5,0.0,2,5
ungestuem,1,0.0,0,1
ungulateman,2,0.0,1,2
unhappy-command860,1,0.0,0,1
unhappy-mix-6246,1,0.0,0,1
unhappy_cut7438,1,0.0,1,1
unhappybridge_,1,0.0,0,1
unicorndelta,1,0.0,1,1
unicornmeat85,3,0.0,0,2
unicornservingdonuts,1,0.0,1,1
unidentifiable_goo,2,0.0,5,2
unimportantinfodump,1,0.0,0,1
unintendedpunther,3,0.0,1,3
unique-fisherman-645,1,0.0,2,1
unironically_dave,1,0.0,0,1
united-quantity9824,2,0.0,0,2
united_conclusion403,1,0.0,1,1
unitedtangerine635,1,0.0,0,1
unius_,1,0.0,1,1
unkelrara,1,0.0,0,1
unknownweirdoo,1,0.0,1,1
unlikely_minimum_635,5,0.0,2,4
unlikely_wrangler_52,1,0.0,0,1
unquacker,1,0.0,0,1
unrealcoza05,1,0.0,0,1
unsaltedbutter,1,0.0,0,1
unsleepingmoss,1,0.0,6,1
untg,1,0.0,0,1
uohr,2,0.0,1,1
uowpanda,1,0.0,0,1
updownleftrightgay,2,0.0,2,2
uphoria,2,0.0,8,2
upper-smoke1745,1,0.0,0,1
upset_molasses8512,2,0.0,0,1
uranhahn,1,0.0,0,1
urf_reibeer,2,0.0,1,2
urizzle,1,0.0,0,1
urobolus444,1,0.0,0,1
ursanos,1,0.0,0,1
urska08,1,0.0,0,1
used_cry_1137,1,0.0,1,1
usedanddiscardedbye,1,0.0,0,1
useful_external_5270,1,0.0,0,1
uselesswasteofbreath,2,0.5,1,1
user3170,1,0.0,6,1
user83829362,1,0.0,0,1
userseven,1,0.0,0,1
uvdotexe,1,0.0,0,0
v0id_h0le,1,1.0,0,1
v1per73,1,0.0,0,1
v1perz53,5,0.0,4,4
va1trois,1,0.0,0,1
vadeka,1,0.0,1,1
vadersalt,1,0.0,0,1
vagabond-jack,1,0.0,1,1
vaguelz,1,1.0,3,1
vailonvon,1,0.0,1,1
val_lae,2,0.0,1,2
valdearg20,2,0.0,2,2
valderhide,2,0.0,9,2
valeeraebolawalker,1,0.0,0,1
valkyrielyra,1,0.0,0,1
valleron,1,0.0,0,1
valli888,1,0.0,0,1
valnar_,1,0.0,0,1
valrath_84,1,1.0,0,1
valuable-dark-7340,1,0.0,0,1
vampyrenigma,3,0.0,0,3
vanessaalexis,3,0.0,2,3
vanilla_disco,6,0.0,4,5
vanpet1993,1,0.0,0,1
vanpourix,1,0.0,0,1
vapocalypse52,1,0.0,1,1
varanae,5,0.0,4,5
various_necessary_45,1,0.0,0,1
varitok,1,0.0,2,1
vark675,2,0.0,1,1
varolyn,1,0.0,0,1
varrianda,1,0.0,0,1
vashten,1,0.0,0,1
vastlaw9912,1,0.0,0,1
vattier,1,0.0,1,1
vaud,2,0.0,0,2
vaxdaddyr,2,0.0,0,2
vbertes,1,0.0,0,1
vdd666,1,0.0,0,1
vdeckerx,1,0.0,0,1
vealophile,1,0.0,0,1
vegetable-refuse-410,2,0.0,0,1
vegetable_hair_2342,1,0.0,0,1
veggieman34,1,0.0,0,1
venay0,1,0.0,1,1
venturians,1,0.0,0,1
venusaurus,1,0.0,0,1
venzinokwla,2,0.0,1,2
veoxy,2,0.0,1,1
verbsarewordss,1,0.0,0,1
verified_peryak,1,0.0,0,1
verikul,1,0.0,0,1
vermicellitrue,1,0.0,0,1
versus07,1,0.0,0,1
vexatiousnobleman,1,0.0,0,1
vgtgreatest,1,0.0,0,1
vhurindrar,1,0.0,0,1
vibe51,1,0.0,0,1
vic_viper_x,1,0.0,0,1
vicezx,1,0.0,0,1
victor_zsasz,1,0.0,0,1
vidulan,1,0.0,0,1
vigorouspainis,1,0.0,0,1
viiebloodhunter,1,0.0,1,1
vijoplays,1,0.0,1,1
viking-geek,1,1.0,0,1
vikingnerd793,1,0.0,0,1
vikinick,2,0.0,0,2
vincethatwaspromised,1,0.0,2,1
vindilol24,2,0.0,0,2
vintagesin,3,0.0,0,3
vinterridderen,1,0.0,0,1
vio94,3,0.0,4,3
violetorchid85,1,1.0,0,1
virgine,2,0.0,1,1
virtual-big-1606,3,0.3333333333333333,2,2
virtualname7674,6,0.0,3,6
virus08,1,0.0,1,1
vision0709,1,0.0,0,1
vissenoog,1,0.0,0,1
visual_preparation70,1,0.0,0,1
visualgloss,1,0.0,0,1
vitiock,4,0.0,1,1
vivid-estimate6908,1,0.0,2,1
vixfew,1,0.0,1,1
vlarett,2,0.0,6,2
vodkasliceoflife,1,0.0,0,1
vods,1,0.0,0,1
void-kun,1,0.0,0,1
void_guardians,3,0.0,5,2
voiddredd,1,0.0,2,1
voidkusho,1,0.0,8,1
voidraven,4,0.0,1,4
voimanhankkija,1,0.0,1,1
vokzhen,2,0.0,1,2
voldis,1,0.0,0,1
volksdk,13,0.0,7,12
vomaufgang,1,1.0,0,1
vomitfella,1,0.0,0,1
vomitology,3,0.0,1,3
vomitrocity,1,0.0,0,1
vonalex,1,0.0,0,1
vonigner,1,0.0,0,1
voodoo123,1,0.0,0,1
voss3ygam3s,4,0.25,1,4
voxcastbread,5,0.0,2,5
voyagercsl,1,0.0,0,1
vrazel106,7,0.0,3,6
vsloki,1,0.0,1,1
vthemechanicv,1,0.0,0,1
vucialwonderland,3,0.3333333333333333,2,3
vukkiller,1,0.0,1,1
vulperius,1,0.0,0,1
vurtago1014,2,0.5,0,2
vvev,1,0.0,0,1
vxr-vashrix,1,0.0,0,1
vyar,2,0.5,0,2
vyni503,1,0.0,0,1
w1ldb0yz,1,0.0,0,1
w1shm4ster,1,0.0,1,1
wadek001,3,0.3333333333333333,4,3
waffle0calypse,2,0.0,2,1
waffle_sama,1,0.0,2,1
wait__who,2,0.5,2,2
wakeup_andgetready,1,0.0,1,1
waldenducks,2,0.0,0,2
walkingcondomad,1,0.0,0,1
walldewd,1,0.0,0,1
wallzballz89,2,0.0,1,2
wamblingshark,1,0.0,0,1
wanit8,1,0.0,1,1
warbringercs,2,0.0,0,2
warchief_darthy,1,0.0,0,1
warm_difficulty2698,4,0.0,5,3
warmanee,1,0.0,1,1
warrant2k,1,0.0,0,1
wassubzero-nowplain0,2,0.0,2,2
wavefunctionp,1,0.0,4,1
wavylife84,2,0.0,0,2
waxllium,1,0.0,0,1
wayrell,1,0.0,0,1
weakchocolate6625,5,0.0,5,5
weaknesspast2067,3,0.0,7,3
weaponizedkissing,2,0.0,0,2
wear-simple,1,1.0,0,1
weary_bookkeeper_602,1,0.0,0,1
weary_city4448,6,0.0,9,5
webbysy2,1,1.0,0,1
wehaveallbeenthere,1,0.0,0,1
weinerfish,4,0.0,2,3
weird_contribution44,1,0.0,0,1
welderaggravating896,1,0.0,0,1
welshywow,1,0.0,0,1
wendigocrossing,2,0.0,0,2
weneedcomms,1,0.0,0,1
werebearguy,1,0.0,0,1
werip,1,0.0,0,1
weru20,1,0.0,0,1
westboundbart,1,0.0,0,1
wewfarmer,3,0.0,1,3
what_the_frick,1,0.0,1,1
whateverittakes117,1,0.0,0,1
whatifyoudidtho,12,0.0,6,10
whatisdigrat,1,0.0,1,1
whatsmypw,1,0.0,3,1
whatthehellman2,1,0.0,11,1
wherebaptizeddrowned,4,0.0,4,4
which-house5837,1,0.0,0,1
which_loan_3634,1,0.0,0,1
whiskey_bear,2,0.0,0,2
whiskeyhotel83,1,0.0,1,1
whiskeymarlow,1,0.0,0,1
whitecastlebites,1,0.0,0,1
whitechapel726,1,0.0,6,1
whiteshovel66,2,0.0,1,2
whodey815,2,0.0,0,2
whoisape,3,0.0,0,3
whollyunholy,2,0.0,1,1
whomthebelltoll,1,0.0,0,1
whoudini13,3,0.0,3,2
why_is_grass_green,5,0.0,9,4
whyusaydat,5,0.0,1,5
wide-grape-2256,1,0.0,0,1
wide-meaning-7136,1,0.0,0,1
wild_arcuslux,1,0.0,0,1
wildefaux,3,0.0,3,2
wildernaess,1,0.0,0,1
wilicil,6,0.0,1,2
willing-display3912,1,0.0,0,1
windex17,2,0.0,0,2
windserpents,1,0.0,0,1
winklepinkle,1,0.0,0,1
winstonbabar,7,0.42857142857142855,15,6
winter_candy8778,2,0.0,0,2
winther89,1,0.0,0,1
wisd0m1,1,0.0,0,1
wiseblood1978,1,0.0,0,1
wiselychoosen23,7,0.0,2,4
wisemouse69_,1,0.0,1,1
wisniaksiadz,3,0.3333333333333333,1,3
wittiestphrase,2,0.0,1,2
wizardfromwaterdeep,1,0.0,0,1
wizardthreehats,1,0.0,1,1
wizkidjones,1,0.0,0,1
wlktheearth,1,0.0,0,1
wmeia,1,0.0,1,1
wobbafina,2,0.0,0,2
wobblucy,4,0.0,6,4
wobbly_princess,1,0.0,0,1
wobbysath,1,0.0,0,1
wodentoad,1,0.0,1,1
woe-is-me,1,0.0,0,1
wojtasz78,4,0.0,1,4
wolandwashere,1,0.0,0,1
wolfchildame,1,0.0,1,1
wolfdad33,1,0.0,1,1
wolfllunaa,1,0.0,0,1
wolfrossen,1,0.0,0,1
wollsockenvonoma,6,0.0,14,6
wolverine1621,1,0.0,0,1
wompstawomp,1,0.0,0,1
wonderful_bed_5854,1,0.0,0,1
wonderful_end_7950,1,0.0,1,1
wonderfulbuilding918,1,0.0,0,1
wonderfultruck5894,2,0.0,0,2
wondertop5627,1,0.0,0,1
wongfarmhand,1,0.0,0,1
wonkothesane13,1,0.0,1,1
wonohsix,1,0.0,1,1
wooden_horse_333,1,0.0,0,1
wookieweener,1,0.0,0,1
woolyswift,1,0.0,0,1
woras13,2,0.0,0,1
working_membership57,2,0.0,1,2
workingjournalist330,1,0.0,0,1
worktrashguy,1,0.0,1,1
world_,1,0.0,0,1
worldchrisis,1,0.0,0,1
worldlinessquick5558,1,0.0,0,1
worldly_technology19,1,0.0,0,1
worldly_wasabi_6055,1,0.0,0,1
worldofhorsecraft,1,0.0,0,1
wormsthehermit,2,0.0,5,2
wormymog,1,0.0,0,1
worried-advisor-7054,3,0.0,1,2
worried-fish8250,2,0.0,2,2
worried-lingonberry,2,0.0,0,2
worthplease,3,0.0,0,3
wow-modteam,7,0.0,0,5
wow_such_karma,1,0.0,0,1
wowbagger262,1,0.0,0,1
wowhaberdasher,3,0.0,0,3
wowitshemlock,1,0.0,0,1
wowlaw,1,0.0,0,1
wraisted,2,0.0,0,2
wrangler-creepy,1,0.0,0,1
wreckuiem48,1,0.0,1,1
wrexxis780,7,0.0,4,7
writerv,1,0.0,0,1
wtf-meight,1,0.0,1,1
wtf_cake,3,0.0,3,3
wtf_lolz123,1,0.0,0,1
wtfstupidhedgehog,2,0.0,1,1
wukongpvm,4,0.0,2,2
wung,1,0.0,1,1
wykiki92,1,0.0,0,1
xaajr,3,0.0,1,2
xaden1234,1,0.0,0,1
xamalion,1,0.0,1,1
xampew,7,0.0,6,5
xanas263,1,0.0,0,1
xanaxqc,1,0.0,0,1
xandril,14,0.14285714285714285,10,9
xaniengenn,4,0.0,1,1
xanikk999,1,0.0,2,1
xantholne,1,0.0,2,1
xardaspk,1,0.0,0,1
xavierstoned,1,0.0,0,1
xavril8,1,0.0,0,1
xaxa123,1,0.0,0,1
xblacklinkin,1,0.0,0,1
xcampingxcarlx,1,0.0,0,1
xch4lkyx,1,0.0,0,1
xclauwe,2,0.0,0,2
xclbr1,8,0.0,8,7
xdevilfishx,1,0.0,0,1
xdisturbed13,1,1.0,0,1
xdreadl0rdx,1,0.0,0,1
xefiggy,1,0.0,0,1
xehanort107,1,0.0,0,1
xeltes,1,0.0,0,1
xeltoris,1,0.0,0,1
xenavire,1,0.0,1,1
xendas9393,1,0.0,0,1
xenochrist,1,0.0,0,1
xero2216,1,0.0,0,1
xeroticz,1,1.0,0,1
xforeignmetal,2,0.0,2,2
xgunter,1,0.0,0,1
xiaopewpew,1,0.0,0,1
xlibur,1,0.0,1,1
xmadison84,1,0.0,1,1
xmehow,1,0.0,0,1
xnlsx,2,0.0,1,2
xoninlima,1,0.0,1,1
xoskrad,1,0.0,0,1
xphurrious,2,0.0,0,2
xrae95er,1,0.0,0,1
xremy27,1,0.0,1,1
xrupz,2,0.5,1,1
xsmacktrick,1,0.0,0,1
xsunzerox,1,0.0,1,1
xteitix,1,0.0,0,1
xuanwu,1,0.0,0,1
xubarious,1,0.0,1,1
xvendicta,1,0.0,0,1
xwastheproblem,1,0.0,0,1
xxandes,1,0.0,2,1
xxguzxx,1,0.0,0,1
xycod1346,1,0.0,0,1
xyrasthehealer,1,0.0,0,1
xzerocidex,2,0.0,0,2
y0n9xx,1,0.0,0,1
yadaya555,3,0.0,1,2
yadilie,1,0.0,1,1
yak-4-president,1,0.0,0,1
yankeesullivan,1,0.0,0,1
yarzu89,2,0.0,0,2
yayakla,1,0.0,0,1
yazkin_yamakala,1,0.0,0,1
ydob_suomynona,1,0.0,0,1
yeet_god69420,1,0.0,0,1
yelir133,1,0.0,2,1
yellow12_,3,0.0,0,3
yellowsen,1,0.0,1,1
yelloxman,1,0.0,1,1
yeti521,1,0.0,0,1
yhvh13,6,0.0,7,4
yiffparty_exe,1,0.0,1,1
yinxi19,1,0.0,3,1
ynwa_diver,2,0.0,0,2
yoboom21,1,0.0,0,1
yolkjamma,1,0.0,0,1
yololifesaving,2,0.0,0,2
yomirizer,2,0.0,0,2
yonderover,1,0.0,0,1
yonnylol,1,0.0,0,1
yorgl,6,0.0,3,5
yoshilisk,7,0.0,1,7
yoteboy42,1,0.0,0,1
you_lost-the_game,1,0.0,1,1
youarecool87,1,0.0,0,1
youknowwhattodo80085,1,0.0,0,1
your_local_tuba,1,0.0,1,1
yourresidentferal,9,0.0,558,6
yoyopains,1,0.0,0,1
yraco,1,0.0,1,1
ysiysi,1,0.0,1,1
yukeshid,1,0.0,0,1
yukoonishi,1,0.0,0,1
yummyfightmilk,2,0.0,0,2
z01z,1,0.0,0,1
z_zeay,2,0.0,2,1
zaadkiel-,1,1.0,1,1
zachdidit,1,0.0,1,1
zachforever,1,0.0,1,1
zaionara,1,0.0,1,1
zakaryyxo,1,0.0,8,1
zallix,1,0.0,0,1
zalternates,2,0.0,3,2
zandryah,3,0.0,2,2
zangetsen,4,0.0,3,3
zanotti66,1,0.0,0,1
zanurath,1,0.0,0,1
zapanth,6,0.0,5,6
zappycoffee,1,0.0,0,1
zaratana,2,0.5,1,2
zardhas,1,0.0,0,1
zaruz,1,0.0,0,1
zathala,2,0.0,0,2
zave_cz,1,0.0,0,1
zblancos,1,0.0,0,1
zcannonball,1,0.0,0,1
zechnubis,1,0.0,0,1
zeckzeckzeck,2,0.0,1,2
zedek1,4,0.0,1,4
zeekim,2,0.0,1,1
zeemex,6,0.0,3,4
zeffiemain,1,0.0,0,1
zeilar,4,0.25,1,2
zekayy_,1,0.0,0,1
zelendeo,1,0.0,0,1
zelmak,17,0.058823529411764705,6,8
zen-savage-garden,2,0.0,1,1
zengu_79,1,0.0,0,1
zenkcss,1,0.0,1,1
zennsunni,1,0.0,0,1
zenroc,4,0.0,2,3
zeppelinfreak,1,0.0,0,1
zeran,1,0.0,0,1
zeraphicus,2,0.0,0,2
zerasad,1,0.0,0,1
zerethul,3,0.0,1,3
zeretic,1,0.0,0,1
zerglou,1,0.0,1,1
zeroone88,1,0.0,1,1
zestyclose-court-760,1,0.0,0,1
zestyclose-duty-3248,1,0.0,0,1
zestyclose_intern789,1,0.0,0,1
zestyclose_regret610,1,0.0,0,1
zettiezooiezan,2,0.0,1,2
zewinter,2,0.0,0,2
zharkos,2,0.0,2,1
zherok,1,0.0,0,1
ziayakens,2,0.0,0,2
zicom0,1,0.0,1,1
zike002,1,0.0,0,1
zim_zor,1,0.0,0,1
ziptieband,1,0.0,0,1
zireon,2,0.0,2,2
zizhongtian,1,0.0,1,1
zka77,1,0.0,1,1
znuffie,7,0.14285714285714285,14,5
zombiepete,1,0.0,0,1
zonamoonshaw,1,0.0,2,1
zoobloo7,1,0.0,8,1
zoomallen,1,0.0,0,1
zooty6,1,0.0,0,1
zorbstar,1,0.0,0,1
zorjeff,2,0.0,1,2
zornmtxbuster,1,0.0,0,1
zoroark2724,1,0.0,2,1
zoroastrianmk,3,0.0,1,3
zrb77,1,0.0,0,1
zsapoler,1,0.0,0,1
ztikkyz,1,0.0,1,1
zugzuggo,1,0.0,0,1
zuiia,2,0.0,2,2
zulgarb,1,0.0,2,1
zulubyte,1,0.0,8,1
zuluworm,1,0.0,1,1
zumbaja,1,0.0,0,1
zummm72,1,0.0,0,1
zurkka,1,0.0,1,1
zutroy,1,0.0,1,1
zwartsenwal,1,0.0,3,1
zwirbs,6,0.0,3,6
zx81crashcat,1,0.0,0,1
zylver_,1,0.0,0,1
zythrone,2,0.0,4,2
